0 0 6
0 1 6
0 2 6
0 3 6
0 4 6
0 5 6
0 6 6
0 7 6
0 8 6
0 9 6
0 10 6
0 11 6
0 12 6
0 13 6
0 14 6
0 15 6
0 16 6
0 17 6
0 18 6
0 19 6
0 20 6
0 21 6
0 22 6
0 23 6
0 24 6
0 25 6
0 26 6
0 27 6
0 28 6
0 29 6
0 30 6
0 31 6
0 32 6
0 33 6
0 34 6
0 35 6
0 36 6
0 37 6
0 38 6
0 39 6
0 40 6
0 41 6
0 42 6
0 43 6
0 44 6
0 45 6
0 46 6
0 47 6
0 48 6
0 49 6
0 50 6
0 51 6
0 52 6
0 53 6
0 54 6
0 55 6
0 56 6
0 57 6
0 58 6
0 59 6
0 60 6
0 61 6
0 62 6
0 63 6
0 64 6
0 65 6
0 66 6
0 67 6
0 68 6
0 69 6
0 70 6
0 71 6
0 72 6
0 73 6
0 74 6
0 75 6
0 76 6
0 77 6
0 78 6
0 79 6
0 80 6
0 81 6
0 82 6
0 83 6
0 84 6
0 85 6
0 86 6
0 87 6
0 88 6
0 89 6
0 90 6
0 91 6
0 92 6
0 93 6
0 94 6
0 95 6
0 96 6
0 97 6
0 98 6
0 99 6
0 100 6
0 101 6
0 102 6
0 103 6
0 104 6
0 105 6
0 106 6
0 107 6
0 108 6
0 109 6
0 110 6
0 111 6
0 112 6
0 113 6
0 114 6
0 115 6
0 116 6
0 117 6
0 118 6
0 119 6
0 120 6
0 121 6
0 122 6
0 123 6
0 124 6
0 125 6
0 126 6
0 127 6
0 128 6
0 129 6
0 130 6
0 131 6
0 132 6
0 133 6
0 134 6
0 135 6
0 136 6
0 137 6
0 138 6
0 139 6
0 140 6
0 141 6
0 142 6
0 143 6
0 144 6
0 145 6
0 146 6
0 147 6
0 148 6
0 149 6
0 150 6
0 151 6
0 152 6
0 153 6
0 154 6
0 155 6
0 156 6
0 157 6
0 158 6
0 159 6
0 160 6
0 161 6
0 162 6
0 163 6
0 164 6
0 165 6
0 166 6
0 167 6
0 168 6
0 169 6
0 170 6
0 171 6
0 172 6
0 173 6
0 174 6
0 175 6
0 176 6
0 177 6
0 178 6
0 179 6
0 180 6
0 181 6
0 182 6
0 183 6
0 184 6
0 185 6
0 186 6
0 187 6
0 188 6
0 189 6
0 190 6
0 191 6
0 192 6
0 193 6
0 194 6
0 195 6
0 196 6
0 197 6
0 198 6
0 199 6
0 200 6
0 201 6
0 202 6
0 203 6
0 204 6
0 205 6
0 206 6
0 207 6
0 208 6
0 209 6
0 210 6
0 211 6
0 212 6
0 213 6
0 214 6
0 215 6
0 216 6
0 217 6
0 218 6
0 219 6
0 220 6
0 221 6
0 222 6
0 223 6
0 224 6
0 225 6
0 226 6
0 227 6
0 228 6
0 229 6
0 230 6
0 231 6
0 232 6
0 233 6
0 234 6
0 235 6
0 236 6
0 237 6
0 238 6
0 239 6
0 240 6
0 241 6
0 242 6
0 243 6
0 244 6
0 245 6
0 246 6
0 247 6
0 248 6
0 249 6
0 250 6
0 251 6
0 252 6
0 253 6
0 254 6
0 255 6
1 0 6
1 1 6
1 2 6
1 3 6
1 4 6
1 5 6
1 6 6
1 7 6
1 8 6
1 9 6
1 10 6
1 11 6
1 12 6
1 13 6
1 14 6
1 15 6
1 16 22
1 17 22
1 18 22
1 19 22
1 20 22
1 21 22
1 22 22
1 23 22
1 24 22
1 25 22
1 26 22
1 27 22
1 28 22
1 29 22
1 30 22
1 31 22
1 32 38
1 33 38
1 34 38
1 35 38
1 36 38
1 37 38
1 38 38
1 39 38
1 40 38
1 41 38
1 42 38
1 43 38
1 44 38
1 45 38
1 46 38
1 47 38
1 48 54
1 49 54
1 50 54
1 51 54
1 52 54
1 53 54
1 54 54
1 55 54
1 56 54
1 57 54
1 58 54
1 59 54
1 60 54
1 61 54
1 62 54
1 63 54
1 64 70
1 65 70
1 66 70
1 67 70
1 68 70
1 69 70
1 70 70
1 71 70
1 72 70
1 73 70
1 74 70
1 75 70
1 76 70
1 77 70
1 78 70
1 79 70
1 80 86
1 81 86
1 82 86
1 83 86
1 84 86
1 85 86
1 86 86
1 87 86
1 88 86
1 89 86
1 90 86
1 91 86
1 92 86
1 93 86
1 94 86
1 95 86
1 96 102
1 97 102
1 98 102
1 99 102
1 100 102
1 101 102
1 102 102
1 103 102
1 104 102
1 105 102
1 106 102
1 107 102
1 108 102
1 109 102
1 110 102
1 111 102
1 112 118
1 113 118
1 114 118
1 115 118
1 116 118
1 117 118
1 118 118
1 119 118
1 120 118
1 121 118
1 122 118
1 123 118
1 124 118
1 125 118
1 126 118
1 127 118
1 128 134
1 129 134
1 130 134
1 131 134
1 132 134
1 133 134
1 134 134
1 135 134
1 136 134
1 137 134
1 138 134
1 139 134
1 140 134
1 141 134
1 142 134
1 143 134
1 144 150
1 145 150
1 146 150
1 147 150
1 148 150
1 149 150
1 150 150
1 151 150
1 152 150
1 153 150
1 154 150
1 155 150
1 156 150
1 157 150
1 158 150
1 159 150
1 160 166
1 161 166
1 162 166
1 163 166
1 164 166
1 165 166
1 166 166
1 167 166
1 168 166
1 169 166
1 170 166
1 171 166
1 172 166
1 173 166
1 174 166
1 175 166
1 176 182
1 177 182
1 178 182
1 179 182
1 180 182
1 181 182
1 182 182
1 183 182
1 184 182
1 185 182
1 186 182
1 187 182
1 188 182
1 189 182
1 190 182
1 191 182
1 192 198
1 193 198
1 194 198
1 195 198
1 196 198
1 197 198
1 198 198
1 199 198
1 200 198
1 201 198
1 202 198
1 203 198
1 204 198
1 205 198
1 206 198
1 207 198
1 208 214
1 209 214
1 210 214
1 211 214
1 212 214
1 213 214
1 214 214
1 215 214
1 216 214
1 217 214
1 218 214
1 219 214
1 220 214
1 221 214
1 222 214
1 223 214
1 224 230
1 225 230
1 226 230
1 227 230
1 228 230
1 229 230
1 230 230
1 231 230
1 232 230
1 233 230
1 234 230
1 235 230
1 236 230
1 237 230
1 238 230
1 239 230
1 240 246
1 241 246
1 242 246
1 243 246
1 244 246
1 245 246
1 246 246
1 247 246
1 248 246
1 249 246
1 250 246
1 251 246
1 252 246
1 253 246
1 254 246
1 255 246
2 0 6
2 1 6
2 2 6
2 3 6
2 4 6
2 5 6
2 6 6
2 7 6
2 8 22
2 9 22
2 10 22
2 11 22
2 12 22
2 13 22
2 14 22
2 15 22
2 16 38
2 17 38
2 18 38
2 19 38
2 20 38
2 21 38
2 22 38
2 23 38
2 24 54
2 25 54
2 26 54
2 27 54
2 28 54
2 29 54
2 30 54
2 31 54
2 32 70
2 33 70
2 34 70
2 35 70
2 36 70
2 37 70
2 38 70
2 39 70
2 40 86
2 41 86
2 42 86
2 43 86
2 44 86
2 45 86
2 46 86
2 47 86
2 48 102
2 49 102
2 50 102
2 51 102
2 52 102
2 53 102
2 54 102
2 55 102
2 56 118
2 57 118
2 58 118
2 59 118
2 60 118
2 61 118
2 62 118
2 63 118
2 64 134
2 65 134
2 66 134
2 67 134
2 68 134
2 69 134
2 70 134
2 71 134
2 72 150
2 73 150
2 74 150
2 75 150
2 76 150
2 77 150
2 78 150
2 79 150
2 80 166
2 81 166
2 82 166
2 83 166
2 84 166
2 85 166
2 86 166
2 87 166
2 88 182
2 89 182
2 90 182
2 91 182
2 92 182
2 93 182
2 94 182
2 95 182
2 96 198
2 97 198
2 98 198
2 99 198
2 100 198
2 101 198
2 102 198
2 103 198
2 104 214
2 105 214
2 106 214
2 107 214
2 108 214
2 109 214
2 110 214
2 111 214
2 112 230
2 113 230
2 114 230
2 115 230
2 116 230
2 117 230
2 118 230
2 119 230
2 120 246
2 121 246
2 122 246
2 123 246
2 124 246
2 125 246
2 126 246
2 127 246
2 128 262
2 129 262
2 130 262
2 131 262
2 132 262
2 133 262
2 134 262
2 135 262
2 136 278
2 137 278
2 138 278
2 139 278
2 140 278
2 141 278
2 142 278
2 143 278
2 144 294
2 145 294
2 146 294
2 147 294
2 148 294
2 149 294
2 150 294
2 151 294
2 152 310
2 153 310
2 154 310
2 155 310
2 156 310
2 157 310
2 158 310
2 159 310
2 160 326
2 161 326
2 162 326
2 163 326
2 164 326
2 165 326
2 166 326
2 167 326
2 168 342
2 169 342
2 170 342
2 171 342
2 172 342
2 173 342
2 174 342
2 175 342
2 176 358
2 177 358
2 178 358
2 179 358
2 180 358
2 181 358
2 182 358
2 183 358
2 184 374
2 185 374
2 186 374
2 187 374
2 188 374
2 189 374
2 190 374
2 191 374
2 192 390
2 193 390
2 194 390
2 195 390
2 196 390
2 197 390
2 198 390
2 199 390
2 200 406
2 201 406
2 202 406
2 203 406
2 204 406
2 205 406
2 206 406
2 207 406
2 208 422
2 209 422
2 210 422
2 211 422
2 212 422
2 213 422
2 214 422
2 215 422
2 216 438
2 217 438
2 218 438
2 219 438
2 220 438
2 221 438
2 222 438
2 223 438
2 224 454
2 225 454
2 226 454
2 227 454
2 228 454
2 229 454
2 230 454
2 231 454
2 232 470
2 233 470
2 234 470
2 235 470
2 236 470
2 237 470
2 238 470
2 239 470
2 240 486
2 241 486
2 242 486
2 243 486
2 244 486
2 245 486
2 246 486
2 247 486
2 248 502
2 249 502
2 250 502
2 251 502
2 252 502
2 253 502
2 254 502
2 255 502
3 0 6
3 1 6
3 2 6
3 3 6
3 4 6
3 5 6
3 6 6
3 7 6
3 8 22
3 9 22
3 10 22
3 11 22
3 12 22
3 13 22
3 14 22
3 15 22
3 16 54
3 17 54
3 18 54
3 19 54
3 20 54
3 21 54
3 22 54
3 23 54
3 24 70
3 25 70
3 26 70
3 27 70
3 28 70
3 29 70
3 30 70
3 31 70
3 32 102
3 33 102
3 34 102
3 35 102
3 36 102
3 37 102
3 38 102
3 39 102
3 40 118
3 41 118
3 42 118
3 43 118
3 44 118
3 45 118
3 46 118
3 47 118
3 48 150
3 49 150
3 50 150
3 51 150
3 52 150
3 53 150
3 54 150
3 55 150
3 56 166
3 57 166
3 58 166
3 59 166
3 60 166
3 61 166
3 62 166
3 63 166
3 64 198
3 65 198
3 66 198
3 67 198
3 68 198
3 69 198
3 70 198
3 71 198
3 72 214
3 73 214
3 74 214
3 75 214
3 76 214
3 77 214
3 78 214
3 79 214
3 80 246
3 81 246
3 82 246
3 83 246
3 84 246
3 85 246
3 86 246
3 87 246
3 88 262
3 89 262
3 90 262
3 91 262
3 92 262
3 93 262
3 94 262
3 95 262
3 96 294
3 97 294
3 98 294
3 99 294
3 100 294
3 101 294
3 102 294
3 103 294
3 104 310
3 105 310
3 106 310
3 107 310
3 108 310
3 109 310
3 110 310
3 111 310
3 112 342
3 113 342
3 114 342
3 115 342
3 116 342
3 117 342
3 118 342
3 119 342
3 120 358
3 121 358
3 122 358
3 123 358
3 124 358
3 125 358
3 126 358
3 127 358
3 128 390
3 129 390
3 130 390
3 131 390
3 132 390
3 133 390
3 134 390
3 135 390
3 136 406
3 137 406
3 138 406
3 139 406
3 140 406
3 141 406
3 142 406
3 143 406
3 144 438
3 145 438
3 146 438
3 147 438
3 148 438
3 149 438
3 150 438
3 151 438
3 152 454
3 153 454
3 154 454
3 155 454
3 156 454
3 157 454
3 158 454
3 159 454
3 160 486
3 161 486
3 162 486
3 163 486
3 164 486
3 165 486
3 166 486
3 167 486
3 168 502
3 169 502
3 170 502
3 171 502
3 172 502
3 173 502
3 174 502
3 175 502
3 176 534
3 177 534
3 178 534
3 179 534
3 180 534
3 181 534
3 182 534
3 183 534
3 184 550
3 185 550
3 186 550
3 187 550
3 188 550
3 189 550
3 190 550
3 191 550
3 192 582
3 193 582
3 194 582
3 195 582
3 196 582
3 197 582
3 198 582
3 199 582
3 200 598
3 201 598
3 202 598
3 203 598
3 204 598
3 205 598
3 206 598
3 207 598
3 208 630
3 209 630
3 210 630
3 211 630
3 212 630
3 213 630
3 214 630
3 215 630
3 216 646
3 217 646
3 218 646
3 219 646
3 220 646
3 221 646
3 222 646
3 223 646
3 224 678
3 225 678
3 226 678
3 227 678
3 228 678
3 229 678
3 230 678
3 231 678
3 232 694
3 233 694
3 234 694
3 235 694
3 236 694
3 237 694
3 238 694
3 239 694
3 240 726
3 241 726
3 242 726
3 243 726
3 244 726
3 245 726
3 246 726
3 247 726
3 248 742
3 249 742
3 250 742
3 251 742
3 252 742
3 253 742
3 254 742
3 255 742
4 0 6
4 1 6
4 2 6
4 3 6
4 4 22
4 5 22
4 6 22
4 7 22
4 8 70
4 9 70
4 10 70
4 11 70
4 12 86
4 13 86
4 14 86
4 15 86
4 16 70
4 17 70
4 18 70
4 19 70
4 20 86
4 21 86
4 22 86
4 23 86
4 24 134
4 25 134
4 26 134
4 27 134
4 28 150
4 29 150
4 30 150
4 31 150
4 32 134
4 33 134
4 34 134
4 35 134
4 36 150
4 37 150
4 38 150
4 39 150
4 40 198
4 41 198
4 42 198
4 43 198
4 44 214
4 45 214
4 46 214
4 47 214
4 48 198
4 49 198
4 50 198
4 51 198
4 52 214
4 53 214
4 54 214
4 55 214
4 56 262
4 57 262
4 58 262
4 59 262
4 60 278
4 61 278
4 62 278
4 63 278
4 64 262
4 65 262
4 66 262
4 67 262
4 68 278
4 69 278
4 70 278
4 71 278
4 72 326
4 73 326
4 74 326
4 75 326
4 76 342
4 77 342
4 78 342
4 79 342
4 80 326
4 81 326
4 82 326
4 83 326
4 84 342
4 85 342
4 86 342
4 87 342
4 88 390
4 89 390
4 90 390
4 91 390
4 92 406
4 93 406
4 94 406
4 95 406
4 96 390
4 97 390
4 98 390
4 99 390
4 100 406
4 101 406
4 102 406
4 103 406
4 104 454
4 105 454
4 106 454
4 107 454
4 108 470
4 109 470
4 110 470
4 111 470
4 112 454
4 113 454
4 114 454
4 115 454
4 116 470
4 117 470
4 118 470
4 119 470
4 120 518
4 121 518
4 122 518
4 123 518
4 124 534
4 125 534
4 126 534
4 127 534
4 128 518
4 129 518
4 130 518
4 131 518
4 132 534
4 133 534
4 134 534
4 135 534
4 136 582
4 137 582
4 138 582
4 139 582
4 140 598
4 141 598
4 142 598
4 143 598
4 144 582
4 145 582
4 146 582
4 147 582
4 148 598
4 149 598
4 150 598
4 151 598
4 152 646
4 153 646
4 154 646
4 155 646
4 156 662
4 157 662
4 158 662
4 159 662
4 160 646
4 161 646
4 162 646
4 163 646
4 164 662
4 165 662
4 166 662
4 167 662
4 168 710
4 169 710
4 170 710
4 171 710
4 172 726
4 173 726
4 174 726
4 175 726
4 176 710
4 177 710
4 178 710
4 179 710
4 180 726
4 181 726
4 182 726
4 183 726
4 184 774
4 185 774
4 186 774
4 187 774
4 188 790
4 189 790
4 190 790
4 191 790
4 192 774
4 193 774
4 194 774
4 195 774
4 196 790
4 197 790
4 198 790
4 199 790
4 200 838
4 201 838
4 202 838
4 203 838
4 204 854
4 205 854
4 206 854
4 207 854
4 208 838
4 209 838
4 210 838
4 211 838
4 212 854
4 213 854
4 214 854
4 215 854
4 216 902
4 217 902
4 218 902
4 219 902
4 220 918
4 221 918
4 222 918
4 223 918
4 224 902
4 225 902
4 226 902
4 227 902
4 228 918
4 229 918
4 230 918
4 231 918
4 232 966
4 233 966
4 234 966
4 235 966
4 236 982
4 237 982
4 238 982
4 239 982
4 240 966
4 241 966
4 242 966
4 243 966
4 244 982
4 245 982
4 246 982
4 247 982
4 248 1030
4 249 1030
4 250 1030
4 251 1030
4 252 1046
4 253 1046
4 254 1046
4 255 1046
5 0 6
5 1 6
5 2 6
5 3 6
5 4 22
5 5 22
5 6 22
5 7 22
5 8 70
5 9 70
5 10 70
5 11 70
5 12 86
5 13 86
5 14 86
5 15 86
5 16 86
5 17 86
5 18 86
5 19 86
5 20 102
5 21 102
5 22 102
5 23 102
5 24 150
5 25 150
5 26 150
5 27 150
5 28 166
5 29 166
5 30 166
5 31 166
5 32 166
5 33 166
5 34 166
5 35 166
5 36 182
5 37 182
5 38 182
5 39 182
5 40 198
5 41 198
5 42 198
5 43 198
5 44 214
5 45 214
5 46 214
5 47 214
5 48 246
5 49 246
5 50 246
5 51 246
5 52 262
5 53 262
5 54 262
5 55 262
5 56 278
5 57 278
5 58 278
5 59 278
5 60 294
5 61 294
5 62 294
5 63 294
5 64 326
5 65 326
5 66 326
5 67 326
5 68 342
5 69 342
5 70 342
5 71 342
5 72 390
5 73 390
5 74 390
5 75 390
5 76 406
5 77 406
5 78 406
5 79 406
5 80 406
5 81 406
5 82 406
5 83 406
5 84 422
5 85 422
5 86 422
5 87 422
5 88 470
5 89 470
5 90 470
5 91 470
5 92 486
5 93 486
5 94 486
5 95 486
5 96 486
5 97 486
5 98 486
5 99 486
5 100 502
5 101 502
5 102 502
5 103 502
5 104 518
5 105 518
5 106 518
5 107 518
5 108 534
5 109 534
5 110 534
5 111 534
5 112 566
5 113 566
5 114 566
5 115 566
5 116 582
5 117 582
5 118 582
5 119 582
5 120 598
5 121 598
5 122 598
5 123 598
5 124 614
5 125 614
5 126 614
5 127 614
5 128 646
5 129 646
5 130 646
5 131 646
5 132 662
5 133 662
5 134 662
5 135 662
5 136 710
5 137 710
5 138 710
5 139 710
5 140 726
5 141 726
5 142 726
5 143 726
5 144 726
5 145 726
5 146 726
5 147 726
5 148 742
5 149 742
5 150 742
5 151 742
5 152 790
5 153 790
5 154 790
5 155 790
5 156 806
5 157 806
5 158 806
5 159 806
5 160 806
5 161 806
5 162 806
5 163 806
5 164 822
5 165 822
5 166 822
5 167 822
5 168 838
5 169 838
5 170 838
5 171 838
5 172 854
5 173 854
5 174 854
5 175 854
5 176 886
5 177 886
5 178 886
5 179 886
5 180 902
5 181 902
5 182 902
5 183 902
5 184 918
5 185 918
5 186 918
5 187 918
5 188 934
5 189 934
5 190 934
5 191 934
5 192 966
5 193 966
5 194 966
5 195 966
5 196 982
5 197 982
5 198 982
5 199 982
5 200 1030
5 201 1030
5 202 1030
5 203 1030
5 204 1046
5 205 1046
5 206 1046
5 207 1046
5 208 1046
5 209 1046
5 210 1046
5 211 1046
5 212 1062
5 213 1062
5 214 1062
5 215 1062
5 216 1110
5 217 1110
5 218 1110
5 219 1110
5 220 1126
5 221 1126
5 222 1126
5 223 1126
5 224 1126
5 225 1126
5 226 1126
5 227 1126
5 228 1142
5 229 1142
5 230 1142
5 231 1142
5 232 1158
5 233 1158
5 234 1158
5 235 1158
5 236 1174
5 237 1174
5 238 1174
5 239 1174
5 240 1206
5 241 1206
5 242 1206
5 243 1206
5 244 1222
5 245 1222
5 246 1222
5 247 1222
5 248 1238
5 249 1238
5 250 1238
5 251 1238
5 252 1254
5 253 1254
5 254 1254
5 255 1254
6 0 6
6 1 6
6 2 6
6 3 6
6 4 22
6 5 22
6 6 22
6 7 22
6 8 86
6 9 86
6 10 86
6 11 86
6 12 86
6 13 86
6 14 86
6 15 86
6 16 102
6 17 102
6 18 102
6 19 102
6 20 118
6 21 118
6 22 118
6 23 118
6 24 150
6 25 150
6 26 150
6 27 150
6 28 150
6 29 150
6 30 150
6 31 150
6 32 198
6 33 198
6 34 198
6 35 198
6 36 214
6 37 214
6 38 214
6 39 214
6 40 278
6 41 278
6 42 278
6 43 278
6 44 278
6 45 278
6 46 278
6 47 278
6 48 294
6 49 294
6 50 294
6 51 294
6 52 310
6 53 310
6 54 310
6 55 310
6 56 342
6 57 342
6 58 342
6 59 342
6 60 342
6 61 342
6 62 342
6 63 342
6 64 390
6 65 390
6 66 390
6 67 390
6 68 406
6 69 406
6 70 406
6 71 406
6 72 470
6 73 470
6 74 470
6 75 470
6 76 470
6 77 470
6 78 470
6 79 470
6 80 486
6 81 486
6 82 486
6 83 486
6 84 502
6 85 502
6 86 502
6 87 502
6 88 534
6 89 534
6 90 534
6 91 534
6 92 534
6 93 534
6 94 534
6 95 534
6 96 582
6 97 582
6 98 582
6 99 582
6 100 598
6 101 598
6 102 598
6 103 598
6 104 662
6 105 662
6 106 662
6 107 662
6 108 662
6 109 662
6 110 662
6 111 662
6 112 678
6 113 678
6 114 678
6 115 678
6 116 694
6 117 694
6 118 694
6 119 694
6 120 726
6 121 726
6 122 726
6 123 726
6 124 726
6 125 726
6 126 726
6 127 726
6 128 774
6 129 774
6 130 774
6 131 774
6 132 790
6 133 790
6 134 790
6 135 790
6 136 854
6 137 854
6 138 854
6 139 854
6 140 854
6 141 854
6 142 854
6 143 854
6 144 870
6 145 870
6 146 870
6 147 870
6 148 886
6 149 886
6 150 886
6 151 886
6 152 918
6 153 918
6 154 918
6 155 918
6 156 918
6 157 918
6 158 918
6 159 918
6 160 966
6 161 966
6 162 966
6 163 966
6 164 982
6 165 982
6 166 982
6 167 982
6 168 1046
6 169 1046
6 170 1046
6 171 1046
6 172 1046
6 173 1046
6 174 1046
6 175 1046
6 176 1062
6 177 1062
6 178 1062
6 179 1062
6 180 1078
6 181 1078
6 182 1078
6 183 1078
6 184 1110
6 185 1110
6 186 1110
6 187 1110
6 188 1110
6 189 1110
6 190 1110
6 191 1110
6 192 1158
6 193 1158
6 194 1158
6 195 1158
6 196 1174
6 197 1174
6 198 1174
6 199 1174
6 200 1238
6 201 1238
6 202 1238
6 203 1238
6 204 1238
6 205 1238
6 206 1238
6 207 1238
6 208 1254
6 209 1254
6 210 1254
6 211 1254
6 212 1270
6 213 1270
6 214 1270
6 215 1270
6 216 1302
6 217 1302
6 218 1302
6 219 1302
6 220 1302
6 221 1302
6 222 1302
6 223 1302
6 224 1350
6 225 1350
6 226 1350
6 227 1350
6 228 1366
6 229 1366
6 230 1366
6 231 1366
6 232 1430
6 233 1430
6 234 1430
6 235 1430
6 236 1430
6 237 1430
6 238 1430
6 239 1430
6 240 1446
6 241 1446
6 242 1446
6 243 1446
6 244 1462
6 245 1462
6 246 1462
6 247 1462
6 248 1494
6 249 1494
6 250 1494
6 251 1494
6 252 1494
6 253 1494
6 254 1494
6 255 1494
7 0 6
7 1 6
7 2 6
7 3 6
7 4 22
7 5 22
7 6 22
7 7 22
7 8 86
7 9 86
7 10 86
7 11 86
7 12 86
7 13 86
7 14 86
7 15 86
7 16 118
7 17 118
7 18 118
7 19 118
7 20 134
7 21 134
7 22 134
7 23 134
7 24 166
7 25 166
7 26 166
7 27 166
7 28 166
7 29 166
7 30 166
7 31 166
7 32 230
7 33 230
7 34 230
7 35 230
7 36 246
7 37 246
7 38 246
7 39 246
7 40 278
7 41 278
7 42 278
7 43 278
7 44 278
7 45 278
7 46 278
7 47 278
7 48 342
7 49 342
7 50 342
7 51 342
7 52 358
7 53 358
7 54 358
7 55 358
7 56 422
7 57 422
7 58 422
7 59 422
7 60 422
7 61 422
7 62 422
7 63 422
7 64 454
7 65 454
7 66 454
7 67 454
7 68 470
7 69 470
7 70 470
7 71 470
7 72 534
7 73 534
7 74 534
7 75 534
7 76 534
7 77 534
7 78 534
7 79 534
7 80 566
7 81 566
7 82 566
7 83 566
7 84 582
7 85 582
7 86 582
7 87 582
7 88 614
7 89 614
7 90 614
7 91 614
7 92 614
7 93 614
7 94 614
7 95 614
7 96 678
7 97 678
7 98 678
7 99 678
7 100 694
7 101 694
7 102 694
7 103 694
7 104 726
7 105 726
7 106 726
7 107 726
7 108 726
7 109 726
7 110 726
7 111 726
7 112 726
7 113 726
7 114 726
7 115 726
7 116 742
7 117 742
7 118 742
7 119 742
7 120 806
7 121 806
7 122 806
7 123 806
7 124 806
7 125 806
7 126 806
7 127 806
7 128 902
7 129 902
7 130 902
7 131 902
7 132 918
7 133 918
7 134 918
7 135 918
7 136 982
7 137 982
7 138 982
7 139 982
7 140 982
7 141 982
7 142 982
7 143 982
7 144 1014
7 145 1014
7 146 1014
7 147 1014
7 148 1030
7 149 1030
7 150 1030
7 151 1030
7 152 1062
7 153 1062
7 154 1062
7 155 1062
7 156 1062
7 157 1062
7 158 1062
7 159 1062
7 160 1126
7 161 1126
7 162 1126
7 163 1126
7 164 1142
7 165 1142
7 166 1142
7 167 1142
7 168 1174
7 169 1174
7 170 1174
7 171 1174
7 172 1174
7 173 1174
7 174 1174
7 175 1174
7 176 1238
7 177 1238
7 178 1238
7 179 1238
7 180 1254
7 181 1254
7 182 1254
7 183 1254
7 184 1318
7 185 1318
7 186 1318
7 187 1318
7 188 1318
7 189 1318
7 190 1318
7 191 1318
7 192 1350
7 193 1350
7 194 1350
7 195 1350
7 196 1366
7 197 1366
7 198 1366
7 199 1366
7 200 1430
7 201 1430
7 202 1430
7 203 1430
7 204 1430
7 205 1430
7 206 1430
7 207 1430
7 208 1462
7 209 1462
7 210 1462
7 211 1462
7 212 1478
7 213 1478
7 214 1478
7 215 1478
7 216 1510
7 217 1510
7 218 1510
7 219 1510
7 220 1510
7 221 1510
7 222 1510
7 223 1510
7 224 1446
7 225 1446
7 226 1446
7 227 1446
7 228 1462
7 229 1462
7 230 1462
7 231 1462
7 232 1494
7 233 1494
7 234 1494
7 235 1494
7 236 1494
7 237 1494
7 238 1494
7 239 1494
7 240 1494
7 241 1494
7 242 1494
7 243 1494
7 244 1510
7 245 1510
7 246 1510
7 247 1510
7 248 1574
7 249 1574
7 250 1574
7 251 1574
7 252 1574
7 253 1574
7 254 1574
7 255 1574
8 0 6
8 1 6
8 2 70
8 3 70
8 4 70
8 5 70
8 6 70
8 7 70
8 8 134
8 9 134
8 10 198
8 11 198
8 12 198
8 13 198
8 14 198
8 15 198
8 16 134
8 17 134
8 18 198
8 19 198
8 20 198
8 21 198
8 22 198
8 23 198
8 24 262
8 25 262
8 26 326
8 27 326
8 28 326
8 29 326
8 30 326
8 31 326
8 32 262
8 33 262
8 34 326
8 35 326
8 36 326
8 37 326
8 38 326
8 39 326
8 40 390
8 41 390
8 42 454
8 43 454
8 44 454
8 45 454
8 46 454
8 47 454
8 48 390
8 49 390
8 50 454
8 51 454
8 52 454
8 53 454
8 54 454
8 55 454
8 56 518
8 57 518
8 58 582
8 59 582
8 60 582
8 61 582
8 62 582
8 63 582
8 64 518
8 65 518
8 66 582
8 67 582
8 68 582
8 69 582
8 70 582
8 71 582
8 72 646
8 73 646
8 74 710
8 75 710
8 76 710
8 77 710
8 78 710
8 79 710
8 80 646
8 81 646
8 82 710
8 83 710
8 84 710
8 85 710
8 86 710
8 87 710
8 88 774
8 89 774
8 90 838
8 91 838
8 92 838
8 93 838
8 94 838
8 95 838
8 96 774
8 97 774
8 98 838
8 99 838
8 100 838
8 101 838
8 102 838
8 103 838
8 104 902
8 105 902
8 106 966
8 107 966
8 108 966
8 109 966
8 110 966
8 111 966
8 112 902
8 113 902
8 114 966
8 115 966
8 116 966
8 117 966
8 118 966
8 119 966
8 120 1030
8 121 1030
8 122 1094
8 123 1094
8 124 1094
8 125 1094
8 126 1094
8 127 1094
8 128 1030
8 129 1030
8 130 1094
8 131 1094
8 132 1094
8 133 1094
8 134 1094
8 135 1094
8 136 1158
8 137 1158
8 138 1222
8 139 1222
8 140 1222
8 141 1222
8 142 1222
8 143 1222
8 144 1158
8 145 1158
8 146 1222
8 147 1222
8 148 1222
8 149 1222
8 150 1222
8 151 1222
8 152 1286
8 153 1286
8 154 1350
8 155 1350
8 156 1350
8 157 1350
8 158 1350
8 159 1350
8 160 1286
8 161 1286
8 162 1350
8 163 1350
8 164 1350
8 165 1350
8 166 1350
8 167 1350
8 168 1414
8 169 1414
8 170 1478
8 171 1478
8 172 1478
8 173 1478
8 174 1478
8 175 1478
8 176 1414
8 177 1414
8 178 1478
8 179 1478
8 180 1478
8 181 1478
8 182 1478
8 183 1478
8 184 1542
8 185 1542
8 186 1606
8 187 1606
8 188 1606
8 189 1606
8 190 1606
8 191 1606
8 192 1542
8 193 1542
8 194 1606
8 195 1606
8 196 1606
8 197 1606
8 198 1606
8 199 1606
8 200 1670
8 201 1670
8 202 1734
8 203 1734
8 204 1734
8 205 1734
8 206 1734
8 207 1734
8 208 1670
8 209 1670
8 210 1734
8 211 1734
8 212 1734
8 213 1734
8 214 1734
8 215 1734
8 216 1798
8 217 1798
8 218 1862
8 219 1862
8 220 1862
8 221 1862
8 222 1862
8 223 1862
8 224 1798
8 225 1798
8 226 1862
8 227 1862
8 228 1862
8 229 1862
8 230 1862
8 231 1862
8 232 1926
8 233 1926
8 234 1990
8 235 1990
8 236 1990
8 237 1990
8 238 1990
8 239 1990
8 240 1926
8 241 1926
8 242 1990
8 243 1990
8 244 1990
8 245 1990
8 246 1990
8 247 1990
8 248 2054
8 249 2054
8 250 2118
8 251 2118
8 252 2118
8 253 2118
8 254 2118
8 255 2118
9 0 6
9 1 6
9 2 70
9 3 70
9 4 70
9 5 70
9 6 70
9 7 70
9 8 134
9 9 134
9 10 198
9 11 198
9 12 198
9 13 198
9 14 198
9 15 198
9 16 150
9 17 150
9 18 214
9 19 214
9 20 214
9 21 214
9 22 214
9 23 214
9 24 278
9 25 278
9 26 342
9 27 342
9 28 342
9 29 342
9 30 342
9 31 342
9 32 294
9 33 294
9 34 326
9 35 326
9 36 326
9 37 326
9 38 358
9 39 358
9 40 422
9 41 422
9 42 454
9 43 454
9 44 454
9 45 454
9 46 486
9 47 486
9 48 438
9 49 438
9 50 470
9 51 470
9 52 470
9 53 470
9 54 502
9 55 502
9 56 566
9 57 566
9 58 598
9 59 598
9 60 598
9 61 598
9 62 630
9 63 630
9 64 582
9 65 582
9 66 646
9 67 646
9 68 646
9 69 646
9 70 646
9 71 646
9 72 710
9 73 710
9 74 774
9 75 774
9 76 774
9 77 774
9 78 774
9 79 774
9 80 726
9 81 726
9 82 790
9 83 790
9 84 790
9 85 790
9 86 790
9 87 790
9 88 854
9 89 854
9 90 918
9 91 918
9 92 918
9 93 918
9 94 918
9 95 918
9 96 870
9 97 870
9 98 902
9 99 902
9 100 902
9 101 902
9 102 934
9 103 934
9 104 998
9 105 998
9 106 1030
9 107 1030
9 108 1030
9 109 1030
9 110 1062
9 111 1062
9 112 1014
9 113 1014
9 114 1046
9 115 1046
9 116 1046
9 117 1046
9 118 1078
9 119 1078
9 120 1142
9 121 1142
9 122 1174
9 123 1174
9 124 1174
9 125 1174
9 126 1206
9 127 1206
9 128 1158
9 129 1158
9 130 1222
9 131 1222
9 132 1222
9 133 1222
9 134 1222
9 135 1222
9 136 1286
9 137 1286
9 138 1350
9 139 1350
9 140 1350
9 141 1350
9 142 1350
9 143 1350
9 144 1302
9 145 1302
9 146 1366
9 147 1366
9 148 1366
9 149 1366
9 150 1366
9 151 1366
9 152 1430
9 153 1430
9 154 1494
9 155 1494
9 156 1494
9 157 1494
9 158 1494
9 159 1494
9 160 1446
9 161 1446
9 162 1478
9 163 1478
9 164 1478
9 165 1478
9 166 1510
9 167 1510
9 168 1574
9 169 1574
9 170 1606
9 171 1606
9 172 1606
9 173 1606
9 174 1638
9 175 1638
9 176 1590
9 177 1590
9 178 1622
9 179 1622
9 180 1622
9 181 1622
9 182 1654
9 183 1654
9 184 1718
9 185 1718
9 186 1750
9 187 1750
9 188 1750
9 189 1750
9 190 1782
9 191 1782
9 192 1734
9 193 1734
9 194 1798
9 195 1798
9 196 1798
9 197 1798
9 198 1798
9 199 1798
9 200 1862
9 201 1862
9 202 1926
9 203 1926
9 204 1926
9 205 1926
9 206 1926
9 207 1926
9 208 1878
9 209 1878
9 210 1942
9 211 1942
9 212 1942
9 213 1942
9 214 1942
9 215 1942
9 216 2006
9 217 2006
9 218 2070
9 219 2070
9 220 2070
9 221 2070
9 222 2070
9 223 2070
9 224 2022
9 225 2022
9 226 2054
9 227 2054
9 228 2054
9 229 2054
9 230 2086
9 231 2086
9 232 2150
9 233 2150
9 234 2182
9 235 2182
9 236 2182
9 237 2182
9 238 2214
9 239 2214
9 240 2166
9 241 2166
9 242 2198
9 243 2198
9 244 2198
9 245 2198
9 246 2230
9 247 2230
9 248 2294
9 249 2294
9 250 2326
9 251 2326
9 252 2326
9 253 2326
9 254 2358
9 255 2358
10 0 6
10 1 6
10 2 70
10 3 70
10 4 70
10 5 70
10 6 70
10 7 70
10 8 150
10 9 150
10 10 198
10 11 198
10 12 214
10 13 214
10 14 198
10 15 198
10 16 166
10 17 166
10 18 198
10 19 198
10 20 198
10 21 198
10 22 230
10 23 230
10 24 310
10 25 310
10 26 326
10 27 326
10 28 342
10 29 342
10 30 358
10 31 358
10 32 326
10 33 326
10 34 390
10 35 390
10 36 390
10 37 390
10 38 390
10 39 390
10 40 406
10 41 406
10 42 454
10 43 454
10 44 470
10 45 470
10 46 454
10 47 454
10 48 486
10 49 486
10 50 518
10 51 518
10 52 518
10 53 518
10 54 550
10 55 550
10 56 566
10 57 566
10 58 582
10 59 582
10 60 598
10 61 598
10 62 614
10 63 614
10 64 646
10 65 646
10 66 710
10 67 710
10 68 710
10 69 710
10 70 710
10 71 710
10 72 790
10 73 790
10 74 838
10 75 838
10 76 854
10 77 854
10 78 838
10 79 838
10 80 806
10 81 806
10 82 838
10 83 838
10 84 838
10 85 838
10 86 870
10 87 870
10 88 950
10 89 950
10 90 966
10 91 966
10 92 982
10 93 982
10 94 998
10 95 998
10 96 966
10 97 966
10 98 1030
10 99 1030
10 100 1030
10 101 1030
10 102 1030
10 103 1030
10 104 1046
10 105 1046
10 106 1094
10 107 1094
10 108 1110
10 109 1110
10 110 1094
10 111 1094
10 112 1126
10 113 1126
10 114 1158
10 115 1158
10 116 1158
10 117 1158
10 118 1190
10 119 1190
10 120 1206
10 121 1206
10 122 1222
10 123 1222
10 124 1238
10 125 1238
10 126 1254
10 127 1254
10 128 1286
10 129 1286
10 130 1350
10 131 1350
10 132 1350
10 133 1350
10 134 1350
10 135 1350
10 136 1430
10 137 1430
10 138 1478
10 139 1478
10 140 1494
10 141 1494
10 142 1478
10 143 1478
10 144 1446
10 145 1446
10 146 1478
10 147 1478
10 148 1478
10 149 1478
10 150 1510
10 151 1510
10 152 1590
10 153 1590
10 154 1606
10 155 1606
10 156 1622
10 157 1622
10 158 1638
10 159 1638
10 160 1606
10 161 1606
10 162 1670
10 163 1670
10 164 1670
10 165 1670
10 166 1670
10 167 1670
10 168 1686
10 169 1686
10 170 1734
10 171 1734
10 172 1750
10 173 1750
10 174 1734
10 175 1734
10 176 1766
10 177 1766
10 178 1798
10 179 1798
10 180 1798
10 181 1798
10 182 1830
10 183 1830
10 184 1846
10 185 1846
10 186 1862
10 187 1862
10 188 1878
10 189 1878
10 190 1894
10 191 1894
10 192 1926
10 193 1926
10 194 1990
10 195 1990
10 196 1990
10 197 1990
10 198 1990
10 199 1990
10 200 2070
10 201 2070
10 202 2118
10 203 2118
10 204 2134
10 205 2134
10 206 2118
10 207 2118
10 208 2086
10 209 2086
10 210 2118
10 211 2118
10 212 2118
10 213 2118
10 214 2150
10 215 2150
10 216 2230
10 217 2230
10 218 2246
10 219 2246
10 220 2262
10 221 2262
10 222 2278
10 223 2278
10 224 2246
10 225 2246
10 226 2310
10 227 2310
10 228 2310
10 229 2310
10 230 2310
10 231 2310
10 232 2326
10 233 2326
10 234 2374
10 235 2374
10 236 2390
10 237 2390
10 238 2374
10 239 2374
10 240 2406
10 241 2406
10 242 2438
10 243 2438
10 244 2438
10 245 2438
10 246 2470
10 247 2470
10 248 2486
10 249 2486
10 250 2502
10 251 2502
10 252 2518
10 253 2518
10 254 2534
10 255 2534
11 0 6
11 1 6
11 2 70
11 3 70
11 4 70
11 5 70
11 6 70
11 7 70
11 8 150
11 9 150
11 10 198
11 11 198
11 12 214
11 13 214
11 14 198
11 15 198
11 16 182
11 17 182
11 18 214
11 19 214
11 20 214
11 21 214
11 22 246
11 23 246
11 24 326
11 25 326
11 26 342
11 27 342
11 28 358
11 29 358
11 30 374
11 31 374
11 32 358
11 33 358
11 34 390
11 35 390
11 36 390
11 37 390
11 38 422
11 39 422
11 40 438
11 41 438
11 42 454
11 43 454
11 44 470
11 45 470
11 46 486
11 47 486
11 48 534
11 49 534
11 50 598
11 51 598
11 52 598
11 53 598
11 54 598
11 55 598
11 56 614
11 57 614
11 58 662
11 59 662
11 60 678
11 61 678
11 62 662
11 63 662
11 64 710
11 65 710
11 66 774
11 67 774
11 68 774
11 69 774
11 70 774
11 71 774
11 72 854
11 73 854
11 74 902
11 75 902
11 76 918
11 77 918
11 78 902
11 79 902
11 80 886
11 81 886
11 82 918
11 83 918
11 84 918
11 85 918
11 86 950
11 87 950
11 88 1030
11 89 1030
11 90 1046
11 91 1046
11 92 1062
11 93 1062
11 94 1078
11 95 1078
11 96 1062
11 97 1062
11 98 1094
11 99 1094
11 100 1094
11 101 1094
11 102 1126
11 103 1126
11 104 1142
11 105 1142
11 106 1158
11 107 1158
11 108 1174
11 109 1174
11 110 1190
11 111 1190
11 112 1238
11 113 1238
11 114 1302
11 115 1302
11 116 1302
11 117 1302
11 118 1302
11 119 1302
11 120 1318
11 121 1318
11 122 1366
11 123 1366
11 124 1382
11 125 1382
11 126 1366
11 127 1366
11 128 1414
11 129 1414
11 130 1478
11 131 1478
11 132 1478
11 133 1478
11 134 1478
11 135 1478
11 136 1558
11 137 1558
11 138 1606
11 139 1606
11 140 1622
11 141 1622
11 142 1606
11 143 1606
11 144 1590
11 145 1590
11 146 1622
11 147 1622
11 148 1622
11 149 1622
11 150 1654
11 151 1654
11 152 1734
11 153 1734
11 154 1750
11 155 1750
11 156 1766
11 157 1766
11 158 1782
11 159 1782
11 160 1766
11 161 1766
11 162 1798
11 163 1798
11 164 1798
11 165 1798
11 166 1830
11 167 1830
11 168 1846
11 169 1846
11 170 1862
11 171 1862
11 172 1878
11 173 1878
11 174 1894
11 175 1894
11 176 1942
11 177 1942
11 178 2006
11 179 2006
11 180 2006
11 181 2006
11 182 2006
11 183 2006
11 184 2022
11 185 2022
11 186 2070
11 187 2070
11 188 2086
11 189 2086
11 190 2070
11 191 2070
11 192 2118
11 193 2118
11 194 2182
11 195 2182
11 196 2182
11 197 2182
11 198 2182
11 199 2182
11 200 2262
11 201 2262
11 202 2310
11 203 2310
11 204 2326
11 205 2326
11 206 2310
11 207 2310
11 208 2166
11 209 2166
11 210 2198
11 211 2198
11 212 2198
11 213 2198
11 214 2230
11 215 2230
11 216 2310
11 217 2310
11 218 2326
11 219 2326
11 220 2342
11 221 2342
11 222 2358
11 223 2358
11 224 2470
11 225 2470
11 226 2502
11 227 2502
11 228 2502
11 229 2502
11 230 2534
11 231 2534
11 232 2550
11 233 2550
11 234 2566
11 235 2566
11 236 2582
11 237 2582
11 238 2598
11 239 2598
11 240 2518
11 241 2518
11 242 2582
11 243 2582
11 244 2582
11 245 2582
11 246 2582
11 247 2582
11 248 2598
11 249 2598
11 250 2646
11 251 2646
11 252 2662
11 253 2662
11 254 2646
11 255 2646
12 0 6
12 1 6
12 2 70
12 3 70
12 4 86
12 5 86
12 6 70
12 7 70
12 8 198
12 9 198
12 10 198
12 11 198
12 12 214
12 13 214
12 14 230
12 15 230
12 16 198
12 17 198
12 18 262
12 19 262
12 20 278
12 21 278
12 22 262
12 23 262
12 24 326
12 25 326
12 26 326
12 27 326
12 28 342
12 29 342
12 30 358
12 31 358
12 32 390
12 33 390
12 34 454
12 35 454
12 36 470
12 37 470
12 38 454
12 39 454
12 40 582
12 41 582
12 42 582
12 43 582
12 44 598
12 45 598
12 46 614
12 47 614
12 48 582
12 49 582
12 50 646
12 51 646
12 52 662
12 53 662
12 54 646
12 55 646
12 56 710
12 57 710
12 58 710
12 59 710
12 60 726
12 61 726
12 62 742
12 63 742
12 64 774
12 65 774
12 66 838
12 67 838
12 68 854
12 69 854
12 70 838
12 71 838
12 72 966
12 73 966
12 74 966
12 75 966
12 76 982
12 77 982
12 78 998
12 79 998
12 80 966
12 81 966
12 82 1030
12 83 1030
12 84 1046
12 85 1046
12 86 1030
12 87 1030
12 88 1094
12 89 1094
12 90 1094
12 91 1094
12 92 1110
12 93 1110
12 94 1126
12 95 1126
12 96 1158
12 97 1158
12 98 1222
12 99 1222
12 100 1238
12 101 1238
12 102 1222
12 103 1222
12 104 1350
12 105 1350
12 106 1350
12 107 1350
12 108 1366
12 109 1366
12 110 1382
12 111 1382
12 112 1350
12 113 1350
12 114 1414
12 115 1414
12 116 1430
12 117 1430
12 118 1414
12 119 1414
12 120 1478
12 121 1478
12 122 1478
12 123 1478
12 124 1494
12 125 1494
12 126 1510
12 127 1510
12 128 1542
12 129 1542
12 130 1606
12 131 1606
12 132 1622
12 133 1622
12 134 1606
12 135 1606
12 136 1734
12 137 1734
12 138 1734
12 139 1734
12 140 1750
12 141 1750
12 142 1766
12 143 1766
12 144 1734
12 145 1734
12 146 1798
12 147 1798
12 148 1814
12 149 1814
12 150 1798
12 151 1798
12 152 1862
12 153 1862
12 154 1862
12 155 1862
12 156 1878
12 157 1878
12 158 1894
12 159 1894
12 160 1926
12 161 1926
12 162 1990
12 163 1990
12 164 2006
12 165 2006
12 166 1990
12 167 1990
12 168 2118
12 169 2118
12 170 2118
12 171 2118
12 172 2134
12 173 2134
12 174 2150
12 175 2150
12 176 2118
12 177 2118
12 178 2182
12 179 2182
12 180 2198
12 181 2198
12 182 2182
12 183 2182
12 184 2246
12 185 2246
12 186 2246
12 187 2246
12 188 2262
12 189 2262
12 190 2278
12 191 2278
12 192 2310
12 193 2310
12 194 2374
12 195 2374
12 196 2390
12 197 2390
12 198 2374
12 199 2374
12 200 2502
12 201 2502
12 202 2502
12 203 2502
12 204 2518
12 205 2518
12 206 2534
12 207 2534
12 208 2502
12 209 2502
12 210 2566
12 211 2566
12 212 2582
12 213 2582
12 214 2566
12 215 2566
12 216 2630
12 217 2630
12 218 2630
12 219 2630
12 220 2646
12 221 2646
12 222 2662
12 223 2662
12 224 2694
12 225 2694
12 226 2758
12 227 2758
12 228 2774
12 229 2774
12 230 2758
12 231 2758
12 232 2886
12 233 2886
12 234 2886
12 235 2886
12 236 2902
12 237 2902
12 238 2918
12 239 2918
12 240 2886
12 241 2886
12 242 2950
12 243 2950
12 244 2966
12 245 2966
12 246 2950
12 247 2950
12 248 3014
12 249 3014
12 250 3014
12 251 3014
12 252 3030
12 253 3030
12 254 3046
12 255 3046
13 0 6
13 1 6
13 2 70
13 3 70
13 4 86
13 5 86
13 6 70
13 7 70
13 8 198
13 9 198
13 10 198
13 11 198
13 12 214
13 13 214
13 14 230
13 15 230
13 16 214
13 17 214
13 18 278
13 19 278
13 20 294
13 21 294
13 22 278
13 23 278
13 24 342
13 25 342
13 26 342
13 27 342
13 28 358
13 29 358
13 30 374
13 31 374
13 32 422
13 33 422
13 34 454
13 35 454
13 36 470
13 37 470
13 38 486
13 39 486
13 40 582
13 41 582
13 42 614
13 43 614
13 44 598
13 45 598
13 46 614
13 47 614
13 48 630
13 49 630
13 50 662
13 51 662
13 52 678
13 53 678
13 54 694
13 55 694
13 56 726
13 57 726
13 58 758
13 59 758
13 60 742
13 61 742
13 62 758
13 63 758
13 64 838
13 65 838
13 66 902
13 67 902
13 68 918
13 69 918
13 70 902
13 71 902
13 72 1030
13 73 1030
13 74 1030
13 75 1030
13 76 1046
13 77 1046
13 78 1062
13 79 1062
13 80 1046
13 81 1046
13 82 1110
13 83 1110
13 84 1126
13 85 1126
13 86 1110
13 87 1110
13 88 1174
13 89 1174
13 90 1174
13 91 1174
13 92 1190
13 93 1190
13 94 1206
13 95 1206
13 96 1254
13 97 1254
13 98 1286
13 99 1286
13 100 1302
13 101 1302
13 102 1318
13 103 1318
13 104 1414
13 105 1414
13 106 1446
13 107 1446
13 108 1430
13 109 1430
13 110 1446
13 111 1446
13 112 1462
13 113 1462
13 114 1494
13 115 1494
13 116 1510
13 117 1510
13 118 1526
13 119 1526
13 120 1558
13 121 1558
13 122 1590
13 123 1590
13 124 1574
13 125 1574
13 126 1590
13 127 1590
13 128 1670
13 129 1670
13 130 1734
13 131 1734
13 132 1750
13 133 1750
13 134 1734
13 135 1734
13 136 1862
13 137 1862
13 138 1862
13 139 1862
13 140 1878
13 141 1878
13 142 1894
13 143 1894
13 144 1878
13 145 1878
13 146 1942
13 147 1942
13 148 1958
13 149 1958
13 150 1942
13 151 1942
13 152 2006
13 153 2006
13 154 2006
13 155 2006
13 156 2022
13 157 2022
13 158 2038
13 159 2038
13 160 2086
13 161 2086
13 162 2118
13 163 2118
13 164 2134
13 165 2134
13 166 2150
13 167 2150
13 168 2246
13 169 2246
13 170 2278
13 171 2278
13 172 2262
13 173 2262
13 174 2278
13 175 2278
13 176 2166
13 177 2166
13 178 2198
13 179 2198
13 180 2214
13 181 2214
13 182 2230
13 183 2230
13 184 2262
13 185 2262
13 186 2294
13 187 2294
13 188 2278
13 189 2278
13 190 2294
13 191 2294
13 192 2502
13 193 2502
13 194 2566
13 195 2566
13 196 2582
13 197 2582
13 198 2566
13 199 2566
13 200 2694
13 201 2694
13 202 2694
13 203 2694
13 204 2710
13 205 2710
13 206 2726
13 207 2726
13 208 2710
13 209 2710
13 210 2774
13 211 2774
13 212 2790
13 213 2790
13 214 2774
13 215 2774
13 216 2838
13 217 2838
13 218 2838
13 219 2838
13 220 2854
13 221 2854
13 222 2870
13 223 2870
13 224 2918
13 225 2918
13 226 2950
13 227 2950
13 228 2966
13 229 2966
13 230 2982
13 231 2982
13 232 3078
13 233 3078
13 234 3110
13 235 3110
13 236 3094
13 237 3094
13 238 3110
13 239 3110
13 240 2998
13 241 2998
13 242 3030
13 243 3030
13 244 3046
13 245 3046
13 246 3062
13 247 3062
13 248 3094
13 249 3094
13 250 3126
13 251 3126
13 252 3110
13 253 3110
13 254 3126
13 255 3126
14 0 6
14 1 6
14 2 70
14 3 70
14 4 86
14 5 86
14 6 70
14 7 70
14 8 214
14 9 214
14 10 198
14 11 198
14 12 214
14 13 214
14 14 230
14 15 230
14 16 230
14 17 230
14 18 262
14 19 262
14 20 278
14 21 278
14 22 294
14 23 294
14 24 342
14 25 342
14 26 358
14 27 358
14 28 342
14 29 342
14 30 358
14 31 358
14 32 454
14 33 454
14 34 518
14 35 518
14 36 534
14 37 534
14 38 518
14 39 518
14 40 598
14 41 598
14 42 582
14 43 582
14 44 598
14 45 598
14 46 614
14 47 614
14 48 678
14 49 678
14 50 710
14 51 710
14 52 726
14 53 726
14 54 742
14 55 742
14 56 790
14 57 790
14 58 806
14 59 806
14 60 790
14 61 790
14 62 806
14 63 806
14 64 902
14 65 902
14 66 966
14 67 966
14 68 982
14 69 982
14 70 966
14 71 966
14 72 1110
14 73 1110
14 74 1094
14 75 1094
14 76 1110
14 77 1110
14 78 1126
14 79 1126
14 80 1126
14 81 1126
14 82 1158
14 83 1158
14 84 1174
14 85 1174
14 86 1190
14 87 1190
14 88 1238
14 89 1238
14 90 1254
14 91 1254
14 92 1238
14 93 1238
14 94 1254
14 95 1254
14 96 1350
14 97 1350
14 98 1414
14 99 1414
14 100 1430
14 101 1430
14 102 1414
14 103 1414
14 104 1494
14 105 1494
14 106 1478
14 107 1478
14 108 1494
14 109 1494
14 110 1510
14 111 1510
14 112 1446
14 113 1446
14 114 1478
14 115 1478
14 116 1494
14 117 1494
14 118 1510
14 119 1510
14 120 1558
14 121 1558
14 122 1574
14 123 1574
14 124 1558
14 125 1558
14 126 1574
14 127 1574
14 128 1798
14 129 1798
14 130 1862
14 131 1862
14 132 1878
14 133 1878
14 134 1862
14 135 1862
14 136 2006
14 137 2006
14 138 1990
14 139 1990
14 140 2006
14 141 2006
14 142 2022
14 143 2022
14 144 2022
14 145 2022
14 146 2054
14 147 2054
14 148 2070
14 149 2070
14 150 2086
14 151 2086
14 152 2134
14 153 2134
14 154 2150
14 155 2150
14 156 2134
14 157 2134
14 158 2150
14 159 2150
14 160 2246
14 161 2246
14 162 2310
14 163 2310
14 164 2326
14 165 2326
14 166 2310
14 167 2310
14 168 2390
14 169 2390
14 170 2374
14 171 2374
14 172 2390
14 173 2390
14 174 2406
14 175 2406
14 176 2470
14 177 2470
14 178 2502
14 179 2502
14 180 2518
14 181 2518
14 182 2534
14 183 2534
14 184 2582
14 185 2582
14 186 2598
14 187 2598
14 188 2582
14 189 2582
14 190 2598
14 191 2598
14 192 2694
14 193 2694
14 194 2758
14 195 2758
14 196 2774
14 197 2774
14 198 2758
14 199 2758
14 200 2902
14 201 2902
14 202 2886
14 203 2886
14 204 2902
14 205 2902
14 206 2918
14 207 2918
14 208 2918
14 209 2918
14 210 2950
14 211 2950
14 212 2966
14 213 2966
14 214 2982
14 215 2982
14 216 3030
14 217 3030
14 218 3046
14 219 3046
14 220 3030
14 221 3030
14 222 3046
14 223 3046
14 224 3142
14 225 3142
14 226 3206
14 227 3206
14 228 3222
14 229 3222
14 230 3206
14 231 3206
14 232 3286
14 233 3286
14 234 3270
14 235 3270
14 236 3286
14 237 3286
14 238 3302
14 239 3302
14 240 3238
14 241 3238
14 242 3270
14 243 3270
14 244 3286
14 245 3286
14 246 3302
14 247 3302
14 248 3350
14 249 3350
14 250 3366
14 251 3366
14 252 3350
14 253 3350
14 254 3366
14 255 3366
15 0 6
15 1 6
15 2 70
15 3 70
15 4 86
15 5 86
15 6 70
15 7 70
15 8 214
15 9 214
15 10 198
15 11 198
15 12 214
15 13 214
15 14 230
15 15 230
15 16 246
15 17 246
15 18 278
15 19 278
15 20 294
15 21 294
15 22 310
15 23 310
15 24 358
15 25 358
15 26 374
15 27 374
15 28 358
15 29 358
15 30 374
15 31 374
15 32 486
15 33 486
15 34 518
15 35 518
15 36 534
15 37 534
15 38 550
15 39 550
15 40 598
15 41 598
15 42 614
15 43 614
15 44 598
15 45 598
15 46 614
15 47 614
15 48 726
15 49 726
15 50 790
15 51 790
15 52 806
15 53 806
15 54 790
15 55 790
15 56 870
15 57 870
15 58 854
15 59 854
15 60 870
15 61 870
15 62 886
15 63 886
15 64 966
15 65 966
15 66 1030
15 67 1030
15 68 1046
15 69 1046
15 70 1030
15 71 1030
15 72 1174
15 73 1174
15 74 1158
15 75 1158
15 76 1174
15 77 1174
15 78 1190
15 79 1190
15 80 1206
15 81 1206
15 82 1238
15 83 1238
15 84 1254
15 85 1254
15 86 1270
15 87 1270
15 88 1318
15 89 1318
15 90 1334
15 91 1334
15 92 1318
15 93 1318
15 94 1334
15 95 1334
15 96 1446
15 97 1446
15 98 1478
15 99 1478
15 100 1494
15 101 1494
15 102 1510
15 103 1510
15 104 1558
15 105 1558
15 106 1574
15 107 1574
15 108 1558
15 109 1558
15 110 1574
15 111 1574
15 112 1494
15 113 1494
15 114 1558
15 115 1558
15 116 1574
15 117 1574
15 118 1558
15 119 1558
15 120 1638
15 121 1638
15 122 1622
15 123 1622
15 124 1638
15 125 1638
15 126 1654
15 127 1654
15 128 1926
15 129 1926
15 130 1990
15 131 1990
15 132 2006
15 133 2006
15 134 1990
15 135 1990
15 136 2134
15 137 2134
15 138 2118
15 139 2118
15 140 2134
15 141 2134
15 142 2150
15 143 2150
15 144 2166
15 145 2166
15 146 2198
15 147 2198
15 148 2214
15 149 2214
15 150 2230
15 151 2230
15 152 2278
15 153 2278
15 154 2294
15 155 2294
15 156 2278
15 157 2278
15 158 2294
15 159 2294
15 160 2406
15 161 2406
15 162 2438
15 163 2438
15 164 2454
15 165 2454
15 166 2470
15 167 2470
15 168 2518
15 169 2518
15 170 2534
15 171 2534
15 172 2518
15 173 2518
15 174 2534
15 175 2534
15 176 2518
15 177 2518
15 178 2582
15 179 2582
15 180 2598
15 181 2598
15 182 2582
15 183 2582
15 184 2662
15 185 2662
15 186 2646
15 187 2646
15 188 2662
15 189 2662
15 190 2678
15 191 2678
15 192 2886
15 193 2886
15 194 2950
15 195 2950
15 196 2966
15 197 2966
15 198 2950
15 199 2950
15 200 3094
15 201 3094
15 202 3078
15 203 3078
15 204 3094
15 205 3094
15 206 3110
15 207 3110
15 208 2998
15 209 2998
15 210 3030
15 211 3030
15 212 3046
15 213 3046
15 214 3062
15 215 3062
15 216 3110
15 217 3110
15 218 3126
15 219 3126
15 220 3110
15 221 3110
15 222 3126
15 223 3126
15 224 3238
15 225 3238
15 226 3270
15 227 3270
15 228 3286
15 229 3286
15 230 3302
15 231 3302
15 232 3350
15 233 3350
15 234 3366
15 235 3366
15 236 3350
15 237 3350
15 238 3366
15 239 3366
15 240 3286
15 241 3286
15 242 3350
15 243 3350
15 244 3366
15 245 3366
15 246 3350
15 247 3350
15 248 3430
15 249 3430
15 250 3414
15 251 3414
15 252 3430
15 253 3430
15 254 3446
15 255 3446
16 0 6
16 1 70
16 2 38
16 3 70
16 4 134
16 5 198
16 6 166
16 7 198
16 8 262
16 9 326
16 10 294
16 11 326
16 12 390
16 13 454
16 14 422
16 15 454
16 16 262
16 17 326
16 18 294
16 19 326
16 20 390
16 21 454
16 22 422
16 23 454
16 24 518
16 25 582
16 26 550
16 27 582
16 28 646
16 29 710
16 30 678
16 31 710
16 32 518
16 33 582
16 34 550
16 35 582
16 36 646
16 37 710
16 38 678
16 39 710
16 40 774
16 41 838
16 42 806
16 43 838
16 44 902
16 45 966
16 46 934
16 47 966
16 48 774
16 49 838
16 50 806
16 51 838
16 52 902
16 53 966
16 54 934
16 55 966
16 56 1030
16 57 1094
16 58 1062
16 59 1094
16 60 1158
16 61 1222
16 62 1190
16 63 1222
16 64 1030
16 65 1094
16 66 1062
16 67 1094
16 68 1158
16 69 1222
16 70 1190
16 71 1222
16 72 1286
16 73 1350
16 74 1318
16 75 1350
16 76 1414
16 77 1478
16 78 1446
16 79 1478
16 80 1286
16 81 1350
16 82 1318
16 83 1350
16 84 1414
16 85 1478
16 86 1446
16 87 1478
16 88 1542
16 89 1606
16 90 1574
16 91 1606
16 92 1670
16 93 1734
16 94 1702
16 95 1734
16 96 1542
16 97 1606
16 98 1574
16 99 1606
16 100 1670
16 101 1734
16 102 1702
16 103 1734
16 104 1798
16 105 1862
16 106 1830
16 107 1862
16 108 1926
16 109 1990
16 110 1958
16 111 1990
16 112 1798
16 113 1862
16 114 1830
16 115 1862
16 116 1926
16 117 1990
16 118 1958
16 119 1990
16 120 2054
16 121 2118
16 122 2086
16 123 2118
16 124 2182
16 125 2246
16 126 2214
16 127 2246
16 128 2054
16 129 2118
16 130 2086
16 131 2118
16 132 2182
16 133 2246
16 134 2214
16 135 2246
16 136 2310
16 137 2374
16 138 2342
16 139 2374
16 140 2438
16 141 2502
16 142 2470
16 143 2502
16 144 2310
16 145 2374
16 146 2342
16 147 2374
16 148 2438
16 149 2502
16 150 2470
16 151 2502
16 152 2566
16 153 2630
16 154 2598
16 155 2630
16 156 2694
16 157 2758
16 158 2726
16 159 2758
16 160 2566
16 161 2630
16 162 2598
16 163 2630
16 164 2694
16 165 2758
16 166 2726
16 167 2758
16 168 2822
16 169 2886
16 170 2854
16 171 2886
16 172 2950
16 173 3014
16 174 2982
16 175 3014
16 176 2822
16 177 2886
16 178 2854
16 179 2886
16 180 2950
16 181 3014
16 182 2982
16 183 3014
16 184 3078
16 185 3142
16 186 3110
16 187 3142
16 188 3206
16 189 3270
16 190 3238
16 191 3270
16 192 3078
16 193 3142
16 194 3110
16 195 3142
16 196 3206
16 197 3270
16 198 3238
16 199 3270
16 200 3334
16 201 3398
16 202 3366
16 203 3398
16 204 3462
16 205 3526
16 206 3494
16 207 3526
16 208 3334
16 209 3398
16 210 3366
16 211 3398
16 212 3462
16 213 3526
16 214 3494
16 215 3526
16 216 3590
16 217 3654
16 218 3622
16 219 3654
16 220 3718
16 221 3782
16 222 3750
16 223 3782
16 224 3590
16 225 3654
16 226 3622
16 227 3654
16 228 3718
16 229 3782
16 230 3750
16 231 3782
16 232 3846
16 233 3910
16 234 3878
16 235 3910
16 236 3974
16 237 4038
16 238 4006
16 239 4038
16 240 3846
16 241 3910
16 242 3878
16 243 3910
16 244 3974
16 245 4038
16 246 4006
16 247 4038
16 248 4102
16 249 4166
16 250 4134
16 251 4166
16 252 4230
16 253 4294
16 254 4262
16 255 4294
17 0 6
17 1 70
17 2 38
17 3 70
17 4 134
17 5 198
17 6 166
17 7 198
17 8 262
17 9 326
17 10 294
17 11 326
17 12 390
17 13 454
17 14 422
17 15 454
17 16 278
17 17 342
17 18 310
17 19 342
17 20 406
17 21 470
17 22 438
17 23 470
17 24 534
17 25 598
17 26 566
17 27 598
17 28 662
17 29 726
17 30 694
17 31 726
17 32 550
17 33 582
17 34 550
17 35 582
17 36 678
17 37 710
17 38 678
17 39 710
17 40 806
17 41 838
17 42 806
17 43 838
17 44 934
17 45 966
17 46 934
17 47 966
17 48 822
17 49 854
17 50 822
17 51 854
17 52 950
17 53 982
17 54 950
17 55 982
17 56 1078
17 57 1110
17 58 1078
17 59 1110
17 60 1206
17 61 1238
17 62 1206
17 63 1238
17 64 1094
17 65 1158
17 66 1126
17 67 1158
17 68 1222
17 69 1286
17 70 1254
17 71 1286
17 72 1350
17 73 1414
17 74 1382
17 75 1414
17 76 1478
17 77 1542
17 78 1510
17 79 1542
17 80 1366
17 81 1430
17 82 1398
17 83 1430
17 84 1494
17 85 1558
17 86 1526
17 87 1558
17 88 1622
17 89 1686
17 90 1654
17 91 1686
17 92 1750
17 93 1814
17 94 1782
17 95 1814
17 96 1638
17 97 1670
17 98 1638
17 99 1670
17 100 1766
17 101 1798
17 102 1766
17 103 1798
17 104 1894
17 105 1926
17 106 1894
17 107 1926
17 108 2022
17 109 2054
17 110 2022
17 111 2054
17 112 1910
17 113 1942
17 114 1910
17 115 1942
17 116 2038
17 117 2070
17 118 2038
17 119 2070
17 120 2166
17 121 2198
17 122 2166
17 123 2198
17 124 2294
17 125 2326
17 126 2294
17 127 2326
17 128 2182
17 129 2246
17 130 2214
17 131 2246
17 132 2310
17 133 2374
17 134 2342
17 135 2374
17 136 2310
17 137 2374
17 138 2342
17 139 2374
17 140 2438
17 141 2502
17 142 2470
17 143 2502
17 144 2454
17 145 2518
17 146 2486
17 147 2518
17 148 2582
17 149 2646
17 150 2614
17 151 2646
17 152 2582
17 153 2646
17 154 2614
17 155 2646
17 156 2710
17 157 2774
17 158 2742
17 159 2774
17 160 2726
17 161 2758
17 162 2726
17 163 2758
17 164 2854
17 165 2886
17 166 2854
17 167 2886
17 168 2854
17 169 2886
17 170 2854
17 171 2886
17 172 2982
17 173 3014
17 174 2982
17 175 3014
17 176 2998
17 177 3030
17 178 2998
17 179 3030
17 180 3126
17 181 3158
17 182 3126
17 183 3158
17 184 3126
17 185 3158
17 186 3126
17 187 3158
17 188 3254
17 189 3286
17 190 3254
17 191 3286
17 192 3270
17 193 3334
17 194 3302
17 195 3334
17 196 3398
17 197 3462
17 198 3430
17 199 3462
17 200 3398
17 201 3462
17 202 3430
17 203 3462
17 204 3526
17 205 3590
17 206 3558
17 207 3590
17 208 3542
17 209 3606
17 210 3574
17 211 3606
17 212 3670
17 213 3734
17 214 3702
17 215 3734
17 216 3670
17 217 3734
17 218 3702
17 219 3734
17 220 3798
17 221 3862
17 222 3830
17 223 3862
17 224 3814
17 225 3846
17 226 3814
17 227 3846
17 228 3942
17 229 3974
17 230 3942
17 231 3974
17 232 3942
17 233 3974
17 234 3942
17 235 3974
17 236 4070
17 237 4102
17 238 4070
17 239 4102
17 240 4086
17 241 4118
17 242 4086
17 243 4118
17 244 4214
17 245 4246
17 246 4214
17 247 4246
17 248 4214
17 249 4246
17 250 4214
17 251 4246
17 252 4342
17 253 4374
17 254 4342
17 255 4374
18 0 6
18 1 70
18 2 38
18 3 70
18 4 134
18 5 198
18 6 166
18 7 198
18 8 278
18 9 326
18 10 310
18 11 326
18 12 406
18 13 454
18 14 438
18 15 454
18 16 294
18 17 326
18 18 294
18 19 326
18 20 422
18 21 454
18 22 422
18 23 454
18 24 566
18 25 582
18 26 566
18 27 582
18 28 694
18 29 710
18 30 694
18 31 710
18 32 582
18 33 646
18 34 614
18 35 646
18 36 646
18 37 710
18 38 678
18 39 710
18 40 854
18 41 902
18 42 886
18 43 902
18 44 918
18 45 966
18 46 950
18 47 966
18 48 870
18 49 902
18 50 870
18 51 902
18 52 934
18 53 966
18 54 934
18 55 966
18 56 1142
18 57 1158
18 58 1142
18 59 1158
18 60 1206
18 61 1222
18 62 1206
18 63 1222
18 64 1158
18 65 1222
18 66 1190
18 67 1222
18 68 1286
18 69 1350
18 70 1318
18 71 1350
18 72 1302
18 73 1350
18 74 1334
18 75 1350
18 76 1430
18 77 1478
18 78 1462
18 79 1478
18 80 1446
18 81 1478
18 82 1446
18 83 1478
18 84 1574
18 85 1606
18 86 1574
18 87 1606
18 88 1590
18 89 1606
18 90 1590
18 91 1606
18 92 1718
18 93 1734
18 94 1718
18 95 1734
18 96 1734
18 97 1798
18 98 1766
18 99 1798
18 100 1798
18 101 1862
18 102 1830
18 103 1862
18 104 1878
18 105 1926
18 106 1910
18 107 1926
18 108 1942
18 109 1990
18 110 1974
18 111 1990
18 112 2022
18 113 2054
18 114 2022
18 115 2054
18 116 2086
18 117 2118
18 118 2086
18 119 2118
18 120 2166
18 121 2182
18 122 2166
18 123 2182
18 124 2230
18 125 2246
18 126 2230
18 127 2246
18 128 2310
18 129 2374
18 130 2342
18 131 2374
18 132 2438
18 133 2502
18 134 2470
18 135 2502
18 136 2582
18 137 2630
18 138 2614
18 139 2630
18 140 2710
18 141 2758
18 142 2742
18 143 2758
18 144 2598
18 145 2630
18 146 2598
18 147 2630
18 148 2726
18 149 2758
18 150 2726
18 151 2758
18 152 2870
18 153 2886
18 154 2870
18 155 2886
18 156 2998
18 157 3014
18 158 2998
18 159 3014
18 160 2886
18 161 2950
18 162 2918
18 163 2950
18 164 2950
18 165 3014
18 166 2982
18 167 3014
18 168 3158
18 169 3206
18 170 3190
18 171 3206
18 172 3222
18 173 3270
18 174 3254
18 175 3270
18 176 3174
18 177 3206
18 178 3174
18 179 3206
18 180 3238
18 181 3270
18 182 3238
18 183 3270
18 184 3446
18 185 3462
18 186 3446
18 187 3462
18 188 3510
18 189 3526
18 190 3510
18 191 3526
18 192 3462
18 193 3526
18 194 3494
18 195 3526
18 196 3590
18 197 3654
18 198 3622
18 199 3654
18 200 3606
18 201 3654
18 202 3638
18 203 3654
18 204 3734
18 205 3782
18 206 3766
18 207 3782
18 208 3750
18 209 3782
18 210 3750
18 211 3782
18 212 3878
18 213 3910
18 214 3878
18 215 3910
18 216 3894
18 217 3910
18 218 3894
18 219 3910
18 220 4022
18 221 4038
18 222 4022
18 223 4038
18 224 4038
18 225 4102
18 226 4070
18 227 4102
18 228 4102
18 229 4166
18 230 4134
18 231 4166
18 232 4182
18 233 4230
18 234 4214
18 235 4230
18 236 4246
18 237 4294
18 238 4278
18 239 4294
18 240 4326
18 241 4358
18 242 4326
18 243 4358
18 244 4390
18 245 4422
18 246 4390
18 247 4422
18 248 4470
18 249 4486
18 250 4470
18 251 4486
18 252 4534
18 253 4550
18 254 4534
18 255 4550
19 0 6
19 1 70
19 2 38
19 3 70
19 4 134
19 5 198
19 6 166
19 7 198
19 8 278
19 9 326
19 10 310
19 11 326
19 12 406
19 13 454
19 14 438
19 15 454
19 16 310
19 17 342
19 18 310
19 19 342
19 20 438
19 21 470
19 22 438
19 23 470
19 24 582
19 25 598
19 26 582
19 27 598
19 28 710
19 29 726
19 30 710
19 31 726
19 32 614
19 33 646
19 34 614
19 35 646
19 36 678
19 37 710
19 38 678
19 39 710
19 40 886
19 41 902
19 42 886
19 43 902
19 44 950
19 45 966
19 46 950
19 47 966
19 48 918
19 49 982
19 50 950
19 51 982
19 52 982
19 53 1046
19 54 1014
19 55 1046
19 56 1190
19 57 1238
19 58 1222
19 59 1238
19 60 1254
19 61 1302
19 62 1286
19 63 1302
19 64 1222
19 65 1286
19 66 1254
19 67 1286
19 68 1350
19 69 1414
19 70 1382
19 71 1414
19 72 1366
19 73 1414
19 74 1398
19 75 1414
19 76 1494
19 77 1542
19 78 1526
19 79 1542
19 80 1526
19 81 1558
19 82 1526
19 83 1558
19 84 1654
19 85 1686
19 86 1654
19 87 1686
19 88 1670
19 89 1686
19 90 1670
19 91 1686
19 92 1798
19 93 1814
19 94 1798
19 95 1814
19 96 1830
19 97 1862
19 98 1830
19 99 1862
19 100 1894
19 101 1926
19 102 1894
19 103 1926
19 104 1974
19 105 1990
19 106 1974
19 107 1990
19 108 2038
19 109 2054
19 110 2038
19 111 2054
19 112 2134
19 113 2198
19 114 2166
19 115 2198
19 116 2198
19 117 2262
19 118 2230
19 119 2262
19 120 2278
19 121 2326
19 122 2310
19 123 2326
19 124 2342
19 125 2390
19 126 2374
19 127 2390
19 128 2438
19 129 2502
19 130 2470
19 131 2502
19 132 2566
19 133 2630
19 134 2598
19 135 2630
19 136 2582
19 137 2630
19 138 2614
19 139 2630
19 140 2710
19 141 2758
19 142 2742
19 143 2758
19 144 2742
19 145 2774
19 146 2742
19 147 2774
19 148 2870
19 149 2902
19 150 2870
19 151 2902
19 152 2886
19 153 2902
19 154 2886
19 155 2902
19 156 3014
19 157 3030
19 158 3014
19 159 3030
19 160 3046
19 161 3078
19 162 3046
19 163 3078
19 164 3110
19 165 3142
19 166 3110
19 167 3142
19 168 3190
19 169 3206
19 170 3190
19 171 3206
19 172 3254
19 173 3270
19 174 3254
19 175 3270
19 176 3350
19 177 3414
19 178 3382
19 179 3414
19 180 3414
19 181 3478
19 182 3446
19 183 3478
19 184 3494
19 185 3542
19 186 3526
19 187 3542
19 188 3558
19 189 3606
19 190 3590
19 191 3606
19 192 3654
19 193 3718
19 194 3686
19 195 3718
19 196 3782
19 197 3846
19 198 3814
19 199 3846
19 200 3798
19 201 3846
19 202 3830
19 203 3846
19 204 3926
19 205 3974
19 206 3958
19 207 3974
19 208 3958
19 209 3990
19 210 3958
19 211 3990
19 212 4086
19 213 4118
19 214 4086
19 215 4118
19 216 4102
19 217 4118
19 218 4102
19 219 4118
19 220 4230
19 221 4246
19 222 4230
19 223 4246
19 224 4262
19 225 4294
19 226 4262
19 227 4294
19 228 4326
19 229 4358
19 230 4326
19 231 4358
19 232 4406
19 233 4422
19 234 4406
19 235 4422
19 236 4470
19 237 4486
19 238 4470
19 239 4486
19 240 4566
19 241 4630
19 242 4598
19 243 4630
19 244 4630
19 245 4694
19 246 4662
19 247 4694
19 248 4710
19 249 4758
19 250 4742
19 251 4758
19 252 4774
19 253 4822
19 254 4806
19 255 4822
20 0 6
20 1 70
20 2 38
20 3 70
20 4 150
20 5 198
20 6 182
20 7 198
20 8 326
20 9 326
20 10 326
20 11 358
20 12 470
20 13 454
20 14 470
20 15 486
20 16 326
20 17 390
20 18 358
20 19 390
20 20 406
20 21 454
20 22 438
20 23 454
20 24 646
20 25 646
20 26 646
20 27 678
20 28 726
20 29 710
20 30 726
20 31 742
20 32 646
20 33 710
20 34 678
20 35 710
20 36 790
20 37 838
20 38 822
20 39 838
20 40 838
20 41 838
20 42 838
20 43 870
20 44 982
20 45 966
20 46 982
20 47 998
20 48 966
20 49 1030
20 50 998
20 51 1030
20 52 1046
20 53 1094
20 54 1078
20 55 1094
20 56 1158
20 57 1158
20 58 1158
20 59 1190
20 60 1238
20 61 1222
20 62 1238
20 63 1254
20 64 1286
20 65 1350
20 66 1318
20 67 1350
20 68 1430
20 69 1478
20 70 1462
20 71 1478
20 72 1606
20 73 1606
20 74 1606
20 75 1638
20 76 1750
20 77 1734
20 78 1750
20 79 1766
20 80 1606
20 81 1670
20 82 1638
20 83 1670
20 84 1686
20 85 1734
20 86 1718
20 87 1734
20 88 1926
20 89 1926
20 90 1926
20 91 1958
20 92 2006
20 93 1990
20 94 2006
20 95 2022
20 96 1926
20 97 1990
20 98 1958
20 99 1990
20 100 2070
20 101 2118
20 102 2102
20 103 2118
20 104 2118
20 105 2118
20 106 2118
20 107 2150
20 108 2262
20 109 2246
20 110 2262
20 111 2278
20 112 2246
20 113 2310
20 114 2278
20 115 2310
20 116 2326
20 117 2374
20 118 2358
20 119 2374
20 120 2438
20 121 2438
20 122 2438
20 123 2470
20 124 2518
20 125 2502
20 126 2518
20 127 2534
20 128 2566
20 129 2630
20 130 2598
20 131 2630
20 132 2710
20 133 2758
20 134 2742
20 135 2758
20 136 2886
20 137 2886
20 138 2886
20 139 2918
20 140 3030
20 141 3014
20 142 3030
20 143 3046
20 144 2886
20 145 2950
20 146 2918
20 147 2950
20 148 2966
20 149 3014
20 150 2998
20 151 3014
20 152 3206
20 153 3206
20 154 3206
20 155 3238
20 156 3286
20 157 3270
20 158 3286
20 159 3302
20 160 3206
20 161 3270
20 162 3238
20 163 3270
20 164 3350
20 165 3398
20 166 3382
20 167 3398
20 168 3398
20 169 3398
20 170 3398
20 171 3430
20 172 3542
20 173 3526
20 174 3542
20 175 3558
20 176 3526
20 177 3590
20 178 3558
20 179 3590
20 180 3606
20 181 3654
20 182 3638
20 183 3654
20 184 3718
20 185 3718
20 186 3718
20 187 3750
20 188 3798
20 189 3782
20 190 3798
20 191 3814
20 192 3846
20 193 3910
20 194 3878
20 195 3910
20 196 3990
20 197 4038
20 198 4022
20 199 4038
20 200 4166
20 201 4166
20 202 4166
20 203 4198
20 204 4310
20 205 4294
20 206 4310
20 207 4326
20 208 4166
20 209 4230
20 210 4198
20 211 4230
20 212 4246
20 213 4294
20 214 4278
20 215 4294
20 216 4486
20 217 4486
20 218 4486
20 219 4518
20 220 4566
20 221 4550
20 222 4566
20 223 4582
20 224 4486
20 225 4550
20 226 4518
20 227 4550
20 228 4630
20 229 4678
20 230 4662
20 231 4678
20 232 4678
20 233 4678
20 234 4678
20 235 4710
20 236 4822
20 237 4806
20 238 4822
20 239 4838
20 240 4806
20 241 4870
20 242 4838
20 243 4870
20 244 4886
20 245 4934
20 246 4918
20 247 4934
20 248 4998
20 249 4998
20 250 4998
20 251 5030
20 252 5078
20 253 5062
20 254 5078
20 255 5094
21 0 6
21 1 70
21 2 38
21 3 70
21 4 150
21 5 198
21 6 182
21 7 198
21 8 326
21 9 326
21 10 326
21 11 358
21 12 470
21 13 454
21 14 470
21 15 486
21 16 342
21 17 406
21 18 374
21 19 406
21 20 422
21 21 470
21 22 454
21 23 470
21 24 662
21 25 662
21 26 662
21 27 694
21 28 742
21 29 726
21 30 742
21 31 758
21 32 678
21 33 710
21 34 678
21 35 710
21 36 822
21 37 838
21 38 822
21 39 838
21 40 838
21 41 870
21 42 838
21 43 870
21 44 982
21 45 998
21 46 982
21 47 998
21 48 1014
21 49 1046
21 50 1014
21 51 1046
21 52 1094
21 53 1110
21 54 1094
21 55 1110
21 56 1174
21 57 1206
21 58 1174
21 59 1206
21 60 1254
21 61 1270
21 62 1254
21 63 1270
21 64 1350
21 65 1414
21 66 1382
21 67 1414
21 68 1494
21 69 1542
21 70 1526
21 71 1542
21 72 1670
21 73 1670
21 74 1670
21 75 1702
21 76 1814
21 77 1798
21 78 1814
21 79 1830
21 80 1686
21 81 1750
21 82 1718
21 83 1750
21 84 1766
21 85 1814
21 86 1798
21 87 1814
21 88 2006
21 89 2006
21 90 2006
21 91 2038
21 92 2086
21 93 2070
21 94 2086
21 95 2102
21 96 2022
21 97 2054
21 98 2022
21 99 2054
21 100 2166
21 101 2182
21 102 2166
21 103 2182
21 104 2182
21 105 2214
21 106 2182
21 107 2214
21 108 2326
21 109 2342
21 110 2326
21 111 2342
21 112 2358
21 113 2390
21 114 2358
21 115 2390
21 116 2438
21 117 2454
21 118 2438
21 119 2454
21 120 2518
21 121 2550
21 122 2518
21 123 2550
21 124 2598
21 125 2614
21 126 2598
21 127 2614
21 128 2694
21 129 2758
21 130 2726
21 131 2758
21 132 2838
21 133 2886
21 134 2870
21 135 2886
21 136 2886
21 137 2886
21 138 2886
21 139 2918
21 140 3030
21 141 3014
21 142 3030
21 143 3046
21 144 3030
21 145 3094
21 146 3062
21 147 3094
21 148 3110
21 149 3158
21 150 3142
21 151 3158
21 152 3222
21 153 3222
21 154 3222
21 155 3254
21 156 3302
21 157 3286
21 158 3302
21 159 3318
21 160 3366
21 161 3398
21 162 3366
21 163 3398
21 164 3510
21 165 3526
21 166 3510
21 167 3526
21 168 3526
21 169 3558
21 170 3526
21 171 3558
21 172 3670
21 173 3686
21 174 3670
21 175 3686
21 176 3702
21 177 3734
21 178 3702
21 179 3734
21 180 3782
21 181 3798
21 182 3782
21 183 3798
21 184 3862
21 185 3894
21 186 3862
21 187 3894
21 188 3942
21 189 3958
21 190 3942
21 191 3958
21 192 4038
21 193 4102
21 194 4070
21 195 4102
21 196 4182
21 197 4230
21 198 4214
21 199 4230
21 200 4230
21 201 4230
21 202 4230
21 203 4262
21 204 4374
21 205 4358
21 206 4374
21 207 4390
21 208 4374
21 209 4438
21 210 4406
21 211 4438
21 212 4454
21 213 4502
21 214 4486
21 215 4502
21 216 4566
21 217 4566
21 218 4566
21 219 4598
21 220 4646
21 221 4630
21 222 4646
21 223 4662
21 224 4710
21 225 4742
21 226 4710
21 227 4742
21 228 4854
21 229 4870
21 230 4854
21 231 4870
21 232 4870
21 233 4902
21 234 4870
21 235 4902
21 236 5014
21 237 5030
21 238 5014
21 239 5030
21 240 5046
21 241 5078
21 242 5046
21 243 5078
21 244 5126
21 245 5142
21 246 5126
21 247 5142
21 248 5206
21 249 5238
21 250 5206
21 251 5238
21 252 5286
21 253 5302
21 254 5286
21 255 5302
22 0 6
22 1 70
22 2 38
22 3 70
22 4 150
22 5 198
22 6 182
22 7 198
22 8 342
22 9 326
22 10 342
22 11 358
22 12 470
22 13 454
22 14 470
22 15 486
22 16 358
22 17 390
22 18 358
22 19 390
22 20 438
22 21 454
22 22 438
22 23 454
22 24 662
22 25 678
22 26 662
22 27 678
22 28 726
22 29 742
22 30 726
22 31 742
22 32 710
22 33 774
22 34 742
22 35 774
22 36 790
22 37 838
22 38 822
22 39 838
22 40 918
22 41 902
22 42 918
22 43 934
22 44 982
22 45 966
22 46 982
22 47 998
22 48 1062
22 49 1094
22 50 1062
22 51 1094
22 52 1142
22 53 1158
22 54 1142
22 55 1158
22 56 1238
22 57 1254
22 58 1238
22 59 1254
22 60 1302
22 61 1318
22 62 1302
22 63 1318
22 64 1414
22 65 1478
22 66 1446
22 67 1478
22 68 1558
22 69 1606
22 70 1590
22 71 1606
22 72 1622
22 73 1606
22 74 1622
22 75 1638
22 76 1750
22 77 1734
22 78 1750
22 79 1766
22 80 1766
22 81 1798
22 82 1766
22 83 1798
22 84 1846
22 85 1862
22 86 1846
22 87 1862
22 88 1942
22 89 1958
22 90 1942
22 91 1958
22 92 2006
22 93 2022
22 94 2006
22 95 2022
22 96 2118
22 97 2182
22 98 2150
22 99 2182
22 100 2198
22 101 2246
22 102 2230
22 103 2246
22 104 2326
22 105 2310
22 106 2326
22 107 2342
22 108 2390
22 109 2374
22 110 2390
22 111 2406
22 112 2470
22 113 2502
22 114 2470
22 115 2502
22 116 2550
22 117 2566
22 118 2550
22 119 2566
22 120 2646
22 121 2662
22 122 2646
22 123 2662
22 124 2710
22 125 2726
22 126 2710
22 127 2726
22 128 2822
22 129 2886
22 130 2854
22 131 2886
22 132 2966
22 133 3014
22 134 2998
22 135 3014
22 136 3158
22 137 3142
22 138 3158
22 139 3174
22 140 3286
22 141 3270
22 142 3286
22 143 3302
22 144 3174
22 145 3206
22 146 3174
22 147 3206
22 148 3254
22 149 3270
22 150 3254
22 151 3270
22 152 3478
22 153 3494
22 154 3478
22 155 3494
22 156 3542
22 157 3558
22 158 3542
22 159 3558
22 160 3526
22 161 3590
22 162 3558
22 163 3590
22 164 3606
22 165 3654
22 166 3638
22 167 3654
22 168 3734
22 169 3718
22 170 3734
22 171 3750
22 172 3798
22 173 3782
22 174 3798
22 175 3814
22 176 3878
22 177 3910
22 178 3878
22 179 3910
22 180 3958
22 181 3974
22 182 3958
22 183 3974
22 184 4054
22 185 4070
22 186 4054
22 187 4070
22 188 4118
22 189 4134
22 190 4118
22 191 4134
22 192 4230
22 193 4294
22 194 4262
22 195 4294
22 196 4374
22 197 4422
22 198 4406
22 199 4422
22 200 4438
22 201 4422
22 202 4438
22 203 4454
22 204 4566
22 205 4550
22 206 4566
22 207 4582
22 208 4582
22 209 4614
22 210 4582
22 211 4614
22 212 4662
22 213 4678
22 214 4662
22 215 4678
22 216 4758
22 217 4774
22 218 4758
22 219 4774
22 220 4822
22 221 4838
22 222 4822
22 223 4838
22 224 4934
22 225 4998
22 226 4966
22 227 4998
22 228 5014
22 229 5062
22 230 5046
22 231 5062
22 232 5142
22 233 5126
22 234 5142
22 235 5158
22 236 5206
22 237 5190
22 238 5206
22 239 5222
22 240 5286
22 241 5318
22 242 5286
22 243 5318
22 244 5366
22 245 5382
22 246 5366
22 247 5382
22 248 5462
22 249 5478
22 250 5462
22 251 5478
22 252 5526
22 253 5542
22 254 5526
22 255 5542
23 0 6
23 1 70
23 2 38
23 3 70
23 4 150
23 5 198
23 6 182
23 7 198
23 8 342
23 9 326
23 10 342
23 11 358
23 12 470
23 13 454
23 14 470
23 15 486
23 16 374
23 17 406
23 18 374
23 19 406
23 20 454
23 21 470
23 22 454
23 23 470
23 24 678
23 25 694
23 26 678
23 27 694
23 28 742
23 29 758
23 30 742
23 31 758
23 32 742
23 33 774
23 34 742
23 35 774
23 36 822
23 37 838
23 38 822
23 39 838
23 40 918
23 41 934
23 42 918
23 43 934
23 44 982
23 45 998
23 46 982
23 47 998
23 48 1110
23 49 1174
23 50 1142
23 51 1174
23 52 1190
23 53 1238
23 54 1222
23 55 1238
23 56 1318
23 57 1302
23 58 1318
23 59 1334
23 60 1382
23 61 1366
23 62 1382
23 63 1398
23 64 1478
23 65 1542
23 66 1510
23 67 1542
23 68 1622
23 69 1670
23 70 1654
23 71 1670
23 72 1686
23 73 1670
23 74 1686
23 75 1702
23 76 1814
23 77 1798
23 78 1814
23 79 1830
23 80 1846
23 81 1878
23 82 1846
23 83 1878
23 84 1926
23 85 1942
23 86 1926
23 87 1942
23 88 2022
23 89 2038
23 90 2022
23 91 2038
23 92 2086
23 93 2102
23 94 2086
23 95 2102
23 96 2214
23 97 2246
23 98 2214
23 99 2246
23 100 2294
23 101 2310
23 102 2294
23 103 2310
23 104 2390
23 105 2406
23 106 2390
23 107 2406
23 108 2454
23 109 2470
23 110 2454
23 111 2470
23 112 2518
23 113 2582
23 114 2550
23 115 2582
23 116 2598
23 117 2646
23 118 2630
23 119 2646
23 120 2726
23 121 2710
23 122 2726
23 123 2742
23 124 2790
23 125 2774
23 126 2790
23 127 2806
23 128 2950
23 129 3014
23 130 2982
23 131 3014
23 132 3094
23 133 3142
23 134 3126
23 135 3142
23 136 3158
23 137 3142
23 138 3158
23 139 3174
23 140 3286
23 141 3270
23 142 3286
23 143 3302
23 144 3318
23 145 3350
23 146 3318
23 147 3350
23 148 3398
23 149 3414
23 150 3398
23 151 3414
23 152 3494
23 153 3510
23 154 3494
23 155 3510
23 156 3558
23 157 3574
23 158 3558
23 159 3574
23 160 3686
23 161 3718
23 162 3686
23 163 3718
23 164 3766
23 165 3782
23 166 3766
23 167 3782
23 168 3862
23 169 3878
23 170 3862
23 171 3878
23 172 3926
23 173 3942
23 174 3926
23 175 3942
23 176 4054
23 177 4118
23 178 4086
23 179 4118
23 180 4134
23 181 4182
23 182 4166
23 183 4182
23 184 4262
23 185 4246
23 186 4262
23 187 4278
23 188 4326
23 189 4310
23 190 4326
23 191 4342
23 192 4422
23 193 4486
23 194 4454
23 195 4486
23 196 4566
23 197 4614
23 198 4598
23 199 4614
23 200 4630
23 201 4614
23 202 4630
23 203 4646
23 204 4758
23 205 4742
23 206 4758
23 207 4774
23 208 4790
23 209 4822
23 210 4790
23 211 4822
23 212 4870
23 213 4886
23 214 4870
23 215 4886
23 216 4966
23 217 4982
23 218 4966
23 219 4982
23 220 5030
23 221 5046
23 222 5030
23 223 5046
23 224 5030
23 225 5062
23 226 5030
23 227 5062
23 228 5110
23 229 5126
23 230 5110
23 231 5126
23 232 5206
23 233 5222
23 234 5206
23 235 5222
23 236 5270
23 237 5286
23 238 5270
23 239 5286
23 240 5334
23 241 5398
23 242 5366
23 243 5398
23 244 5414
23 245 5462
23 246 5446
23 247 5462
23 248 5542
23 249 5526
23 250 5542
23 251 5558
23 252 5606
23 253 5590
23 254 5606
23 255 5622
24 0 6
24 1 70
24 2 70
24 3 70
24 4 198
24 5 198
24 6 230
24 7 230
24 8 390
24 9 454
24 10 454
24 11 454
24 12 454
24 13 454
24 14 486
24 15 486
24 16 390
24 17 454
24 18 454
24 19 454
24 20 582
24 21 582
24 22 614
24 23 614
24 24 646
24 25 710
24 26 710
24 27 710
24 28 710
24 29 710
24 30 742
24 31 742
24 32 774
24 33 838
24 34 838
24 35 838
24 36 966
24 37 966
24 38 998
24 39 998
24 40 1158
24 41 1222
24 42 1222
24 43 1222
24 44 1222
24 45 1222
24 46 1254
24 47 1254
24 48 1158
24 49 1222
24 50 1222
24 51 1222
24 52 1350
24 53 1350
24 54 1382
24 55 1382
24 56 1414
24 57 1478
24 58 1478
24 59 1478
24 60 1478
24 61 1478
24 62 1510
24 63 1510
24 64 1542
24 65 1606
24 66 1606
24 67 1606
24 68 1734
24 69 1734
24 70 1766
24 71 1766
24 72 1926
24 73 1990
24 74 1990
24 75 1990
24 76 1990
24 77 1990
24 78 2022
24 79 2022
24 80 1926
24 81 1990
24 82 1990
24 83 1990
24 84 2118
24 85 2118
24 86 2150
24 87 2150
24 88 2182
24 89 2246
24 90 2246
24 91 2246
24 92 2246
24 93 2246
24 94 2278
24 95 2278
24 96 2310
24 97 2374
24 98 2374
24 99 2374
24 100 2502
24 101 2502
24 102 2534
24 103 2534
24 104 2694
24 105 2758
24 106 2758
24 107 2758
24 108 2758
24 109 2758
24 110 2790
24 111 2790
24 112 2694
24 113 2758
24 114 2758
24 115 2758
24 116 2886
24 117 2886
24 118 2918
24 119 2918
24 120 2950
24 121 3014
24 122 3014
24 123 3014
24 124 3014
24 125 3014
24 126 3046
24 127 3046
24 128 3078
24 129 3142
24 130 3142
24 131 3142
24 132 3270
24 133 3270
24 134 3302
24 135 3302
24 136 3462
24 137 3526
24 138 3526
24 139 3526
24 140 3526
24 141 3526
24 142 3558
24 143 3558
24 144 3462
24 145 3526
24 146 3526
24 147 3526
24 148 3654
24 149 3654
24 150 3686
24 151 3686
24 152 3718
24 153 3782
24 154 3782
24 155 3782
24 156 3782
24 157 3782
24 158 3814
24 159 3814
24 160 3846
24 161 3910
24 162 3910
24 163 3910
24 164 4038
24 165 4038
24 166 4070
24 167 4070
24 168 4230
24 169 4294
24 170 4294
24 171 4294
24 172 4294
24 173 4294
24 174 4326
24 175 4326
24 176 4230
24 177 4294
24 178 4294
24 179 4294
24 180 4422
24 181 4422
24 182 4454
24 183 4454
24 184 4486
24 185 4550
24 186 4550
24 187 4550
24 188 4550
24 189 4550
24 190 4582
24 191 4582
24 192 4614
24 193 4678
24 194 4678
24 195 4678
24 196 4806
24 197 4806
24 198 4838
24 199 4838
24 200 4998
24 201 5062
24 202 5062
24 203 5062
24 204 5062
24 205 5062
24 206 5094
24 207 5094
24 208 4998
24 209 5062
24 210 5062
24 211 5062
24 212 5190
24 213 5190
24 214 5222
24 215 5222
24 216 5254
24 217 5318
24 218 5318
24 219 5318
24 220 5318
24 221 5318
24 222 5350
24 223 5350
24 224 5382
24 225 5446
24 226 5446
24 227 5446
24 228 5574
24 229 5574
24 230 5606
24 231 5606
24 232 5766
24 233 5830
24 234 5830
24 235 5830
24 236 5830
24 237 5830
24 238 5862
24 239 5862
24 240 5766
24 241 5830
24 242 5830
24 243 5830
24 244 5958
24 245 5958
24 246 5990
24 247 5990
24 248 6022
24 249 6086
24 250 6086
24 251 6086
24 252 6086
24 253 6086
24 254 6118
24 255 6118
25 0 6
25 1 70
25 2 70
25 3 70
25 4 198
25 5 198
25 6 230
25 7 230
25 8 390
25 9 454
25 10 454
25 11 454
25 12 454
25 13 454
25 14 486
25 15 486
25 16 406
25 17 470
25 18 470
25 19 470
25 20 598
25 21 598
25 22 630
25 23 630
25 24 662
25 25 726
25 26 726
25 27 726
25 28 726
25 29 726
25 30 758
25 31 758
25 32 806
25 33 838
25 34 838
25 35 838
25 36 966
25 37 998
25 38 998
25 39 998
25 40 1190
25 41 1222
25 42 1222
25 43 1222
25 44 1222
25 45 1254
25 46 1254
25 47 1254
25 48 1206
25 49 1238
25 50 1238
25 51 1238
25 52 1366
25 53 1398
25 54 1398
25 55 1398
25 56 1462
25 57 1494
25 58 1494
25 59 1494
25 60 1494
25 61 1526
25 62 1526
25 63 1526
25 64 1606
25 65 1670
25 66 1670
25 67 1670
25 68 1798
25 69 1798
25 70 1830
25 71 1830
25 72 1990
25 73 2054
25 74 2054
25 75 2054
25 76 2054
25 77 2054
25 78 2086
25 79 2086
25 80 2006
25 81 2070
25 82 2070
25 83 2070
25 84 2198
25 85 2198
25 86 2230
25 87 2230
25 88 2262
25 89 2326
25 90 2326
25 91 2326
25 92 2326
25 93 2326
25 94 2358
25 95 2358
25 96 2406
25 97 2438
25 98 2438
25 99 2438
25 100 2566
25 101 2598
25 102 2598
25 103 2598
25 104 2790
25 105 2822
25 106 2822
25 107 2822
25 108 2822
25 109 2854
25 110 2854
25 111 2854
25 112 2806
25 113 2838
25 114 2838
25 115 2838
25 116 2966
25 117 2998
25 118 2998
25 119 2998
25 120 3062
25 121 3094
25 122 3094
25 123 3094
25 124 3094
25 125 3126
25 126 3126
25 127 3126
25 128 3206
25 129 3270
25 130 3270
25 131 3270
25 132 3398
25 133 3398
25 134 3430
25 135 3430
25 136 3462
25 137 3526
25 138 3526
25 139 3526
25 140 3526
25 141 3526
25 142 3558
25 143 3558
25 144 3606
25 145 3670
25 146 3670
25 147 3670
25 148 3798
25 149 3798
25 150 3830
25 151 3830
25 152 3862
25 153 3926
25 154 3926
25 155 3926
25 156 3926
25 157 3926
25 158 3958
25 159 3958
25 160 4006
25 161 4038
25 162 4038
25 163 4038
25 164 4166
25 165 4198
25 166 4198
25 167 4198
25 168 4262
25 169 4294
25 170 4294
25 171 4294
25 172 4294
25 173 4326
25 174 4326
25 175 4326
25 176 4406
25 177 4438
25 178 4438
25 179 4438
25 180 4566
25 181 4598
25 182 4598
25 183 4598
25 184 4662
25 185 4694
25 186 4694
25 187 4694
25 188 4694
25 189 4726
25 190 4726
25 191 4726
25 192 4806
25 193 4870
25 194 4870
25 195 4870
25 196 4998
25 197 4998
25 198 5030
25 199 5030
25 200 5062
25 201 5126
25 202 5126
25 203 5126
25 204 5126
25 205 5126
25 206 5158
25 207 5158
25 208 5206
25 209 5270
25 210 5270
25 211 5270
25 212 5398
25 213 5398
25 214 5430
25 215 5430
25 216 5462
25 217 5526
25 218 5526
25 219 5526
25 220 5526
25 221 5526
25 222 5558
25 223 5558
25 224 5606
25 225 5638
25 226 5638
25 227 5638
25 228 5766
25 229 5798
25 230 5798
25 231 5798
25 232 5862
25 233 5894
25 234 5894
25 235 5894
25 236 5894
25 237 5926
25 238 5926
25 239 5926
25 240 6006
25 241 6038
25 242 6038
25 243 6038
25 244 6166
25 245 6198
25 246 6198
25 247 6198
25 248 6262
25 249 6294
25 250 6294
25 251 6294
25 252 6294
25 253 6326
25 254 6326
25 255 6326
26 0 6
26 1 70
26 2 70
26 3 70
26 4 198
26 5 198
26 6 230
26 7 230
26 8 406
26 9 454
26 10 454
26 11 470
26 12 470
26 13 454
26 14 486
26 15 502
26 16 422
26 17 454
26 18 454
26 19 454
26 20 582
26 21 614
26 22 614
26 23 614
26 24 694
26 25 710
26 26 710
26 27 726
26 28 726
26 29 742
26 30 742
26 31 758
26 32 838
26 33 902
26 34 902
26 35 902
26 36 966
26 37 966
26 38 998
26 39 998
26 40 1174
26 41 1222
26 42 1222
26 43 1238
26 44 1238
26 45 1222
26 46 1254
26 47 1270
26 48 1254
26 49 1286
26 50 1286
26 51 1286
26 52 1350
26 53 1382
26 54 1382
26 55 1382
26 56 1462
26 57 1478
26 58 1478
26 59 1494
26 60 1494
26 61 1510
26 62 1510
26 63 1526
26 64 1670
26 65 1734
26 66 1734
26 67 1734
26 68 1862
26 69 1862
26 70 1894
26 71 1894
26 72 1942
26 73 1990
26 74 1990
26 75 2006
26 76 2006
26 77 1990
26 78 2022
26 79 2038
26 80 2086
26 81 2118
26 82 2118
26 83 2118
26 84 2246
26 85 2278
26 86 2278
26 87 2278
26 88 2358
26 89 2374
26 90 2374
26 91 2390
26 92 2390
26 93 2406
26 94 2406
26 95 2422
26 96 2502
26 97 2566
26 98 2566
26 99 2566
26 100 2630
26 101 2630
26 102 2662
26 103 2662
26 104 2710
26 105 2758
26 106 2758
26 107 2774
26 108 2774
26 109 2758
26 110 2790
26 111 2806
26 112 2918
26 113 2950
26 114 2950
26 115 2950
26 116 3014
26 117 3046
26 118 3046
26 119 3046
26 120 3126
26 121 3142
26 122 3142
26 123 3158
26 124 3158
26 125 3174
26 126 3174
26 127 3190
26 128 3334
26 129 3398
26 130 3398
26 131 3398
26 132 3526
26 133 3526
26 134 3558
26 135 3558
26 136 3734
26 137 3782
26 138 3782
26 139 3798
26 140 3798
26 141 3782
26 142 3814
26 143 3830
26 144 3750
26 145 3782
26 146 3782
26 147 3782
26 148 3910
26 149 3942
26 150 3942
26 151 3942
26 152 4022
26 153 4038
26 154 4038
26 155 4054
26 156 4054
26 157 4070
26 158 4070
26 159 4086
26 160 4166
26 161 4230
26 162 4230
26 163 4230
26 164 4294
26 165 4294
26 166 4326
26 167 4326
26 168 4502
26 169 4550
26 170 4550
26 171 4566
26 172 4566
26 173 4550
26 174 4582
26 175 4598
26 176 4582
26 177 4614
26 178 4614
26 179 4614
26 180 4678
26 181 4710
26 182 4710
26 183 4710
26 184 4790
26 185 4806
26 186 4806
26 187 4822
26 188 4822
26 189 4838
26 190 4838
26 191 4854
26 192 4998
26 193 5062
26 194 5062
26 195 5062
26 196 5190
26 197 5190
26 198 5222
26 199 5222
26 200 5270
26 201 5318
26 202 5318
26 203 5334
26 204 5334
26 205 5318
26 206 5350
26 207 5366
26 208 5414
26 209 5446
26 210 5446
26 211 5446
26 212 5574
26 213 5606
26 214 5606
26 215 5606
26 216 5686
26 217 5702
26 218 5702
26 219 5718
26 220 5718
26 221 5734
26 222 5734
26 223 5750
26 224 5830
26 225 5894
26 226 5894
26 227 5894
26 228 5958
26 229 5958
26 230 5990
26 231 5990
26 232 6038
26 233 6086
26 234 6086
26 235 6102
26 236 6102
26 237 6086
26 238 6118
26 239 6134
26 240 6246
26 241 6278
26 242 6278
26 243 6278
26 244 6342
26 245 6374
26 246 6374
26 247 6374
26 248 6454
26 249 6470
26 250 6470
26 251 6486
26 252 6486
26 253 6502
26 254 6502
26 255 6518
27 0 6
27 1 70
27 2 70
27 3 70
27 4 198
27 5 198
27 6 230
27 7 230
27 8 406
27 9 454
27 10 454
27 11 470
27 12 470
27 13 454
27 14 486
27 15 502
27 16 438
27 17 470
27 18 470
27 19 470
27 20 598
27 21 630
27 22 630
27 23 630
27 24 710
27 25 726
27 26 726
27 27 742
27 28 742
27 29 758
27 30 758
27 31 774
27 32 870
27 33 902
27 34 902
27 35 902
27 36 966
27 37 998
27 38 998
27 39 998
27 40 1206
27 41 1222
27 42 1222
27 43 1238
27 44 1238
27 45 1254
27 46 1254
27 47 1270
27 48 1302
27 49 1366
27 50 1366
27 51 1366
27 52 1430
27 53 1430
27 54 1462
27 55 1462
27 56 1510
27 57 1558
27 58 1558
27 59 1574
27 60 1574
27 61 1558
27 62 1590
27 63 1606
27 64 1734
27 65 1798
27 66 1798
27 67 1798
27 68 1926
27 69 1926
27 70 1958
27 71 1958
27 72 2006
27 73 2054
27 74 2054
27 75 2070
27 76 2070
27 77 2054
27 78 2086
27 79 2102
27 80 2166
27 81 2198
27 82 2198
27 83 2198
27 84 2326
27 85 2358
27 86 2358
27 87 2358
27 88 2438
27 89 2454
27 90 2454
27 91 2470
27 92 2470
27 93 2486
27 94 2486
27 95 2502
27 96 2598
27 97 2630
27 98 2630
27 99 2630
27 100 2694
27 101 2726
27 102 2726
27 103 2726
27 104 2806
27 105 2822
27 106 2822
27 107 2838
27 108 2838
27 109 2854
27 110 2854
27 111 2870
27 112 3030
27 113 3094
27 114 3094
27 115 3094
27 116 3158
27 117 3158
27 118 3190
27 119 3190
27 120 3238
27 121 3286
27 122 3286
27 123 3302
27 124 3302
27 125 3286
27 126 3318
27 127 3334
27 128 3462
27 129 3526
27 130 3526
27 131 3526
27 132 3654
27 133 3654
27 134 3686
27 135 3686
27 136 3734
27 137 3782
27 138 3782
27 139 3798
27 140 3798
27 141 3782
27 142 3814
27 143 3830
27 144 3894
27 145 3926
27 146 3926
27 147 3926
27 148 4054
27 149 4086
27 150 4086
27 151 4086
27 152 4166
27 153 4182
27 154 4182
27 155 4198
27 156 4198
27 157 4214
27 158 4214
27 159 4230
27 160 4326
27 161 4358
27 162 4358
27 163 4358
27 164 4422
27 165 4454
27 166 4454
27 167 4454
27 168 4534
27 169 4550
27 170 4550
27 171 4566
27 172 4566
27 173 4582
27 174 4582
27 175 4598
27 176 4758
27 177 4822
27 178 4822
27 179 4822
27 180 4886
27 181 4886
27 182 4918
27 183 4918
27 184 4966
27 185 5014
27 186 5014
27 187 5030
27 188 5030
27 189 5014
27 190 5046
27 191 5062
27 192 5190
27 193 5254
27 194 5254
27 195 5254
27 196 5382
27 197 5382
27 198 5414
27 199 5414
27 200 5462
27 201 5510
27 202 5510
27 203 5526
27 204 5526
27 205 5510
27 206 5542
27 207 5558
27 208 5494
27 209 5526
27 210 5526
27 211 5526
27 212 5654
27 213 5686
27 214 5686
27 215 5686
27 216 5766
27 217 5782
27 218 5782
27 219 5798
27 220 5798
27 221 5814
27 222 5814
27 223 5830
27 224 6054
27 225 6086
27 226 6086
27 227 6086
27 228 6150
27 229 6182
27 230 6182
27 231 6182
27 232 6262
27 233 6278
27 234 6278
27 235 6294
27 236 6294
27 237 6310
27 238 6310
27 239 6326
27 240 6358
27 241 6422
27 242 6422
27 243 6422
27 244 6486
27 245 6486
27 246 6518
27 247 6518
27 248 6566
27 249 6614
27 250 6614
27 251 6630
27 252 6630
27 253 6614
27 254 6646
27 255 6662
28 0 6
28 1 70
28 2 70
28 3 70
28 4 214
28 5 198
28 6 230
28 7 246
28 8 454
28 9 454
28 10 486
28 11 486
28 12 470
28 13 486
28 14 486
28 15 502
28 16 454
28 17 518
28 18 518
28 19 518
28 20 598
28 21 582
28 22 614
28 23 630
28 24 710
28 25 710
28 26 742
28 27 742
28 28 726
28 29 742
28 30 742
28 31 758
28 32 902
28 33 966
28 34 966
28 35 966
28 36 1110
28 37 1094
28 38 1126
28 39 1142
28 40 1222
28 41 1222
28 42 1254
28 43 1254
28 44 1238
28 45 1254
28 46 1254
28 47 1270
28 48 1350
28 49 1414
28 50 1414
28 51 1414
28 52 1494
28 53 1478
28 54 1510
28 55 1526
28 56 1606
28 57 1606
28 58 1638
28 59 1638
28 60 1622
28 61 1638
28 62 1638
28 63 1654
28 64 1798
28 65 1862
28 66 1862
28 67 1862
28 68 2006
28 69 1990
28 70 2022
28 71 2038
28 72 2246
28 73 2246
28 74 2278
28 75 2278
28 76 2262
28 77 2278
28 78 2278
28 79 2294
28 80 2246
28 81 2310
28 82 2310
28 83 2310
28 84 2390
28 85 2374
28 86 2406
28 87 2422
28 88 2502
28 89 2502
28 90 2534
28 91 2534
28 92 2518
28 93 2534
28 94 2534
28 95 2550
28 96 2694
28 97 2758
28 98 2758
28 99 2758
28 100 2902
28 101 2886
28 102 2918
28 103 2934
28 104 3014
28 105 3014
28 106 3046
28 107 3046
28 108 3030
28 109 3046
28 110 3046
28 111 3062
28 112 3142
28 113 3206
28 114 3206
28 115 3206
28 116 3286
28 117 3270
28 118 3302
28 119 3318
28 120 3398
28 121 3398
28 122 3430
28 123 3430
28 124 3414
28 125 3430
28 126 3430
28 127 3446
28 128 3590
28 129 3654
28 130 3654
28 131 3654
28 132 3798
28 133 3782
28 134 3814
28 135 3830
28 136 4038
28 137 4038
28 138 4070
28 139 4070
28 140 4054
28 141 4070
28 142 4070
28 143 4086
28 144 4038
28 145 4102
28 146 4102
28 147 4102
28 148 4182
28 149 4166
28 150 4198
28 151 4214
28 152 4294
28 153 4294
28 154 4326
28 155 4326
28 156 4310
28 157 4326
28 158 4326
28 159 4342
28 160 4486
28 161 4550
28 162 4550
28 163 4550
28 164 4694
28 165 4678
28 166 4710
28 167 4726
28 168 4806
28 169 4806
28 170 4838
28 171 4838
28 172 4822
28 173 4838
28 174 4838
28 175 4854
28 176 4934
28 177 4998
28 178 4998
28 179 4998
28 180 5078
28 181 5062
28 182 5094
28 183 5110
28 184 5190
28 185 5190
28 186 5222
28 187 5222
28 188 5206
28 189 5222
28 190 5222
28 191 5238
28 192 5382
28 193 5446
28 194 5446
28 195 5446
28 196 5590
28 197 5574
28 198 5606
28 199 5622
28 200 5830
28 201 5830
28 202 5862
28 203 5862
28 204 5846
28 205 5862
28 206 5862
28 207 5878
28 208 5830
28 209 5894
28 210 5894
28 211 5894
28 212 5974
28 213 5958
28 214 5990
28 215 6006
28 216 6086
28 217 6086
28 218 6118
28 219 6118
28 220 6102
28 221 6118
28 222 6118
28 223 6134
28 224 6278
28 225 6342
28 226 6342
28 227 6342
28 228 6486
28 229 6470
28 230 6502
28 231 6518
28 232 6598
28 233 6598
28 234 6630
28 235 6630
28 236 6614
28 237 6630
28 238 6630
28 239 6646
28 240 6726
28 241 6790
28 242 6790
28 243 6790
28 244 6870
28 245 6854
28 246 6886
28 247 6902
28 248 6982
28 249 6982
28 250 7014
28 251 7014
28 252 6998
28 253 7014
28 254 7014
28 255 7030
29 0 6
29 1 70
29 2 70
29 3 70
29 4 214
29 5 198
29 6 230
29 7 246
29 8 454
29 9 454
29 10 486
29 11 486
29 12 470
29 13 486
29 14 486
29 15 502
29 16 470
29 17 534
29 18 534
29 19 534
29 20 614
29 21 598
29 22 630
29 23 646
29 24 726
29 25 726
29 26 758
29 27 758
29 28 742
29 29 758
29 30 758
29 31 774
29 32 934
29 33 966
29 34 966
29 35 966
29 36 1110
29 37 1126
29 38 1126
29 39 1142
29 40 1222
29 41 1254
29 42 1254
29 43 1254
29 44 1238
29 45 1254
29 46 1254
29 47 1270
29 48 1398
29 49 1430
29 50 1430
29 51 1430
29 52 1510
29 53 1526
29 54 1526
29 55 1542
29 56 1622
29 57 1654
29 58 1654
29 59 1654
29 60 1638
29 61 1654
29 62 1654
29 63 1670
29 64 1862
29 65 1926
29 66 1926
29 67 1926
29 68 2070
29 69 2054
29 70 2086
29 71 2102
29 72 2310
29 73 2310
29 74 2342
29 75 2342
29 76 2326
29 77 2342
29 78 2342
29 79 2358
29 80 2326
29 81 2390
29 82 2390
29 83 2390
29 84 2470
29 85 2454
29 86 2486
29 87 2502
29 88 2582
29 89 2582
29 90 2614
29 91 2614
29 92 2598
29 93 2614
29 94 2614
29 95 2630
29 96 2790
29 97 2822
29 98 2822
29 99 2822
29 100 2966
29 101 2982
29 102 2982
29 103 2998
29 104 3078
29 105 3110
29 106 3110
29 107 3110
29 108 3094
29 109 3110
29 110 3110
29 111 3126
29 112 3254
29 113 3286
29 114 3286
29 115 3286
29 116 3366
29 117 3382
29 118 3382
29 119 3398
29 120 3478
29 121 3510
29 122 3510
29 123 3510
29 124 3494
29 125 3510
29 126 3510
29 127 3526
29 128 3718
29 129 3782
29 130 3782
29 131 3782
29 132 3926
29 133 3910
29 134 3942
29 135 3958
29 136 4038
29 137 4038
29 138 4070
29 139 4070
29 140 4054
29 141 4070
29 142 4070
29 143 4086
29 144 4182
29 145 4246
29 146 4246
29 147 4246
29 148 4326
29 149 4310
29 150 4342
29 151 4358
29 152 4438
29 153 4438
29 154 4470
29 155 4470
29 156 4454
29 157 4470
29 158 4470
29 159 4486
29 160 4646
29 161 4678
29 162 4678
29 163 4678
29 164 4822
29 165 4838
29 166 4838
29 167 4854
29 168 4934
29 169 4966
29 170 4966
29 171 4966
29 172 4950
29 173 4966
29 174 4966
29 175 4982
29 176 4982
29 177 5014
29 178 5014
29 179 5014
29 180 5094
29 181 5110
29 182 5110
29 183 5126
29 184 5206
29 185 5238
29 186 5238
29 187 5238
29 188 5222
29 189 5238
29 190 5238
29 191 5254
29 192 5574
29 193 5638
29 194 5638
29 195 5638
29 196 5782
29 197 5766
29 198 5798
29 199 5814
29 200 5894
29 201 5894
29 202 5926
29 203 5926
29 204 5910
29 205 5926
29 206 5926
29 207 5942
29 208 6038
29 209 6102
29 210 6102
29 211 6102
29 212 6182
29 213 6166
29 214 6198
29 215 6214
29 216 6294
29 217 6294
29 218 6326
29 219 6326
29 220 6310
29 221 6326
29 222 6326
29 223 6342
29 224 6502
29 225 6534
29 226 6534
29 227 6534
29 228 6678
29 229 6694
29 230 6694
29 231 6710
29 232 6790
29 233 6822
29 234 6822
29 235 6822
29 236 6806
29 237 6822
29 238 6822
29 239 6838
29 240 6838
29 241 6870
29 242 6870
29 243 6870
29 244 6950
29 245 6966
29 246 6966
29 247 6982
29 248 7062
29 249 7094
29 250 7094
29 251 7094
29 252 7078
29 253 7094
29 254 7094
29 255 7110
30 0 6
30 1 70
30 2 70
30 3 70
30 4 214
30 5 198
30 6 230
30 7 246
30 8 470
30 9 454
30 10 486
30 11 502
30 12 470
30 13 486
30 14 486
30 15 502
30 16 486
30 17 518
30 18 518
30 19 518
30 20 598
30 21 614
30 22 614
30 23 630
30 24 726
30 25 742
30 26 742
30 27 758
30 28 726
30 29 742
30 30 742
30 31 758
30 32 966
30 33 1030
30 34 1030
30 35 1030
30 36 1110
30 37 1094
30 38 1126
30 39 1142
30 40 1238
30 41 1222
30 42 1254
30 43 1270
30 44 1238
30 45 1254
30 46 1254
30 47 1270
30 48 1446
30 49 1478
30 50 1478
30 51 1478
30 52 1558
30 53 1574
30 54 1574
30 55 1590
30 56 1686
30 57 1702
30 58 1702
30 59 1718
30 60 1686
30 61 1702
30 62 1702
30 63 1718
30 64 1926
30 65 1990
30 66 1990
30 67 1990
30 68 2134
30 69 2118
30 70 2150
30 71 2166
30 72 2262
30 73 2246
30 74 2278
30 75 2294
30 76 2262
30 77 2278
30 78 2278
30 79 2294
30 80 2406
30 81 2438
30 82 2438
30 83 2438
30 84 2518
30 85 2534
30 86 2534
30 87 2550
30 88 2646
30 89 2662
30 90 2662
30 91 2678
30 92 2646
30 93 2662
30 94 2662
30 95 2678
30 96 2886
30 97 2950
30 98 2950
30 99 2950
30 100 3030
30 101 3014
30 102 3046
30 103 3062
30 104 3158
30 105 3142
30 106 3174
30 107 3190
30 108 3158
30 109 3174
30 110 3174
30 111 3190
30 112 3238
30 113 3270
30 114 3270
30 115 3270
30 116 3350
30 117 3366
30 118 3366
30 119 3382
30 120 3478
30 121 3494
30 122 3494
30 123 3510
30 124 3478
30 125 3494
30 126 3494
30 127 3510
30 128 3846
30 129 3910
30 130 3910
30 131 3910
30 132 4054
30 133 4038
30 134 4070
30 135 4086
30 136 4310
30 137 4294
30 138 4326
30 139 4342
30 140 4310
30 141 4326
30 142 4326
30 143 4342
30 144 4326
30 145 4358
30 146 4358
30 147 4358
30 148 4438
30 149 4454
30 150 4454
30 151 4470
30 152 4566
30 153 4582
30 154 4582
30 155 4598
30 156 4566
30 157 4582
30 158 4582
30 159 4598
30 160 4806
30 161 4870
30 162 4870
30 163 4870
30 164 4950
30 165 4934
30 166 4966
30 167 4982
30 168 5078
30 169 5062
30 170 5094
30 171 5110
30 172 5078
30 173 5094
30 174 5094
30 175 5110
30 176 5286
30 177 5318
30 178 5318
30 179 5318
30 180 5398
30 181 5414
30 182 5414
30 183 5430
30 184 5526
30 185 5542
30 186 5542
30 187 5558
30 188 5526
30 189 5542
30 190 5542
30 191 5558
30 192 5766
30 193 5830
30 194 5830
30 195 5830
30 196 5974
30 197 5958
30 198 5990
30 199 6006
30 200 6102
30 201 6086
30 202 6118
30 203 6134
30 204 6102
30 205 6118
30 206 6118
30 207 6134
30 208 6246
30 209 6278
30 210 6278
30 211 6278
30 212 6358
30 213 6374
30 214 6374
30 215 6390
30 216 6486
30 217 6502
30 218 6502
30 219 6518
30 220 6486
30 221 6502
30 222 6502
30 223 6518
30 224 6726
30 225 6790
30 226 6790
30 227 6790
30 228 6870
30 229 6854
30 230 6886
30 231 6902
30 232 6998
30 233 6982
30 234 7014
30 235 7030
30 236 6998
30 237 7014
30 238 7014
30 239 7030
30 240 7078
30 241 7110
30 242 7110
30 243 7110
30 244 7190
30 245 7206
30 246 7206
30 247 7222
30 248 7318
30 249 7334
30 250 7334
30 251 7350
30 252 7318
30 253 7334
30 254 7334
30 255 7350
31 0 6
31 1 70
31 2 70
31 3 70
31 4 214
31 5 198
31 6 230
31 7 246
31 8 470
31 9 454
31 10 486
31 11 502
31 12 470
31 13 486
31 14 486
31 15 502
31 16 502
31 17 534
31 18 534
31 19 534
31 20 614
31 21 630
31 22 630
31 23 646
31 24 742
31 25 758
31 26 758
31 27 774
31 28 742
31 29 758
31 30 758
31 31 774
31 32 998
31 33 1030
31 34 1030
31 35 1030
31 36 1110
31 37 1126
31 38 1126
31 39 1142
31 40 1238
31 41 1254
31 42 1254
31 43 1270
31 44 1238
31 45 1254
31 46 1254
31 47 1270
31 48 1494
31 49 1558
31 50 1558
31 51 1558
31 52 1638
31 53 1622
31 54 1654
31 55 1670
31 56 1766
31 57 1750
31 58 1782
31 59 1798
31 60 1766
31 61 1782
31 62 1782
31 63 1798
31 64 1990
31 65 2054
31 66 2054
31 67 2054
31 68 2198
31 69 2182
31 70 2214
31 71 2230
31 72 2326
31 73 2310
31 74 2342
31 75 2358
31 76 2326
31 77 2342
31 78 2342
31 79 2358
31 80 2486
31 81 2518
31 82 2518
31 83 2518
31 84 2598
31 85 2614
31 86 2614
31 87 2630
31 88 2726
31 89 2742
31 90 2742
31 91 2758
31 92 2726
31 93 2742
31 94 2742
31 95 2758
31 96 2982
31 97 3014
31 98 3014
31 99 3014
31 100 3094
31 101 3110
31 102 3110
31 103 3126
31 104 3222
31 105 3238
31 106 3238
31 107 3254
31 108 3222
31 109 3238
31 110 3238
31 111 3254
31 112 3286
31 113 3350
31 114 3350
31 115 3350
31 116 3430
31 117 3414
31 118 3446
31 119 3462
31 120 3558
31 121 3542
31 122 3574
31 123 3590
31 124 3558
31 125 3574
31 126 3574
31 127 3590
31 128 3974
31 129 4038
31 130 4038
31 131 4038
31 132 4182
31 133 4166
31 134 4198
31 135 4214
31 136 4310
31 137 4294
31 138 4326
31 139 4342
31 140 4310
31 141 4326
31 142 4326
31 143 4342
31 144 4470
31 145 4502
31 146 4502
31 147 4502
31 148 4582
31 149 4598
31 150 4598
31 151 4614
31 152 4710
31 153 4726
31 154 4726
31 155 4742
31 156 4710
31 157 4726
31 158 4726
31 159 4742
31 160 4966
31 161 4998
31 162 4998
31 163 4998
31 164 5078
31 165 5094
31 166 5094
31 167 5110
31 168 5206
31 169 5222
31 170 5222
31 171 5238
31 172 5206
31 173 5222
31 174 5222
31 175 5238
31 176 5334
31 177 5398
31 178 5398
31 179 5398
31 180 5478
31 181 5462
31 182 5494
31 183 5510
31 184 5606
31 185 5590
31 186 5622
31 187 5638
31 188 5606
31 189 5622
31 190 5622
31 191 5638
31 192 5958
31 193 6022
31 194 6022
31 195 6022
31 196 6166
31 197 6150
31 198 6182
31 199 6198
31 200 6294
31 201 6278
31 202 6310
31 203 6326
31 204 6294
31 205 6310
31 206 6310
31 207 6326
31 208 6326
31 209 6358
31 210 6358
31 211 6358
31 212 6438
31 213 6454
31 214 6454
31 215 6470
31 216 6566
31 217 6582
31 218 6582
31 219 6598
31 220 6566
31 221 6582
31 222 6582
31 223 6598
31 224 6822
31 225 6854
31 226 6854
31 227 6854
31 228 6934
31 229 6950
31 230 6950
31 231 6966
31 232 7062
31 233 7078
31 234 7078
31 235 7094
31 236 7062
31 237 7078
31 238 7078
31 239 7094
31 240 7126
31 241 7190
31 242 7190
31 243 7190
31 244 7270
31 245 7254
31 246 7286
31 247 7302
31 248 7398
31 249 7382
31 250 7414
31 251 7430
31 252 7398
31 253 7414
31 254 7414
31 255 7430
32 0 6
32 1 38
32 2 70
32 3 102
32 4 262
32 5 294
32 6 326
32 7 358
32 8 262
32 9 294
32 10 326
32 11 358
32 12 518
32 13 550
32 14 582
32 15 614
32 16 518
32 17 550
32 18 582
32 19 614
32 20 774
32 21 806
32 22 838
32 23 870
32 24 774
32 25 806
32 26 838
32 27 870
32 28 1030
32 29 1062
32 30 1094
32 31 1126
32 32 1030
32 33 1062
32 34 1094
32 35 1126
32 36 1286
32 37 1318
32 38 1350
32 39 1382
32 40 1286
32 41 1318
32 42 1350
32 43 1382
32 44 1542
32 45 1574
32 46 1606
32 47 1638
32 48 1542
32 49 1574
32 50 1606
32 51 1638
32 52 1798
32 53 1830
32 54 1862
32 55 1894
32 56 1798
32 57 1830
32 58 1862
32 59 1894
32 60 2054
32 61 2086
32 62 2118
32 63 2150
32 64 2054
32 65 2086
32 66 2118
32 67 2150
32 68 2310
32 69 2342
32 70 2374
32 71 2406
32 72 2310
32 73 2342
32 74 2374
32 75 2406
32 76 2566
32 77 2598
32 78 2630
32 79 2662
32 80 2566
32 81 2598
32 82 2630
32 83 2662
32 84 2822
32 85 2854
32 86 2886
32 87 2918
32 88 2822
32 89 2854
32 90 2886
32 91 2918
32 92 3078
32 93 3110
32 94 3142
32 95 3174
32 96 3078
32 97 3110
32 98 3142
32 99 3174
32 100 3334
32 101 3366
32 102 3398
32 103 3430
32 104 3334
32 105 3366
32 106 3398
32 107 3430
32 108 3590
32 109 3622
32 110 3654
32 111 3686
32 112 3590
32 113 3622
32 114 3654
32 115 3686
32 116 3846
32 117 3878
32 118 3910
32 119 3942
32 120 3846
32 121 3878
32 122 3910
32 123 3942
32 124 4102
32 125 4134
32 126 4166
32 127 4198
32 128 4102
32 129 4134
32 130 4166
32 131 4198
32 132 4358
32 133 4390
32 134 4422
32 135 4454
32 136 4358
32 137 4390
32 138 4422
32 139 4454
32 140 4614
32 141 4646
32 142 4678
32 143 4710
32 144 4614
32 145 4646
32 146 4678
32 147 4710
32 148 4870
32 149 4902
32 150 4934
32 151 4966
32 152 4870
32 153 4902
32 154 4934
32 155 4966
32 156 5126
32 157 5158
32 158 5190
32 159 5222
32 160 5126
32 161 5158
32 162 5190
32 163 5222
32 164 5382
32 165 5414
32 166 5446
32 167 5478
32 168 5382
32 169 5414
32 170 5446
32 171 5478
32 172 5638
32 173 5670
32 174 5702
32 175 5734
32 176 5638
32 177 5670
32 178 5702
32 179 5734
32 180 5894
32 181 5926
32 182 5958
32 183 5990
32 184 5894
32 185 5926
32 186 5958
32 187 5990
32 188 6150
32 189 6182
32 190 6214
32 191 6246
32 192 6150
32 193 6182
32 194 6214
32 195 6246
32 196 6406
32 197 6438
32 198 6470
32 199 6502
32 200 6406
32 201 6438
32 202 6470
32 203 6502
32 204 6662
32 205 6694
32 206 6726
32 207 6758
32 208 6662
32 209 6694
32 210 6726
32 211 6758
32 212 6918
32 213 6950
32 214 6982
32 215 7014
32 216 6918
32 217 6950
32 218 6982
32 219 7014
32 220 7174
32 221 7206
32 222 7238
32 223 7270
32 224 7174
32 225 7206
32 226 7238
32 227 7270
32 228 7430
32 229 7462
32 230 7494
32 231 7526
32 232 7430
32 233 7462
32 234 7494
32 235 7526
32 236 7686
32 237 7718
32 238 7750
32 239 7782
32 240 7686
32 241 7718
32 242 7750
32 243 7782
32 244 7942
32 245 7974
32 246 8006
32 247 8038
32 248 7942
32 249 7974
32 250 8006
32 251 8038
32 252 8198
32 253 8230
32 254 8262
32 255 8294
33 0 6
33 1 38
33 2 70
33 3 102
33 4 262
33 5 294
33 6 326
33 7 358
33 8 262
33 9 294
33 10 326
33 11 358
33 12 518
33 13 550
33 14 582
33 15 614
33 16 534
33 17 566
33 18 598
33 19 630
33 20 790
33 21 822
33 22 854
33 23 886
33 24 790
33 25 822
33 26 854
33 27 886
33 28 1046
33 29 1078
33 30 1110
33 31 1142
33 32 1062
33 33 1062
33 34 1126
33 35 1126
33 36 1318
33 37 1318
33 38 1382
33 39 1382
33 40 1318
33 41 1318
33 42 1382
33 43 1382
33 44 1574
33 45 1574
33 46 1638
33 47 1638
33 48 1590
33 49 1590
33 50 1654
33 51 1654
33 52 1846
33 53 1846
33 54 1910
33 55 1910
33 56 1846
33 57 1846
33 58 1910
33 59 1910
33 60 2102
33 61 2102
33 62 2166
33 63 2166
33 64 2118
33 65 2150
33 66 2182
33 67 2214
33 68 2374
33 69 2406
33 70 2438
33 71 2470
33 72 2374
33 73 2406
33 74 2438
33 75 2470
33 76 2630
33 77 2662
33 78 2694
33 79 2726
33 80 2646
33 81 2678
33 82 2710
33 83 2742
33 84 2902
33 85 2934
33 86 2966
33 87 2998
33 88 2902
33 89 2934
33 90 2966
33 91 2998
33 92 3158
33 93 3190
33 94 3222
33 95 3254
33 96 3174
33 97 3174
33 98 3238
33 99 3238
33 100 3430
33 101 3430
33 102 3494
33 103 3494
33 104 3430
33 105 3430
33 106 3494
33 107 3494
33 108 3686
33 109 3686
33 110 3750
33 111 3750
33 112 3702
33 113 3702
33 114 3766
33 115 3766
33 116 3958
33 117 3958
33 118 4022
33 119 4022
33 120 3958
33 121 3958
33 122 4022
33 123 4022
33 124 4214
33 125 4214
33 126 4278
33 127 4278
33 128 4230
33 129 4262
33 130 4294
33 131 4326
33 132 4358
33 133 4390
33 134 4422
33 135 4454
33 136 4486
33 137 4518
33 138 4550
33 139 4582
33 140 4614
33 141 4646
33 142 4678
33 143 4710
33 144 4758
33 145 4790
33 146 4822
33 147 4854
33 148 4886
33 149 4918
33 150 4950
33 151 4982
33 152 5014
33 153 5046
33 154 5078
33 155 5110
33 156 5142
33 157 5174
33 158 5206
33 159 5238
33 160 5286
33 161 5286
33 162 5350
33 163 5350
33 164 5414
33 165 5414
33 166 5478
33 167 5478
33 168 5542
33 169 5542
33 170 5606
33 171 5606
33 172 5670
33 173 5670
33 174 5734
33 175 5734
33 176 5814
33 177 5814
33 178 5878
33 179 5878
33 180 5942
33 181 5942
33 182 6006
33 183 6006
33 184 6070
33 185 6070
33 186 6134
33 187 6134
33 188 6198
33 189 6198
33 190 6262
33 191 6262
33 192 6342
33 193 6374
33 194 6406
33 195 6438
33 196 6470
33 197 6502
33 198 6534
33 199 6566
33 200 6598
33 201 6630
33 202 6662
33 203 6694
33 204 6726
33 205 6758
33 206 6790
33 207 6822
33 208 6870
33 209 6902
33 210 6934
33 211 6966
33 212 6998
33 213 7030
33 214 7062
33 215 7094
33 216 7126
33 217 7158
33 218 7190
33 219 7222
33 220 7254
33 221 7286
33 222 7318
33 223 7350
33 224 7398
33 225 7398
33 226 7462
33 227 7462
33 228 7526
33 229 7526
33 230 7590
33 231 7590
33 232 7654
33 233 7654
33 234 7718
33 235 7718
33 236 7782
33 237 7782
33 238 7846
33 239 7846
33 240 7926
33 241 7926
33 242 7990
33 243 7990
33 244 8054
33 245 8054
33 246 8118
33 247 8118
33 248 8182
33 249 8182
33 250 8246
33 251 8246
33 252 8310
33 253 8310
33 254 8374
33 255 8374
34 0 6
34 1 38
34 2 70
34 3 102
34 4 262
34 5 294
34 6 326
34 7 358
34 8 278
34 9 310
34 10 342
34 11 374
34 12 534
34 13 566
34 14 598
34 15 630
34 16 550
34 17 550
34 18 614
34 19 614
34 20 806
34 21 806
34 22 870
34 23 870
34 24 822
34 25 822
34 26 886
34 27 886
34 28 1078
34 29 1078
34 30 1142
34 31 1142
34 32 1094
34 33 1126
34 34 1094
34 35 1126
34 36 1350
34 37 1382
34 38 1350
34 39 1382
34 40 1366
34 41 1398
34 42 1366
34 43 1398
34 44 1622
34 45 1654
34 46 1622
34 47 1654
34 48 1638
34 49 1638
34 50 1638
34 51 1638
34 52 1894
34 53 1894
34 54 1894
34 55 1894
34 56 1910
34 57 1910
34 58 1910
34 59 1910
34 60 2166
34 61 2166
34 62 2166
34 63 2166
34 64 2182
34 65 2214
34 66 2246
34 67 2278
34 68 2310
34 69 2342
34 70 2374
34 71 2406
34 72 2454
34 73 2486
34 74 2518
34 75 2550
34 76 2582
34 77 2614
34 78 2646
34 79 2678
34 80 2726
34 81 2726
34 82 2790
34 83 2790
34 84 2854
34 85 2854
34 86 2918
34 87 2918
34 88 2998
34 89 2998
34 90 3062
34 91 3062
34 92 3126
34 93 3126
34 94 3190
34 95 3190
34 96 3270
34 97 3302
34 98 3270
34 99 3302
34 100 3398
34 101 3430
34 102 3398
34 103 3430
34 104 3542
34 105 3574
34 106 3542
34 107 3574
34 108 3670
34 109 3702
34 110 3670
34 111 3702
34 112 3814
34 113 3814
34 114 3814
34 115 3814
34 116 3942
34 117 3942
34 118 3942
34 119 3942
34 120 4086
34 121 4086
34 122 4086
34 123 4086
34 124 4214
34 125 4214
34 126 4214
34 127 4214
34 128 4358
34 129 4390
34 130 4422
34 131 4454
34 132 4614
34 133 4646
34 134 4678
34 135 4710
34 136 4630
34 137 4662
34 138 4694
34 139 4726
34 140 4886
34 141 4918
34 142 4950
34 143 4982
34 144 4902
34 145 4902
34 146 4966
34 147 4966
34 148 5158
34 149 5158
34 150 5222
34 151 5222
34 152 5174
34 153 5174
34 154 5238
34 155 5238
34 156 5430
34 157 5430
34 158 5494
34 159 5494
34 160 5446
34 161 5478
34 162 5446
34 163 5478
34 164 5702
34 165 5734
34 166 5702
34 167 5734
34 168 5718
34 169 5750
34 170 5718
34 171 5750
34 172 5974
34 173 6006
34 174 5974
34 175 6006
34 176 5990
34 177 5990
34 178 5990
34 179 5990
34 180 6246
34 181 6246
34 182 6246
34 183 6246
34 184 6262
34 185 6262
34 186 6262
34 187 6262
34 188 6518
34 189 6518
34 190 6518
34 191 6518
34 192 6534
34 193 6566
34 194 6598
34 195 6630
34 196 6662
34 197 6694
34 198 6726
34 199 6758
34 200 6806
34 201 6838
34 202 6870
34 203 6902
34 204 6934
34 205 6966
34 206 6998
34 207 7030
34 208 7078
34 209 7078
34 210 7142
34 211 7142
34 212 7206
34 213 7206
34 214 7270
34 215 7270
34 216 7350
34 217 7350
34 218 7414
34 219 7414
34 220 7478
34 221 7478
34 222 7542
34 223 7542
34 224 7622
34 225 7654
34 226 7622
34 227 7654
34 228 7750
34 229 7782
34 230 7750
34 231 7782
34 232 7894
34 233 7926
34 234 7894
34 235 7926
34 236 8022
34 237 8054
34 238 8022
34 239 8054
34 240 8166
34 241 8166
34 242 8166
34 243 8166
34 244 8294
34 245 8294
34 246 8294
34 247 8294
34 248 8438
34 249 8438
34 250 8438
34 251 8438
34 252 8566
34 253 8566
34 254 8566
34 255 8566
35 0 6
35 1 38
35 2 70
35 3 102
35 4 262
35 5 294
35 6 326
35 7 358
35 8 278
35 9 310
35 10 342
35 11 374
35 12 534
35 13 566
35 14 598
35 15 630
35 16 566
35 17 566
35 18 630
35 19 630
35 20 822
35 21 822
35 22 886
35 23 886
35 24 838
35 25 838
35 26 902
35 27 902
35 28 1094
35 29 1094
35 30 1158
35 31 1158
35 32 1126
35 33 1126
35 34 1126
35 35 1126
35 36 1382
35 37 1382
35 38 1382
35 39 1382
35 40 1398
35 41 1398
35 42 1398
35 43 1398
35 44 1654
35 45 1654
35 46 1654
35 47 1654
35 48 1686
35 49 1718
35 50 1686
35 51 1718
35 52 1942
35 53 1974
35 54 1942
35 55 1974
35 56 1958
35 57 1990
35 58 1958
35 59 1990
35 60 2214
35 61 2246
35 62 2214
35 63 2246
35 64 2246
35 65 2278
35 66 2310
35 67 2342
35 68 2374
35 69 2406
35 70 2438
35 71 2470
35 72 2518
35 73 2550
35 74 2582
35 75 2614
35 76 2646
35 77 2678
35 78 2710
35 79 2742
35 80 2806
35 81 2806
35 82 2870
35 83 2870
35 84 2934
35 85 2934
35 86 2998
35 87 2998
35 88 3078
35 89 3078
35 90 3142
35 91 3142
35 92 3206
35 93 3206
35 94 3270
35 95 3270
35 96 3366
35 97 3366
35 98 3366
35 99 3366
35 100 3494
35 101 3494
35 102 3494
35 103 3494
35 104 3638
35 105 3638
35 106 3638
35 107 3638
35 108 3766
35 109 3766
35 110 3766
35 111 3766
35 112 3926
35 113 3958
35 114 3926
35 115 3958
35 116 4054
35 117 4086
35 118 4054
35 119 4086
35 120 4198
35 121 4230
35 122 4198
35 123 4230
35 124 4326
35 125 4358
35 126 4326
35 127 4358
35 128 4486
35 129 4518
35 130 4550
35 131 4582
35 132 4614
35 133 4646
35 134 4678
35 135 4710
35 136 4758
35 137 4790
35 138 4822
35 139 4854
35 140 4886
35 141 4918
35 142 4950
35 143 4982
35 144 5046
35 145 5046
35 146 5110
35 147 5110
35 148 5174
35 149 5174
35 150 5238
35 151 5238
35 152 5318
35 153 5318
35 154 5382
35 155 5382
35 156 5446
35 157 5446
35 158 5510
35 159 5510
35 160 5606
35 161 5606
35 162 5606
35 163 5606
35 164 5734
35 165 5734
35 166 5734
35 167 5734
35 168 5878
35 169 5878
35 170 5878
35 171 5878
35 172 6006
35 173 6006
35 174 6006
35 175 6006
35 176 6166
35 177 6198
35 178 6166
35 179 6198
35 180 6294
35 181 6326
35 182 6294
35 183 6326
35 184 6438
35 185 6470
35 186 6438
35 187 6470
35 188 6566
35 189 6598
35 190 6566
35 191 6598
35 192 6726
35 193 6758
35 194 6790
35 195 6822
35 196 6854
35 197 6886
35 198 6918
35 199 6950
35 200 6998
35 201 7030
35 202 7062
35 203 7094
35 204 7126
35 205 7158
35 206 7190
35 207 7222
35 208 7286
35 209 7286
35 210 7350
35 211 7350
35 212 7414
35 213 7414
35 214 7478
35 215 7478
35 216 7558
35 217 7558
35 218 7622
35 219 7622
35 220 7686
35 221 7686
35 222 7750
35 223 7750
35 224 7846
35 225 7846
35 226 7846
35 227 7846
35 228 7974
35 229 7974
35 230 7974
35 231 7974
35 232 8118
35 233 8118
35 234 8118
35 235 8118
35 236 8246
35 237 8246
35 238 8246
35 239 8246
35 240 8406
35 241 8438
35 242 8406
35 243 8438
35 244 8534
35 245 8566
35 246 8534
35 247 8566
35 248 8678
35 249 8710
35 250 8678
35 251 8710
35 252 8806
35 253 8838
35 254 8806
35 255 8838
36 0 6
36 1 38
36 2 70
36 3 102
36 4 278
36 5 310
36 6 342
36 7 374
36 8 326
36 9 326
36 10 390
36 11 390
36 12 598
36 13 598
36 14 662
36 15 662
36 16 582
36 17 614
36 18 582
36 19 614
36 20 854
36 21 886
36 22 854
36 23 886
36 24 902
36 25 902
36 26 902
36 27 902
36 28 1174
36 29 1174
36 30 1174
36 31 1174
36 32 1158
36 33 1190
36 34 1222
36 35 1254
36 36 1302
36 37 1334
36 38 1366
36 39 1398
36 40 1478
36 41 1478
36 42 1542
36 43 1542
36 44 1622
36 45 1622
36 46 1686
36 47 1686
36 48 1734
36 49 1766
36 50 1734
36 51 1766
36 52 1878
36 53 1910
36 54 1878
36 55 1910
36 56 2054
36 57 2054
36 58 2054
36 59 2054
36 60 2198
36 61 2198
36 62 2198
36 63 2198
36 64 2310
36 65 2342
36 66 2374
36 67 2406
36 68 2582
36 69 2614
36 70 2646
36 71 2678
36 72 2630
36 73 2630
36 74 2694
36 75 2694
36 76 2902
36 77 2902
36 78 2966
36 79 2966
36 80 2886
36 81 2918
36 82 2886
36 83 2918
36 84 3158
36 85 3190
36 86 3158
36 87 3190
36 88 3206
36 89 3206
36 90 3206
36 91 3206
36 92 3478
36 93 3478
36 94 3478
36 95 3478
36 96 3462
36 97 3494
36 98 3526
36 99 3558
36 100 3606
36 101 3638
36 102 3670
36 103 3702
36 104 3782
36 105 3782
36 106 3846
36 107 3846
36 108 3926
36 109 3926
36 110 3990
36 111 3990
36 112 4038
36 113 4070
36 114 4038
36 115 4070
36 116 4182
36 117 4214
36 118 4182
36 119 4214
36 120 4358
36 121 4358
36 122 4358
36 123 4358
36 124 4502
36 125 4502
36 126 4502
36 127 4502
36 128 4614
36 129 4646
36 130 4678
36 131 4710
36 132 4886
36 133 4918
36 134 4950
36 135 4982
36 136 4934
36 137 4934
36 138 4998
36 139 4998
36 140 5206
36 141 5206
36 142 5270
36 143 5270
36 144 5190
36 145 5222
36 146 5190
36 147 5222
36 148 5462
36 149 5494
36 150 5462
36 151 5494
36 152 5510
36 153 5510
36 154 5510
36 155 5510
36 156 5782
36 157 5782
36 158 5782
36 159 5782
36 160 5766
36 161 5798
36 162 5830
36 163 5862
36 164 5910
36 165 5942
36 166 5974
36 167 6006
36 168 6086
36 169 6086
36 170 6150
36 171 6150
36 172 6230
36 173 6230
36 174 6294
36 175 6294
36 176 6342
36 177 6374
36 178 6342
36 179 6374
36 180 6486
36 181 6518
36 182 6486
36 183 6518
36 184 6662
36 185 6662
36 186 6662
36 187 6662
36 188 6806
36 189 6806
36 190 6806
36 191 6806
36 192 6918
36 193 6950
36 194 6982
36 195 7014
36 196 7190
36 197 7222
36 198 7254
36 199 7286
36 200 7238
36 201 7238
36 202 7302
36 203 7302
36 204 7510
36 205 7510
36 206 7574
36 207 7574
36 208 7494
36 209 7526
36 210 7494
36 211 7526
36 212 7766
36 213 7798
36 214 7766
36 215 7798
36 216 7814
36 217 7814
36 218 7814
36 219 7814
36 220 8086
36 221 8086
36 222 8086
36 223 8086
36 224 8070
36 225 8102
36 226 8134
36 227 8166
36 228 8214
36 229 8246
36 230 8278
36 231 8310
36 232 8390
36 233 8390
36 234 8454
36 235 8454
36 236 8534
36 237 8534
36 238 8598
36 239 8598
36 240 8646
36 241 8678
36 242 8646
36 243 8678
36 244 8790
36 245 8822
36 246 8790
36 247 8822
36 248 8966
36 249 8966
36 250 8966
36 251 8966
36 252 9110
36 253 9110
36 254 9110
36 255 9110
37 0 6
37 1 38
37 2 70
37 3 102
37 4 278
37 5 310
37 6 342
37 7 374
37 8 326
37 9 326
37 10 390
37 11 390
37 12 598
37 13 598
37 14 662
37 15 662
37 16 598
37 17 630
37 18 598
37 19 630
37 20 870
37 21 902
37 22 870
37 23 902
37 24 918
37 25 918
37 26 918
37 27 918
37 28 1190
37 29 1190
37 30 1190
37 31 1190
37 32 1190
37 33 1190
37 34 1254
37 35 1254
37 36 1334
37 37 1334
37 38 1398
37 39 1398
37 40 1478
37 41 1478
37 42 1542
37 43 1542
37 44 1622
37 45 1622
37 46 1686
37 47 1686
37 48 1782
37 49 1782
37 50 1782
37 51 1782
37 52 1926
37 53 1926
37 54 1926
37 55 1926
37 56 2070
37 57 2070
37 58 2070
37 59 2070
37 60 2214
37 61 2214
37 62 2214
37 63 2214
37 64 2374
37 65 2406
37 66 2438
37 67 2470
37 68 2646
37 69 2678
37 70 2710
37 71 2742
37 72 2694
37 73 2694
37 74 2758
37 75 2758
37 76 2966
37 77 2966
37 78 3030
37 79 3030
37 80 2966
37 81 2998
37 82 2966
37 83 2998
37 84 3238
37 85 3270
37 86 3238
37 87 3270
37 88 3286
37 89 3286
37 90 3286
37 91 3286
37 92 3558
37 93 3558
37 94 3558
37 95 3558
37 96 3558
37 97 3558
37 98 3622
37 99 3622
37 100 3702
37 101 3702
37 102 3766
37 103 3766
37 104 3846
37 105 3846
37 106 3910
37 107 3910
37 108 3990
37 109 3990
37 110 4054
37 111 4054
37 112 4150
37 113 4150
37 114 4150
37 115 4150
37 116 4294
37 117 4294
37 118 4294
37 119 4294
37 120 4438
37 121 4438
37 122 4438
37 123 4438
37 124 4582
37 125 4582
37 126 4582
37 127 4582
37 128 4742
37 129 4774
37 130 4806
37 131 4838
37 132 4886
37 133 4918
37 134 4950
37 135 4982
37 136 5062
37 137 5062
37 138 5126
37 139 5126
37 140 5206
37 141 5206
37 142 5270
37 143 5270
37 144 5334
37 145 5366
37 146 5334
37 147 5366
37 148 5478
37 149 5510
37 150 5478
37 151 5510
37 152 5654
37 153 5654
37 154 5654
37 155 5654
37 156 5798
37 157 5798
37 158 5798
37 159 5798
37 160 5926
37 161 5926
37 162 5990
37 163 5990
37 164 6070
37 165 6070
37 166 6134
37 167 6134
37 168 6214
37 169 6214
37 170 6278
37 171 6278
37 172 6358
37 173 6358
37 174 6422
37 175 6422
37 176 6518
37 177 6518
37 178 6518
37 179 6518
37 180 6662
37 181 6662
37 182 6662
37 183 6662
37 184 6806
37 185 6806
37 186 6806
37 187 6806
37 188 6950
37 189 6950
37 190 6950
37 191 6950
37 192 7110
37 193 7142
37 194 7174
37 195 7206
37 196 7254
37 197 7286
37 198 7318
37 199 7350
37 200 7430
37 201 7430
37 202 7494
37 203 7494
37 204 7574
37 205 7574
37 206 7638
37 207 7638
37 208 7702
37 209 7734
37 210 7702
37 211 7734
37 212 7846
37 213 7878
37 214 7846
37 215 7878
37 216 8022
37 217 8022
37 218 8022
37 219 8022
37 220 8166
37 221 8166
37 222 8166
37 223 8166
37 224 8294
37 225 8294
37 226 8358
37 227 8358
37 228 8438
37 229 8438
37 230 8502
37 231 8502
37 232 8582
37 233 8582
37 234 8646
37 235 8646
37 236 8726
37 237 8726
37 238 8790
37 239 8790
37 240 8886
37 241 8886
37 242 8886
37 243 8886
37 244 9030
37 245 9030
37 246 9030
37 247 9030
37 248 9174
37 249 9174
37 250 9174
37 251 9174
37 252 9318
37 253 9318
37 254 9318
37 255 9318
38 0 6
38 1 38
38 2 70
38 3 102
38 4 278
38 5 310
38 6 342
38 7 374
38 8 342
38 9 342
38 10 406
38 11 406
38 12 598
38 13 598
38 14 662
38 15 662
38 16 614
38 17 614
38 18 614
38 19 614
38 20 886
38 21 886
38 22 886
38 23 886
38 24 918
38 25 918
38 26 918
38 27 918
38 28 1174
38 29 1174
38 30 1174
38 31 1174
38 32 1222
38 33 1254
38 34 1222
38 35 1254
38 36 1366
38 37 1398
38 38 1366
38 39 1398
38 40 1558
38 41 1558
38 42 1558
38 43 1558
38 44 1686
38 45 1686
38 46 1686
38 47 1686
38 48 1830
38 49 1830
38 50 1830
38 51 1830
38 52 1974
38 53 1974
38 54 1974
38 55 1974
38 56 2134
38 57 2134
38 58 2134
38 59 2134
38 60 2262
38 61 2262
38 62 2262
38 63 2262
38 64 2438
38 65 2470
38 66 2502
38 67 2534
38 68 2582
38 69 2614
38 70 2646
38 71 2678
38 72 2774
38 73 2774
38 74 2838
38 75 2838
38 76 2902
38 77 2902
38 78 2966
38 79 2966
38 80 3046
38 81 3046
38 82 3046
38 83 3046
38 84 3190
38 85 3190
38 86 3190
38 87 3190
38 88 3350
38 89 3350
38 90 3350
38 91 3350
38 92 3478
38 93 3478
38 94 3478
38 95 3478
38 96 3654
38 97 3686
38 98 3654
38 99 3686
38 100 3798
38 101 3830
38 102 3798
38 103 3830
38 104 3990
38 105 3990
38 106 3990
38 107 3990
38 108 4118
38 109 4118
38 110 4118
38 111 4118
38 112 4262
38 113 4262
38 114 4262
38 115 4262
38 116 4406
38 117 4406
38 118 4406
38 119 4406
38 120 4566
38 121 4566
38 122 4566
38 123 4566
38 124 4694
38 125 4694
38 126 4694
38 127 4694
38 128 4870
38 129 4902
38 130 4934
38 131 4966
38 132 5142
38 133 5174
38 134 5206
38 135 5238
38 136 5206
38 137 5206
38 138 5270
38 139 5270
38 140 5462
38 141 5462
38 142 5526
38 143 5526
38 144 5478
38 145 5478
38 146 5478
38 147 5478
38 148 5750
38 149 5750
38 150 5750
38 151 5750
38 152 5782
38 153 5782
38 154 5782
38 155 5782
38 156 6038
38 157 6038
38 158 6038
38 159 6038
38 160 6086
38 161 6118
38 162 6086
38 163 6118
38 164 6230
38 165 6262
38 166 6230
38 167 6262
38 168 6422
38 169 6422
38 170 6422
38 171 6422
38 172 6550
38 173 6550
38 174 6550
38 175 6550
38 176 6694
38 177 6694
38 178 6694
38 179 6694
38 180 6838
38 181 6838
38 182 6838
38 183 6838
38 184 6998
38 185 6998
38 186 6998
38 187 6998
38 188 7126
38 189 7126
38 190 7126
38 191 7126
38 192 7302
38 193 7334
38 194 7366
38 195 7398
38 196 7446
38 197 7478
38 198 7510
38 199 7542
38 200 7638
38 201 7638
38 202 7702
38 203 7702
38 204 7766
38 205 7766
38 206 7830
38 207 7830
38 208 7910
38 209 7910
38 210 7910
38 211 7910
38 212 8054
38 213 8054
38 214 8054
38 215 8054
38 216 8214
38 217 8214
38 218 8214
38 219 8214
38 220 8342
38 221 8342
38 222 8342
38 223 8342
38 224 8518
38 225 8550
38 226 8518
38 227 8550
38 228 8662
38 229 8694
38 230 8662
38 231 8694
38 232 8854
38 233 8854
38 234 8854
38 235 8854
38 236 8982
38 237 8982
38 238 8982
38 239 8982
38 240 9126
38 241 9126
38 242 9126
38 243 9126
38 244 9270
38 245 9270
38 246 9270
38 247 9270
38 248 9430
38 249 9430
38 250 9430
38 251 9430
38 252 9558
38 253 9558
38 254 9558
38 255 9558
39 0 6
39 1 38
39 2 70
39 3 102
39 4 278
39 5 310
39 6 342
39 7 374
39 8 342
39 9 342
39 10 406
39 11 406
39 12 598
39 13 598
39 14 662
39 15 662
39 16 630
39 17 630
39 18 630
39 19 630
39 20 902
39 21 902
39 22 902
39 23 902
39 24 934
39 25 934
39 26 934
39 27 934
39 28 1190
39 29 1190
39 30 1190
39 31 1190
39 32 1254
39 33 1254
39 34 1254
39 35 1254
39 36 1398
39 37 1398
39 38 1398
39 39 1398
39 40 1558
39 41 1558
39 42 1558
39 43 1558
39 44 1686
39 45 1686
39 46 1686
39 47 1686
39 48 1878
39 49 1910
39 50 1878
39 51 1910
39 52 2022
39 53 2054
39 54 2022
39 55 2054
39 56 2214
39 57 2214
39 58 2214
39 59 2214
39 60 2342
39 61 2342
39 62 2342
39 63 2342
39 64 2502
39 65 2534
39 66 2566
39 67 2598
39 68 2646
39 69 2678
39 70 2710
39 71 2742
39 72 2838
39 73 2838
39 74 2902
39 75 2902
39 76 2966
39 77 2966
39 78 3030
39 79 3030
39 80 3126
39 81 3126
39 82 3126
39 83 3126
39 84 3270
39 85 3270
39 86 3270
39 87 3270
39 88 3430
39 89 3430
39 90 3430
39 91 3430
39 92 3558
39 93 3558
39 94 3558
39 95 3558
39 96 3750
39 97 3750
39 98 3750
39 99 3750
39 100 3894
39 101 3894
39 102 3894
39 103 3894
39 104 4054
39 105 4054
39 106 4054
39 107 4054
39 108 4182
39 109 4182
39 110 4182
39 111 4182
39 112 4310
39 113 4342
39 114 4310
39 115 4342
39 116 4454
39 117 4486
39 118 4454
39 119 4486
39 120 4646
39 121 4646
39 122 4646
39 123 4646
39 124 4774
39 125 4774
39 126 4774
39 127 4774
39 128 4998
39 129 5030
39 130 5062
39 131 5094
39 132 5142
39 133 5174
39 134 5206
39 135 5238
39 136 5334
39 137 5334
39 138 5398
39 139 5398
39 140 5462
39 141 5462
39 142 5526
39 143 5526
39 144 5622
39 145 5622
39 146 5622
39 147 5622
39 148 5766
39 149 5766
39 150 5766
39 151 5766
39 152 5926
39 153 5926
39 154 5926
39 155 5926
39 156 6054
39 157 6054
39 158 6054
39 159 6054
39 160 6246
39 161 6246
39 162 6246
39 163 6246
39 164 6390
39 165 6390
39 166 6390
39 167 6390
39 168 6550
39 169 6550
39 170 6550
39 171 6550
39 172 6678
39 173 6678
39 174 6678
39 175 6678
39 176 6870
39 177 6902
39 178 6870
39 179 6902
39 180 7014
39 181 7046
39 182 7014
39 183 7046
39 184 7206
39 185 7206
39 186 7206
39 187 7206
39 188 7334
39 189 7334
39 190 7334
39 191 7334
39 192 7494
39 193 7526
39 194 7558
39 195 7590
39 196 7638
39 197 7670
39 198 7702
39 199 7734
39 200 7830
39 201 7830
39 202 7894
39 203 7894
39 204 7958
39 205 7958
39 206 8022
39 207 8022
39 208 8118
39 209 8118
39 210 8118
39 211 8118
39 212 8262
39 213 8262
39 214 8262
39 215 8262
39 216 8422
39 217 8422
39 218 8422
39 219 8422
39 220 8550
39 221 8550
39 222 8550
39 223 8550
39 224 8614
39 225 8614
39 226 8614
39 227 8614
39 228 8758
39 229 8758
39 230 8758
39 231 8758
39 232 8918
39 233 8918
39 234 8918
39 235 8918
39 236 9046
39 237 9046
39 238 9046
39 239 9046
39 240 9174
39 241 9206
39 242 9174
39 243 9206
39 244 9318
39 245 9350
39 246 9318
39 247 9350
39 248 9510
39 249 9510
39 250 9510
39 251 9510
39 252 9638
39 253 9638
39 254 9638
39 255 9638
40 0 6
40 1 38
40 2 134
40 3 134
40 4 326
40 5 326
40 6 390
40 7 422
40 8 390
40 9 422
40 10 454
40 11 454
40 12 710
40 13 710
40 14 710
40 15 742
40 16 646
40 17 678
40 18 774
40 19 774
40 20 838
40 21 838
40 22 902
40 23 934
40 24 1030
40 25 1062
40 26 1094
40 27 1094
40 28 1222
40 29 1222
40 30 1222
40 31 1254
40 32 1286
40 33 1318
40 34 1414
40 35 1414
40 36 1606
40 37 1606
40 38 1670
40 39 1702
40 40 1670
40 41 1702
40 42 1734
40 43 1734
40 44 1990
40 45 1990
40 46 1990
40 47 2022
40 48 1926
40 49 1958
40 50 2054
40 51 2054
40 52 2118
40 53 2118
40 54 2182
40 55 2214
40 56 2310
40 57 2342
40 58 2374
40 59 2374
40 60 2502
40 61 2502
40 62 2502
40 63 2534
40 64 2566
40 65 2598
40 66 2694
40 67 2694
40 68 2886
40 69 2886
40 70 2950
40 71 2982
40 72 2950
40 73 2982
40 74 3014
40 75 3014
40 76 3270
40 77 3270
40 78 3270
40 79 3302
40 80 3206
40 81 3238
40 82 3334
40 83 3334
40 84 3398
40 85 3398
40 86 3462
40 87 3494
40 88 3590
40 89 3622
40 90 3654
40 91 3654
40 92 3782
40 93 3782
40 94 3782
40 95 3814
40 96 3846
40 97 3878
40 98 3974
40 99 3974
40 100 4166
40 101 4166
40 102 4230
40 103 4262
40 104 4230
40 105 4262
40 106 4294
40 107 4294
40 108 4550
40 109 4550
40 110 4550
40 111 4582
40 112 4486
40 113 4518
40 114 4614
40 115 4614
40 116 4678
40 117 4678
40 118 4742
40 119 4774
40 120 4870
40 121 4902
40 122 4934
40 123 4934
40 124 5062
40 125 5062
40 126 5062
40 127 5094
40 128 5126
40 129 5158
40 130 5254
40 131 5254
40 132 5446
40 133 5446
40 134 5510
40 135 5542
40 136 5510
40 137 5542
40 138 5574
40 139 5574
40 140 5830
40 141 5830
40 142 5830
40 143 5862
40 144 5766
40 145 5798
40 146 5894
40 147 5894
40 148 5958
40 149 5958
40 150 6022
40 151 6054
40 152 6150
40 153 6182
40 154 6214
40 155 6214
40 156 6342
40 157 6342
40 158 6342
40 159 6374
40 160 6406
40 161 6438
40 162 6534
40 163 6534
40 164 6726
40 165 6726
40 166 6790
40 167 6822
40 168 6790
40 169 6822
40 170 6854
40 171 6854
40 172 7110
40 173 7110
40 174 7110
40 175 7142
40 176 7046
40 177 7078
40 178 7174
40 179 7174
40 180 7238
40 181 7238
40 182 7302
40 183 7334
40 184 7430
40 185 7462
40 186 7494
40 187 7494
40 188 7622
40 189 7622
40 190 7622
40 191 7654
40 192 7686
40 193 7718
40 194 7814
40 195 7814
40 196 8006
40 197 8006
40 198 8070
40 199 8102
40 200 8070
40 201 8102
40 202 8134
40 203 8134
40 204 8390
40 205 8390
40 206 8390
40 207 8422
40 208 8326
40 209 8358
40 210 8454
40 211 8454
40 212 8518
40 213 8518
40 214 8582
40 215 8614
40 216 8710
40 217 8742
40 218 8774
40 219 8774
40 220 8902
40 221 8902
40 222 8902
40 223 8934
40 224 8966
40 225 8998
40 226 9094
40 227 9094
40 228 9286
40 229 9286
40 230 9350
40 231 9382
40 232 9350
40 233 9382
40 234 9414
40 235 9414
40 236 9670
40 237 9670
40 238 9670
40 239 9702
40 240 9606
40 241 9638
40 242 9734
40 243 9734
40 244 9798
40 245 9798
40 246 9862
40 247 9894
40 248 9990
40 249 10022
40 250 10054
40 251 10054
40 252 10182
40 253 10182
40 254 10182
40 255 10214
41 0 6
41 1 38
41 2 134
41 3 134
41 4 326
41 5 326
41 6 390
41 7 422
41 8 390
41 9 422
41 10 454
41 11 454
41 12 710
41 13 710
41 14 710
41 15 742
41 16 662
41 17 694
41 18 790
41 19 790
41 20 854
41 21 854
41 22 918
41 23 950
41 24 1046
41 25 1078
41 26 1110
41 27 1110
41 28 1238
41 29 1238
41 30 1238
41 31 1270
41 32 1318
41 33 1318
41 34 1414
41 35 1414
41 36 1606
41 37 1606
41 38 1702
41 39 1702
41 40 1702
41 41 1702
41 42 1734
41 43 1734
41 44 1990
41 45 1990
41 46 2022
41 47 2022
41 48 1974
41 49 1974
41 50 2070
41 51 2070
41 52 2134
41 53 2134
41 54 2230
41 55 2230
41 56 2358
41 57 2358
41 58 2390
41 59 2390
41 60 2518
41 61 2518
41 62 2550
41 63 2550
41 64 2630
41 65 2662
41 66 2758
41 67 2758
41 68 2950
41 69 2950
41 70 3014
41 71 3046
41 72 3014
41 73 3046
41 74 3078
41 75 3078
41 76 3334
41 77 3334
41 78 3334
41 79 3366
41 80 3286
41 81 3318
41 82 3414
41 83 3414
41 84 3478
41 85 3478
41 86 3542
41 87 3574
41 88 3670
41 89 3702
41 90 3734
41 91 3734
41 92 3862
41 93 3862
41 94 3862
41 95 3894
41 96 3942
41 97 3942
41 98 4038
41 99 4038
41 100 4230
41 101 4230
41 102 4326
41 103 4326
41 104 4326
41 105 4326
41 106 4358
41 107 4358
41 108 4614
41 109 4614
41 110 4646
41 111 4646
41 112 4598
41 113 4598
41 114 4694
41 115 4694
41 116 4758
41 117 4758
41 118 4854
41 119 4854
41 120 4982
41 121 4982
41 122 5014
41 123 5014
41 124 5142
41 125 5142
41 126 5174
41 127 5174
41 128 5254
41 129 5286
41 130 5382
41 131 5382
41 132 5446
41 133 5446
41 134 5510
41 135 5542
41 136 5638
41 137 5670
41 138 5702
41 139 5702
41 140 5830
41 141 5830
41 142 5830
41 143 5862
41 144 5910
41 145 5942
41 146 6038
41 147 6038
41 148 6102
41 149 6102
41 150 6166
41 151 6198
41 152 6294
41 153 6326
41 154 6358
41 155 6358
41 156 6486
41 157 6486
41 158 6486
41 159 6518
41 160 6566
41 161 6566
41 162 6662
41 163 6662
41 164 6726
41 165 6726
41 166 6822
41 167 6822
41 168 6950
41 169 6950
41 170 6982
41 171 6982
41 172 7110
41 173 7110
41 174 7142
41 175 7142
41 176 7222
41 177 7222
41 178 7318
41 179 7318
41 180 7382
41 181 7382
41 182 7478
41 183 7478
41 184 7606
41 185 7606
41 186 7638
41 187 7638
41 188 7766
41 189 7766
41 190 7798
41 191 7798
41 192 7878
41 193 7910
41 194 8006
41 195 8006
41 196 8070
41 197 8070
41 198 8134
41 199 8166
41 200 8262
41 201 8294
41 202 8326
41 203 8326
41 204 8454
41 205 8454
41 206 8454
41 207 8486
41 208 8534
41 209 8566
41 210 8662
41 211 8662
41 212 8726
41 213 8726
41 214 8790
41 215 8822
41 216 8918
41 217 8950
41 218 8982
41 219 8982
41 220 9110
41 221 9110
41 222 9110
41 223 9142
41 224 9190
41 225 9190
41 226 9286
41 227 9286
41 228 9350
41 229 9350
41 230 9446
41 231 9446
41 232 9574
41 233 9574
41 234 9606
41 235 9606
41 236 9734
41 237 9734
41 238 9766
41 239 9766
41 240 9846
41 241 9846
41 242 9942
41 243 9942
41 244 10006
41 245 10006
41 246 10102
41 247 10102
41 248 10230
41 249 10230
41 250 10262
41 251 10262
41 252 10390
41 253 10390
41 254 10422
41 255 10422
42 0 6
42 1 38
42 2 134
42 3 134
42 4 326
42 5 326
42 6 390
42 7 422
42 8 406
42 9 438
42 10 454
42 11 454
42 12 726
42 13 726
42 14 710
42 15 742
42 16 678
42 17 678
42 18 774
42 19 774
42 20 838
42 21 838
42 22 934
42 23 934
42 24 1078
42 25 1078
42 26 1094
42 27 1094
42 28 1238
42 29 1238
42 30 1254
42 31 1254
42 32 1350
42 33 1382
42 34 1414
42 35 1414
42 36 1670
42 37 1670
42 38 1670
42 39 1702
42 40 1686
42 41 1718
42 42 1734
42 43 1734
42 44 2006
42 45 2006
42 46 1990
42 47 2022
42 48 2022
42 49 2022
42 50 2054
42 51 2054
42 52 2182
42 53 2182
42 54 2214
42 55 2214
42 56 2358
42 57 2358
42 58 2374
42 59 2374
42 60 2518
42 61 2518
42 62 2534
42 63 2534
42 64 2694
42 65 2726
42 66 2822
42 67 2822
42 68 2886
42 69 2886
42 70 2950
42 71 2982
42 72 3094
42 73 3126
42 74 3142
42 75 3142
42 76 3286
42 77 3286
42 78 3270
42 79 3302
42 80 3366
42 81 3366
42 82 3462
42 83 3462
42 84 3526
42 85 3526
42 86 3622
42 87 3622
42 88 3766
42 89 3766
42 90 3782
42 91 3782
42 92 3926
42 93 3926
42 94 3942
42 95 3942
42 96 4038
42 97 4070
42 98 4102
42 99 4102
42 100 4230
42 101 4230
42 102 4230
42 103 4262
42 104 4374
42 105 4406
42 106 4422
42 107 4422
42 108 4566
42 109 4566
42 110 4550
42 111 4582
42 112 4710
42 113 4710
42 114 4742
42 115 4742
42 116 4870
42 117 4870
42 118 4902
42 119 4902
42 120 5046
42 121 5046
42 122 5062
42 123 5062
42 124 5206
42 125 5206
42 126 5222
42 127 5222
42 128 5382
42 129 5414
42 130 5510
42 131 5510
42 132 5702
42 133 5702
42 134 5766
42 135 5798
42 136 5782
42 137 5814
42 138 5830
42 139 5830
42 140 6102
42 141 6102
42 142 6086
42 143 6118
42 144 6054
42 145 6054
42 146 6150
42 147 6150
42 148 6214
42 149 6214
42 150 6310
42 151 6310
42 152 6454
42 153 6454
42 154 6470
42 155 6470
42 156 6614
42 157 6614
42 158 6630
42 159 6630
42 160 6726
42 161 6758
42 162 6790
42 163 6790
42 164 7046
42 165 7046
42 166 7046
42 167 7078
42 168 7062
42 169 7094
42 170 7110
42 171 7110
42 172 7382
42 173 7382
42 174 7366
42 175 7398
42 176 7398
42 177 7398
42 178 7430
42 179 7430
42 180 7558
42 181 7558
42 182 7590
42 183 7590
42 184 7734
42 185 7734
42 186 7750
42 187 7750
42 188 7894
42 189 7894
42 190 7910
42 191 7910
42 192 8070
42 193 8102
42 194 8198
42 195 8198
42 196 8262
42 197 8262
42 198 8326
42 199 8358
42 200 8470
42 201 8502
42 202 8518
42 203 8518
42 204 8662
42 205 8662
42 206 8646
42 207 8678
42 208 8742
42 209 8742
42 210 8838
42 211 8838
42 212 8902
42 213 8902
42 214 8998
42 215 8998
42 216 9142
42 217 9142
42 218 9158
42 219 9158
42 220 9302
42 221 9302
42 222 9318
42 223 9318
42 224 9414
42 225 9446
42 226 9478
42 227 9478
42 228 9606
42 229 9606
42 230 9606
42 231 9638
42 232 9750
42 233 9782
42 234 9798
42 235 9798
42 236 9942
42 237 9942
42 238 9926
42 239 9958
42 240 10086
42 241 10086
42 242 10118
42 243 10118
42 244 10246
42 245 10246
42 246 10278
42 247 10278
42 248 10422
42 249 10422
42 250 10438
42 251 10438
42 252 10582
42 253 10582
42 254 10598
42 255 10598
43 0 6
43 1 38
43 2 134
43 3 134
43 4 326
43 5 326
43 6 390
43 7 422
43 8 406
43 9 438
43 10 454
43 11 454
43 12 726
43 13 726
43 14 710
43 15 742
43 16 694
43 17 694
43 18 790
43 19 790
43 20 854
43 21 854
43 22 950
43 23 950
43 24 1094
43 25 1094
43 26 1110
43 27 1110
43 28 1254
43 29 1254
43 30 1270
43 31 1270
43 32 1382
43 33 1382
43 34 1414
43 35 1414
43 36 1670
43 37 1670
43 38 1702
43 39 1702
43 40 1718
43 41 1718
43 42 1734
43 43 1734
43 44 2006
43 45 2006
43 46 2022
43 47 2022
43 48 2070
43 49 2102
43 50 2134
43 51 2134
43 52 2262
43 53 2262
43 54 2262
43 55 2294
43 56 2406
43 57 2438
43 58 2454
43 59 2454
43 60 2598
43 61 2598
43 62 2582
43 63 2614
43 64 2758
43 65 2790
43 66 2886
43 67 2886
43 68 2950
43 69 2950
43 70 3014
43 71 3046
43 72 3158
43 73 3190
43 74 3206
43 75 3206
43 76 3350
43 77 3350
43 78 3334
43 79 3366
43 80 3446
43 81 3446
43 82 3542
43 83 3542
43 84 3606
43 85 3606
43 86 3702
43 87 3702
43 88 3846
43 89 3846
43 90 3862
43 91 3862
43 92 4006
43 93 4006
43 94 4022
43 95 4022
43 96 4134
43 97 4134
43 98 4166
43 99 4166
43 100 4294
43 101 4294
43 102 4326
43 103 4326
43 104 4470
43 105 4470
43 106 4486
43 107 4486
43 108 4630
43 109 4630
43 110 4646
43 111 4646
43 112 4822
43 113 4854
43 114 4886
43 115 4886
43 116 5014
43 117 5014
43 118 5014
43 119 5046
43 120 5158
43 121 5190
43 122 5206
43 123 5206
43 124 5350
43 125 5350
43 126 5334
43 127 5366
43 128 5510
43 129 5542
43 130 5638
43 131 5638
43 132 5702
43 133 5702
43 134 5766
43 135 5798
43 136 5910
43 137 5942
43 138 5958
43 139 5958
43 140 6102
43 141 6102
43 142 6086
43 143 6118
43 144 6198
43 145 6198
43 146 6294
43 147 6294
43 148 6358
43 149 6358
43 150 6454
43 151 6454
43 152 6598
43 153 6598
43 154 6614
43 155 6614
43 156 6758
43 157 6758
43 158 6774
43 159 6774
43 160 6886
43 161 6886
43 162 6918
43 163 6918
43 164 7046
43 165 7046
43 166 7078
43 167 7078
43 168 7222
43 169 7222
43 170 7238
43 171 7238
43 172 7382
43 173 7382
43 174 7398
43 175 7398
43 176 7574
43 177 7606
43 178 7638
43 179 7638
43 180 7766
43 181 7766
43 182 7766
43 183 7798
43 184 7910
43 185 7942
43 186 7958
43 187 7958
43 188 8102
43 189 8102
43 190 8086
43 191 8118
43 192 8262
43 193 8294
43 194 8390
43 195 8390
43 196 8454
43 197 8454
43 198 8518
43 199 8550
43 200 8662
43 201 8694
43 202 8710
43 203 8710
43 204 8854
43 205 8854
43 206 8838
43 207 8870
43 208 8822
43 209 8822
43 210 8918
43 211 8918
43 212 8982
43 213 8982
43 214 9078
43 215 9078
43 216 9222
43 217 9222
43 218 9238
43 219 9238
43 220 9382
43 221 9382
43 222 9398
43 223 9398
43 224 9638
43 225 9638
43 226 9670
43 227 9670
43 228 9798
43 229 9798
43 230 9830
43 231 9830
43 232 9974
43 233 9974
43 234 9990
43 235 9990
43 236 10134
43 237 10134
43 238 10150
43 239 10150
43 240 10198
43 241 10230
43 242 10262
43 243 10262
43 244 10390
43 245 10390
43 246 10390
43 247 10422
43 248 10534
43 249 10566
43 250 10582
43 251 10582
43 252 10726
43 253 10726
43 254 10710
43 255 10742
44 0 6
44 1 38
44 2 134
44 3 134
44 4 342
44 5 342
44 6 390
44 7 422
44 8 454
44 9 454
44 10 454
44 11 486
44 12 726
44 13 726
44 14 742
44 15 742
44 16 710
44 17 742
44 18 774
44 19 774
44 20 918
44 21 918
44 22 902
44 23 934
44 24 1094
44 25 1094
44 26 1094
44 27 1126
44 28 1238
44 29 1238
44 30 1254
44 31 1254
44 32 1414
44 33 1446
44 34 1542
44 35 1542
44 36 1622
44 37 1622
44 38 1670
44 39 1702
44 40 1862
44 41 1862
44 42 1862
44 43 1894
44 44 2006
44 45 2006
44 46 2022
44 47 2022
44 48 2118
44 49 2150
44 50 2182
44 51 2182
44 52 2326
44 53 2326
44 54 2310
44 55 2342
44 56 2502
44 57 2502
44 58 2502
44 59 2534
44 60 2646
44 61 2646
44 62 2662
44 63 2662
44 64 2822
44 65 2854
44 66 2950
44 67 2950
44 68 3158
44 69 3158
44 70 3206
44 71 3238
44 72 3270
44 73 3270
44 74 3270
44 75 3302
44 76 3542
44 77 3542
44 78 3558
44 79 3558
44 80 3526
44 81 3558
44 82 3590
44 83 3590
44 84 3734
44 85 3734
44 86 3718
44 87 3750
44 88 3910
44 89 3910
44 90 3910
44 91 3942
44 92 4054
44 93 4054
44 94 4070
44 95 4070
44 96 4230
44 97 4262
44 98 4358
44 99 4358
44 100 4438
44 101 4438
44 102 4486
44 103 4518
44 104 4678
44 105 4678
44 106 4678
44 107 4710
44 108 4822
44 109 4822
44 110 4838
44 111 4838
44 112 4934
44 113 4966
44 114 4998
44 115 4998
44 116 5142
44 117 5142
44 118 5126
44 119 5158
44 120 5318
44 121 5318
44 122 5318
44 123 5350
44 124 5462
44 125 5462
44 126 5478
44 127 5478
44 128 5638
44 129 5670
44 130 5766
44 131 5766
44 132 5974
44 133 5974
44 134 6022
44 135 6054
44 136 6086
44 137 6086
44 138 6086
44 139 6118
44 140 6358
44 141 6358
44 142 6374
44 143 6374
44 144 6342
44 145 6374
44 146 6406
44 147 6406
44 148 6550
44 149 6550
44 150 6534
44 151 6566
44 152 6726
44 153 6726
44 154 6726
44 155 6758
44 156 6870
44 157 6870
44 158 6886
44 159 6886
44 160 7046
44 161 7078
44 162 7174
44 163 7174
44 164 7254
44 165 7254
44 166 7302
44 167 7334
44 168 7494
44 169 7494
44 170 7494
44 171 7526
44 172 7638
44 173 7638
44 174 7654
44 175 7654
44 176 7750
44 177 7782
44 178 7814
44 179 7814
44 180 7958
44 181 7958
44 182 7942
44 183 7974
44 184 8134
44 185 8134
44 186 8134
44 187 8166
44 188 8278
44 189 8278
44 190 8294
44 191 8294
44 192 8454
44 193 8486
44 194 8582
44 195 8582
44 196 8790
44 197 8790
44 198 8838
44 199 8870
44 200 8902
44 201 8902
44 202 8902
44 203 8934
44 204 9174
44 205 9174
44 206 9190
44 207 9190
44 208 9158
44 209 9190
44 210 9222
44 211 9222
44 212 9366
44 213 9366
44 214 9350
44 215 9382
44 216 9542
44 217 9542
44 218 9542
44 219 9574
44 220 9686
44 221 9686
44 222 9702
44 223 9702
44 224 9862
44 225 9894
44 226 9990
44 227 9990
44 228 10070
44 229 10070
44 230 10118
44 231 10150
44 232 10310
44 233 10310
44 234 10310
44 235 10342
44 236 10454
44 237 10454
44 238 10470
44 239 10470
44 240 10566
44 241 10598
44 242 10630
44 243 10630
44 244 10774
44 245 10774
44 246 10758
44 247 10790
44 248 10950
44 249 10950
44 250 10950
44 251 10982
44 252 11094
44 253 11094
44 254 11110
44 255 11110
45 0 6
45 1 38
45 2 134
45 3 134
45 4 342
45 5 342
45 6 390
45 7 422
45 8 454
45 9 454
45 10 454
45 11 486
45 12 726
45 13 726
45 14 742
45 15 742
45 16 726
45 17 758
45 18 790
45 19 790
45 20 934
45 21 934
45 22 918
45 23 950
45 24 1110
45 25 1110
45 26 1110
45 27 1142
45 28 1254
45 29 1254
45 30 1270
45 31 1270
45 32 1446
45 33 1446
45 34 1542
45 35 1542
45 36 1622
45 37 1622
45 38 1702
45 39 1702
45 40 1862
45 41 1862
45 42 1894
45 43 1894
45 44 2006
45 45 2006
45 46 2022
45 47 2022
45 48 2166
45 49 2166
45 50 2198
45 51 2198
45 52 2342
45 53 2342
45 54 2358
45 55 2358
45 56 2518
45 57 2518
45 58 2550
45 59 2550
45 60 2662
45 61 2662
45 62 2678
45 63 2678
45 64 2886
45 65 2918
45 66 3014
45 67 3014
45 68 3222
45 69 3222
45 70 3270
45 71 3302
45 72 3334
45 73 3334
45 74 3334
45 75 3366
45 76 3606
45 77 3606
45 78 3622
45 79 3622
45 80 3606
45 81 3638
45 82 3670
45 83 3670
45 84 3814
45 85 3814
45 86 3798
45 87 3830
45 88 3990
45 89 3990
45 90 3990
45 91 4022
45 92 4134
45 93 4134
45 94 4150
45 95 4150
45 96 4326
45 97 4326
45 98 4422
45 99 4422
45 100 4502
45 101 4502
45 102 4582
45 103 4582
45 104 4742
45 105 4742
45 106 4774
45 107 4774
45 108 4886
45 109 4886
45 110 4902
45 111 4902
45 112 5046
45 113 5046
45 114 5078
45 115 5078
45 116 5222
45 117 5222
45 118 5238
45 119 5238
45 120 5398
45 121 5398
45 122 5430
45 123 5430
45 124 5542
45 125 5542
45 126 5558
45 127 5558
45 128 5766
45 129 5798
45 130 5894
45 131 5894
45 132 5974
45 133 5974
45 134 6022
45 135 6054
45 136 6214
45 137 6214
45 138 6214
45 139 6246
45 140 6358
45 141 6358
45 142 6374
45 143 6374
45 144 6486
45 145 6518
45 146 6550
45 147 6550
45 148 6694
45 149 6694
45 150 6678
45 151 6710
45 152 6870
45 153 6870
45 154 6870
45 155 6902
45 156 7014
45 157 7014
45 158 7030
45 159 7030
45 160 7206
45 161 7206
45 162 7302
45 163 7302
45 164 7382
45 165 7382
45 166 7462
45 167 7462
45 168 7622
45 169 7622
45 170 7654
45 171 7654
45 172 7766
45 173 7766
45 174 7782
45 175 7782
45 176 7798
45 177 7798
45 178 7830
45 179 7830
45 180 7974
45 181 7974
45 182 7990
45 183 7990
45 184 8150
45 185 8150
45 186 8182
45 187 8182
45 188 8294
45 189 8294
45 190 8310
45 191 8310
45 192 8646
45 193 8678
45 194 8774
45 195 8774
45 196 8854
45 197 8854
45 198 8902
45 199 8934
45 200 9094
45 201 9094
45 202 9094
45 203 9126
45 204 9238
45 205 9238
45 206 9254
45 207 9254
45 208 9366
45 209 9398
45 210 9430
45 211 9430
45 212 9574
45 213 9574
45 214 9558
45 215 9590
45 216 9750
45 217 9750
45 218 9750
45 219 9782
45 220 9894
45 221 9894
45 222 9910
45 223 9910
45 224 10086
45 225 10086
45 226 10182
45 227 10182
45 228 10262
45 229 10262
45 230 10342
45 231 10342
45 232 10502
45 233 10502
45 234 10534
45 235 10534
45 236 10646
45 237 10646
45 238 10662
45 239 10662
45 240 10678
45 241 10678
45 242 10710
45 243 10710
45 244 10854
45 245 10854
45 246 10870
45 247 10870
45 248 11030
45 249 11030
45 250 11062
45 251 11062
45 252 11174
45 253 11174
45 254 11190
45 255 11190
46 0 6
46 1 38
46 2 134
46 3 134
46 4 342
46 5 342
46 6 390
46 7 422
46 8 470
46 9 470
46 10 454
46 11 486
46 12 726
46 13 726
46 14 742
46 15 742
46 16 742
46 17 742
46 18 774
46 19 774
46 20 918
46 21 918
46 22 934
46 23 934
46 24 1110
46 25 1110
46 26 1126
46 27 1126
46 28 1238
46 29 1238
46 30 1254
46 31 1254
46 32 1478
46 33 1510
46 34 1542
46 35 1542
46 36 1686
46 37 1686
46 38 1670
46 39 1702
46 40 1878
46 41 1878
46 42 1862
46 43 1894
46 44 2006
46 45 2006
46 46 2022
46 47 2022
46 48 2214
46 49 2214
46 50 2246
46 51 2246
46 52 2390
46 53 2390
46 54 2406
46 55 2406
46 56 2582
46 57 2582
46 58 2598
46 59 2598
46 60 2710
46 61 2710
46 62 2726
46 63 2726
46 64 2950
46 65 2982
46 66 3078
46 67 3078
46 68 3158
46 69 3158
46 70 3206
46 71 3238
46 72 3414
46 73 3414
46 74 3398
46 75 3430
46 76 3542
46 77 3542
46 78 3558
46 79 3558
46 80 3686
46 81 3686
46 82 3718
46 83 3718
46 84 3862
46 85 3862
46 86 3878
46 87 3878
46 88 4054
46 89 4054
46 90 4070
46 91 4070
46 92 4182
46 93 4182
46 94 4198
46 95 4198
46 96 4422
46 97 4454
46 98 4486
46 99 4486
46 100 4630
46 101 4630
46 102 4614
46 103 4646
46 104 4822
46 105 4822
46 106 4806
46 107 4838
46 108 4950
46 109 4950
46 110 4966
46 111 4966
46 112 5030
46 113 5030
46 114 5062
46 115 5062
46 116 5206
46 117 5206
46 118 5222
46 119 5222
46 120 5398
46 121 5398
46 122 5414
46 123 5414
46 124 5526
46 125 5526
46 126 5542
46 127 5542
46 128 5894
46 129 5926
46 130 6022
46 131 6022
46 132 6230
46 133 6230
46 134 6278
46 135 6310
46 136 6358
46 137 6358
46 138 6342
46 139 6374
46 140 6614
46 141 6614
46 142 6630
46 143 6630
46 144 6630
46 145 6630
46 146 6662
46 147 6662
46 148 6806
46 149 6806
46 150 6822
46 151 6822
46 152 6998
46 153 6998
46 154 7014
46 155 7014
46 156 7126
46 157 7126
46 158 7142
46 159 7142
46 160 7366
46 161 7398
46 162 7430
46 163 7430
46 164 7574
46 165 7574
46 166 7558
46 167 7590
46 168 7766
46 169 7766
46 170 7750
46 171 7782
46 172 7894
46 173 7894
46 174 7910
46 175 7910
46 176 8102
46 177 8102
46 178 8134
46 179 8134
46 180 8278
46 181 8278
46 182 8294
46 183 8294
46 184 8470
46 185 8470
46 186 8486
46 187 8486
46 188 8598
46 189 8598
46 190 8614
46 191 8614
46 192 8838
46 193 8870
46 194 8966
46 195 8966
46 196 9046
46 197 9046
46 198 9094
46 199 9126
46 200 9302
46 201 9302
46 202 9286
46 203 9318
46 204 9430
46 205 9430
46 206 9446
46 207 9446
46 208 9574
46 209 9574
46 210 9606
46 211 9606
46 212 9750
46 213 9750
46 214 9766
46 215 9766
46 216 9942
46 217 9942
46 218 9958
46 219 9958
46 220 10070
46 221 10070
46 222 10086
46 223 10086
46 224 10310
46 225 10342
46 226 10374
46 227 10374
46 228 10518
46 229 10518
46 230 10502
46 231 10534
46 232 10710
46 233 10710
46 234 10694
46 235 10726
46 236 10838
46 237 10838
46 238 10854
46 239 10854
46 240 10918
46 241 10918
46 242 10950
46 243 10950
46 244 11094
46 245 11094
46 246 11110
46 247 11110
46 248 11286
46 249 11286
46 250 11302
46 251 11302
46 252 11414
46 253 11414
46 254 11430
46 255 11430
47 0 6
47 1 38
47 2 134
47 3 134
47 4 342
47 5 342
47 6 390
47 7 422
47 8 470
47 9 470
47 10 454
47 11 486
47 12 726
47 13 726
47 14 742
47 15 742
47 16 758
47 17 758
47 18 790
47 19 790
47 20 934
47 21 934
47 22 950
47 23 950
47 24 1126
47 25 1126
47 26 1142
47 27 1142
47 28 1254
47 29 1254
47 30 1270
47 31 1270
47 32 1510
47 33 1510
47 34 1542
47 35 1542
47 36 1686
47 37 1686
47 38 1702
47 39 1702
47 40 1878
47 41 1878
47 42 1894
47 43 1894
47 44 2006
47 45 2006
47 46 2022
47 47 2022
47 48 2262
47 49 2294
47 50 2326
47 51 2326
47 52 2470
47 53 2470
47 54 2454
47 55 2486
47 56 2662
47 57 2662
47 58 2646
47 59 2678
47 60 2790
47 61 2790
47 62 2806
47 63 2806
47 64 3014
47 65 3046
47 66 3142
47 67 3142
47 68 3222
47 69 3222
47 70 3270
47 71 3302
47 72 3478
47 73 3478
47 74 3462
47 75 3494
47 76 3606
47 77 3606
47 78 3622
47 79 3622
47 80 3766
47 81 3766
47 82 3798
47 83 3798
47 84 3942
47 85 3942
47 86 3958
47 87 3958
47 88 4134
47 89 4134
47 90 4150
47 91 4150
47 92 4262
47 93 4262
47 94 4278
47 95 4278
47 96 4518
47 97 4518
47 98 4550
47 99 4550
47 100 4694
47 101 4694
47 102 4710
47 103 4710
47 104 4886
47 105 4886
47 106 4902
47 107 4902
47 108 5014
47 109 5014
47 110 5030
47 111 5030
47 112 5078
47 113 5110
47 114 5142
47 115 5142
47 116 5286
47 117 5286
47 118 5270
47 119 5302
47 120 5478
47 121 5478
47 122 5462
47 123 5494
47 124 5606
47 125 5606
47 126 5622
47 127 5622
47 128 6022
47 129 6054
47 130 6150
47 131 6150
47 132 6230
47 133 6230
47 134 6278
47 135 6310
47 136 6486
47 137 6486
47 138 6470
47 139 6502
47 140 6614
47 141 6614
47 142 6630
47 143 6630
47 144 6774
47 145 6774
47 146 6806
47 147 6806
47 148 6950
47 149 6950
47 150 6966
47 151 6966
47 152 7142
47 153 7142
47 154 7158
47 155 7158
47 156 7270
47 157 7270
47 158 7286
47 159 7286
47 160 7526
47 161 7526
47 162 7558
47 163 7558
47 164 7702
47 165 7702
47 166 7718
47 167 7718
47 168 7894
47 169 7894
47 170 7910
47 171 7910
47 172 8022
47 173 8022
47 174 8038
47 175 8038
47 176 8150
47 177 8182
47 178 8214
47 179 8214
47 180 8358
47 181 8358
47 182 8342
47 183 8374
47 184 8550
47 185 8550
47 186 8534
47 187 8566
47 188 8678
47 189 8678
47 190 8694
47 191 8694
47 192 9030
47 193 9062
47 194 9158
47 195 9158
47 196 9238
47 197 9238
47 198 9286
47 199 9318
47 200 9494
47 201 9494
47 202 9478
47 203 9510
47 204 9622
47 205 9622
47 206 9638
47 207 9638
47 208 9654
47 209 9654
47 210 9686
47 211 9686
47 212 9830
47 213 9830
47 214 9846
47 215 9846
47 216 10022
47 217 10022
47 218 10038
47 219 10038
47 220 10150
47 221 10150
47 222 10166
47 223 10166
47 224 10406
47 225 10406
47 226 10438
47 227 10438
47 228 10582
47 229 10582
47 230 10598
47 231 10598
47 232 10774
47 233 10774
47 234 10790
47 235 10790
47 236 10902
47 237 10902
47 238 10918
47 239 10918
47 240 10966
47 241 10998
47 242 11030
47 243 11030
47 244 11174
47 245 11174
47 246 11158
47 247 11190
47 248 11366
47 249 11366
47 250 11350
47 251 11382
47 252 11494
47 253 11494
47 254 11510
47 255 11510
48 0 6
48 1 70
48 2 102
48 3 166
48 4 390
48 5 454
48 6 422
48 7 486
48 8 518
48 9 582
48 10 614
48 11 678
48 12 646
48 13 710
48 14 678
48 15 742
48 16 774
48 17 838
48 18 870
48 19 934
48 20 1158
48 21 1222
48 22 1190
48 23 1254
48 24 1286
48 25 1350
48 26 1382
48 27 1446
48 28 1414
48 29 1478
48 30 1446
48 31 1510
48 32 1542
48 33 1606
48 34 1638
48 35 1702
48 36 1926
48 37 1990
48 38 1958
48 39 2022
48 40 2054
48 41 2118
48 42 2150
48 43 2214
48 44 2182
48 45 2246
48 46 2214
48 47 2278
48 48 2310
48 49 2374
48 50 2406
48 51 2470
48 52 2694
48 53 2758
48 54 2726
48 55 2790
48 56 2822
48 57 2886
48 58 2918
48 59 2982
48 60 2950
48 61 3014
48 62 2982
48 63 3046
48 64 3078
48 65 3142
48 66 3174
48 67 3238
48 68 3462
48 69 3526
48 70 3494
48 71 3558
48 72 3590
48 73 3654
48 74 3686
48 75 3750
48 76 3718
48 77 3782
48 78 3750
48 79 3814
48 80 3846
48 81 3910
48 82 3942
48 83 4006
48 84 4230
48 85 4294
48 86 4262
48 87 4326
48 88 4358
48 89 4422
48 90 4454
48 91 4518
48 92 4486
48 93 4550
48 94 4518
48 95 4582
48 96 4614
48 97 4678
48 98 4710
48 99 4774
48 100 4998
48 101 5062
48 102 5030
48 103 5094
48 104 5126
48 105 5190
48 106 5222
48 107 5286
48 108 5254
48 109 5318
48 110 5286
48 111 5350
48 112 5382
48 113 5446
48 114 5478
48 115 5542
48 116 5766
48 117 5830
48 118 5798
48 119 5862
48 120 5894
48 121 5958
48 122 5990
48 123 6054
48 124 6022
48 125 6086
48 126 6054
48 127 6118
48 128 6150
48 129 6214
48 130 6246
48 131 6310
48 132 6534
48 133 6598
48 134 6566
48 135 6630
48 136 6662
48 137 6726
48 138 6758
48 139 6822
48 140 6790
48 141 6854
48 142 6822
48 143 6886
48 144 6918
48 145 6982
48 146 7014
48 147 7078
48 148 7302
48 149 7366
48 150 7334
48 151 7398
48 152 7430
48 153 7494
48 154 7526
48 155 7590
48 156 7558
48 157 7622
48 158 7590
48 159 7654
48 160 7686
48 161 7750
48 162 7782
48 163 7846
48 164 8070
48 165 8134
48 166 8102
48 167 8166
48 168 8198
48 169 8262
48 170 8294
48 171 8358
48 172 8326
48 173 8390
48 174 8358
48 175 8422
48 176 8454
48 177 8518
48 178 8550
48 179 8614
48 180 8838
48 181 8902
48 182 8870
48 183 8934
48 184 8966
48 185 9030
48 186 9062
48 187 9126
48 188 9094
48 189 9158
48 190 9126
48 191 9190
48 192 9222
48 193 9286
48 194 9318
48 195 9382
48 196 9606
48 197 9670
48 198 9638
48 199 9702
48 200 9734
48 201 9798
48 202 9830
48 203 9894
48 204 9862
48 205 9926
48 206 9894
48 207 9958
48 208 9990
48 209 10054
48 210 10086
48 211 10150
48 212 10374
48 213 10438
48 214 10406
48 215 10470
48 216 10502
48 217 10566
48 218 10598
48 219 10662
48 220 10630
48 221 10694
48 222 10662
48 223 10726
48 224 10758
48 225 10822
48 226 10854
48 227 10918
48 228 11142
48 229 11206
48 230 11174
48 231 11238
48 232 11270
48 233 11334
48 234 11366
48 235 11430
48 236 11398
48 237 11462
48 238 11430
48 239 11494
48 240 11526
48 241 11590
48 242 11622
48 243 11686
48 244 11910
48 245 11974
48 246 11942
48 247 12006
48 248 12038
48 249 12102
48 250 12134
48 251 12198
48 252 12166
48 253 12230
48 254 12198
48 255 12262
49 0 6
49 1 70
49 2 102
49 3 166
49 4 390
49 5 454
49 6 422
49 7 486
49 8 518
49 9 582
49 10 614
49 11 678
49 12 646
49 13 710
49 14 678
49 15 742
49 16 790
49 17 854
49 18 886
49 19 950
49 20 1174
49 21 1238
49 22 1206
49 23 1270
49 24 1302
49 25 1366
49 26 1398
49 27 1462
49 28 1430
49 29 1494
49 30 1462
49 31 1526
49 32 1574
49 33 1606
49 34 1638
49 35 1702
49 36 1958
49 37 1990
49 38 1958
49 39 2022
49 40 2086
49 41 2118
49 42 2150
49 43 2214
49 44 2214
49 45 2246
49 46 2214
49 47 2278
49 48 2358
49 49 2390
49 50 2422
49 51 2486
49 52 2742
49 53 2774
49 54 2742
49 55 2806
49 56 2870
49 57 2902
49 58 2934
49 59 2998
49 60 2998
49 61 3030
49 62 2998
49 63 3062
49 64 3142
49 65 3206
49 66 3238
49 67 3302
49 68 3526
49 69 3590
49 70 3558
49 71 3622
49 72 3654
49 73 3718
49 74 3750
49 75 3814
49 76 3782
49 77 3846
49 78 3814
49 79 3878
49 80 3926
49 81 3990
49 82 4022
49 83 4086
49 84 4310
49 85 4374
49 86 4342
49 87 4406
49 88 4438
49 89 4502
49 90 4534
49 91 4598
49 92 4566
49 93 4630
49 94 4598
49 95 4662
49 96 4710
49 97 4742
49 98 4774
49 99 4838
49 100 5094
49 101 5126
49 102 5094
49 103 5158
49 104 5222
49 105 5254
49 106 5286
49 107 5350
49 108 5350
49 109 5382
49 110 5350
49 111 5414
49 112 5494
49 113 5526
49 114 5558
49 115 5622
49 116 5878
49 117 5910
49 118 5878
49 119 5942
49 120 6006
49 121 6038
49 122 6070
49 123 6134
49 124 6134
49 125 6166
49 126 6134
49 127 6198
49 128 6278
49 129 6342
49 130 6374
49 131 6438
49 132 6534
49 133 6598
49 134 6566
49 135 6630
49 136 6662
49 137 6726
49 138 6758
49 139 6822
49 140 6918
49 141 6982
49 142 6950
49 143 7014
49 144 7062
49 145 7126
49 146 7158
49 147 7222
49 148 7318
49 149 7382
49 150 7350
49 151 7414
49 152 7446
49 153 7510
49 154 7542
49 155 7606
49 156 7702
49 157 7766
49 158 7734
49 159 7798
49 160 7846
49 161 7878
49 162 7910
49 163 7974
49 164 8102
49 165 8134
49 166 8102
49 167 8166
49 168 8230
49 169 8262
49 170 8294
49 171 8358
49 172 8486
49 173 8518
49 174 8486
49 175 8550
49 176 8630
49 177 8662
49 178 8694
49 179 8758
49 180 8886
49 181 8918
49 182 8886
49 183 8950
49 184 9014
49 185 9046
49 186 9078
49 187 9142
49 188 9270
49 189 9302
49 190 9270
49 191 9334
49 192 9414
49 193 9478
49 194 9510
49 195 9574
49 196 9670
49 197 9734
49 198 9702
49 199 9766
49 200 9798
49 201 9862
49 202 9894
49 203 9958
49 204 10054
49 205 10118
49 206 10086
49 207 10150
49 208 10198
49 209 10262
49 210 10294
49 211 10358
49 212 10454
49 213 10518
49 214 10486
49 215 10550
49 216 10582
49 217 10646
49 218 10678
49 219 10742
49 220 10838
49 221 10902
49 222 10870
49 223 10934
49 224 10982
49 225 11014
49 226 11046
49 227 11110
49 228 11238
49 229 11270
49 230 11238
49 231 11302
49 232 11366
49 233 11398
49 234 11430
49 235 11494
49 236 11622
49 237 11654
49 238 11622
49 239 11686
49 240 11766
49 241 11798
49 242 11830
49 243 11894
49 244 12022
49 245 12054
49 246 12022
49 247 12086
49 248 12150
49 249 12182
49 250 12214
49 251 12278
49 252 12406
49 253 12438
49 254 12406
49 255 12470
50 0 6
50 1 70
50 2 102
50 3 166
50 4 390
50 5 454
50 6 422
50 7 486
50 8 534
50 9 582
50 10 630
50 11 678
50 12 662
50 13 710
50 14 694
50 15 742
50 16 806
50 17 838
50 18 870
50 19 934
50 20 1190
50 21 1222
50 22 1190
50 23 1254
50 24 1334
50 25 1350
50 26 1398
50 27 1446
50 28 1462
50 29 1478
50 30 1462
50 31 1510
50 32 1606
50 33 1670
50 34 1638
50 35 1702
50 36 1926
50 37 1990
50 38 1958
50 39 2022
50 40 2134
50 41 2182
50 42 2166
50 43 2214
50 44 2198
50 45 2246
50 46 2230
50 47 2278
50 48 2406
50 49 2438
50 50 2406
50 51 2470
50 52 2726
50 53 2758
50 54 2726
50 55 2790
50 56 2934
50 57 2950
50 58 2934
50 59 2982
50 60 2998
50 61 3014
50 62 2998
50 63 3046
50 64 3206
50 65 3270
50 66 3302
50 67 3366
50 68 3462
50 69 3526
50 70 3494
50 71 3558
50 72 3606
50 73 3654
50 74 3702
50 75 3750
50 76 3862
50 77 3910
50 78 3894
50 79 3942
50 80 4006
50 81 4038
50 82 4070
50 83 4134
50 84 4262
50 85 4294
50 86 4262
50 87 4326
50 88 4406
50 89 4422
50 90 4470
50 91 4518
50 92 4662
50 93 4678
50 94 4662
50 95 4710
50 96 4806
50 97 4870
50 98 4838
50 99 4902
50 100 4998
50 101 5062
50 102 5030
50 103 5094
50 104 5206
50 105 5254
50 106 5238
50 107 5286
50 108 5398
50 109 5446
50 110 5430
50 111 5478
50 112 5606
50 113 5638
50 114 5606
50 115 5670
50 116 5798
50 117 5830
50 118 5798
50 119 5862
50 120 6006
50 121 6022
50 122 6006
50 123 6054
50 124 6198
50 125 6214
50 126 6198
50 127 6246
50 128 6406
50 129 6470
50 130 6502
50 131 6566
50 132 6790
50 133 6854
50 134 6822
50 135 6886
50 136 6934
50 137 6982
50 138 7030
50 139 7078
50 140 7062
50 141 7110
50 142 7094
50 143 7142
50 144 7206
50 145 7238
50 146 7270
50 147 7334
50 148 7590
50 149 7622
50 150 7590
50 151 7654
50 152 7734
50 153 7750
50 154 7798
50 155 7846
50 156 7862
50 157 7878
50 158 7862
50 159 7910
50 160 8006
50 161 8070
50 162 8038
50 163 8102
50 164 8326
50 165 8390
50 166 8358
50 167 8422
50 168 8534
50 169 8582
50 170 8566
50 171 8614
50 172 8598
50 173 8646
50 174 8630
50 175 8678
50 176 8806
50 177 8838
50 178 8806
50 179 8870
50 180 9126
50 181 9158
50 182 9126
50 183 9190
50 184 9334
50 185 9350
50 186 9334
50 187 9382
50 188 9398
50 189 9414
50 190 9398
50 191 9446
50 192 9606
50 193 9670
50 194 9702
50 195 9766
50 196 9862
50 197 9926
50 198 9894
50 199 9958
50 200 10006
50 201 10054
50 202 10102
50 203 10150
50 204 10262
50 205 10310
50 206 10294
50 207 10342
50 208 10406
50 209 10438
50 210 10470
50 211 10534
50 212 10662
50 213 10694
50 214 10662
50 215 10726
50 216 10806
50 217 10822
50 218 10870
50 219 10918
50 220 11062
50 221 11078
50 222 11062
50 223 11110
50 224 11206
50 225 11270
50 226 11238
50 227 11302
50 228 11398
50 229 11462
50 230 11430
50 231 11494
50 232 11606
50 233 11654
50 234 11638
50 235 11686
50 236 11798
50 237 11846
50 238 11830
50 239 11878
50 240 12006
50 241 12038
50 242 12006
50 243 12070
50 244 12198
50 245 12230
50 246 12198
50 247 12262
50 248 12406
50 249 12422
50 250 12406
50 251 12454
50 252 12598
50 253 12614
50 254 12598
50 255 12646
51 0 6
51 1 70
51 2 102
51 3 166
51 4 390
51 5 454
51 6 422
51 7 486
51 8 534
51 9 582
51 10 630
51 11 678
51 12 662
51 13 710
51 14 694
51 15 742
51 16 822
51 17 854
51 18 886
51 19 950
51 20 1206
51 21 1238
51 22 1206
51 23 1270
51 24 1350
51 25 1366
51 26 1414
51 27 1462
51 28 1478
51 29 1494
51 30 1478
51 31 1526
51 32 1638
51 33 1670
51 34 1638
51 35 1702
51 36 1958
51 37 1990
51 38 1958
51 39 2022
51 40 2166
51 41 2182
51 42 2166
51 43 2214
51 44 2230
51 45 2246
51 46 2230
51 47 2278
51 48 2454
51 49 2518
51 50 2486
51 51 2550
51 52 2774
51 53 2838
51 54 2806
51 55 2870
51 56 2982
51 57 3030
51 58 3014
51 59 3062
51 60 3046
51 61 3094
51 62 3078
51 63 3126
51 64 3270
51 65 3334
51 66 3366
51 67 3430
51 68 3526
51 69 3590
51 70 3558
51 71 3622
51 72 3670
51 73 3718
51 74 3766
51 75 3814
51 76 3926
51 77 3974
51 78 3958
51 79 4006
51 80 4086
51 81 4118
51 82 4150
51 83 4214
51 84 4342
51 85 4374
51 86 4342
51 87 4406
51 88 4486
51 89 4502
51 90 4550
51 91 4598
51 92 4742
51 93 4758
51 94 4742
51 95 4790
51 96 4902
51 97 4934
51 98 4902
51 99 4966
51 100 5094
51 101 5126
51 102 5094
51 103 5158
51 104 5302
51 105 5318
51 106 5302
51 107 5350
51 108 5494
51 109 5510
51 110 5494
51 111 5542
51 112 5718
51 113 5782
51 114 5750
51 115 5814
51 116 5910
51 117 5974
51 118 5942
51 119 6006
51 120 6118
51 121 6166
51 122 6150
51 123 6198
51 124 6310
51 125 6358
51 126 6342
51 127 6390
51 128 6534
51 129 6598
51 130 6630
51 131 6694
51 132 6790
51 133 6854
51 134 6822
51 135 6886
51 136 6934
51 137 6982
51 138 7030
51 139 7078
51 140 7190
51 141 7238
51 142 7222
51 143 7270
51 144 7350
51 145 7382
51 146 7414
51 147 7478
51 148 7606
51 149 7638
51 150 7606
51 151 7670
51 152 7750
51 153 7766
51 154 7814
51 155 7862
51 156 8006
51 157 8022
51 158 8006
51 159 8054
51 160 8166
51 161 8198
51 162 8166
51 163 8230
51 164 8358
51 165 8390
51 166 8358
51 167 8422
51 168 8566
51 169 8582
51 170 8566
51 171 8614
51 172 8758
51 173 8774
51 174 8758
51 175 8806
51 176 8982
51 177 9046
51 178 9014
51 179 9078
51 180 9174
51 181 9238
51 182 9206
51 183 9270
51 184 9382
51 185 9430
51 186 9414
51 187 9462
51 188 9574
51 189 9622
51 190 9606
51 191 9654
51 192 9798
51 193 9862
51 194 9894
51 195 9958
51 196 10054
51 197 10118
51 198 10086
51 199 10150
51 200 10198
51 201 10246
51 202 10294
51 203 10342
51 204 10454
51 205 10502
51 206 10486
51 207 10534
51 208 10614
51 209 10646
51 210 10678
51 211 10742
51 212 10870
51 213 10902
51 214 10870
51 215 10934
51 216 11014
51 217 11030
51 218 11078
51 219 11126
51 220 11270
51 221 11286
51 222 11270
51 223 11318
51 224 11430
51 225 11462
51 226 11430
51 227 11494
51 228 11622
51 229 11654
51 230 11622
51 231 11686
51 232 11830
51 233 11846
51 234 11830
51 235 11878
51 236 12022
51 237 12038
51 238 12022
51 239 12070
51 240 12246
51 241 12310
51 242 12278
51 243 12342
51 244 12438
51 245 12502
51 246 12470
51 247 12534
51 248 12646
51 249 12694
51 250 12678
51 251 12726
51 252 12838
51 253 12886
51 254 12870
51 255 12918
52 0 6
52 1 70
52 2 102
52 3 166
52 4 406
52 5 454
52 6 438
52 7 486
52 8 582
52 9 614
52 10 646
52 11 678
52 12 726
52 13 742
52 14 726
52 15 742
52 16 838
52 17 902
52 18 870
52 19 934
52 20 1174
52 21 1222
52 22 1206
52 23 1254
52 24 1414
52 25 1446
52 26 1414
52 27 1446
52 28 1494
52 29 1510
52 30 1494
52 31 1510
52 32 1670
52 33 1734
52 34 1766
52 35 1830
52 36 1942
52 37 1990
52 38 1974
52 39 2022
52 40 2118
52 41 2150
52 42 2182
52 43 2214
52 44 2390
52 45 2406
52 46 2390
52 47 2406
52 48 2502
52 49 2566
52 50 2534
52 51 2598
52 52 2710
52 53 2758
52 54 2742
52 55 2790
52 56 2950
52 57 2982
52 58 2950
52 59 2982
52 60 3158
52 61 3174
52 62 3158
52 63 3174
52 64 3334
52 65 3398
52 66 3430
52 67 3494
52 68 3734
52 69 3782
52 70 3766
52 71 3814
52 72 3910
52 73 3942
52 74 3974
52 75 4006
52 76 4054
52 77 4070
52 78 4054
52 79 4070
52 80 4166
52 81 4230
52 82 4198
52 83 4262
52 84 4502
52 85 4550
52 86 4534
52 87 4582
52 88 4742
52 89 4774
52 90 4742
52 91 4774
52 92 4822
52 93 4838
52 94 4822
52 95 4838
52 96 4998
52 97 5062
52 98 5094
52 99 5158
52 100 5270
52 101 5318
52 102 5302
52 103 5350
52 104 5446
52 105 5478
52 106 5510
52 107 5542
52 108 5718
52 109 5734
52 110 5718
52 111 5734
52 112 5830
52 113 5894
52 114 5862
52 115 5926
52 116 6038
52 117 6086
52 118 6070
52 119 6118
52 120 6278
52 121 6310
52 122 6278
52 123 6310
52 124 6486
52 125 6502
52 126 6486
52 127 6502
52 128 6662
52 129 6726
52 130 6758
52 131 6822
52 132 7062
52 133 7110
52 134 7094
52 135 7142
52 136 7238
52 137 7270
52 138 7302
52 139 7334
52 140 7382
52 141 7398
52 142 7382
52 143 7398
52 144 7494
52 145 7558
52 146 7526
52 147 7590
52 148 7830
52 149 7878
52 150 7862
52 151 7910
52 152 8070
52 153 8102
52 154 8070
52 155 8102
52 156 8150
52 157 8166
52 158 8150
52 159 8166
52 160 8326
52 161 8390
52 162 8422
52 163 8486
52 164 8598
52 165 8646
52 166 8630
52 167 8678
52 168 8774
52 169 8806
52 170 8838
52 171 8870
52 172 9046
52 173 9062
52 174 9046
52 175 9062
52 176 9158
52 177 9222
52 178 9190
52 179 9254
52 180 9366
52 181 9414
52 182 9398
52 183 9446
52 184 9606
52 185 9638
52 186 9606
52 187 9638
52 188 9814
52 189 9830
52 190 9814
52 191 9830
52 192 9990
52 193 10054
52 194 10086
52 195 10150
52 196 10390
52 197 10438
52 198 10422
52 199 10470
52 200 10566
52 201 10598
52 202 10630
52 203 10662
52 204 10710
52 205 10726
52 206 10710
52 207 10726
52 208 10822
52 209 10886
52 210 10854
52 211 10918
52 212 11158
52 213 11206
52 214 11190
52 215 11238
52 216 11398
52 217 11430
52 218 11398
52 219 11430
52 220 11478
52 221 11494
52 222 11478
52 223 11494
52 224 11654
52 225 11718
52 226 11750
52 227 11814
52 228 11926
52 229 11974
52 230 11958
52 231 12006
52 232 12102
52 233 12134
52 234 12166
52 235 12198
52 236 12374
52 237 12390
52 238 12374
52 239 12390
52 240 12486
52 241 12550
52 242 12518
52 243 12582
52 244 12694
52 245 12742
52 246 12726
52 247 12774
52 248 12934
52 249 12966
52 250 12934
52 251 12966
52 252 13142
52 253 13158
52 254 13142
52 255 13158
53 0 6
53 1 70
53 2 102
53 3 166
53 4 406
53 5 454
53 6 438
53 7 486
53 8 582
53 9 614
53 10 646
53 11 678
53 12 726
53 13 742
53 14 726
53 15 742
53 16 854
53 17 918
53 18 886
53 19 950
53 20 1190
53 21 1238
53 22 1222
53 23 1270
53 24 1430
53 25 1462
53 26 1430
53 27 1462
53 28 1510
53 29 1526
53 30 1510
53 31 1526
53 32 1702
53 33 1734
53 34 1766
53 35 1830
53 36 1974
53 37 1990
53 38 1974
53 39 2022
53 40 2118
53 41 2150
53 42 2182
53 43 2214
53 44 2390
53 45 2406
53 46 2390
53 47 2406
53 48 2550
53 49 2582
53 50 2550
53 51 2614
53 52 2758
53 53 2774
53 54 2758
53 55 2806
53 56 2966
53 57 2998
53 58 2966
53 59 2998
53 60 3174
53 61 3190
53 62 3174
53 63 3190
53 64 3398
53 65 3462
53 66 3494
53 67 3558
53 68 3798
53 69 3846
53 70 3830
53 71 3878
53 72 3974
53 73 4006
53 74 4038
53 75 4070
53 76 4118
53 77 4134
53 78 4118
53 79 4134
53 80 4246
53 81 4310
53 82 4278
53 83 4342
53 84 4582
53 85 4630
53 86 4614
53 87 4662
53 88 4822
53 89 4854
53 90 4822
53 91 4854
53 92 4902
53 93 4918
53 94 4902
53 95 4918
53 96 5094
53 97 5126
53 98 5158
53 99 5222
53 100 5366
53 101 5382
53 102 5366
53 103 5414
53 104 5510
53 105 5542
53 106 5574
53 107 5606
53 108 5782
53 109 5798
53 110 5782
53 111 5798
53 112 5942
53 113 5974
53 114 5942
53 115 6006
53 116 6150
53 117 6166
53 118 6150
53 119 6198
53 120 6358
53 121 6390
53 122 6358
53 123 6390
53 124 6566
53 125 6582
53 126 6566
53 127 6582
53 128 6790
53 129 6854
53 130 6886
53 131 6950
53 132 7062
53 133 7110
53 134 7094
53 135 7142
53 136 7238
53 137 7270
53 138 7302
53 139 7334
53 140 7510
53 141 7526
53 142 7510
53 143 7526
53 144 7638
53 145 7702
53 146 7670
53 147 7734
53 148 7846
53 149 7894
53 150 7878
53 151 7926
53 152 8086
53 153 8118
53 154 8086
53 155 8118
53 156 8294
53 157 8310
53 158 8294
53 159 8310
53 160 8486
53 161 8518
53 162 8550
53 163 8614
53 164 8758
53 165 8774
53 166 8758
53 167 8806
53 168 8902
53 169 8934
53 170 8966
53 171 8998
53 172 9174
53 173 9190
53 174 9174
53 175 9190
53 176 9334
53 177 9366
53 178 9334
53 179 9398
53 180 9542
53 181 9558
53 182 9542
53 183 9590
53 184 9750
53 185 9782
53 186 9750
53 187 9782
53 188 9958
53 189 9974
53 190 9958
53 191 9974
53 192 10182
53 193 10246
53 194 10278
53 195 10342
53 196 10454
53 197 10502
53 198 10486
53 199 10534
53 200 10630
53 201 10662
53 202 10694
53 203 10726
53 204 10902
53 205 10918
53 206 10902
53 207 10918
53 208 11030
53 209 11094
53 210 11062
53 211 11126
53 212 11238
53 213 11286
53 214 11270
53 215 11318
53 216 11478
53 217 11510
53 218 11478
53 219 11510
53 220 11686
53 221 11702
53 222 11686
53 223 11702
53 224 11878
53 225 11910
53 226 11942
53 227 12006
53 228 12150
53 229 12166
53 230 12150
53 231 12198
53 232 12294
53 233 12326
53 234 12358
53 235 12390
53 236 12566
53 237 12582
53 238 12566
53 239 12582
53 240 12726
53 241 12758
53 242 12726
53 243 12790
53 244 12934
53 245 12950
53 246 12934
53 247 12982
53 248 13142
53 249 13174
53 250 13142
53 251 13174
53 252 13350
53 253 13366
53 254 13350
53 255 13366
54 0 6
54 1 70
54 2 102
54 3 166
54 4 406
54 5 454
54 6 438
54 7 486
54 8 598
54 9 614
54 10 662
54 11 678
54 12 726
54 13 742
54 14 726
54 15 742
54 16 870
54 17 902
54 18 870
54 19 934
54 20 1206
54 21 1222
54 22 1206
54 23 1254
54 24 1430
54 25 1446
54 26 1430
54 27 1446
54 28 1494
54 29 1510
54 30 1494
54 31 1510
54 32 1734
54 33 1798
54 34 1766
54 35 1830
54 36 1942
54 37 1990
54 38 1974
54 39 2022
54 40 2198
54 41 2214
54 42 2198
54 43 2214
54 44 2390
54 45 2406
54 46 2390
54 47 2406
54 48 2598
54 49 2630
54 50 2598
54 51 2662
54 52 2806
54 53 2822
54 54 2806
54 55 2854
54 56 3030
54 57 3046
54 58 3030
54 59 3046
54 60 3222
54 61 3238
54 62 3222
54 63 3238
54 64 3462
54 65 3526
54 66 3558
54 67 3622
54 68 3734
54 69 3782
54 70 3766
54 71 3814
54 72 3926
54 73 3942
54 74 3990
54 75 4006
54 76 4182
54 77 4198
54 78 4182
54 79 4198
54 80 4326
54 81 4358
54 82 4326
54 83 4390
54 84 4534
54 85 4550
54 86 4534
54 87 4582
54 88 4758
54 89 4774
54 90 4758
54 91 4774
54 92 4950
54 93 4966
54 94 4950
54 95 4966
54 96 5190
54 97 5254
54 98 5222
54 99 5286
54 100 5398
54 101 5446
54 102 5430
54 103 5478
54 104 5654
54 105 5670
54 106 5654
54 107 5670
54 108 5846
54 109 5862
54 110 5846
54 111 5862
54 112 6054
54 113 6086
54 114 6054
54 115 6118
54 116 6262
54 117 6278
54 118 6262
54 119 6310
54 120 6486
54 121 6502
54 122 6486
54 123 6502
54 124 6678
54 125 6694
54 126 6678
54 127 6694
54 128 6918
54 129 6982
54 130 7014
54 131 7078
54 132 7318
54 133 7366
54 134 7350
54 135 7398
54 136 7510
54 137 7526
54 138 7574
54 139 7590
54 140 7638
54 141 7654
54 142 7638
54 143 7654
54 144 7782
54 145 7814
54 146 7782
54 147 7846
54 148 8118
54 149 8134
54 150 8118
54 151 8166
54 152 8342
54 153 8358
54 154 8342
54 155 8358
54 156 8406
54 157 8422
54 158 8406
54 159 8422
54 160 8646
54 161 8710
54 162 8678
54 163 8742
54 164 8854
54 165 8902
54 166 8886
54 167 8934
54 168 9110
54 169 9126
54 170 9110
54 171 9126
54 172 9302
54 173 9318
54 174 9302
54 175 9318
54 176 9510
54 177 9542
54 178 9510
54 179 9574
54 180 9718
54 181 9734
54 182 9718
54 183 9766
54 184 9942
54 185 9958
54 186 9942
54 187 9958
54 188 10134
54 189 10150
54 190 10134
54 191 10150
54 192 10374
54 193 10438
54 194 10470
54 195 10534
54 196 10646
54 197 10694
54 198 10678
54 199 10726
54 200 10838
54 201 10854
54 202 10902
54 203 10918
54 204 11094
54 205 11110
54 206 11094
54 207 11110
54 208 11238
54 209 11270
54 210 11238
54 211 11302
54 212 11446
54 213 11462
54 214 11446
54 215 11494
54 216 11670
54 217 11686
54 218 11670
54 219 11686
54 220 11862
54 221 11878
54 222 11862
54 223 11878
54 224 12102
54 225 12166
54 226 12134
54 227 12198
54 228 12310
54 229 12358
54 230 12342
54 231 12390
54 232 12566
54 233 12582
54 234 12566
54 235 12582
54 236 12758
54 237 12774
54 238 12758
54 239 12774
54 240 12966
54 241 12998
54 242 12966
54 243 13030
54 244 13174
54 245 13190
54 246 13174
54 247 13222
54 248 13398
54 249 13414
54 250 13398
54 251 13414
54 252 13590
54 253 13606
54 254 13590
54 255 13606
55 0 6
55 1 70
55 2 102
55 3 166
55 4 406
55 5 454
55 6 438
55 7 486
55 8 598
55 9 614
55 10 662
55 11 678
55 12 726
55 13 742
55 14 726
55 15 742
55 16 886
55 17 918
55 18 886
55 19 950
55 20 1222
55 21 1238
55 22 1222
55 23 1270
55 24 1446
55 25 1462
55 26 1446
55 27 1462
55 28 1510
55 29 1526
55 30 1510
55 31 1526
55 32 1766
55 33 1798
55 34 1766
55 35 1830
55 36 1974
55 37 1990
55 38 1974
55 39 2022
55 40 2198
55 41 2214
55 42 2198
55 43 2214
55 44 2390
55 45 2406
55 46 2390
55 47 2406
55 48 2646
55 49 2710
55 50 2678
55 51 2742
55 52 2854
55 53 2902
55 54 2886
55 55 2934
55 56 3110
55 57 3126
55 58 3110
55 59 3126
55 60 3302
55 61 3318
55 62 3302
55 63 3318
55 64 3526
55 65 3590
55 66 3622
55 67 3686
55 68 3798
55 69 3846
55 70 3830
55 71 3878
55 72 3990
55 73 4006
55 74 4054
55 75 4070
55 76 4246
55 77 4262
55 78 4246
55 79 4262
55 80 4406
55 81 4438
55 82 4406
55 83 4470
55 84 4614
55 85 4630
55 86 4614
55 87 4662
55 88 4838
55 89 4854
55 90 4838
55 91 4854
55 92 5030
55 93 5046
55 94 5030
55 95 5046
55 96 5286
55 97 5318
55 98 5286
55 99 5350
55 100 5494
55 101 5510
55 102 5494
55 103 5542
55 104 5718
55 105 5734
55 106 5718
55 107 5734
55 108 5910
55 109 5926
55 110 5910
55 111 5926
55 112 6102
55 113 6166
55 114 6134
55 115 6198
55 116 6310
55 117 6358
55 118 6342
55 119 6390
55 120 6566
55 121 6582
55 122 6566
55 123 6582
55 124 6758
55 125 6774
55 126 6758
55 127 6774
55 128 7046
55 129 7110
55 130 7142
55 131 7206
55 132 7318
55 133 7366
55 134 7350
55 135 7398
55 136 7510
55 137 7526
55 138 7574
55 139 7590
55 140 7766
55 141 7782
55 142 7766
55 143 7782
55 144 7926
55 145 7958
55 146 7926
55 147 7990
55 148 8134
55 149 8150
55 150 8134
55 151 8182
55 152 8358
55 153 8374
55 154 8358
55 155 8374
55 156 8550
55 157 8566
55 158 8550
55 159 8566
55 160 8806
55 161 8838
55 162 8806
55 163 8870
55 164 9014
55 165 9030
55 166 9014
55 167 9062
55 168 9238
55 169 9254
55 170 9238
55 171 9254
55 172 9430
55 173 9446
55 174 9430
55 175 9446
55 176 9686
55 177 9750
55 178 9718
55 179 9782
55 180 9894
55 181 9942
55 182 9926
55 183 9974
55 184 10150
55 185 10166
55 186 10150
55 187 10166
55 188 10342
55 189 10358
55 190 10342
55 191 10358
55 192 10566
55 193 10630
55 194 10662
55 195 10726
55 196 10838
55 197 10886
55 198 10870
55 199 10918
55 200 11030
55 201 11046
55 202 11094
55 203 11110
55 204 11286
55 205 11302
55 206 11286
55 207 11302
55 208 11446
55 209 11478
55 210 11446
55 211 11510
55 212 11654
55 213 11670
55 214 11654
55 215 11702
55 216 11878
55 217 11894
55 218 11878
55 219 11894
55 220 12070
55 221 12086
55 222 12070
55 223 12086
55 224 12198
55 225 12230
55 226 12198
55 227 12262
55 228 12406
55 229 12422
55 230 12406
55 231 12454
55 232 12630
55 233 12646
55 234 12630
55 235 12646
55 236 12822
55 237 12838
55 238 12822
55 239 12838
55 240 13014
55 241 13078
55 242 13046
55 243 13110
55 244 13222
55 245 13270
55 246 13254
55 247 13302
55 248 13478
55 249 13494
55 250 13478
55 251 13494
55 252 13670
55 253 13686
55 254 13670
55 255 13686
56 0 6
56 1 70
56 2 134
56 3 166
56 4 454
56 5 486
56 6 486
56 7 486
56 8 646
56 9 710
56 10 710
56 11 742
56 12 710
56 13 742
56 14 742
56 15 742
56 16 902
56 17 966
56 18 1030
56 19 1062
56 20 1222
56 21 1254
56 22 1254
56 23 1254
56 24 1414
56 25 1478
56 26 1478
56 27 1510
56 28 1606
56 29 1638
56 30 1638
56 31 1638
56 32 1798
56 33 1862
56 34 1926
56 35 1958
56 36 2246
56 37 2278
56 38 2278
56 39 2278
56 40 2438
56 41 2502
56 42 2502
56 43 2534
56 44 2502
56 45 2534
56 46 2534
56 47 2534
56 48 2694
56 49 2758
56 50 2822
56 51 2854
56 52 3014
56 53 3046
56 54 3046
56 55 3046
56 56 3206
56 57 3270
56 58 3270
56 59 3302
56 60 3398
56 61 3430
56 62 3430
56 63 3430
56 64 3590
56 65 3654
56 66 3718
56 67 3750
56 68 4038
56 69 4070
56 70 4070
56 71 4070
56 72 4230
56 73 4294
56 74 4294
56 75 4326
56 76 4294
56 77 4326
56 78 4326
56 79 4326
56 80 4486
56 81 4550
56 82 4614
56 83 4646
56 84 4806
56 85 4838
56 86 4838
56 87 4838
56 88 4998
56 89 5062
56 90 5062
56 91 5094
56 92 5190
56 93 5222
56 94 5222
56 95 5222
56 96 5382
56 97 5446
56 98 5510
56 99 5542
56 100 5830
56 101 5862
56 102 5862
56 103 5862
56 104 6022
56 105 6086
56 106 6086
56 107 6118
56 108 6086
56 109 6118
56 110 6118
56 111 6118
56 112 6278
56 113 6342
56 114 6406
56 115 6438
56 116 6598
56 117 6630
56 118 6630
56 119 6630
56 120 6790
56 121 6854
56 122 6854
56 123 6886
56 124 6982
56 125 7014
56 126 7014
56 127 7014
56 128 7174
56 129 7238
56 130 7302
56 131 7334
56 132 7622
56 133 7654
56 134 7654
56 135 7654
56 136 7814
56 137 7878
56 138 7878
56 139 7910
56 140 7878
56 141 7910
56 142 7910
56 143 7910
56 144 8070
56 145 8134
56 146 8198
56 147 8230
56 148 8390
56 149 8422
56 150 8422
56 151 8422
56 152 8582
56 153 8646
56 154 8646
56 155 8678
56 156 8774
56 157 8806
56 158 8806
56 159 8806
56 160 8966
56 161 9030
56 162 9094
56 163 9126
56 164 9414
56 165 9446
56 166 9446
56 167 9446
56 168 9606
56 169 9670
56 170 9670
56 171 9702
56 172 9670
56 173 9702
56 174 9702
56 175 9702
56 176 9862
56 177 9926
56 178 9990
56 179 10022
56 180 10182
56 181 10214
56 182 10214
56 183 10214
56 184 10374
56 185 10438
56 186 10438
56 187 10470
56 188 10566
56 189 10598
56 190 10598
56 191 10598
56 192 10758
56 193 10822
56 194 10886
56 195 10918
56 196 11206
56 197 11238
56 198 11238
56 199 11238
56 200 11398
56 201 11462
56 202 11462
56 203 11494
56 204 11462
56 205 11494
56 206 11494
56 207 11494
56 208 11654
56 209 11718
56 210 11782
56 211 11814
56 212 11974
56 213 12006
56 214 12006
56 215 12006
56 216 12166
56 217 12230
56 218 12230
56 219 12262
56 220 12358
56 221 12390
56 222 12390
56 223 12390
56 224 12550
56 225 12614
56 226 12678
56 227 12710
56 228 12998
56 229 13030
56 230 13030
56 231 13030
56 232 13190
56 233 13254
56 234 13254
56 235 13286
56 236 13254
56 237 13286
56 238 13286
56 239 13286
56 240 13446
56 241 13510
56 242 13574
56 243 13606
56 244 13766
56 245 13798
56 246 13798
56 247 13798
56 248 13958
56 249 14022
56 250 14022
56 251 14054
56 252 14150
56 253 14182
56 254 14182
56 255 14182
57 0 6
57 1 70
57 2 134
57 3 166
57 4 454
57 5 486
57 6 486
57 7 486
57 8 646
57 9 710
57 10 710
57 11 742
57 12 710
57 13 742
57 14 742
57 15 742
57 16 918
57 17 982
57 18 1046
57 19 1078
57 20 1238
57 21 1270
57 22 1270
57 23 1270
57 24 1430
57 25 1494
57 26 1494
57 27 1526
57 28 1622
57 29 1654
57 30 1654
57 31 1654
57 32 1830
57 33 1862
57 34 1926
57 35 1958
57 36 2246
57 37 2278
57 38 2278
57 39 2278
57 40 2470
57 41 2502
57 42 2502
57 43 2534
57 44 2502
57 45 2534
57 46 2534
57 47 2534
57 48 2742
57 49 2774
57 50 2838
57 51 2870
57 52 3030
57 53 3062
57 54 3062
57 55 3062
57 56 3254
57 57 3286
57 58 3286
57 59 3318
57 60 3414
57 61 3446
57 62 3446
57 63 3446
57 64 3654
57 65 3718
57 66 3782
57 67 3814
57 68 4102
57 69 4134
57 70 4134
57 71 4134
57 72 4294
57 73 4358
57 74 4358
57 75 4390
57 76 4358
57 77 4390
57 78 4390
57 79 4390
57 80 4566
57 81 4630
57 82 4694
57 83 4726
57 84 4886
57 85 4918
57 86 4918
57 87 4918
57 88 5078
57 89 5142
57 90 5142
57 91 5174
57 92 5270
57 93 5302
57 94 5302
57 95 5302
57 96 5478
57 97 5510
57 98 5574
57 99 5606
57 100 5894
57 101 5926
57 102 5926
57 103 5926
57 104 6118
57 105 6150
57 106 6150
57 107 6182
57 108 6150
57 109 6182
57 110 6182
57 111 6182
57 112 6390
57 113 6422
57 114 6486
57 115 6518
57 116 6678
57 117 6710
57 118 6710
57 119 6710
57 120 6902
57 121 6934
57 122 6934
57 123 6966
57 124 7062
57 125 7094
57 126 7094
57 127 7094
57 128 7302
57 129 7366
57 130 7430
57 131 7462
57 132 7622
57 133 7654
57 134 7654
57 135 7654
57 136 7814
57 137 7878
57 138 7878
57 139 7910
57 140 8006
57 141 8038
57 142 8038
57 143 8038
57 144 8214
57 145 8278
57 146 8342
57 147 8374
57 148 8534
57 149 8566
57 150 8566
57 151 8566
57 152 8726
57 153 8790
57 154 8790
57 155 8822
57 156 8918
57 157 8950
57 158 8950
57 159 8950
57 160 9126
57 161 9158
57 162 9222
57 163 9254
57 164 9414
57 165 9446
57 166 9446
57 167 9446
57 168 9638
57 169 9670
57 170 9670
57 171 9702
57 172 9798
57 173 9830
57 174 9830
57 175 9830
57 176 10038
57 177 10070
57 178 10134
57 179 10166
57 180 10326
57 181 10358
57 182 10358
57 183 10358
57 184 10550
57 185 10582
57 186 10582
57 187 10614
57 188 10710
57 189 10742
57 190 10742
57 191 10742
57 192 10950
57 193 11014
57 194 11078
57 195 11110
57 196 11270
57 197 11302
57 198 11302
57 199 11302
57 200 11462
57 201 11526
57 202 11526
57 203 11558
57 204 11654
57 205 11686
57 206 11686
57 207 11686
57 208 11862
57 209 11926
57 210 11990
57 211 12022
57 212 12182
57 213 12214
57 214 12214
57 215 12214
57 216 12374
57 217 12438
57 218 12438
57 219 12470
57 220 12566
57 221 12598
57 222 12598
57 223 12598
57 224 12774
57 225 12806
57 226 12870
57 227 12902
57 228 13062
57 229 13094
57 230 13094
57 231 13094
57 232 13286
57 233 13318
57 234 13318
57 235 13350
57 236 13446
57 237 13478
57 238 13478
57 239 13478
57 240 13686
57 241 13718
57 242 13782
57 243 13814
57 244 13974
57 245 14006
57 246 14006
57 247 14006
57 248 14198
57 249 14230
57 250 14230
57 251 14262
57 252 14358
57 253 14390
57 254 14390
57 255 14390
58 0 6
58 1 70
58 2 134
58 3 166
58 4 454
58 5 486
58 6 486
58 7 486
58 8 662
58 9 710
58 10 710
58 11 758
58 12 726
58 13 742
58 14 742
58 15 758
58 16 934
58 17 966
58 18 1030
58 19 1062
58 20 1222
58 21 1254
58 22 1254
58 23 1254
58 24 1462
58 25 1478
58 26 1478
58 27 1526
58 28 1622
58 29 1638
58 30 1638
58 31 1654
58 32 1862
58 33 1926
58 34 1926
58 35 1958
58 36 2246
58 37 2278
58 38 2278
58 39 2278
58 40 2454
58 41 2502
58 42 2502
58 43 2550
58 44 2518
58 45 2534
58 46 2534
58 47 2550
58 48 2790
58 49 2822
58 50 2822
58 51 2854
58 52 3014
58 53 3046
58 54 3046
58 55 3046
58 56 3254
58 57 3270
58 58 3270
58 59 3318
58 60 3414
58 61 3430
58 62 3430
58 63 3446
58 64 3718
58 65 3782
58 66 3846
58 67 3878
58 68 4038
58 69 4070
58 70 4070
58 71 4070
58 72 4246
58 73 4294
58 74 4294
58 75 4342
58 76 4438
58 77 4454
58 78 4454
58 79 4470
58 80 4646
58 81 4678
58 82 4742
58 83 4774
58 84 4934
58 85 4966
58 86 4966
58 87 4966
58 88 5174
58 89 5190
58 90 5190
58 91 5238
58 92 5334
58 93 5350
58 94 5350
58 95 5366
58 96 5574
58 97 5638
58 98 5638
58 99 5670
58 100 5830
58 101 5862
58 102 5862
58 103 5862
58 104 6038
58 105 6086
58 106 6086
58 107 6134
58 108 6230
58 109 6246
58 110 6246
58 111 6262
58 112 6502
58 113 6534
58 114 6534
58 115 6566
58 116 6726
58 117 6758
58 118 6758
58 119 6758
58 120 6966
58 121 6982
58 122 6982
58 123 7030
58 124 7126
58 125 7142
58 126 7142
58 127 7158
58 128 7430
58 129 7494
58 130 7558
58 131 7590
58 132 7878
58 133 7910
58 134 7910
58 135 7910
58 136 8086
58 137 8134
58 138 8134
58 139 8182
58 140 8150
58 141 8166
58 142 8166
58 143 8182
58 144 8358
58 145 8390
58 146 8454
58 147 8486
58 148 8646
58 149 8678
58 150 8678
58 151 8678
58 152 8886
58 153 8902
58 154 8902
58 155 8950
58 156 9046
58 157 9062
58 158 9062
58 159 9078
58 160 9286
58 161 9350
58 162 9350
58 163 9382
58 164 9670
58 165 9702
58 166 9702
58 167 9702
58 168 9878
58 169 9926
58 170 9926
58 171 9974
58 172 9942
58 173 9958
58 174 9958
58 175 9974
58 176 10214
58 177 10246
58 178 10246
58 179 10278
58 180 10438
58 181 10470
58 182 10470
58 183 10470
58 184 10678
58 185 10694
58 186 10694
58 187 10742
58 188 10838
58 189 10854
58 190 10854
58 191 10870
58 192 11142
58 193 11206
58 194 11270
58 195 11302
58 196 11462
58 197 11494
58 198 11494
58 199 11494
58 200 11670
58 201 11718
58 202 11718
58 203 11766
58 204 11862
58 205 11878
58 206 11878
58 207 11894
58 208 12070
58 209 12102
58 210 12166
58 211 12198
58 212 12358
58 213 12390
58 214 12390
58 215 12390
58 216 12598
58 217 12614
58 218 12614
58 219 12662
58 220 12758
58 221 12774
58 222 12774
58 223 12790
58 224 12998
58 225 13062
58 226 13062
58 227 13094
58 228 13254
58 229 13286
58 230 13286
58 231 13286
58 232 13462
58 233 13510
58 234 13510
58 235 13558
58 236 13654
58 237 13670
58 238 13670
58 239 13686
58 240 13926
58 241 13958
58 242 13958
58 243 13990
58 244 14150
58 245 14182
58 246 14182
58 247 14182
58 248 14390
58 249 14406
58 250 14406
58 251 14454
58 252 14550
58 253 14566
58 254 14566
58 255 14582
59 0 6
59 1 70
59 2 134
59 3 166
59 4 454
59 5 486
59 6 486
59 7 486
59 8 662
59 9 710
59 10 710
59 11 758
59 12 726
59 13 742
59 14 742
59 15 758
59 16 950
59 17 982
59 18 1046
59 19 1078
59 20 1238
59 21 1270
59 22 1270
59 23 1270
59 24 1478
59 25 1494
59 26 1494
59 27 1542
59 28 1638
59 29 1654
59 30 1654
59 31 1670
59 32 1894
59 33 1926
59 34 1926
59 35 1958
59 36 2246
59 37 2278
59 38 2278
59 39 2278
59 40 2486
59 41 2502
59 42 2502
59 43 2550
59 44 2518
59 45 2534
59 46 2534
59 47 2550
59 48 2838
59 49 2902
59 50 2902
59 51 2934
59 52 3094
59 53 3126
59 54 3126
59 55 3126
59 56 3302
59 57 3350
59 58 3350
59 59 3398
59 60 3494
59 61 3510
59 62 3510
59 63 3526
59 64 3782
59 65 3846
59 66 3910
59 67 3942
59 68 4102
59 69 4134
59 70 4134
59 71 4134
59 72 4310
59 73 4358
59 74 4358
59 75 4406
59 76 4502
59 77 4518
59 78 4518
59 79 4534
59 80 4726
59 81 4758
59 82 4822
59 83 4854
59 84 5014
59 85 5046
59 86 5046
59 87 5046
59 88 5254
59 89 5270
59 90 5270
59 91 5318
59 92 5414
59 93 5430
59 94 5430
59 95 5446
59 96 5670
59 97 5702
59 98 5702
59 99 5734
59 100 5894
59 101 5926
59 102 5926
59 103 5926
59 104 6134
59 105 6150
59 106 6150
59 107 6198
59 108 6294
59 109 6310
59 110 6310
59 111 6326
59 112 6614
59 113 6678
59 114 6678
59 115 6710
59 116 6870
59 117 6902
59 118 6902
59 119 6902
59 120 7078
59 121 7126
59 122 7126
59 123 7174
59 124 7270
59 125 7286
59 126 7286
59 127 7302
59 128 7558
59 129 7622
59 130 7686
59 131 7718
59 132 7878
59 133 7910
59 134 7910
59 135 7910
59 136 8086
59 137 8134
59 138 8134
59 139 8182
59 140 8278
59 141 8294
59 142 8294
59 143 8310
59 144 8502
59 145 8534
59 146 8598
59 147 8630
59 148 8790
59 149 8822
59 150 8822
59 151 8822
59 152 9030
59 153 9046
59 154 9046
59 155 9094
59 156 9190
59 157 9206
59 158 9206
59 159 9222
59 160 9446
59 161 9478
59 162 9478
59 163 9510
59 164 9670
59 165 9702
59 166 9702
59 167 9702
59 168 9910
59 169 9926
59 170 9926
59 171 9974
59 172 10070
59 173 10086
59 174 10086
59 175 10102
59 176 10390
59 177 10454
59 178 10454
59 179 10486
59 180 10646
59 181 10678
59 182 10678
59 183 10678
59 184 10854
59 185 10902
59 186 10902
59 187 10950
59 188 11046
59 189 11062
59 190 11062
59 191 11078
59 192 11334
59 193 11398
59 194 11462
59 195 11494
59 196 11654
59 197 11686
59 198 11686
59 199 11686
59 200 11862
59 201 11910
59 202 11910
59 203 11958
59 204 12054
59 205 12070
59 206 12070
59 207 12086
59 208 12150
59 209 12182
59 210 12246
59 211 12278
59 212 12438
59 213 12470
59 214 12470
59 215 12470
59 216 12678
59 217 12694
59 218 12694
59 219 12742
59 220 12838
59 221 12854
59 222 12854
59 223 12870
59 224 13222
59 225 13254
59 226 13254
59 227 13286
59 228 13446
59 229 13478
59 230 13478
59 231 13478
59 232 13686
59 233 13702
59 234 13702
59 235 13750
59 236 13846
59 237 13862
59 238 13862
59 239 13878
59 240 14038
59 241 14102
59 242 14102
59 243 14134
59 244 14294
59 245 14326
59 246 14326
59 247 14326
59 248 14502
59 249 14550
59 250 14550
59 251 14598
59 252 14694
59 253 14710
59 254 14710
59 255 14726
60 0 6
60 1 70
60 2 134
60 3 166
60 4 470
60 5 486
60 6 486
60 7 502
60 8 710
60 9 742
60 10 742
60 11 742
60 12 726
60 13 742
60 14 742
60 15 758
60 16 966
60 17 1030
60 18 1030
60 19 1062
60 20 1238
60 21 1254
60 22 1254
60 23 1270
60 24 1478
60 25 1510
60 26 1510
60 27 1510
60 28 1622
60 29 1638
60 30 1638
60 31 1654
60 32 1926
60 33 1990
60 34 2054
60 35 2086
60 36 2262
60 37 2278
60 38 2278
60 39 2294
60 40 2502
60 41 2534
60 42 2534
60 43 2534
60 44 2646
60 45 2662
60 46 2662
60 47 2678
60 48 2886
60 49 2950
60 50 2950
60 51 2982
60 52 3158
60 53 3174
60 54 3174
60 55 3190
60 56 3398
60 57 3430
60 58 3430
60 59 3430
60 60 3542
60 61 3558
60 62 3558
60 63 3574
60 64 3846
60 65 3910
60 66 3974
60 67 4006
60 68 4310
60 69 4326
60 70 4326
60 71 4342
60 72 4550
60 73 4582
60 74 4582
60 75 4582
60 76 4566
60 77 4582
60 78 4582
60 79 4598
60 80 4806
60 81 4870
60 82 4870
60 83 4902
60 84 5078
60 85 5094
60 86 5094
60 87 5110
60 88 5318
60 89 5350
60 90 5350
60 91 5350
60 92 5462
60 93 5478
60 94 5478
60 95 5494
60 96 5766
60 97 5830
60 98 5894
60 99 5926
60 100 6102
60 101 6118
60 102 6118
60 103 6134
60 104 6342
60 105 6374
60 106 6374
60 107 6374
60 108 6486
60 109 6502
60 110 6502
60 111 6518
60 112 6726
60 113 6790
60 114 6790
60 115 6822
60 116 6998
60 117 7014
60 118 7014
60 119 7030
60 120 7238
60 121 7270
60 122 7270
60 123 7270
60 124 7382
60 125 7398
60 126 7398
60 127 7414
60 128 7686
60 129 7750
60 130 7814
60 131 7846
60 132 8150
60 133 8166
60 134 8166
60 135 8182
60 136 8390
60 137 8422
60 138 8422
60 139 8422
60 140 8406
60 141 8422
60 142 8422
60 143 8438
60 144 8646
60 145 8710
60 146 8710
60 147 8742
60 148 8918
60 149 8934
60 150 8934
60 151 8950
60 152 9158
60 153 9190
60 154 9190
60 155 9190
60 156 9302
60 157 9318
60 158 9318
60 159 9334
60 160 9606
60 161 9670
60 162 9734
60 163 9766
60 164 9942
60 165 9958
60 166 9958
60 167 9974
60 168 10182
60 169 10214
60 170 10214
60 171 10214
60 172 10326
60 173 10342
60 174 10342
60 175 10358
60 176 10566
60 177 10630
60 178 10630
60 179 10662
60 180 10838
60 181 10854
60 182 10854
60 183 10870
60 184 11078
60 185 11110
60 186 11110
60 187 11110
60 188 11222
60 189 11238
60 190 11238
60 191 11254
60 192 11526
60 193 11590
60 194 11654
60 195 11686
60 196 11990
60 197 12006
60 198 12006
60 199 12022
60 200 12230
60 201 12262
60 202 12262
60 203 12262
60 204 12246
60 205 12262
60 206 12262
60 207 12278
60 208 12486
60 209 12550
60 210 12550
60 211 12582
60 212 12758
60 213 12774
60 214 12774
60 215 12790
60 216 12998
60 217 13030
60 218 13030
60 219 13030
60 220 13142
60 221 13158
60 222 13158
60 223 13174
60 224 13446
60 225 13510
60 226 13574
60 227 13606
60 228 13782
60 229 13798
60 230 13798
60 231 13814
60 232 14022
60 233 14054
60 234 14054
60 235 14054
60 236 14166
60 237 14182
60 238 14182
60 239 14198
60 240 14406
60 241 14470
60 242 14470
60 243 14502
60 244 14678
60 245 14694
60 246 14694
60 247 14710
60 248 14918
60 249 14950
60 250 14950
60 251 14950
60 252 15062
60 253 15078
60 254 15078
60 255 15094
61 0 6
61 1 70
61 2 134
61 3 166
61 4 470
61 5 486
61 6 486
61 7 502
61 8 710
61 9 742
61 10 742
61 11 742
61 12 726
61 13 742
61 14 742
61 15 758
61 16 982
61 17 1046
61 18 1046
61 19 1078
61 20 1254
61 21 1270
61 22 1270
61 23 1286
61 24 1494
61 25 1526
61 26 1526
61 27 1526
61 28 1638
61 29 1654
61 30 1654
61 31 1670
61 32 1958
61 33 1990
61 34 2054
61 35 2086
61 36 2262
61 37 2278
61 38 2278
61 39 2294
61 40 2502
61 41 2534
61 42 2534
61 43 2534
61 44 2646
61 45 2662
61 46 2662
61 47 2678
61 48 2934
61 49 2966
61 50 2966
61 51 2998
61 52 3174
61 53 3190
61 54 3190
61 55 3206
61 56 3414
61 57 3446
61 58 3446
61 59 3446
61 60 3558
61 61 3574
61 62 3574
61 63 3590
61 64 3910
61 65 3974
61 66 4038
61 67 4070
61 68 4374
61 69 4390
61 70 4390
61 71 4406
61 72 4614
61 73 4646
61 74 4646
61 75 4646
61 76 4630
61 77 4646
61 78 4646
61 79 4662
61 80 4886
61 81 4950
61 82 4950
61 83 4982
61 84 5158
61 85 5174
61 86 5174
61 87 5190
61 88 5398
61 89 5430
61 90 5430
61 91 5430
61 92 5542
61 93 5558
61 94 5558
61 95 5574
61 96 5862
61 97 5894
61 98 5958
61 99 5990
61 100 6166
61 101 6182
61 102 6182
61 103 6198
61 104 6406
61 105 6438
61 106 6438
61 107 6438
61 108 6550
61 109 6566
61 110 6566
61 111 6582
61 112 6838
61 113 6870
61 114 6870
61 115 6902
61 116 7078
61 117 7094
61 118 7094
61 119 7110
61 120 7318
61 121 7350
61 122 7350
61 123 7350
61 124 7462
61 125 7478
61 126 7478
61 127 7494
61 128 7814
61 129 7878
61 130 7942
61 131 7974
61 132 8150
61 133 8166
61 134 8166
61 135 8182
61 136 8390
61 137 8422
61 138 8422
61 139 8422
61 140 8534
61 141 8550
61 142 8550
61 143 8566
61 144 8790
61 145 8854
61 146 8854
61 147 8886
61 148 9062
61 149 9078
61 150 9078
61 151 9094
61 152 9302
61 153 9334
61 154 9334
61 155 9334
61 156 9446
61 157 9462
61 158 9462
61 159 9478
61 160 9766
61 161 9798
61 162 9862
61 163 9894
61 164 10070
61 165 10086
61 166 10086
61 167 10102
61 168 10310
61 169 10342
61 170 10342
61 171 10342
61 172 10454
61 173 10470
61 174 10470
61 175 10486
61 176 10614
61 177 10646
61 178 10646
61 179 10678
61 180 10854
61 181 10870
61 182 10870
61 183 10886
61 184 11094
61 185 11126
61 186 11126
61 187 11126
61 188 11238
61 189 11254
61 190 11254
61 191 11270
61 192 11718
61 193 11782
61 194 11846
61 195 11878
61 196 12054
61 197 12070
61 198 12070
61 199 12086
61 200 12294
61 201 12326
61 202 12326
61 203 12326
61 204 12438
61 205 12454
61 206 12454
61 207 12470
61 208 12694
61 209 12758
61 210 12758
61 211 12790
61 212 12966
61 213 12982
61 214 12982
61 215 12998
61 216 13206
61 217 13238
61 218 13238
61 219 13238
61 220 13350
61 221 13366
61 222 13366
61 223 13382
61 224 13670
61 225 13702
61 226 13766
61 227 13798
61 228 13974
61 229 13990
61 230 13990
61 231 14006
61 232 14214
61 233 14246
61 234 14246
61 235 14246
61 236 14358
61 237 14374
61 238 14374
61 239 14390
61 240 14518
61 241 14550
61 242 14550
61 243 14582
61 244 14758
61 245 14774
61 246 14774
61 247 14790
61 248 14998
61 249 15030
61 250 15030
61 251 15030
61 252 15142
61 253 15158
61 254 15158
61 255 15174
62 0 6
62 1 70
62 2 134
62 3 166
62 4 470
62 5 486
62 6 486
62 7 502
62 8 726
62 9 742
62 10 742
62 11 758
62 12 726
62 13 742
62 14 742
62 15 758
62 16 998
62 17 1030
62 18 1030
62 19 1062
62 20 1238
62 21 1254
62 22 1254
62 23 1270
62 24 1494
62 25 1510
62 26 1510
62 27 1526
62 28 1622
62 29 1638
62 30 1638
62 31 1654
62 32 1990
62 33 2054
62 34 2054
62 35 2086
62 36 2262
62 37 2278
62 38 2278
62 39 2294
62 40 2518
62 41 2534
62 42 2534
62 43 2550
62 44 2646
62 45 2662
62 46 2662
62 47 2678
62 48 2982
62 49 3014
62 50 3014
62 51 3046
62 52 3222
62 53 3238
62 54 3238
62 55 3254
62 56 3478
62 57 3494
62 58 3494
62 59 3510
62 60 3606
62 61 3622
62 62 3622
62 63 3638
62 64 3974
62 65 4038
62 66 4102
62 67 4134
62 68 4310
62 69 4326
62 70 4326
62 71 4342
62 72 4566
62 73 4582
62 74 4582
62 75 4598
62 76 4694
62 77 4710
62 78 4710
62 79 4726
62 80 4966
62 81 4998
62 82 4998
62 83 5030
62 84 5206
62 85 5222
62 86 5222
62 87 5238
62 88 5462
62 89 5478
62 90 5478
62 91 5494
62 92 5590
62 93 5606
62 94 5606
62 95 5622
62 96 5958
62 97 6022
62 98 6022
62 99 6054
62 100 6230
62 101 6246
62 102 6246
62 103 6262
62 104 6486
62 105 6502
62 106 6502
62 107 6518
62 108 6614
62 109 6630
62 110 6630
62 111 6646
62 112 6822
62 113 6854
62 114 6854
62 115 6886
62 116 7062
62 117 7078
62 118 7078
62 119 7094
62 120 7318
62 121 7334
62 122 7334
62 123 7350
62 124 7446
62 125 7462
62 126 7462
62 127 7478
62 128 7942
62 129 8006
62 130 8070
62 131 8102
62 132 8406
62 133 8422
62 134 8422
62 135 8438
62 136 8662
62 137 8678
62 138 8678
62 139 8694
62 140 8662
62 141 8678
62 142 8678
62 143 8694
62 144 8934
62 145 8966
62 146 8966
62 147 8998
62 148 9174
62 149 9190
62 150 9190
62 151 9206
62 152 9430
62 153 9446
62 154 9446
62 155 9462
62 156 9558
62 157 9574
62 158 9574
62 159 9590
62 160 9926
62 161 9990
62 162 9990
62 163 10022
62 164 10198
62 165 10214
62 166 10214
62 167 10230
62 168 10454
62 169 10470
62 170 10470
62 171 10486
62 172 10582
62 173 10598
62 174 10598
62 175 10614
62 176 10918
62 177 10950
62 178 10950
62 179 10982
62 180 11158
62 181 11174
62 182 11174
62 183 11190
62 184 11414
62 185 11430
62 186 11430
62 187 11446
62 188 11542
62 189 11558
62 190 11558
62 191 11574
62 192 11910
62 193 11974
62 194 12038
62 195 12070
62 196 12246
62 197 12262
62 198 12262
62 199 12278
62 200 12502
62 201 12518
62 202 12518
62 203 12534
62 204 12630
62 205 12646
62 206 12646
62 207 12662
62 208 12902
62 209 12934
62 210 12934
62 211 12966
62 212 13142
62 213 13158
62 214 13158
62 215 13174
62 216 13398
62 217 13414
62 218 13414
62 219 13430
62 220 13526
62 221 13542
62 222 13542
62 223 13558
62 224 13894
62 225 13958
62 226 13958
62 227 13990
62 228 14166
62 229 14182
62 230 14182
62 231 14198
62 232 14422
62 233 14438
62 234 14438
62 235 14454
62 236 14550
62 237 14566
62 238 14566
62 239 14582
62 240 14758
62 241 14790
62 242 14790
62 243 14822
62 244 14998
62 245 15014
62 246 15014
62 247 15030
62 248 15254
62 249 15270
62 250 15270
62 251 15286
62 252 15382
62 253 15398
62 254 15398
62 255 15414
63 0 6
63 1 70
63 2 134
63 3 166
63 4 470
63 5 486
63 6 486
63 7 502
63 8 726
63 9 742
63 10 742
63 11 758
63 12 726
63 13 742
63 14 742
63 15 758
63 16 1014
63 17 1046
63 18 1046
63 19 1078
63 20 1254
63 21 1270
63 22 1270
63 23 1286
63 24 1510
63 25 1526
63 26 1526
63 27 1542
63 28 1638
63 29 1654
63 30 1654
63 31 1670
63 32 2022
63 33 2054
63 34 2054
63 35 2086
63 36 2262
63 37 2278
63 38 2278
63 39 2294
63 40 2518
63 41 2534
63 42 2534
63 43 2550
63 44 2646
63 45 2662
63 46 2662
63 47 2678
63 48 3030
63 49 3094
63 50 3094
63 51 3126
63 52 3302
63 53 3318
63 54 3318
63 55 3334
63 56 3558
63 57 3574
63 58 3574
63 59 3590
63 60 3686
63 61 3702
63 62 3702
63 63 3718
63 64 4038
63 65 4102
63 66 4166
63 67 4198
63 68 4374
63 69 4390
63 70 4390
63 71 4406
63 72 4630
63 73 4646
63 74 4646
63 75 4662
63 76 4758
63 77 4774
63 78 4774
63 79 4790
63 80 5046
63 81 5078
63 82 5078
63 83 5110
63 84 5286
63 85 5302
63 86 5302
63 87 5318
63 88 5542
63 89 5558
63 90 5558
63 91 5574
63 92 5670
63 93 5686
63 94 5686
63 95 5702
63 96 6054
63 97 6086
63 98 6086
63 99 6118
63 100 6294
63 101 6310
63 102 6310
63 103 6326
63 104 6550
63 105 6566
63 106 6566
63 107 6582
63 108 6678
63 109 6694
63 110 6694
63 111 6710
63 112 6870
63 113 6934
63 114 6934
63 115 6966
63 116 7142
63 117 7158
63 118 7158
63 119 7174
63 120 7398
63 121 7414
63 122 7414
63 123 7430
63 124 7526
63 125 7542
63 126 7542
63 127 7558
63 128 8070
63 129 8134
63 130 8198
63 131 8230
63 132 8406
63 133 8422
63 134 8422
63 135 8438
63 136 8662
63 137 8678
63 138 8678
63 139 8694
63 140 8790
63 141 8806
63 142 8806
63 143 8822
63 144 9078
63 145 9110
63 146 9110
63 147 9142
63 148 9318
63 149 9334
63 150 9334
63 151 9350
63 152 9574
63 153 9590
63 154 9590
63 155 9606
63 156 9702
63 157 9718
63 158 9718
63 159 9734
63 160 10086
63 161 10118
63 162 10118
63 163 10150
63 164 10326
63 165 10342
63 166 10342
63 167 10358
63 168 10582
63 169 10598
63 170 10598
63 171 10614
63 172 10710
63 173 10726
63 174 10726
63 175 10742
63 176 10966
63 177 11030
63 178 11030
63 179 11062
63 180 11238
63 181 11254
63 182 11254
63 183 11270
63 184 11494
63 185 11510
63 186 11510
63 187 11526
63 188 11622
63 189 11638
63 190 11638
63 191 11654
63 192 12102
63 193 12166
63 194 12230
63 195 12262
63 196 12438
63 197 12454
63 198 12454
63 199 12470
63 200 12694
63 201 12710
63 202 12710
63 203 12726
63 204 12822
63 205 12838
63 206 12838
63 207 12854
63 208 12982
63 209 13014
63 210 13014
63 211 13046
63 212 13222
63 213 13238
63 214 13238
63 215 13254
63 216 13478
63 217 13494
63 218 13494
63 219 13510
63 220 13606
63 221 13622
63 222 13622
63 223 13638
63 224 13990
63 225 14022
63 226 14022
63 227 14054
63 228 14230
63 229 14246
63 230 14246
63 231 14262
63 232 14486
63 233 14502
63 234 14502
63 235 14518
63 236 14614
63 237 14630
63 238 14630
63 239 14646
63 240 14806
63 241 14870
63 242 14870
63 243 14902
63 244 15078
63 245 15094
63 246 15094
63 247 15110
63 248 15334
63 249 15350
63 250 15350
63 251 15366
63 252 15462
63 253 15478
63 254 15478
63 255 15494
64 0 6
64 1 70
64 2 262
64 3 326
64 4 262
64 5 326
64 6 518
64 7 582
64 8 518
64 9 582
64 10 774
64 11 838
64 12 774
64 13 838
64 14 1030
64 15 1094
64 16 1030
64 17 1094
64 18 1286
64 19 1350
64 20 1286
64 21 1350
64 22 1542
64 23 1606
64 24 1542
64 25 1606
64 26 1798
64 27 1862
64 28 1798
64 29 1862
64 30 2054
64 31 2118
64 32 2054
64 33 2118
64 34 2310
64 35 2374
64 36 2310
64 37 2374
64 38 2566
64 39 2630
64 40 2566
64 41 2630
64 42 2822
64 43 2886
64 44 2822
64 45 2886
64 46 3078
64 47 3142
64 48 3078
64 49 3142
64 50 3334
64 51 3398
64 52 3334
64 53 3398
64 54 3590
64 55 3654
64 56 3590
64 57 3654
64 58 3846
64 59 3910
64 60 3846
64 61 3910
64 62 4102
64 63 4166
64 64 4102
64 65 4166
64 66 4358
64 67 4422
64 68 4358
64 69 4422
64 70 4614
64 71 4678
64 72 4614
64 73 4678
64 74 4870
64 75 4934
64 76 4870
64 77 4934
64 78 5126
64 79 5190
64 80 5126
64 81 5190
64 82 5382
64 83 5446
64 84 5382
64 85 5446
64 86 5638
64 87 5702
64 88 5638
64 89 5702
64 90 5894
64 91 5958
64 92 5894
64 93 5958
64 94 6150
64 95 6214
64 96 6150
64 97 6214
64 98 6406
64 99 6470
64 100 6406
64 101 6470
64 102 6662
64 103 6726
64 104 6662
64 105 6726
64 106 6918
64 107 6982
64 108 6918
64 109 6982
64 110 7174
64 111 7238
64 112 7174
64 113 7238
64 114 7430
64 115 7494
64 116 7430
64 117 7494
64 118 7686
64 119 7750
64 120 7686
64 121 7750
64 122 7942
64 123 8006
64 124 7942
64 125 8006
64 126 8198
64 127 8262
64 128 8198
64 129 8262
64 130 8454
64 131 8518
64 132 8454
64 133 8518
64 134 8710
64 135 8774
64 136 8710
64 137 8774
64 138 8966
64 139 9030
64 140 8966
64 141 9030
64 142 9222
64 143 9286
64 144 9222
64 145 9286
64 146 9478
64 147 9542
64 148 9478
64 149 9542
64 150 9734
64 151 9798
64 152 9734
64 153 9798
64 154 9990
64 155 10054
64 156 9990
64 157 10054
64 158 10246
64 159 10310
64 160 10246
64 161 10310
64 162 10502
64 163 10566
64 164 10502
64 165 10566
64 166 10758
64 167 10822
64 168 10758
64 169 10822
64 170 11014
64 171 11078
64 172 11014
64 173 11078
64 174 11270
64 175 11334
64 176 11270
64 177 11334
64 178 11526
64 179 11590
64 180 11526
64 181 11590
64 182 11782
64 183 11846
64 184 11782
64 185 11846
64 186 12038
64 187 12102
64 188 12038
64 189 12102
64 190 12294
64 191 12358
64 192 12294
64 193 12358
64 194 12550
64 195 12614
64 196 12550
64 197 12614
64 198 12806
64 199 12870
64 200 12806
64 201 12870
64 202 13062
64 203 13126
64 204 13062
64 205 13126
64 206 13318
64 207 13382
64 208 13318
64 209 13382
64 210 13574
64 211 13638
64 212 13574
64 213 13638
64 214 13830
64 215 13894
64 216 13830
64 217 13894
64 218 14086
64 219 14150
64 220 14086
64 221 14150
64 222 14342
64 223 14406
64 224 14342
64 225 14406
64 226 14598
64 227 14662
64 228 14598
64 229 14662
64 230 14854
64 231 14918
64 232 14854
64 233 14918
64 234 15110
64 235 15174
64 236 15110
64 237 15174
64 238 15366
64 239 15430
64 240 15366
64 241 15430
64 242 15622
64 243 15686
64 244 15622
64 245 15686
64 246 15878
64 247 15942
64 248 15878
64 249 15942
64 250 16134
64 251 16198
64 252 16134
64 253 16198
64 254 16390
64 255 16454
65 0 6
65 1 70
65 2 262
65 3 326
65 4 262
65 5 326
65 6 518
65 7 582
65 8 518
65 9 582
65 10 774
65 11 838
65 12 774
65 13 838
65 14 1030
65 15 1094
65 16 1046
65 17 1110
65 18 1302
65 19 1366
65 20 1302
65 21 1366
65 22 1558
65 23 1622
65 24 1558
65 25 1622
65 26 1814
65 27 1878
65 28 1814
65 29 1878
65 30 2070
65 31 2134
65 32 2086
65 33 2150
65 34 2342
65 35 2406
65 36 2342
65 37 2406
65 38 2598
65 39 2662
65 40 2598
65 41 2662
65 42 2854
65 43 2918
65 44 2854
65 45 2918
65 46 3110
65 47 3174
65 48 3126
65 49 3190
65 50 3382
65 51 3446
65 52 3382
65 53 3446
65 54 3638
65 55 3702
65 56 3638
65 57 3702
65 58 3894
65 59 3958
65 60 3894
65 61 3958
65 62 4150
65 63 4214
65 64 4166
65 65 4230
65 66 4422
65 67 4486
65 68 4422
65 69 4486
65 70 4678
65 71 4742
65 72 4678
65 73 4742
65 74 4934
65 75 4998
65 76 4934
65 77 4998
65 78 5190
65 79 5254
65 80 5206
65 81 5270
65 82 5462
65 83 5526
65 84 5462
65 85 5526
65 86 5718
65 87 5782
65 88 5718
65 89 5782
65 90 5974
65 91 6038
65 92 5974
65 93 6038
65 94 6230
65 95 6294
65 96 6246
65 97 6310
65 98 6502
65 99 6566
65 100 6502
65 101 6566
65 102 6758
65 103 6822
65 104 6758
65 105 6822
65 106 7014
65 107 7078
65 108 7014
65 109 7078
65 110 7270
65 111 7334
65 112 7286
65 113 7350
65 114 7542
65 115 7606
65 116 7542
65 117 7606
65 118 7798
65 119 7862
65 120 7798
65 121 7862
65 122 8054
65 123 8118
65 124 8054
65 125 8118
65 126 8310
65 127 8374
65 128 8326
65 129 8390
65 130 8454
65 131 8518
65 132 8582
65 133 8646
65 134 8710
65 135 8774
65 136 8838
65 137 8902
65 138 8966
65 139 9030
65 140 9094
65 141 9158
65 142 9222
65 143 9286
65 144 9366
65 145 9430
65 146 9494
65 147 9558
65 148 9622
65 149 9686
65 150 9750
65 151 9814
65 152 9878
65 153 9942
65 154 10006
65 155 10070
65 156 10134
65 157 10198
65 158 10262
65 159 10326
65 160 10406
65 161 10470
65 162 10534
65 163 10598
65 164 10662
65 165 10726
65 166 10790
65 167 10854
65 168 10918
65 169 10982
65 170 11046
65 171 11110
65 172 11174
65 173 11238
65 174 11302
65 175 11366
65 176 11446
65 177 11510
65 178 11574
65 179 11638
65 180 11702
65 181 11766
65 182 11830
65 183 11894
65 184 11958
65 185 12022
65 186 12086
65 187 12150
65 188 12214
65 189 12278
65 190 12342
65 191 12406
65 192 12486
65 193 12550
65 194 12614
65 195 12678
65 196 12742
65 197 12806
65 198 12870
65 199 12934
65 200 12998
65 201 13062
65 202 13126
65 203 13190
65 204 13254
65 205 13318
65 206 13382
65 207 13446
65 208 13526
65 209 13590
65 210 13654
65 211 13718
65 212 13782
65 213 13846
65 214 13910
65 215 13974
65 216 14038
65 217 14102
65 218 14166
65 219 14230
65 220 14294
65 221 14358
65 222 14422
65 223 14486
65 224 14566
65 225 14630
65 226 14694
65 227 14758
65 228 14822
65 229 14886
65 230 14950
65 231 15014
65 232 15078
65 233 15142
65 234 15206
65 235 15270
65 236 15334
65 237 15398
65 238 15462
65 239 15526
65 240 15606
65 241 15670
65 242 15734
65 243 15798
65 244 15862
65 245 15926
65 246 15990
65 247 16054
65 248 16118
65 249 16182
65 250 16246
65 251 16310
65 252 16374
65 253 16438
65 254 16502
65 255 16566
66 0 6
66 1 70
66 2 262
66 3 326
66 4 262
66 5 326
66 6 518
66 7 582
66 8 534
66 9 598
66 10 790
66 11 854
66 12 790
66 13 854
66 14 1046
66 15 1110
66 16 1062
66 17 1126
66 18 1318
66 19 1382
66 20 1318
66 21 1382
66 22 1574
66 23 1638
66 24 1590
66 25 1654
66 26 1846
66 27 1910
66 28 1846
66 29 1910
66 30 2102
66 31 2166
66 32 2118
66 33 2118
66 34 2374
66 35 2374
66 36 2374
66 37 2374
66 38 2630
66 39 2630
66 40 2646
66 41 2646
66 42 2902
66 43 2902
66 44 2902
66 45 2902
66 46 3158
66 47 3158
66 48 3174
66 49 3174
66 50 3430
66 51 3430
66 52 3430
66 53 3430
66 54 3686
66 55 3686
66 56 3702
66 57 3702
66 58 3958
66 59 3958
66 60 3958
66 61 3958
66 62 4214
66 63 4214
66 64 4230
66 65 4294
66 66 4358
66 67 4422
66 68 4486
66 69 4550
66 70 4614
66 71 4678
66 72 4758
66 73 4822
66 74 4886
66 75 4950
66 76 5014
66 77 5078
66 78 5142
66 79 5206
66 80 5286
66 81 5350
66 82 5414
66 83 5478
66 84 5542
66 85 5606
66 86 5670
66 87 5734
66 88 5814
66 89 5878
66 90 5942
66 91 6006
66 92 6070
66 93 6134
66 94 6198
66 95 6262
66 96 6342
66 97 6342
66 98 6470
66 99 6470
66 100 6598
66 101 6598
66 102 6726
66 103 6726
66 104 6870
66 105 6870
66 106 6998
66 107 6998
66 108 7126
66 109 7126
66 110 7254
66 111 7254
66 112 7398
66 113 7398
66 114 7526
66 115 7526
66 116 7654
66 117 7654
66 118 7782
66 119 7782
66 120 7926
66 121 7926
66 122 8054
66 123 8054
66 124 8182
66 125 8182
66 126 8310
66 127 8310
66 128 8454
66 129 8518
66 130 8710
66 131 8774
66 132 8710
66 133 8774
66 134 8966
66 135 9030
66 136 8982
66 137 9046
66 138 9238
66 139 9302
66 140 9238
66 141 9302
66 142 9494
66 143 9558
66 144 9510
66 145 9574
66 146 9766
66 147 9830
66 148 9766
66 149 9830
66 150 10022
66 151 10086
66 152 10038
66 153 10102
66 154 10294
66 155 10358
66 156 10294
66 157 10358
66 158 10550
66 159 10614
66 160 10566
66 161 10566
66 162 10822
66 163 10822
66 164 10822
66 165 10822
66 166 11078
66 167 11078
66 168 11094
66 169 11094
66 170 11350
66 171 11350
66 172 11350
66 173 11350
66 174 11606
66 175 11606
66 176 11622
66 177 11622
66 178 11878
66 179 11878
66 180 11878
66 181 11878
66 182 12134
66 183 12134
66 184 12150
66 185 12150
66 186 12406
66 187 12406
66 188 12406
66 189 12406
66 190 12662
66 191 12662
66 192 12678
66 193 12742
66 194 12806
66 195 12870
66 196 12934
66 197 12998
66 198 13062
66 199 13126
66 200 13206
66 201 13270
66 202 13334
66 203 13398
66 204 13462
66 205 13526
66 206 13590
66 207 13654
66 208 13734
66 209 13798
66 210 13862
66 211 13926
66 212 13990
66 213 14054
66 214 14118
66 215 14182
66 216 14262
66 217 14326
66 218 14390
66 219 14454
66 220 14518
66 221 14582
66 222 14646
66 223 14710
66 224 14790
66 225 14790
66 226 14918
66 227 14918
66 228 15046
66 229 15046
66 230 15174
66 231 15174
66 232 15318
66 233 15318
66 234 15446
66 235 15446
66 236 15574
66 237 15574
66 238 15702
66 239 15702
66 240 15846
66 241 15846
66 242 15974
66 243 15974
66 244 16102
66 245 16102
66 246 16230
66 247 16230
66 248 16374
66 249 16374
66 250 16502
66 251 16502
66 252 16630
66 253 16630
66 254 16758
66 255 16758
67 0 6
67 1 70
67 2 262
67 3 326
67 4 262
67 5 326
67 6 518
67 7 582
67 8 534
67 9 598
67 10 790
67 11 854
67 12 790
67 13 854
67 14 1046
67 15 1110
67 16 1078
67 17 1142
67 18 1334
67 19 1398
67 20 1334
67 21 1398
67 22 1590
67 23 1654
67 24 1606
67 25 1670
67 26 1862
67 27 1926
67 28 1862
67 29 1926
67 30 2118
67 31 2182
67 32 2150
67 33 2150
67 34 2406
67 35 2406
67 36 2406
67 37 2406
67 38 2662
67 39 2662
67 40 2678
67 41 2678
67 42 2934
67 43 2934
67 44 2934
67 45 2934
67 46 3190
67 47 3190
67 48 3222
67 49 3222
67 50 3478
67 51 3478
67 52 3478
67 53 3478
67 54 3734
67 55 3734
67 56 3750
67 57 3750
67 58 4006
67 59 4006
67 60 4006
67 61 4006
67 62 4262
67 63 4262
67 64 4294
67 65 4358
67 66 4422
67 67 4486
67 68 4550
67 69 4614
67 70 4678
67 71 4742
67 72 4822
67 73 4886
67 74 4950
67 75 5014
67 76 5078
67 77 5142
67 78 5206
67 79 5270
67 80 5366
67 81 5430
67 82 5494
67 83 5558
67 84 5622
67 85 5686
67 86 5750
67 87 5814
67 88 5894
67 89 5958
67 90 6022
67 91 6086
67 92 6150
67 93 6214
67 94 6278
67 95 6342
67 96 6438
67 97 6438
67 98 6566
67 99 6566
67 100 6694
67 101 6694
67 102 6822
67 103 6822
67 104 6966
67 105 6966
67 106 7094
67 107 7094
67 108 7222
67 109 7222
67 110 7350
67 111 7350
67 112 7510
67 113 7510
67 114 7638
67 115 7638
67 116 7766
67 117 7766
67 118 7894
67 119 7894
67 120 8038
67 121 8038
67 122 8166
67 123 8166
67 124 8294
67 125 8294
67 126 8422
67 127 8422
67 128 8582
67 129 8646
67 130 8710
67 131 8774
67 132 8838
67 133 8902
67 134 8966
67 135 9030
67 136 9110
67 137 9174
67 138 9238
67 139 9302
67 140 9366
67 141 9430
67 142 9494
67 143 9558
67 144 9654
67 145 9718
67 146 9782
67 147 9846
67 148 9910
67 149 9974
67 150 10038
67 151 10102
67 152 10182
67 153 10246
67 154 10310
67 155 10374
67 156 10438
67 157 10502
67 158 10566
67 159 10630
67 160 10726
67 161 10726
67 162 10854
67 163 10854
67 164 10982
67 165 10982
67 166 11110
67 167 11110
67 168 11254
67 169 11254
67 170 11382
67 171 11382
67 172 11510
67 173 11510
67 174 11638
67 175 11638
67 176 11798
67 177 11798
67 178 11926
67 179 11926
67 180 12054
67 181 12054
67 182 12182
67 183 12182
67 184 12326
67 185 12326
67 186 12454
67 187 12454
67 188 12582
67 189 12582
67 190 12710
67 191 12710
67 192 12870
67 193 12934
67 194 12998
67 195 13062
67 196 13126
67 197 13190
67 198 13254
67 199 13318
67 200 13398
67 201 13462
67 202 13526
67 203 13590
67 204 13654
67 205 13718
67 206 13782
67 207 13846
67 208 13942
67 209 14006
67 210 14070
67 211 14134
67 212 14198
67 213 14262
67 214 14326
67 215 14390
67 216 14470
67 217 14534
67 218 14598
67 219 14662
67 220 14726
67 221 14790
67 222 14854
67 223 14918
67 224 15014
67 225 15014
67 226 15142
67 227 15142
67 228 15270
67 229 15270
67 230 15398
67 231 15398
67 232 15542
67 233 15542
67 234 15670
67 235 15670
67 236 15798
67 237 15798
67 238 15926
67 239 15926
67 240 16086
67 241 16086
67 242 16214
67 243 16214
67 244 16342
67 245 16342
67 246 16470
67 247 16470
67 248 16614
67 249 16614
67 250 16742
67 251 16742
67 252 16870
67 253 16870
67 254 16998
67 255 16998
68 0 6
68 1 70
68 2 262
68 3 326
68 4 278
68 5 342
68 6 534
68 7 598
68 8 582
68 9 646
68 10 838
68 11 902
68 12 854
68 13 918
68 14 1110
68 15 1174
68 16 1094
68 17 1094
68 18 1350
68 19 1350
68 20 1366
68 21 1366
68 22 1622
68 23 1622
68 24 1670
68 25 1670
68 26 1926
68 27 1926
68 28 1942
68 29 1942
68 30 2198
68 31 2198
68 32 2182
68 33 2246
68 34 2310
68 35 2374
68 36 2454
68 37 2518
68 38 2582
68 39 2646
68 40 2758
68 41 2822
68 42 2886
68 43 2950
68 44 3030
68 45 3094
68 46 3158
68 47 3222
68 48 3270
68 49 3270
68 50 3398
68 51 3398
68 52 3542
68 53 3542
68 54 3670
68 55 3670
68 56 3846
68 57 3846
68 58 3974
68 59 3974
68 60 4118
68 61 4118
68 62 4246
68 63 4246
68 64 4358
68 65 4422
68 66 4614
68 67 4678
68 68 4630
68 69 4694
68 70 4886
68 71 4950
68 72 4934
68 73 4998
68 74 5190
68 75 5254
68 76 5206
68 77 5270
68 78 5462
68 79 5526
68 80 5446
68 81 5446
68 82 5702
68 83 5702
68 84 5718
68 85 5718
68 86 5974
68 87 5974
68 88 6022
68 89 6022
68 90 6278
68 91 6278
68 92 6294
68 93 6294
68 94 6550
68 95 6550
68 96 6534
68 97 6598
68 98 6662
68 99 6726
68 100 6806
68 101 6870
68 102 6934
68 103 6998
68 104 7110
68 105 7174
68 106 7238
68 107 7302
68 108 7382
68 109 7446
68 110 7510
68 111 7574
68 112 7622
68 113 7622
68 114 7750
68 115 7750
68 116 7894
68 117 7894
68 118 8022
68 119 8022
68 120 8198
68 121 8198
68 122 8326
68 123 8326
68 124 8470
68 125 8470
68 126 8598
68 127 8598
68 128 8710
68 129 8774
68 130 8966
68 131 9030
68 132 8982
68 133 9046
68 134 9238
68 135 9302
68 136 9286
68 137 9350
68 138 9542
68 139 9606
68 140 9558
68 141 9622
68 142 9814
68 143 9878
68 144 9798
68 145 9798
68 146 10054
68 147 10054
68 148 10070
68 149 10070
68 150 10326
68 151 10326
68 152 10374
68 153 10374
68 154 10630
68 155 10630
68 156 10646
68 157 10646
68 158 10902
68 159 10902
68 160 10886
68 161 10950
68 162 11014
68 163 11078
68 164 11158
68 165 11222
68 166 11286
68 167 11350
68 168 11462
68 169 11526
68 170 11590
68 171 11654
68 172 11734
68 173 11798
68 174 11862
68 175 11926
68 176 11974
68 177 11974
68 178 12102
68 179 12102
68 180 12246
68 181 12246
68 182 12374
68 183 12374
68 184 12550
68 185 12550
68 186 12678
68 187 12678
68 188 12822
68 189 12822
68 190 12950
68 191 12950
68 192 13062
68 193 13126
68 194 13318
68 195 13382
68 196 13334
68 197 13398
68 198 13590
68 199 13654
68 200 13638
68 201 13702
68 202 13894
68 203 13958
68 204 13910
68 205 13974
68 206 14166
68 207 14230
68 208 14150
68 209 14150
68 210 14406
68 211 14406
68 212 14422
68 213 14422
68 214 14678
68 215 14678
68 216 14726
68 217 14726
68 218 14982
68 219 14982
68 220 14998
68 221 14998
68 222 15254
68 223 15254
68 224 15238
68 225 15302
68 226 15366
68 227 15430
68 228 15510
68 229 15574
68 230 15638
68 231 15702
68 232 15814
68 233 15878
68 234 15942
68 235 16006
68 236 16086
68 237 16150
68 238 16214
68 239 16278
68 240 16326
68 241 16326
68 242 16454
68 243 16454
68 244 16598
68 245 16598
68 246 16726
68 247 16726
68 248 16902
68 249 16902
68 250 17030
68 251 17030
68 252 17174
68 253 17174
68 254 17302
68 255 17302
69 0 6
69 1 70
69 2 262
69 3 326
69 4 278
69 5 342
69 6 534
69 7 598
69 8 582
69 9 646
69 10 838
69 11 902
69 12 854
69 13 918
69 14 1110
69 15 1174
69 16 1110
69 17 1110
69 18 1366
69 19 1366
69 20 1382
69 21 1382
69 22 1638
69 23 1638
69 24 1686
69 25 1686
69 26 1942
69 27 1942
69 28 1958
69 29 1958
69 30 2214
69 31 2214
69 32 2214
69 33 2278
69 34 2342
69 35 2406
69 36 2486
69 37 2550
69 38 2614
69 39 2678
69 40 2758
69 41 2822
69 42 2886
69 43 2950
69 44 3030
69 45 3094
69 46 3158
69 47 3222
69 48 3318
69 49 3318
69 50 3446
69 51 3446
69 52 3590
69 53 3590
69 54 3718
69 55 3718
69 56 3862
69 57 3862
69 58 3990
69 59 3990
69 60 4134
69 61 4134
69 62 4262
69 63 4262
69 64 4422
69 65 4486
69 66 4678
69 67 4742
69 68 4694
69 69 4758
69 70 4950
69 71 5014
69 72 4998
69 73 5062
69 74 5254
69 75 5318
69 76 5270
69 77 5334
69 78 5526
69 79 5590
69 80 5526
69 81 5526
69 82 5782
69 83 5782
69 84 5798
69 85 5798
69 86 6054
69 87 6054
69 88 6102
69 89 6102
69 90 6358
69 91 6358
69 92 6374
69 93 6374
69 94 6630
69 95 6630
69 96 6630
69 97 6694
69 98 6758
69 99 6822
69 100 6902
69 101 6966
69 102 7030
69 103 7094
69 104 7174
69 105 7238
69 106 7302
69 107 7366
69 108 7446
69 109 7510
69 110 7574
69 111 7638
69 112 7734
69 113 7734
69 114 7862
69 115 7862
69 116 8006
69 117 8006
69 118 8134
69 119 8134
69 120 8278
69 121 8278
69 122 8406
69 123 8406
69 124 8550
69 125 8550
69 126 8678
69 127 8678
69 128 8838
69 129 8902
69 130 8966
69 131 9030
69 132 9110
69 133 9174
69 134 9238
69 135 9302
69 136 9414
69 137 9478
69 138 9542
69 139 9606
69 140 9686
69 141 9750
69 142 9814
69 143 9878
69 144 9942
69 145 9942
69 146 10070
69 147 10070
69 148 10214
69 149 10214
69 150 10342
69 151 10342
69 152 10518
69 153 10518
69 154 10646
69 155 10646
69 156 10790
69 157 10790
69 158 10918
69 159 10918
69 160 11046
69 161 11110
69 162 11174
69 163 11238
69 164 11318
69 165 11382
69 166 11446
69 167 11510
69 168 11590
69 169 11654
69 170 11718
69 171 11782
69 172 11862
69 173 11926
69 174 11990
69 175 12054
69 176 12150
69 177 12150
69 178 12278
69 179 12278
69 180 12422
69 181 12422
69 182 12550
69 183 12550
69 184 12694
69 185 12694
69 186 12822
69 187 12822
69 188 12966
69 189 12966
69 190 13094
69 191 13094
69 192 13254
69 193 13318
69 194 13382
69 195 13446
69 196 13526
69 197 13590
69 198 13654
69 199 13718
69 200 13830
69 201 13894
69 202 13958
69 203 14022
69 204 14102
69 205 14166
69 206 14230
69 207 14294
69 208 14358
69 209 14358
69 210 14486
69 211 14486
69 212 14630
69 213 14630
69 214 14758
69 215 14758
69 216 14934
69 217 14934
69 218 15062
69 219 15062
69 220 15206
69 221 15206
69 222 15334
69 223 15334
69 224 15462
69 225 15526
69 226 15590
69 227 15654
69 228 15734
69 229 15798
69 230 15862
69 231 15926
69 232 16006
69 233 16070
69 234 16134
69 235 16198
69 236 16278
69 237 16342
69 238 16406
69 239 16470
69 240 16566
69 241 16566
69 242 16694
69 243 16694
69 244 16838
69 245 16838
69 246 16966
69 247 16966
69 248 17110
69 249 17110
69 250 17238
69 251 17238
69 252 17382
69 253 17382
69 254 17510
69 255 17510
70 0 6
70 1 70
70 2 262
70 3 326
70 4 278
70 5 342
70 6 534
70 7 598
70 8 598
70 9 662
70 10 854
70 11 918
70 12 854
70 13 918
70 14 1110
70 15 1174
70 16 1126
70 17 1126
70 18 1382
70 19 1382
70 20 1398
70 21 1398
70 22 1654
70 23 1654
70 24 1686
70 25 1686
70 26 1942
70 27 1942
70 28 1942
70 29 1942
70 30 2198
70 31 2198
70 32 2246
70 33 2246
70 34 2374
70 35 2374
70 36 2518
70 37 2518
70 38 2646
70 39 2646
70 40 2838
70 41 2838
70 42 2966
70 43 2966
70 44 3094
70 45 3094
70 46 3222
70 47 3222
70 48 3366
70 49 3366
70 50 3494
70 51 3494
70 52 3638
70 53 3638
70 54 3766
70 55 3766
70 56 3926
70 57 3926
70 58 4054
70 59 4054
70 60 4182
70 61 4182
70 62 4310
70 63 4310
70 64 4486
70 65 4550
70 66 4614
70 67 4678
70 68 4758
70 69 4822
70 70 4886
70 71 4950
70 72 5078
70 73 5142
70 74 5206
70 75 5270
70 76 5334
70 77 5398
70 78 5462
70 79 5526
70 80 5606
70 81 5606
70 82 5734
70 83 5734
70 84 5878
70 85 5878
70 86 6006
70 87 6006
70 88 6166
70 89 6166
70 90 6294
70 91 6294
70 92 6422
70 93 6422
70 94 6550
70 95 6550
70 96 6726
70 97 6726
70 98 6854
70 99 6854
70 100 6998
70 101 6998
70 102 7126
70 103 7126
70 104 7318
70 105 7318
70 106 7446
70 107 7446
70 108 7574
70 109 7574
70 110 7702
70 111 7702
70 112 7846
70 113 7846
70 114 7974
70 115 7974
70 116 8118
70 117 8118
70 118 8246
70 119 8246
70 120 8406
70 121 8406
70 122 8534
70 123 8534
70 124 8662
70 125 8662
70 126 8790
70 127 8790
70 128 8966
70 129 9030
70 130 9222
70 131 9286
70 132 9238
70 133 9302
70 134 9494
70 135 9558
70 136 9558
70 137 9622
70 138 9814
70 139 9878
70 140 9814
70 141 9878
70 142 10070
70 143 10134
70 144 10086
70 145 10086
70 146 10342
70 147 10342
70 148 10358
70 149 10358
70 150 10614
70 151 10614
70 152 10646
70 153 10646
70 154 10902
70 155 10902
70 156 10902
70 157 10902
70 158 11158
70 159 11158
70 160 11206
70 161 11206
70 162 11334
70 163 11334
70 164 11478
70 165 11478
70 166 11606
70 167 11606
70 168 11798
70 169 11798
70 170 11926
70 171 11926
70 172 12054
70 173 12054
70 174 12182
70 175 12182
70 176 12326
70 177 12326
70 178 12454
70 179 12454
70 180 12598
70 181 12598
70 182 12726
70 183 12726
70 184 12886
70 185 12886
70 186 13014
70 187 13014
70 188 13142
70 189 13142
70 190 13270
70 191 13270
70 192 13446
70 193 13510
70 194 13574
70 195 13638
70 196 13718
70 197 13782
70 198 13846
70 199 13910
70 200 14038
70 201 14102
70 202 14166
70 203 14230
70 204 14294
70 205 14358
70 206 14422
70 207 14486
70 208 14566
70 209 14566
70 210 14694
70 211 14694
70 212 14838
70 213 14838
70 214 14966
70 215 14966
70 216 15126
70 217 15126
70 218 15254
70 219 15254
70 220 15382
70 221 15382
70 222 15510
70 223 15510
70 224 15686
70 225 15686
70 226 15814
70 227 15814
70 228 15958
70 229 15958
70 230 16086
70 231 16086
70 232 16278
70 233 16278
70 234 16406
70 235 16406
70 236 16534
70 237 16534
70 238 16662
70 239 16662
70 240 16806
70 241 16806
70 242 16934
70 243 16934
70 244 17078
70 245 17078
70 246 17206
70 247 17206
70 248 17366
70 249 17366
70 250 17494
70 251 17494
70 252 17622
70 253 17622
70 254 17750
70 255 17750
71 0 6
71 1 70
71 2 262
71 3 326
71 4 278
71 5 342
71 6 534
71 7 598
71 8 598
71 9 662
71 10 854
71 11 918
71 12 854
71 13 918
71 14 1110
71 15 1174
71 16 1142
71 17 1142
71 18 1398
71 19 1398
71 20 1414
71 21 1414
71 22 1670
71 23 1670
71 24 1702
71 25 1702
71 26 1958
71 27 1958
71 28 1958
71 29 1958
71 30 2214
71 31 2214
71 32 2278
71 33 2278
71 34 2406
71 35 2406
71 36 2550
71 37 2550
71 38 2678
71 39 2678
71 40 2838
71 41 2838
71 42 2966
71 43 2966
71 44 3094
71 45 3094
71 46 3222
71 47 3222
71 48 3414
71 49 3414
71 50 3542
71 51 3542
71 52 3686
71 53 3686
71 54 3814
71 55 3814
71 56 4006
71 57 4006
71 58 4134
71 59 4134
71 60 4262
71 61 4262
71 62 4390
71 63 4390
71 64 4550
71 65 4614
71 66 4678
71 67 4742
71 68 4822
71 69 4886
71 70 4950
71 71 5014
71 72 5142
71 73 5206
71 74 5270
71 75 5334
71 76 5398
71 77 5462
71 78 5526
71 79 5590
71 80 5686
71 81 5686
71 82 5814
71 83 5814
71 84 5958
71 85 5958
71 86 6086
71 87 6086
71 88 6246
71 89 6246
71 90 6374
71 91 6374
71 92 6502
71 93 6502
71 94 6630
71 95 6630
71 96 6822
71 97 6822
71 98 6950
71 99 6950
71 100 7094
71 101 7094
71 102 7222
71 103 7222
71 104 7382
71 105 7382
71 106 7510
71 107 7510
71 108 7638
71 109 7638
71 110 7766
71 111 7766
71 112 7894
71 113 7894
71 114 8022
71 115 8022
71 116 8166
71 117 8166
71 118 8294
71 119 8294
71 120 8486
71 121 8486
71 122 8614
71 123 8614
71 124 8742
71 125 8742
71 126 8870
71 127 8870
71 128 9094
71 129 9158
71 130 9222
71 131 9286
71 132 9366
71 133 9430
71 134 9494
71 135 9558
71 136 9686
71 137 9750
71 138 9814
71 139 9878
71 140 9942
71 141 10006
71 142 10070
71 143 10134
71 144 10230
71 145 10230
71 146 10358
71 147 10358
71 148 10502
71 149 10502
71 150 10630
71 151 10630
71 152 10790
71 153 10790
71 154 10918
71 155 10918
71 156 11046
71 157 11046
71 158 11174
71 159 11174
71 160 11366
71 161 11366
71 162 11494
71 163 11494
71 164 11638
71 165 11638
71 166 11766
71 167 11766
71 168 11926
71 169 11926
71 170 12054
71 171 12054
71 172 12182
71 173 12182
71 174 12310
71 175 12310
71 176 12502
71 177 12502
71 178 12630
71 179 12630
71 180 12774
71 181 12774
71 182 12902
71 183 12902
71 184 13094
71 185 13094
71 186 13222
71 187 13222
71 188 13350
71 189 13350
71 190 13478
71 191 13478
71 192 13638
71 193 13702
71 194 13766
71 195 13830
71 196 13910
71 197 13974
71 198 14038
71 199 14102
71 200 14230
71 201 14294
71 202 14358
71 203 14422
71 204 14486
71 205 14550
71 206 14614
71 207 14678
71 208 14774
71 209 14774
71 210 14902
71 211 14902
71 212 15046
71 213 15046
71 214 15174
71 215 15174
71 216 15334
71 217 15334
71 218 15462
71 219 15462
71 220 15590
71 221 15590
71 222 15718
71 223 15718
71 224 15782
71 225 15782
71 226 15910
71 227 15910
71 228 16054
71 229 16054
71 230 16182
71 231 16182
71 232 16342
71 233 16342
71 234 16470
71 235 16470
71 236 16598
71 237 16598
71 238 16726
71 239 16726
71 240 16854
71 241 16854
71 242 16982
71 243 16982
71 244 17126
71 245 17126
71 246 17254
71 247 17254
71 248 17446
71 249 17446
71 250 17574
71 251 17574
71 252 17702
71 253 17702
71 254 17830
71 255 17830
72 0 6
72 1 70
72 2 326
72 3 390
72 4 326
72 5 390
72 6 582
72 7 646
72 8 646
72 9 646
72 10 966
72 11 966
72 12 966
72 13 966
72 14 1222
72 15 1222
72 16 1158
72 17 1222
72 18 1350
72 19 1414
72 20 1478
72 21 1542
72 22 1606
72 23 1670
72 24 1798
72 25 1798
72 26 1990
72 27 1990
72 28 2118
72 29 2118
72 30 2246
72 31 2246
72 32 2310
72 33 2374
72 34 2630
72 35 2694
72 36 2630
72 37 2694
72 38 2886
72 39 2950
72 40 2950
72 41 2950
72 42 3270
72 43 3270
72 44 3270
72 45 3270
72 46 3526
72 47 3526
72 48 3462
72 49 3526
72 50 3654
72 51 3718
72 52 3782
72 53 3846
72 54 3910
72 55 3974
72 56 4102
72 57 4102
72 58 4294
72 59 4294
72 60 4422
72 61 4422
72 62 4550
72 63 4550
72 64 4614
72 65 4678
72 66 4934
72 67 4998
72 68 4934
72 69 4998
72 70 5190
72 71 5254
72 72 5254
72 73 5254
72 74 5574
72 75 5574
72 76 5574
72 77 5574
72 78 5830
72 79 5830
72 80 5766
72 81 5830
72 82 5958
72 83 6022
72 84 6086
72 85 6150
72 86 6214
72 87 6278
72 88 6406
72 89 6406
72 90 6598
72 91 6598
72 92 6726
72 93 6726
72 94 6854
72 95 6854
72 96 6918
72 97 6982
72 98 7238
72 99 7302
72 100 7238
72 101 7302
72 102 7494
72 103 7558
72 104 7558
72 105 7558
72 106 7878
72 107 7878
72 108 7878
72 109 7878
72 110 8134
72 111 8134
72 112 8070
72 113 8134
72 114 8262
72 115 8326
72 116 8390
72 117 8454
72 118 8518
72 119 8582
72 120 8710
72 121 8710
72 122 8902
72 123 8902
72 124 9030
72 125 9030
72 126 9158
72 127 9158
72 128 9222
72 129 9286
72 130 9542
72 131 9606
72 132 9542
72 133 9606
72 134 9798
72 135 9862
72 136 9862
72 137 9862
72 138 10182
72 139 10182
72 140 10182
72 141 10182
72 142 10438
72 143 10438
72 144 10374
72 145 10438
72 146 10566
72 147 10630
72 148 10694
72 149 10758
72 150 10822
72 151 10886
72 152 11014
72 153 11014
72 154 11206
72 155 11206
72 156 11334
72 157 11334
72 158 11462
72 159 11462
72 160 11526
72 161 11590
72 162 11846
72 163 11910
72 164 11846
72 165 11910
72 166 12102
72 167 12166
72 168 12166
72 169 12166
72 170 12486
72 171 12486
72 172 12486
72 173 12486
72 174 12742
72 175 12742
72 176 12678
72 177 12742
72 178 12870
72 179 12934
72 180 12998
72 181 13062
72 182 13126
72 183 13190
72 184 13318
72 185 13318
72 186 13510
72 187 13510
72 188 13638
72 189 13638
72 190 13766
72 191 13766
72 192 13830
72 193 13894
72 194 14150
72 195 14214
72 196 14150
72 197 14214
72 198 14406
72 199 14470
72 200 14470
72 201 14470
72 202 14790
72 203 14790
72 204 14790
72 205 14790
72 206 15046
72 207 15046
72 208 14982
72 209 15046
72 210 15174
72 211 15238
72 212 15302
72 213 15366
72 214 15430
72 215 15494
72 216 15622
72 217 15622
72 218 15814
72 219 15814
72 220 15942
72 221 15942
72 222 16070
72 223 16070
72 224 16134
72 225 16198
72 226 16454
72 227 16518
72 228 16454
72 229 16518
72 230 16710
72 231 16774
72 232 16774
72 233 16774
72 234 17094
72 235 17094
72 236 17094
72 237 17094
72 238 17350
72 239 17350
72 240 17286
72 241 17350
72 242 17478
72 243 17542
72 244 17606
72 245 17670
72 246 17734
72 247 17798
72 248 17926
72 249 17926
72 250 18118
72 251 18118
72 252 18246
72 253 18246
72 254 18374
72 255 18374
73 0 6
73 1 70
73 2 326
73 3 390
73 4 326
73 5 390
73 6 582
73 7 646
73 8 646
73 9 646
73 10 966
73 11 966
73 12 966
73 13 966
73 14 1222
73 15 1222
73 16 1174
73 17 1238
73 18 1366
73 19 1430
73 20 1494
73 21 1558
73 22 1622
73 23 1686
73 24 1814
73 25 1814
73 26 2006
73 27 2006
73 28 2134
73 29 2134
73 30 2262
73 31 2262
73 32 2342
73 33 2406
73 34 2630
73 35 2694
73 36 2630
73 37 2694
73 38 2918
73 39 2982
73 40 2982
73 41 2982
73 42 3270
73 43 3270
73 44 3270
73 45 3270
73 46 3558
73 47 3558
73 48 3510
73 49 3574
73 50 3670
73 51 3734
73 52 3798
73 53 3862
73 54 3958
73 55 4022
73 56 4150
73 57 4150
73 58 4310
73 59 4310
73 60 4438
73 61 4438
73 62 4598
73 63 4598
73 64 4678
73 65 4742
73 66 4998
73 67 5062
73 68 4998
73 69 5062
73 70 5254
73 71 5318
73 72 5318
73 73 5318
73 74 5638
73 75 5638
73 76 5638
73 77 5638
73 78 5894
73 79 5894
73 80 5846
73 81 5910
73 82 6038
73 83 6102
73 84 6166
73 85 6230
73 86 6294
73 87 6358
73 88 6486
73 89 6486
73 90 6678
73 91 6678
73 92 6806
73 93 6806
73 94 6934
73 95 6934
73 96 7014
73 97 7078
73 98 7302
73 99 7366
73 100 7302
73 101 7366
73 102 7590
73 103 7654
73 104 7654
73 105 7654
73 106 7942
73 107 7942
73 108 7942
73 109 7942
73 110 8230
73 111 8230
73 112 8182
73 113 8246
73 114 8342
73 115 8406
73 116 8470
73 117 8534
73 118 8630
73 119 8694
73 120 8822
73 121 8822
73 122 8982
73 123 8982
73 124 9110
73 125 9110
73 126 9270
73 127 9270
73 128 9350
73 129 9414
73 130 9542
73 131 9606
73 132 9670
73 133 9734
73 134 9798
73 135 9862
73 136 9990
73 137 9990
73 138 10182
73 139 10182
73 140 10310
73 141 10310
73 142 10438
73 143 10438
73 144 10518
73 145 10582
73 146 10710
73 147 10774
73 148 10838
73 149 10902
73 150 10966
73 151 11030
73 152 11158
73 153 11158
73 154 11350
73 155 11350
73 156 11478
73 157 11478
73 158 11606
73 159 11606
73 160 11686
73 161 11750
73 162 11846
73 163 11910
73 164 11974
73 165 12038
73 166 12134
73 167 12198
73 168 12326
73 169 12326
73 170 12486
73 171 12486
73 172 12614
73 173 12614
73 174 12774
73 175 12774
73 176 12854
73 177 12918
73 178 13014
73 179 13078
73 180 13142
73 181 13206
73 182 13302
73 183 13366
73 184 13494
73 185 13494
73 186 13654
73 187 13654
73 188 13782
73 189 13782
73 190 13942
73 191 13942
73 192 14022
73 193 14086
73 194 14214
73 195 14278
73 196 14342
73 197 14406
73 198 14470
73 199 14534
73 200 14662
73 201 14662
73 202 14854
73 203 14854
73 204 14982
73 205 14982
73 206 15110
73 207 15110
73 208 15190
73 209 15254
73 210 15382
73 211 15446
73 212 15510
73 213 15574
73 214 15638
73 215 15702
73 216 15830
73 217 15830
73 218 16022
73 219 16022
73 220 16150
73 221 16150
73 222 16278
73 223 16278
73 224 16358
73 225 16422
73 226 16518
73 227 16582
73 228 16646
73 229 16710
73 230 16806
73 231 16870
73 232 16998
73 233 16998
73 234 17158
73 235 17158
73 236 17286
73 237 17286
73 238 17446
73 239 17446
73 240 17526
73 241 17590
73 242 17686
73 243 17750
73 244 17814
73 245 17878
73 246 17974
73 247 18038
73 248 18166
73 249 18166
73 250 18326
73 251 18326
73 252 18454
73 253 18454
73 254 18614
73 255 18614
74 0 6
74 1 70
74 2 326
74 3 390
74 4 326
74 5 390
74 6 582
74 7 646
74 8 662
74 9 662
74 10 966
74 11 966
74 12 982
74 13 982
74 14 1222
74 15 1222
74 16 1190
74 17 1254
74 18 1350
74 19 1414
74 20 1478
74 21 1542
74 22 1638
74 23 1702
74 24 1846
74 25 1846
74 26 1990
74 27 1990
74 28 2134
74 29 2134
74 30 2278
74 31 2278
74 32 2374
74 33 2374
74 34 2694
74 35 2694
74 36 2694
74 37 2694
74 38 2950
74 39 2950
74 40 2966
74 41 2966
74 42 3270
74 43 3270
74 44 3286
74 45 3286
74 46 3526
74 47 3526
74 48 3558
74 49 3558
74 50 3718
74 51 3718
74 52 3846
74 53 3846
74 54 4006
74 55 4006
74 56 4150
74 57 4150
74 58 4294
74 59 4294
74 60 4438
74 61 4438
74 62 4582
74 63 4582
74 64 4742
74 65 4806
74 66 4934
74 67 4998
74 68 5062
74 69 5126
74 70 5190
74 71 5254
74 72 5398
74 73 5398
74 74 5574
74 75 5574
74 76 5718
74 77 5718
74 78 5830
74 79 5830
74 80 5926
74 81 5990
74 82 6086
74 83 6150
74 84 6214
74 85 6278
74 86 6374
74 87 6438
74 88 6582
74 89 6582
74 90 6726
74 91 6726
74 92 6870
74 93 6870
74 94 7014
74 95 7014
74 96 7110
74 97 7110
74 98 7302
74 99 7302
74 100 7430
74 101 7430
74 102 7558
74 103 7558
74 104 7702
74 105 7702
74 106 7878
74 107 7878
74 108 8022
74 109 8022
74 110 8134
74 111 8134
74 112 8294
74 113 8294
74 114 8454
74 115 8454
74 116 8582
74 117 8582
74 118 8742
74 119 8742
74 120 8886
74 121 8886
74 122 9030
74 123 9030
74 124 9174
74 125 9174
74 126 9318
74 127 9318
74 128 9478
74 129 9542
74 130 9798
74 131 9862
74 132 9798
74 133 9862
74 134 10054
74 135 10118
74 136 10134
74 137 10134
74 138 10438
74 139 10438
74 140 10454
74 141 10454
74 142 10694
74 143 10694
74 144 10662
74 145 10726
74 146 10822
74 147 10886
74 148 10950
74 149 11014
74 150 11110
74 151 11174
74 152 11318
74 153 11318
74 154 11462
74 155 11462
74 156 11606
74 157 11606
74 158 11750
74 159 11750
74 160 11846
74 161 11846
74 162 12166
74 163 12166
74 164 12166
74 165 12166
74 166 12422
74 167 12422
74 168 12438
74 169 12438
74 170 12742
74 171 12742
74 172 12758
74 173 12758
74 174 12998
74 175 12998
74 176 13030
74 177 13030
74 178 13190
74 179 13190
74 180 13318
74 181 13318
74 182 13478
74 183 13478
74 184 13622
74 185 13622
74 186 13766
74 187 13766
74 188 13910
74 189 13910
74 190 14054
74 191 14054
74 192 14214
74 193 14278
74 194 14406
74 195 14470
74 196 14534
74 197 14598
74 198 14662
74 199 14726
74 200 14870
74 201 14870
74 202 15046
74 203 15046
74 204 15190
74 205 15190
74 206 15302
74 207 15302
74 208 15398
74 209 15462
74 210 15558
74 211 15622
74 212 15686
74 213 15750
74 214 15846
74 215 15910
74 216 16054
74 217 16054
74 218 16198
74 219 16198
74 220 16342
74 221 16342
74 222 16486
74 223 16486
74 224 16582
74 225 16582
74 226 16774
74 227 16774
74 228 16902
74 229 16902
74 230 17030
74 231 17030
74 232 17174
74 233 17174
74 234 17350
74 235 17350
74 236 17494
74 237 17494
74 238 17606
74 239 17606
74 240 17766
74 241 17766
74 242 17926
74 243 17926
74 244 18054
74 245 18054
74 246 18214
74 247 18214
74 248 18358
74 249 18358
74 250 18502
74 251 18502
74 252 18646
74 253 18646
74 254 18790
74 255 18790
75 0 6
75 1 70
75 2 326
75 3 390
75 4 326
75 5 390
75 6 582
75 7 646
75 8 662
75 9 662
75 10 966
75 11 966
75 12 982
75 13 982
75 14 1222
75 15 1222
75 16 1206
75 17 1270
75 18 1366
75 19 1430
75 20 1494
75 21 1558
75 22 1654
75 23 1718
75 24 1862
75 25 1862
75 26 2006
75 27 2006
75 28 2150
75 29 2150
75 30 2294
75 31 2294
75 32 2406
75 33 2406
75 34 2694
75 35 2694
75 36 2694
75 37 2694
75 38 2982
75 39 2982
75 40 2998
75 41 2998
75 42 3270
75 43 3270
75 44 3286
75 45 3286
75 46 3558
75 47 3558
75 48 3606
75 49 3606
75 50 3798
75 51 3798
75 52 3926
75 53 3926
75 54 4054
75 55 4054
75 56 4198
75 57 4198
75 58 4374
75 59 4374
75 60 4518
75 61 4518
75 62 4630
75 63 4630
75 64 4806
75 65 4870
75 66 4998
75 67 5062
75 68 5126
75 69 5190
75 70 5254
75 71 5318
75 72 5462
75 73 5462
75 74 5638
75 75 5638
75 76 5782
75 77 5782
75 78 5894
75 79 5894
75 80 6006
75 81 6070
75 82 6166
75 83 6230
75 84 6294
75 85 6358
75 86 6454
75 87 6518
75 88 6662
75 89 6662
75 90 6806
75 91 6806
75 92 6950
75 93 6950
75 94 7094
75 95 7094
75 96 7206
75 97 7206
75 98 7366
75 99 7366
75 100 7494
75 101 7494
75 102 7654
75 103 7654
75 104 7798
75 105 7798
75 106 7942
75 107 7942
75 108 8086
75 109 8086
75 110 8230
75 111 8230
75 112 8406
75 113 8406
75 114 8598
75 115 8598
75 116 8726
75 117 8726
75 118 8854
75 119 8854
75 120 8998
75 121 8998
75 122 9174
75 123 9174
75 124 9318
75 125 9318
75 126 9430
75 127 9430
75 128 9606
75 129 9670
75 130 9798
75 131 9862
75 132 9926
75 133 9990
75 134 10054
75 135 10118
75 136 10262
75 137 10262
75 138 10438
75 139 10438
75 140 10582
75 141 10582
75 142 10694
75 143 10694
75 144 10806
75 145 10870
75 146 10966
75 147 11030
75 148 11094
75 149 11158
75 150 11254
75 151 11318
75 152 11462
75 153 11462
75 154 11606
75 155 11606
75 156 11750
75 157 11750
75 158 11894
75 159 11894
75 160 12006
75 161 12006
75 162 12166
75 163 12166
75 164 12294
75 165 12294
75 166 12454
75 167 12454
75 168 12598
75 169 12598
75 170 12742
75 171 12742
75 172 12886
75 173 12886
75 174 13030
75 175 13030
75 176 13206
75 177 13206
75 178 13398
75 179 13398
75 180 13526
75 181 13526
75 182 13654
75 183 13654
75 184 13798
75 185 13798
75 186 13974
75 187 13974
75 188 14118
75 189 14118
75 190 14230
75 191 14230
75 192 14406
75 193 14470
75 194 14598
75 195 14662
75 196 14726
75 197 14790
75 198 14854
75 199 14918
75 200 15062
75 201 15062
75 202 15238
75 203 15238
75 204 15382
75 205 15382
75 206 15494
75 207 15494
75 208 15478
75 209 15542
75 210 15638
75 211 15702
75 212 15766
75 213 15830
75 214 15926
75 215 15990
75 216 16134
75 217 16134
75 218 16278
75 219 16278
75 220 16422
75 221 16422
75 222 16566
75 223 16566
75 224 16806
75 225 16806
75 226 16966
75 227 16966
75 228 17094
75 229 17094
75 230 17254
75 231 17254
75 232 17398
75 233 17398
75 234 17542
75 235 17542
75 236 17686
75 237 17686
75 238 17830
75 239 17830
75 240 17878
75 241 17878
75 242 18070
75 243 18070
75 244 18198
75 245 18198
75 246 18326
75 247 18326
75 248 18470
75 249 18470
75 250 18646
75 251 18646
75 252 18790
75 253 18790
75 254 18902
75 255 18902
76 0 6
76 1 70
76 2 326
76 3 390
76 4 342
76 5 406
76 6 582
76 7 646
76 8 710
76 9 710
76 10 966
76 11 966
76 12 982
76 13 982
76 14 1254
76 15 1254
76 16 1222
76 17 1222
76 18 1414
76 19 1414
76 20 1558
76 21 1558
76 22 1670
76 23 1670
76 24 1862
76 25 1862
76 26 1990
76 27 1990
76 28 2134
76 29 2134
76 30 2278
76 31 2278
76 32 2438
76 33 2502
76 34 2630
76 35 2694
76 36 2774
76 37 2838
76 38 2886
76 39 2950
76 40 3142
76 41 3142
76 42 3270
76 43 3270
76 44 3414
76 45 3414
76 46 3558
76 47 3558
76 48 3654
76 49 3654
76 50 3846
76 51 3846
76 52 3990
76 53 3990
76 54 4102
76 55 4102
76 56 4294
76 57 4294
76 58 4422
76 59 4422
76 60 4566
76 61 4566
76 62 4710
76 63 4710
76 64 4870
76 65 4934
76 66 5190
76 67 5254
76 68 5206
76 69 5270
76 70 5446
76 71 5510
76 72 5574
76 73 5574
76 74 5830
76 75 5830
76 76 5846
76 77 5846
76 78 6118
76 79 6118
76 80 6086
76 81 6086
76 82 6278
76 83 6278
76 84 6422
76 85 6422
76 86 6534
76 87 6534
76 88 6726
76 89 6726
76 90 6854
76 91 6854
76 92 6998
76 93 6998
76 94 7142
76 95 7142
76 96 7302
76 97 7366
76 98 7494
76 99 7558
76 100 7638
76 101 7702
76 102 7750
76 103 7814
76 104 8006
76 105 8006
76 106 8134
76 107 8134
76 108 8278
76 109 8278
76 110 8422
76 111 8422
76 112 8518
76 113 8518
76 114 8710
76 115 8710
76 116 8854
76 117 8854
76 118 8966
76 119 8966
76 120 9158
76 121 9158
76 122 9286
76 123 9286
76 124 9430
76 125 9430
76 126 9574
76 127 9574
76 128 9734
76 129 9798
76 130 10054
76 131 10118
76 132 10070
76 133 10134
76 134 10310
76 135 10374
76 136 10438
76 137 10438
76 138 10694
76 139 10694
76 140 10710
76 141 10710
76 142 10982
76 143 10982
76 144 10950
76 145 10950
76 146 11142
76 147 11142
76 148 11286
76 149 11286
76 150 11398
76 151 11398
76 152 11590
76 153 11590
76 154 11718
76 155 11718
76 156 11862
76 157 11862
76 158 12006
76 159 12006
76 160 12166
76 161 12230
76 162 12358
76 163 12422
76 164 12502
76 165 12566
76 166 12614
76 167 12678
76 168 12870
76 169 12870
76 170 12998
76 171 12998
76 172 13142
76 173 13142
76 174 13286
76 175 13286
76 176 13382
76 177 13382
76 178 13574
76 179 13574
76 180 13718
76 181 13718
76 182 13830
76 183 13830
76 184 14022
76 185 14022
76 186 14150
76 187 14150
76 188 14294
76 189 14294
76 190 14438
76 191 14438
76 192 14598
76 193 14662
76 194 14918
76 195 14982
76 196 14934
76 197 14998
76 198 15174
76 199 15238
76 200 15302
76 201 15302
76 202 15558
76 203 15558
76 204 15574
76 205 15574
76 206 15846
76 207 15846
76 208 15814
76 209 15814
76 210 16006
76 211 16006
76 212 16150
76 213 16150
76 214 16262
76 215 16262
76 216 16454
76 217 16454
76 218 16582
76 219 16582
76 220 16726
76 221 16726
76 222 16870
76 223 16870
76 224 17030
76 225 17094
76 226 17222
76 227 17286
76 228 17366
76 229 17430
76 230 17478
76 231 17542
76 232 17734
76 233 17734
76 234 17862
76 235 17862
76 236 18006
76 237 18006
76 238 18150
76 239 18150
76 240 18246
76 241 18246
76 242 18438
76 243 18438
76 244 18582
76 245 18582
76 246 18694
76 247 18694
76 248 18886
76 249 18886
76 250 19014
76 251 19014
76 252 19158
76 253 19158
76 254 19302
76 255 19302
77 0 6
77 1 70
77 2 326
77 3 390
77 4 342
77 5 406
77 6 582
77 7 646
77 8 710
77 9 710
77 10 966
77 11 966
77 12 982
77 13 982
77 14 1254
77 15 1254
77 16 1238
77 17 1238
77 18 1430
77 19 1430
77 20 1574
77 21 1574
77 22 1686
77 23 1686
77 24 1878
77 25 1878
77 26 2006
77 27 2006
77 28 2150
77 29 2150
77 30 2294
77 31 2294
77 32 2470
77 33 2534
77 34 2630
77 35 2694
77 36 2774
77 37 2838
77 38 2918
77 39 2982
77 40 3142
77 41 3142
77 42 3302
77 43 3302
77 44 3414
77 45 3414
77 46 3558
77 47 3558
77 48 3702
77 49 3702
77 50 3862
77 51 3862
77 52 4006
77 53 4006
77 54 4150
77 55 4150
77 56 4310
77 57 4310
77 58 4470
77 59 4470
77 60 4582
77 61 4582
77 62 4726
77 63 4726
77 64 4934
77 65 4998
77 66 5254
77 67 5318
77 68 5270
77 69 5334
77 70 5510
77 71 5574
77 72 5638
77 73 5638
77 74 5894
77 75 5894
77 76 5910
77 77 5910
77 78 6182
77 79 6182
77 80 6166
77 81 6166
77 82 6358
77 83 6358
77 84 6502
77 85 6502
77 86 6614
77 87 6614
77 88 6806
77 89 6806
77 90 6934
77 91 6934
77 92 7078
77 93 7078
77 94 7222
77 95 7222
77 96 7398
77 97 7462
77 98 7558
77 99 7622
77 100 7702
77 101 7766
77 102 7846
77 103 7910
77 104 8070
77 105 8070
77 106 8230
77 107 8230
77 108 8342
77 109 8342
77 110 8486
77 111 8486
77 112 8630
77 113 8630
77 114 8790
77 115 8790
77 116 8934
77 117 8934
77 118 9078
77 119 9078
77 120 9238
77 121 9238
77 122 9398
77 123 9398
77 124 9510
77 125 9510
77 126 9654
77 127 9654
77 128 9862
77 129 9926
77 130 10054
77 131 10118
77 132 10198
77 133 10262
77 134 10310
77 135 10374
77 136 10566
77 137 10566
77 138 10694
77 139 10694
77 140 10838
77 141 10838
77 142 10982
77 143 10982
77 144 11094
77 145 11094
77 146 11286
77 147 11286
77 148 11430
77 149 11430
77 150 11542
77 151 11542
77 152 11734
77 153 11734
77 154 11862
77 155 11862
77 156 12006
77 157 12006
77 158 12150
77 159 12150
77 160 12326
77 161 12390
77 162 12486
77 163 12550
77 164 12630
77 165 12694
77 166 12774
77 167 12838
77 168 12998
77 169 12998
77 170 13158
77 171 13158
77 172 13270
77 173 13270
77 174 13414
77 175 13414
77 176 13430
77 177 13430
77 178 13590
77 179 13590
77 180 13734
77 181 13734
77 182 13878
77 183 13878
77 184 14038
77 185 14038
77 186 14198
77 187 14198
77 188 14310
77 189 14310
77 190 14454
77 191 14454
77 192 14790
77 193 14854
77 194 14982
77 195 15046
77 196 15126
77 197 15190
77 198 15238
77 199 15302
77 200 15494
77 201 15494
77 202 15622
77 203 15622
77 204 15766
77 205 15766
77 206 15910
77 207 15910
77 208 16022
77 209 16022
77 210 16214
77 211 16214
77 212 16358
77 213 16358
77 214 16470
77 215 16470
77 216 16662
77 217 16662
77 218 16790
77 219 16790
77 220 16934
77 221 16934
77 222 17078
77 223 17078
77 224 17254
77 225 17318
77 226 17414
77 227 17478
77 228 17558
77 229 17622
77 230 17702
77 231 17766
77 232 17926
77 233 17926
77 234 18086
77 235 18086
77 236 18198
77 237 18198
77 238 18342
77 239 18342
77 240 18358
77 241 18358
77 242 18518
77 243 18518
77 244 18662
77 245 18662
77 246 18806
77 247 18806
77 248 18966
77 249 18966
77 250 19126
77 251 19126
77 252 19238
77 253 19238
77 254 19382
77 255 19382
78 0 6
78 1 70
78 2 326
78 3 390
78 4 342
78 5 406
78 6 582
78 7 646
78 8 726
78 9 726
78 10 966
78 11 966
78 12 982
78 13 982
78 14 1254
78 15 1254
78 16 1254
78 17 1254
78 18 1414
78 19 1414
78 20 1558
78 21 1558
78 22 1702
78 23 1702
78 24 1878
78 25 1878
78 26 2022
78 27 2022
78 28 2134
78 29 2134
78 30 2278
78 31 2278
78 32 2502
78 33 2502
78 34 2694
78 35 2694
78 36 2838
78 37 2838
78 38 2950
78 39 2950
78 40 3158
78 41 3158
78 42 3270
78 43 3270
78 44 3414
78 45 3414
78 46 3558
78 47 3558
78 48 3750
78 49 3750
78 50 3910
78 51 3910
78 52 4054
78 53 4054
78 54 4198
78 55 4198
78 56 4374
78 57 4374
78 58 4518
78 59 4518
78 60 4630
78 61 4630
78 62 4774
78 63 4774
78 64 4998
78 65 5062
78 66 5190
78 67 5254
78 68 5334
78 69 5398
78 70 5446
78 71 5510
78 72 5718
78 73 5718
78 74 5830
78 75 5830
78 76 5974
78 77 5974
78 78 6118
78 79 6118
78 80 6246
78 81 6246
78 82 6406
78 83 6406
78 84 6550
78 85 6550
78 86 6694
78 87 6694
78 88 6870
78 89 6870
78 90 7014
78 91 7014
78 92 7126
78 93 7126
78 94 7270
78 95 7270
78 96 7494
78 97 7494
78 98 7686
78 99 7686
78 100 7830
78 101 7830
78 102 7942
78 103 7942
78 104 8150
78 105 8150
78 106 8262
78 107 8262
78 108 8406
78 109 8406
78 110 8550
78 111 8550
78 112 8614
78 113 8614
78 114 8774
78 115 8774
78 116 8918
78 117 8918
78 118 9062
78 119 9062
78 120 9238
78 121 9238
78 122 9382
78 123 9382
78 124 9494
78 125 9494
78 126 9638
78 127 9638
78 128 9990
78 129 10054
78 130 10310
78 131 10374
78 132 10326
78 133 10390
78 134 10566
78 135 10630
78 136 10710
78 137 10710
78 138 10950
78 139 10950
78 140 10966
78 141 10966
78 142 11238
78 143 11238
78 144 11238
78 145 11238
78 146 11398
78 147 11398
78 148 11542
78 149 11542
78 150 11686
78 151 11686
78 152 11862
78 153 11862
78 154 12006
78 155 12006
78 156 12118
78 157 12118
78 158 12262
78 159 12262
78 160 12486
78 161 12486
78 162 12678
78 163 12678
78 164 12822
78 165 12822
78 166 12934
78 167 12934
78 168 13142
78 169 13142
78 170 13254
78 171 13254
78 172 13398
78 173 13398
78 174 13542
78 175 13542
78 176 13734
78 177 13734
78 178 13894
78 179 13894
78 180 14038
78 181 14038
78 182 14182
78 183 14182
78 184 14358
78 185 14358
78 186 14502
78 187 14502
78 188 14614
78 189 14614
78 190 14758
78 191 14758
78 192 14982
78 193 15046
78 194 15174
78 195 15238
78 196 15318
78 197 15382
78 198 15430
78 199 15494
78 200 15702
78 201 15702
78 202 15814
78 203 15814
78 204 15958
78 205 15958
78 206 16102
78 207 16102
78 208 16230
78 209 16230
78 210 16390
78 211 16390
78 212 16534
78 213 16534
78 214 16678
78 215 16678
78 216 16854
78 217 16854
78 218 16998
78 219 16998
78 220 17110
78 221 17110
78 222 17254
78 223 17254
78 224 17478
78 225 17478
78 226 17670
78 227 17670
78 228 17814
78 229 17814
78 230 17926
78 231 17926
78 232 18134
78 233 18134
78 234 18246
78 235 18246
78 236 18390
78 237 18390
78 238 18534
78 239 18534
78 240 18598
78 241 18598
78 242 18758
78 243 18758
78 244 18902
78 245 18902
78 246 19046
78 247 19046
78 248 19222
78 249 19222
78 250 19366
78 251 19366
78 252 19478
78 253 19478
78 254 19622
78 255 19622
79 0 6
79 1 70
79 2 326
79 3 390
79 4 342
79 5 406
79 6 582
79 7 646
79 8 726
79 9 726
79 10 966
79 11 966
79 12 982
79 13 982
79 14 1254
79 15 1254
79 16 1270
79 17 1270
79 18 1430
79 19 1430
79 20 1574
79 21 1574
79 22 1718
79 23 1718
79 24 1894
79 25 1894
79 26 2038
79 27 2038
79 28 2150
79 29 2150
79 30 2294
79 31 2294
79 32 2534
79 33 2534
79 34 2694
79 35 2694
79 36 2838
79 37 2838
79 38 2982
79 39 2982
79 40 3158
79 41 3158
79 42 3302
79 43 3302
79 44 3414
79 45 3414
79 46 3558
79 47 3558
79 48 3798
79 49 3798
79 50 3990
79 51 3990
79 52 4134
79 53 4134
79 54 4246
79 55 4246
79 56 4454
79 57 4454
79 58 4566
79 59 4566
79 60 4710
79 61 4710
79 62 4854
79 63 4854
79 64 5062
79 65 5126
79 66 5254
79 67 5318
79 68 5398
79 69 5462
79 70 5510
79 71 5574
79 72 5782
79 73 5782
79 74 5894
79 75 5894
79 76 6038
79 77 6038
79 78 6182
79 79 6182
79 80 6326
79 81 6326
79 82 6486
79 83 6486
79 84 6630
79 85 6630
79 86 6774
79 87 6774
79 88 6950
79 89 6950
79 90 7094
79 91 7094
79 92 7206
79 93 7206
79 94 7350
79 95 7350
79 96 7590
79 97 7590
79 98 7750
79 99 7750
79 100 7894
79 101 7894
79 102 8038
79 103 8038
79 104 8214
79 105 8214
79 106 8358
79 107 8358
79 108 8470
79 109 8470
79 110 8614
79 111 8614
79 112 8662
79 113 8662
79 114 8854
79 115 8854
79 116 8998
79 117 8998
79 118 9110
79 119 9110
79 120 9318
79 121 9318
79 122 9430
79 123 9430
79 124 9574
79 125 9574
79 126 9718
79 127 9718
79 128 10118
79 129 10182
79 130 10310
79 131 10374
79 132 10454
79 133 10518
79 134 10566
79 135 10630
79 136 10838
79 137 10838
79 138 10950
79 139 10950
79 140 11094
79 141 11094
79 142 11238
79 143 11238
79 144 11382
79 145 11382
79 146 11542
79 147 11542
79 148 11686
79 149 11686
79 150 11830
79 151 11830
79 152 12006
79 153 12006
79 154 12150
79 155 12150
79 156 12262
79 157 12262
79 158 12406
79 159 12406
79 160 12646
79 161 12646
79 162 12806
79 163 12806
79 164 12950
79 165 12950
79 166 13094
79 167 13094
79 168 13270
79 169 13270
79 170 13414
79 171 13414
79 172 13526
79 173 13526
79 174 13670
79 175 13670
79 176 13782
79 177 13782
79 178 13974
79 179 13974
79 180 14118
79 181 14118
79 182 14230
79 183 14230
79 184 14438
79 185 14438
79 186 14550
79 187 14550
79 188 14694
79 189 14694
79 190 14838
79 191 14838
79 192 15174
79 193 15238
79 194 15366
79 195 15430
79 196 15510
79 197 15574
79 198 15622
79 199 15686
79 200 15894
79 201 15894
79 202 16006
79 203 16006
79 204 16150
79 205 16150
79 206 16294
79 207 16294
79 208 16310
79 209 16310
79 210 16470
79 211 16470
79 212 16614
79 213 16614
79 214 16758
79 215 16758
79 216 16934
79 217 16934
79 218 17078
79 219 17078
79 220 17190
79 221 17190
79 222 17334
79 223 17334
79 224 17574
79 225 17574
79 226 17734
79 227 17734
79 228 17878
79 229 17878
79 230 18022
79 231 18022
79 232 18198
79 233 18198
79 234 18342
79 235 18342
79 236 18454
79 237 18454
79 238 18598
79 239 18598
79 240 18646
79 241 18646
79 242 18838
79 243 18838
79 244 18982
79 245 18982
79 246 19094
79 247 19094
79 248 19302
79 249 19302
79 250 19414
79 251 19414
79 252 19558
79 253 19558
79 254 19702
79 255 19702
80 0 6
80 1 134
80 2 294
80 3 390
80 4 390
80 5 454
80 6 678
80 7 710
80 8 774
80 9 902
80 10 806
80 11 902
80 12 1158
80 13 1222
80 14 1190
80 15 1222
80 16 1286
80 17 1414
80 18 1574
80 19 1670
80 20 1670
80 21 1734
80 22 1958
80 23 1990
80 24 2054
80 25 2182
80 26 2086
80 27 2182
80 28 2438
80 29 2502
80 30 2470
80 31 2502
80 32 2566
80 33 2694
80 34 2854
80 35 2950
80 36 2950
80 37 3014
80 38 3238
80 39 3270
80 40 3334
80 41 3462
80 42 3366
80 43 3462
80 44 3718
80 45 3782
80 46 3750
80 47 3782
80 48 3846
80 49 3974
80 50 4134
80 51 4230
80 52 4230
80 53 4294
80 54 4518
80 55 4550
80 56 4614
80 57 4742
80 58 4646
80 59 4742
80 60 4998
80 61 5062
80 62 5030
80 63 5062
80 64 5126
80 65 5254
80 66 5414
80 67 5510
80 68 5510
80 69 5574
80 70 5798
80 71 5830
80 72 5894
80 73 6022
80 74 5926
80 75 6022
80 76 6278
80 77 6342
80 78 6310
80 79 6342
80 80 6406
80 81 6534
80 82 6694
80 83 6790
80 84 6790
80 85 6854
80 86 7078
80 87 7110
80 88 7174
80 89 7302
80 90 7206
80 91 7302
80 92 7558
80 93 7622
80 94 7590
80 95 7622
80 96 7686
80 97 7814
80 98 7974
80 99 8070
80 100 8070
80 101 8134
80 102 8358
80 103 8390
80 104 8454
80 105 8582
80 106 8486
80 107 8582
80 108 8838
80 109 8902
80 110 8870
80 111 8902
80 112 8966
80 113 9094
80 114 9254
80 115 9350
80 116 9350
80 117 9414
80 118 9638
80 119 9670
80 120 9734
80 121 9862
80 122 9766
80 123 9862
80 124 10118
80 125 10182
80 126 10150
80 127 10182
80 128 10246
80 129 10374
80 130 10534
80 131 10630
80 132 10630
80 133 10694
80 134 10918
80 135 10950
80 136 11014
80 137 11142
80 138 11046
80 139 11142
80 140 11398
80 141 11462
80 142 11430
80 143 11462
80 144 11526
80 145 11654
80 146 11814
80 147 11910
80 148 11910
80 149 11974
80 150 12198
80 151 12230
80 152 12294
80 153 12422
80 154 12326
80 155 12422
80 156 12678
80 157 12742
80 158 12710
80 159 12742
80 160 12806
80 161 12934
80 162 13094
80 163 13190
80 164 13190
80 165 13254
80 166 13478
80 167 13510
80 168 13574
80 169 13702
80 170 13606
80 171 13702
80 172 13958
80 173 14022
80 174 13990
80 175 14022
80 176 14086
80 177 14214
80 178 14374
80 179 14470
80 180 14470
80 181 14534
80 182 14758
80 183 14790
80 184 14854
80 185 14982
80 186 14886
80 187 14982
80 188 15238
80 189 15302
80 190 15270
80 191 15302
80 192 15366
80 193 15494
80 194 15654
80 195 15750
80 196 15750
80 197 15814
80 198 16038
80 199 16070
80 200 16134
80 201 16262
80 202 16166
80 203 16262
80 204 16518
80 205 16582
80 206 16550
80 207 16582
80 208 16646
80 209 16774
80 210 16934
80 211 17030
80 212 17030
80 213 17094
80 214 17318
80 215 17350
80 216 17414
80 217 17542
80 218 17446
80 219 17542
80 220 17798
80 221 17862
80 222 17830
80 223 17862
80 224 17926
80 225 18054
80 226 18214
80 227 18310
80 228 18310
80 229 18374
80 230 18598
80 231 18630
80 232 18694
80 233 18822
80 234 18726
80 235 18822
80 236 19078
80 237 19142
80 238 19110
80 239 19142
80 240 19206
80 241 19334
80 242 19494
80 243 19590
80 244 19590
80 245 19654
80 246 19878
80 247 19910
80 248 19974
80 249 20102
80 250 20006
80 251 20102
80 252 20358
80 253 20422
80 254 20390
80 255 20422
81 0 6
81 1 134
81 2 294
81 3 390
81 4 390
81 5 454
81 6 678
81 7 710
81 8 774
81 9 902
81 10 806
81 11 902
81 12 1158
81 13 1222
81 14 1190
81 15 1222
81 16 1302
81 17 1430
81 18 1590
81 19 1686
81 20 1686
81 21 1750
81 22 1974
81 23 2006
81 24 2070
81 25 2198
81 26 2102
81 27 2198
81 28 2454
81 29 2518
81 30 2486
81 31 2518
81 32 2598
81 33 2694
81 34 2854
81 35 2950
81 36 2982
81 37 3014
81 38 3238
81 39 3270
81 40 3366
81 41 3462
81 42 3366
81 43 3462
81 44 3750
81 45 3782
81 46 3750
81 47 3782
81 48 3894
81 49 3990
81 50 4150
81 51 4246
81 52 4278
81 53 4310
81 54 4534
81 55 4566
81 56 4662
81 57 4758
81 58 4662
81 59 4758
81 60 5046
81 61 5078
81 62 5046
81 63 5078
81 64 5190
81 65 5318
81 66 5478
81 67 5574
81 68 5574
81 69 5638
81 70 5862
81 71 5894
81 72 5958
81 73 6086
81 74 5990
81 75 6086
81 76 6342
81 77 6406
81 78 6374
81 79 6406
81 80 6486
81 81 6614
81 82 6774
81 83 6870
81 84 6870
81 85 6934
81 86 7158
81 87 7190
81 88 7254
81 89 7382
81 90 7286
81 91 7382
81 92 7638
81 93 7702
81 94 7670
81 95 7702
81 96 7782
81 97 7878
81 98 8038
81 99 8134
81 100 8166
81 101 8198
81 102 8422
81 103 8454
81 104 8550
81 105 8646
81 106 8550
81 107 8646
81 108 8934
81 109 8966
81 110 8934
81 111 8966
81 112 9078
81 113 9174
81 114 9334
81 115 9430
81 116 9462
81 117 9494
81 118 9718
81 119 9750
81 120 9846
81 121 9942
81 122 9846
81 123 9942
81 124 10230
81 125 10262
81 126 10230
81 127 10262
81 128 10374
81 129 10502
81 130 10534
81 131 10630
81 132 10758
81 133 10822
81 134 10918
81 135 10950
81 136 11014
81 137 11142
81 138 11174
81 139 11270
81 140 11398
81 141 11462
81 142 11558
81 143 11590
81 144 11670
81 145 11798
81 146 11830
81 147 11926
81 148 12054
81 149 12118
81 150 12214
81 151 12246
81 152 12310
81 153 12438
81 154 12470
81 155 12566
81 156 12694
81 157 12758
81 158 12854
81 159 12886
81 160 12966
81 161 13062
81 162 13094
81 163 13190
81 164 13350
81 165 13382
81 166 13478
81 167 13510
81 168 13606
81 169 13702
81 170 13734
81 171 13830
81 172 13990
81 173 14022
81 174 14118
81 175 14150
81 176 14262
81 177 14358
81 178 14390
81 179 14486
81 180 14646
81 181 14678
81 182 14774
81 183 14806
81 184 14902
81 185 14998
81 186 15030
81 187 15126
81 188 15286
81 189 15318
81 190 15414
81 191 15446
81 192 15558
81 193 15686
81 194 15718
81 195 15814
81 196 15942
81 197 16006
81 198 16102
81 199 16134
81 200 16198
81 201 16326
81 202 16358
81 203 16454
81 204 16582
81 205 16646
81 206 16742
81 207 16774
81 208 16854
81 209 16982
81 210 17014
81 211 17110
81 212 17238
81 213 17302
81 214 17398
81 215 17430
81 216 17494
81 217 17622
81 218 17654
81 219 17750
81 220 17878
81 221 17942
81 222 18038
81 223 18070
81 224 18150
81 225 18246
81 226 18278
81 227 18374
81 228 18534
81 229 18566
81 230 18662
81 231 18694
81 232 18790
81 233 18886
81 234 18918
81 235 19014
81 236 19174
81 237 19206
81 238 19302
81 239 19334
81 240 19446
81 241 19542
81 242 19574
81 243 19670
81 244 19830
81 245 19862
81 246 19958
81 247 19990
81 248 20086
81 249 20182
81 250 20214
81 251 20310
81 252 20470
81 253 20502
81 254 20598
81 255 20630
82 0 6
82 1 134
82 2 294
82 3 390
82 4 390
82 5 454
82 6 678
82 7 710
82 8 790
82 9 902
82 10 822
82 11 902
82 12 1174
82 13 1222
82 14 1206
82 15 1222
82 16 1318
82 17 1414
82 18 1574
82 19 1670
82 20 1702
82 21 1734
82 22 1958
82 23 1990
82 24 2102
82 25 2182
82 26 2102
82 27 2182
82 28 2486
82 29 2502
82 30 2486
82 31 2502
82 32 2630
82 33 2694
82 34 2918
82 35 2950
82 36 2950
82 37 3014
82 38 3238
82 39 3270
82 40 3414
82 41 3462
82 42 3446
82 43 3462
82 44 3734
82 45 3782
82 46 3766
82 47 3782
82 48 3942
82 49 3974
82 50 4198
82 51 4230
82 52 4262
82 53 4294
82 54 4518
82 55 4550
82 56 4726
82 57 4742
82 58 4726
82 59 4742
82 60 5046
82 61 5062
82 62 5046
82 63 5062
82 64 5254
82 65 5382
82 66 5414
82 67 5510
82 68 5638
82 69 5702
82 70 5798
82 71 5830
82 72 5910
82 73 6022
82 74 6070
82 75 6150
82 76 6294
82 77 6342
82 78 6454
82 79 6470
82 80 6566
82 81 6662
82 82 6694
82 83 6790
82 84 6950
82 85 6982
82 86 7078
82 87 7110
82 88 7222
82 89 7302
82 90 7350
82 91 7430
82 92 7606
82 93 7622
82 94 7734
82 95 7750
82 96 7878
82 97 7942
82 98 8038
82 99 8070
82 100 8198
82 101 8262
82 102 8358
82 103 8390
82 104 8534
82 105 8582
82 106 8694
82 107 8710
82 108 8854
82 109 8902
82 110 9014
82 111 9030
82 112 9190
82 113 9222
82 114 9318
82 115 9350
82 116 9510
82 117 9542
82 118 9638
82 119 9670
82 120 9846
82 121 9862
82 122 9974
82 123 9990
82 124 10166
82 125 10182
82 126 10294
82 127 10310
82 128 10502
82 129 10630
82 130 10790
82 131 10886
82 132 10886
82 133 10950
82 134 11174
82 135 11206
82 136 11286
82 137 11398
82 138 11318
82 139 11398
82 140 11670
82 141 11718
82 142 11702
82 143 11718
82 144 11814
82 145 11910
82 146 12070
82 147 12166
82 148 12198
82 149 12230
82 150 12454
82 151 12486
82 152 12598
82 153 12678
82 154 12598
82 155 12678
82 156 12982
82 157 12998
82 158 12982
82 159 12998
82 160 13126
82 161 13190
82 162 13414
82 163 13446
82 164 13446
82 165 13510
82 166 13734
82 167 13766
82 168 13910
82 169 13958
82 170 13942
82 171 13958
82 172 14230
82 173 14278
82 174 14262
82 175 14278
82 176 14438
82 177 14470
82 178 14694
82 179 14726
82 180 14758
82 181 14790
82 182 15014
82 183 15046
82 184 15222
82 185 15238
82 186 15222
82 187 15238
82 188 15542
82 189 15558
82 190 15542
82 191 15558
82 192 15750
82 193 15878
82 194 15910
82 195 16006
82 196 16134
82 197 16198
82 198 16294
82 199 16326
82 200 16406
82 201 16518
82 202 16566
82 203 16646
82 204 16790
82 205 16838
82 206 16950
82 207 16966
82 208 17062
82 209 17158
82 210 17190
82 211 17286
82 212 17446
82 213 17478
82 214 17574
82 215 17606
82 216 17718
82 217 17798
82 218 17846
82 219 17926
82 220 18102
82 221 18118
82 222 18230
82 223 18246
82 224 18374
82 225 18438
82 226 18534
82 227 18566
82 228 18694
82 229 18758
82 230 18854
82 231 18886
82 232 19030
82 233 19078
82 234 19190
82 235 19206
82 236 19350
82 237 19398
82 238 19510
82 239 19526
82 240 19686
82 241 19718
82 242 19814
82 243 19846
82 244 20006
82 245 20038
82 246 20134
82 247 20166
82 248 20342
82 249 20358
82 250 20470
82 251 20486
82 252 20662
82 253 20678
82 254 20790
82 255 20806
83 0 6
83 1 134
83 2 294
83 3 390
83 4 390
83 5 454
83 6 678
83 7 710
83 8 790
83 9 902
83 10 822
83 11 902
83 12 1174
83 13 1222
83 14 1206
83 15 1222
83 16 1334
83 17 1430
83 18 1590
83 19 1686
83 20 1718
83 21 1750
83 22 1974
83 23 2006
83 24 2118
83 25 2198
83 26 2118
83 27 2198
83 28 2502
83 29 2518
83 30 2502
83 31 2518
83 32 2662
83 33 2694
83 34 2918
83 35 2950
83 36 2982
83 37 3014
83 38 3238
83 39 3270
83 40 3446
83 41 3462
83 42 3446
83 43 3462
83 44 3766
83 45 3782
83 46 3766
83 47 3782
83 48 3990
83 49 4054
83 50 4278
83 51 4310
83 52 4310
83 53 4374
83 54 4598
83 55 4630
83 56 4774
83 57 4822
83 58 4806
83 59 4822
83 60 5094
83 61 5142
83 62 5126
83 63 5142
83 64 5318
83 65 5446
83 66 5478
83 67 5574
83 68 5702
83 69 5766
83 70 5862
83 71 5894
83 72 5974
83 73 6086
83 74 6134
83 75 6214
83 76 6358
83 77 6406
83 78 6518
83 79 6534
83 80 6646
83 81 6742
83 82 6774
83 83 6870
83 84 7030
83 85 7062
83 86 7158
83 87 7190
83 88 7302
83 89 7382
83 90 7430
83 91 7510
83 92 7686
83 93 7702
83 94 7814
83 95 7830
83 96 7974
83 97 8006
83 98 8102
83 99 8134
83 100 8294
83 101 8326
83 102 8422
83 103 8454
83 104 8630
83 105 8646
83 106 8758
83 107 8774
83 108 8950
83 109 8966
83 110 9078
83 111 9094
83 112 9302
83 113 9366
83 114 9462
83 115 9494
83 116 9622
83 117 9686
83 118 9782
83 119 9814
83 120 9958
83 121 10006
83 122 10118
83 123 10134
83 124 10278
83 125 10326
83 126 10438
83 127 10454
83 128 10630
83 129 10758
83 130 10790
83 131 10886
83 132 11014
83 133 11078
83 134 11174
83 135 11206
83 136 11286
83 137 11398
83 138 11446
83 139 11526
83 140 11670
83 141 11718
83 142 11830
83 143 11846
83 144 11958
83 145 12054
83 146 12086
83 147 12182
83 148 12342
83 149 12374
83 150 12470
83 151 12502
83 152 12614
83 153 12694
83 154 12742
83 155 12822
83 156 12998
83 157 13014
83 158 13126
83 159 13142
83 160 13286
83 161 13318
83 162 13414
83 163 13446
83 164 13606
83 165 13638
83 166 13734
83 167 13766
83 168 13942
83 169 13958
83 170 14070
83 171 14086
83 172 14262
83 173 14278
83 174 14390
83 175 14406
83 176 14614
83 177 14678
83 178 14774
83 179 14806
83 180 14934
83 181 14998
83 182 15094
83 183 15126
83 184 15270
83 185 15318
83 186 15430
83 187 15446
83 188 15590
83 189 15638
83 190 15750
83 191 15766
83 192 15942
83 193 16070
83 194 16102
83 195 16198
83 196 16326
83 197 16390
83 198 16486
83 199 16518
83 200 16598
83 201 16710
83 202 16758
83 203 16838
83 204 16982
83 205 17030
83 206 17142
83 207 17158
83 208 17270
83 209 17366
83 210 17398
83 211 17494
83 212 17654
83 213 17686
83 214 17782
83 215 17814
83 216 17926
83 217 18006
83 218 18054
83 219 18134
83 220 18310
83 221 18326
83 222 18438
83 223 18454
83 224 18598
83 225 18630
83 226 18726
83 227 18758
83 228 18918
83 229 18950
83 230 19046
83 231 19078
83 232 19254
83 233 19270
83 234 19382
83 235 19398
83 236 19574
83 237 19590
83 238 19702
83 239 19718
83 240 19926
83 241 19990
83 242 20086
83 243 20118
83 244 20246
83 245 20310
83 246 20406
83 247 20438
83 248 20582
83 249 20630
83 250 20742
83 251 20758
83 252 20902
83 253 20950
83 254 21062
83 255 21078
84 0 6
84 1 134
84 2 294
84 3 390
84 4 406
84 5 454
84 6 694
84 7 710
84 8 838
84 9 902
84 10 838
84 11 934
84 12 1238
84 13 1222
84 14 1238
84 15 1254
84 16 1350
84 17 1414
84 18 1638
84 19 1670
84 20 1686
84 21 1734
84 22 1974
84 23 1990
84 24 2182
84 25 2182
84 26 2182
84 27 2214
84 28 2518
84 29 2502
84 30 2518
84 31 2534
84 32 2694
84 33 2822
84 34 2854
84 35 2950
84 36 3094
84 37 3142
84 38 3254
84 39 3270
84 40 3398
84 41 3462
84 42 3526
84 43 3622
84 44 3798
84 45 3782
84 46 3926
84 47 3942
84 48 4038
84 49 4102
84 50 4198
84 51 4230
84 52 4374
84 53 4422
84 54 4534
84 55 4550
84 56 4742
84 57 4742
84 58 4870
84 59 4902
84 60 5078
84 61 5062
84 62 5206
84 63 5222
84 64 5382
84 65 5510
84 66 5670
84 67 5766
84 68 5782
84 69 5830
84 70 6070
84 71 6086
84 72 6214
84 73 6278
84 74 6214
84 75 6310
84 76 6614
84 77 6598
84 78 6614
84 79 6630
84 80 6726
84 81 6790
84 82 7014
84 83 7046
84 84 7062
84 85 7110
84 86 7350
84 87 7366
84 88 7558
84 89 7558
84 90 7558
84 91 7590
84 92 7894
84 93 7878
84 94 7894
84 95 7910
84 96 8070
84 97 8198
84 98 8230
84 99 8326
84 100 8470
84 101 8518
84 102 8630
84 103 8646
84 104 8774
84 105 8838
84 106 8902
84 107 8998
84 108 9174
84 109 9158
84 110 9302
84 111 9318
84 112 9414
84 113 9478
84 114 9574
84 115 9606
84 116 9750
84 117 9798
84 118 9910
84 119 9926
84 120 10118
84 121 10118
84 122 10246
84 123 10278
84 124 10454
84 125 10438
84 126 10582
84 127 10598
84 128 10758
84 129 10886
84 130 11046
84 131 11142
84 132 11158
84 133 11206
84 134 11446
84 135 11462
84 136 11590
84 137 11654
84 138 11590
84 139 11686
84 140 11990
84 141 11974
84 142 11990
84 143 12006
84 144 12102
84 145 12166
84 146 12390
84 147 12422
84 148 12438
84 149 12486
84 150 12726
84 151 12742
84 152 12934
84 153 12934
84 154 12934
84 155 12966
84 156 13270
84 157 13254
84 158 13270
84 159 13286
84 160 13446
84 161 13574
84 162 13606
84 163 13702
84 164 13846
84 165 13894
84 166 14006
84 167 14022
84 168 14150
84 169 14214
84 170 14278
84 171 14374
84 172 14550
84 173 14534
84 174 14678
84 175 14694
84 176 14790
84 177 14854
84 178 14950
84 179 14982
84 180 15126
84 181 15174
84 182 15286
84 183 15302
84 184 15494
84 185 15494
84 186 15622
84 187 15654
84 188 15830
84 189 15814
84 190 15958
84 191 15974
84 192 16134
84 193 16262
84 194 16422
84 195 16518
84 196 16534
84 197 16582
84 198 16822
84 199 16838
84 200 16966
84 201 17030
84 202 16966
84 203 17062
84 204 17366
84 205 17350
84 206 17366
84 207 17382
84 208 17478
84 209 17542
84 210 17766
84 211 17798
84 212 17814
84 213 17862
84 214 18102
84 215 18118
84 216 18310
84 217 18310
84 218 18310
84 219 18342
84 220 18646
84 221 18630
84 222 18646
84 223 18662
84 224 18822
84 225 18950
84 226 18982
84 227 19078
84 228 19222
84 229 19270
84 230 19382
84 231 19398
84 232 19526
84 233 19590
84 234 19654
84 235 19750
84 236 19926
84 237 19910
84 238 20054
84 239 20070
84 240 20166
84 241 20230
84 242 20326
84 243 20358
84 244 20502
84 245 20550
84 246 20662
84 247 20678
84 248 20870
84 249 20870
84 250 20998
84 251 21030
84 252 21206
84 253 21190
84 254 21334
84 255 21350
85 0 6
85 1 134
85 2 294
85 3 390
85 4 406
85 5 454
85 6 694
85 7 710
85 8 838
85 9 902
85 10 838
85 11 934
85 12 1238
85 13 1222
85 14 1238
85 15 1254
85 16 1366
85 17 1430
85 18 1654
85 19 1686
85 20 1702
85 21 1750
85 22 1990
85 23 2006
85 24 2198
85 25 2198
85 26 2198
85 27 2230
85 28 2534
85 29 2518
85 30 2534
85 31 2550
85 32 2726
85 33 2822
85 34 2854
85 35 2950
85 36 3126
85 37 3142
85 38 3254
85 39 3270
85 40 3398
85 41 3494
85 42 3526
85 43 3622
85 44 3798
85 45 3814
85 46 3926
85 47 3942
85 48 4086
85 49 4118
85 50 4214
85 51 4246
85 52 4422
85 53 4438
85 54 4550
85 55 4566
85 56 4758
85 57 4790
85 58 4886
85 59 4918
85 60 5094
85 61 5110
85 62 5222
85 63 5238
85 64 5446
85 65 5574
85 66 5734
85 67 5830
85 68 5846
85 69 5894
85 70 6134
85 71 6150
85 72 6278
85 73 6342
85 74 6278
85 75 6374
85 76 6678
85 77 6662
85 78 6678
85 79 6694
85 80 6806
85 81 6870
85 82 7094
85 83 7126
85 84 7142
85 85 7190
85 86 7430
85 87 7446
85 88 7638
85 89 7638
85 90 7638
85 91 7670
85 92 7974
85 93 7958
85 94 7974
85 95 7990
85 96 8166
85 97 8262
85 98 8294
85 99 8390
85 100 8566
85 101 8582
85 102 8694
85 103 8710
85 104 8838
85 105 8934
85 106 8966
85 107 9062
85 108 9238
85 109 9254
85 110 9366
85 111 9382
85 112 9526
85 113 9558
85 114 9654
85 115 9686
85 116 9862
85 117 9878
85 118 9990
85 119 10006
85 120 10198
85 121 10230
85 122 10326
85 123 10358
85 124 10534
85 125 10550
85 126 10662
85 127 10678
85 128 10886
85 129 11014
85 130 11046
85 131 11142
85 132 11286
85 133 11334
85 134 11446
85 135 11462
85 136 11590
85 137 11654
85 138 11718
85 139 11814
85 140 11990
85 141 11974
85 142 12118
85 143 12134
85 144 12246
85 145 12310
85 146 12406
85 147 12438
85 148 12582
85 149 12630
85 150 12742
85 151 12758
85 152 12950
85 153 12950
85 154 13078
85 155 13110
85 156 13286
85 157 13270
85 158 13414
85 159 13430
85 160 13606
85 161 13702
85 162 13734
85 163 13830
85 164 14006
85 165 14022
85 166 14134
85 167 14150
85 168 14278
85 169 14374
85 170 14406
85 171 14502
85 172 14678
85 173 14694
85 174 14806
85 175 14822
85 176 14966
85 177 14998
85 178 15094
85 179 15126
85 180 15302
85 181 15318
85 182 15430
85 183 15446
85 184 15638
85 185 15670
85 186 15766
85 187 15798
85 188 15974
85 189 15990
85 190 16102
85 191 16118
85 192 16326
85 193 16454
85 194 16486
85 195 16582
85 196 16726
85 197 16774
85 198 16886
85 199 16902
85 200 17030
85 201 17094
85 202 17158
85 203 17254
85 204 17430
85 205 17414
85 206 17558
85 207 17574
85 208 17686
85 209 17750
85 210 17846
85 211 17878
85 212 18022
85 213 18070
85 214 18182
85 215 18198
85 216 18390
85 217 18390
85 218 18518
85 219 18550
85 220 18726
85 221 18710
85 222 18854
85 223 18870
85 224 19046
85 225 19142
85 226 19174
85 227 19270
85 228 19446
85 229 19462
85 230 19574
85 231 19590
85 232 19718
85 233 19814
85 234 19846
85 235 19942
85 236 20118
85 237 20134
85 238 20246
85 239 20262
85 240 20406
85 241 20438
85 242 20534
85 243 20566
85 244 20742
85 245 20758
85 246 20870
85 247 20886
85 248 21078
85 249 21110
85 250 21206
85 251 21238
85 252 21414
85 253 21430
85 254 21542
85 255 21558
86 0 6
86 1 134
86 2 294
86 3 390
86 4 406
86 5 454
86 6 694
86 7 710
86 8 854
86 9 902
86 10 854
86 11 934
86 12 1238
86 13 1222
86 14 1238
86 15 1254
86 16 1382
86 17 1414
86 18 1638
86 19 1670
86 20 1718
86 21 1734
86 22 1974
86 23 1990
86 24 2198
86 25 2214
86 26 2198
86 27 2214
86 28 2518
86 29 2534
86 30 2518
86 31 2534
86 32 2758
86 33 2822
86 34 2918
86 35 2950
86 36 3094
86 37 3142
86 38 3254
86 39 3270
86 40 3478
86 41 3462
86 42 3606
86 43 3622
86 44 3798
86 45 3782
86 46 3926
86 47 3942
86 48 4134
86 49 4166
86 50 4262
86 51 4294
86 52 4470
86 53 4486
86 54 4598
86 55 4614
86 56 4822
86 57 4838
86 58 4950
86 59 4966
86 60 5142
86 61 5158
86 62 5270
86 63 5286
86 64 5510
86 65 5638
86 66 5670
86 67 5766
86 68 5910
86 69 5958
86 70 6070
86 71 6086
86 72 6230
86 73 6278
86 74 6358
86 75 6438
86 76 6614
86 77 6598
86 78 6742
86 79 6758
86 80 6886
86 81 6918
86 82 7014
86 83 7046
86 84 7222
86 85 7238
86 86 7350
86 87 7366
86 88 7574
86 89 7590
86 90 7702
86 91 7718
86 92 7894
86 93 7910
86 94 8022
86 95 8038
86 96 8262
86 97 8326
86 98 8422
86 99 8454
86 100 8598
86 101 8646
86 102 8758
86 103 8774
86 104 8982
86 105 8966
86 106 9110
86 107 9126
86 108 9302
86 109 9286
86 110 9430
86 111 9446
86 112 9638
86 113 9670
86 114 9766
86 115 9798
86 116 9974
86 117 9990
86 118 10102
86 119 10118
86 120 10326
86 121 10342
86 122 10454
86 123 10470
86 124 10646
86 125 10662
86 126 10774
86 127 10790
86 128 11014
86 129 11142
86 130 11302
86 131 11398
86 132 11414
86 133 11462
86 134 11702
86 135 11718
86 136 11862
86 137 11910
86 138 11862
86 139 11942
86 140 12246
86 141 12230
86 142 12246
86 143 12262
86 144 12390
86 145 12422
86 146 12646
86 147 12678
86 148 12726
86 149 12742
86 150 12982
86 151 12998
86 152 13206
86 153 13222
86 154 13206
86 155 13222
86 156 13526
86 157 13542
86 158 13526
86 159 13542
86 160 13766
86 161 13830
86 162 13926
86 163 13958
86 164 14102
86 165 14150
86 166 14262
86 167 14278
86 168 14486
86 169 14470
86 170 14614
86 171 14630
86 172 14806
86 173 14790
86 174 14934
86 175 14950
86 176 15142
86 177 15174
86 178 15270
86 179 15302
86 180 15478
86 181 15494
86 182 15606
86 183 15622
86 184 15830
86 185 15846
86 186 15958
86 187 15974
86 188 16150
86 189 16166
86 190 16278
86 191 16294
86 192 16518
86 193 16646
86 194 16678
86 195 16774
86 196 16918
86 197 16966
86 198 17078
86 199 17094
86 200 17238
86 201 17286
86 202 17366
86 203 17446
86 204 17622
86 205 17606
86 206 17750
86 207 17766
86 208 17894
86 209 17926
86 210 18022
86 211 18054
86 212 18230
86 213 18246
86 214 18358
86 215 18374
86 216 18582
86 217 18598
86 218 18710
86 219 18726
86 220 18902
86 221 18918
86 222 19030
86 223 19046
86 224 19270
86 225 19334
86 226 19430
86 227 19462
86 228 19606
86 229 19654
86 230 19766
86 231 19782
86 232 19990
86 233 19974
86 234 20118
86 235 20134
86 236 20310
86 237 20294
86 238 20438
86 239 20454
86 240 20646
86 241 20678
86 242 20774
86 243 20806
86 244 20982
86 245 20998
86 246 21110
86 247 21126
86 248 21334
86 249 21350
86 250 21462
86 251 21478
86 252 21654
86 253 21670
86 254 21782
86 255 21798
87 0 6
87 1 134
87 2 294
87 3 390
87 4 406
87 5 454
87 6 694
87 7 710
87 8 854
87 9 902
87 10 854
87 11 934
87 12 1238
87 13 1222
87 14 1238
87 15 1254
87 16 1398
87 17 1430
87 18 1654
87 19 1686
87 20 1734
87 21 1750
87 22 1990
87 23 2006
87 24 2214
87 25 2230
87 26 2214
87 27 2230
87 28 2534
87 29 2550
87 30 2534
87 31 2550
87 32 2790
87 33 2822
87 34 2918
87 35 2950
87 36 3126
87 37 3142
87 38 3254
87 39 3270
87 40 3478
87 41 3494
87 42 3606
87 43 3622
87 44 3798
87 45 3814
87 46 3926
87 47 3942
87 48 4182
87 49 4246
87 50 4342
87 51 4374
87 52 4518
87 53 4566
87 54 4678
87 55 4694
87 56 4902
87 57 4886
87 58 5030
87 59 5046
87 60 5222
87 61 5206
87 62 5350
87 63 5366
87 64 5574
87 65 5702
87 66 5734
87 67 5830
87 68 5974
87 69 6022
87 70 6134
87 71 6150
87 72 6294
87 73 6342
87 74 6422
87 75 6502
87 76 6678
87 77 6662
87 78 6806
87 79 6822
87 80 6966
87 81 6998
87 82 7094
87 83 7126
87 84 7302
87 85 7318
87 86 7430
87 87 7446
87 88 7654
87 89 7670
87 90 7782
87 91 7798
87 92 7974
87 93 7990
87 94 8102
87 95 8118
87 96 8358
87 97 8390
87 98 8486
87 99 8518
87 100 8694
87 101 8710
87 102 8822
87 103 8838
87 104 9046
87 105 9062
87 106 9174
87 107 9190
87 108 9366
87 109 9382
87 110 9494
87 111 9510
87 112 9686
87 113 9750
87 114 9846
87 115 9878
87 116 10022
87 117 10070
87 118 10182
87 119 10198
87 120 10406
87 121 10390
87 122 10534
87 123 10550
87 124 10726
87 125 10710
87 126 10854
87 127 10870
87 128 11142
87 129 11270
87 130 11302
87 131 11398
87 132 11542
87 133 11590
87 134 11702
87 135 11718
87 136 11862
87 137 11910
87 138 11990
87 139 12070
87 140 12246
87 141 12230
87 142 12374
87 143 12390
87 144 12534
87 145 12566
87 146 12662
87 147 12694
87 148 12870
87 149 12886
87 150 12998
87 151 13014
87 152 13222
87 153 13238
87 154 13350
87 155 13366
87 156 13542
87 157 13558
87 158 13670
87 159 13686
87 160 13926
87 161 13958
87 162 14054
87 163 14086
87 164 14262
87 165 14278
87 166 14390
87 167 14406
87 168 14614
87 169 14630
87 170 14742
87 171 14758
87 172 14934
87 173 14950
87 174 15062
87 175 15078
87 176 15318
87 177 15382
87 178 15478
87 179 15510
87 180 15654
87 181 15702
87 182 15814
87 183 15830
87 184 16038
87 185 16022
87 186 16166
87 187 16182
87 188 16358
87 189 16342
87 190 16486
87 191 16502
87 192 16710
87 193 16838
87 194 16870
87 195 16966
87 196 17110
87 197 17158
87 198 17270
87 199 17286
87 200 17430
87 201 17478
87 202 17558
87 203 17638
87 204 17814
87 205 17798
87 206 17942
87 207 17958
87 208 18102
87 209 18134
87 210 18230
87 211 18262
87 212 18438
87 213 18454
87 214 18566
87 215 18582
87 216 18790
87 217 18806
87 218 18918
87 219 18934
87 220 19110
87 221 19126
87 222 19238
87 223 19254
87 224 19366
87 225 19398
87 226 19494
87 227 19526
87 228 19702
87 229 19718
87 230 19830
87 231 19846
87 232 20054
87 233 20070
87 234 20182
87 235 20198
87 236 20374
87 237 20390
87 238 20502
87 239 20518
87 240 20694
87 241 20758
87 242 20854
87 243 20886
87 244 21030
87 245 21078
87 246 21190
87 247 21206
87 248 21414
87 249 21398
87 250 21542
87 251 21558
87 252 21734
87 253 21718
87 254 21862
87 255 21878
88 0 6
88 1 134
88 2 326
88 3 390
88 4 454
88 5 454
88 6 742
88 7 742
88 8 902
88 9 966
88 10 966
88 11 966
88 12 1222
88 13 1222
88 14 1254
88 15 1254
88 16 1414
88 17 1542
88 18 1606
88 19 1670
88 20 1862
88 21 1862
88 22 2022
88 23 2022
88 24 2182
88 25 2246
88 26 2374
88 27 2374
88 28 2502
88 29 2502
88 30 2662
88 31 2662
88 32 2822
88 33 2950
88 34 3142
88 35 3206
88 36 3270
88 37 3270
88 38 3558
88 39 3558
88 40 3718
88 41 3782
88 42 3782
88 43 3782
88 44 4038
88 45 4038
88 46 4070
88 47 4070
88 48 4230
88 49 4358
88 50 4422
88 51 4486
88 52 4678
88 53 4678
88 54 4838
88 55 4838
88 56 4998
88 57 5062
88 58 5190
88 59 5190
88 60 5318
88 61 5318
88 62 5478
88 63 5478
88 64 5638
88 65 5766
88 66 5958
88 67 6022
88 68 6086
88 69 6086
88 70 6374
88 71 6374
88 72 6534
88 73 6598
88 74 6598
88 75 6598
88 76 6854
88 77 6854
88 78 6886
88 79 6886
88 80 7046
88 81 7174
88 82 7238
88 83 7302
88 84 7494
88 85 7494
88 86 7654
88 87 7654
88 88 7814
88 89 7878
88 90 8006
88 91 8006
88 92 8134
88 93 8134
88 94 8294
88 95 8294
88 96 8454
88 97 8582
88 98 8774
88 99 8838
88 100 8902
88 101 8902
88 102 9190
88 103 9190
88 104 9350
88 105 9414
88 106 9414
88 107 9414
88 108 9670
88 109 9670
88 110 9702
88 111 9702
88 112 9862
88 113 9990
88 114 10054
88 115 10118
88 116 10310
88 117 10310
88 118 10470
88 119 10470
88 120 10630
88 121 10694
88 122 10822
88 123 10822
88 124 10950
88 125 10950
88 126 11110
88 127 11110
88 128 11270
88 129 11398
88 130 11590
88 131 11654
88 132 11718
88 133 11718
88 134 12006
88 135 12006
88 136 12166
88 137 12230
88 138 12230
88 139 12230
88 140 12486
88 141 12486
88 142 12518
88 143 12518
88 144 12678
88 145 12806
88 146 12870
88 147 12934
88 148 13126
88 149 13126
88 150 13286
88 151 13286
88 152 13446
88 153 13510
88 154 13638
88 155 13638
88 156 13766
88 157 13766
88 158 13926
88 159 13926
88 160 14086
88 161 14214
88 162 14406
88 163 14470
88 164 14534
88 165 14534
88 166 14822
88 167 14822
88 168 14982
88 169 15046
88 170 15046
88 171 15046
88 172 15302
88 173 15302
88 174 15334
88 175 15334
88 176 15494
88 177 15622
88 178 15686
88 179 15750
88 180 15942
88 181 15942
88 182 16102
88 183 16102
88 184 16262
88 185 16326
88 186 16454
88 187 16454
88 188 16582
88 189 16582
88 190 16742
88 191 16742
88 192 16902
88 193 17030
88 194 17222
88 195 17286
88 196 17350
88 197 17350
88 198 17638
88 199 17638
88 200 17798
88 201 17862
88 202 17862
88 203 17862
88 204 18118
88 205 18118
88 206 18150
88 207 18150
88 208 18310
88 209 18438
88 210 18502
88 211 18566
88 212 18758
88 213 18758
88 214 18918
88 215 18918
88 216 19078
88 217 19142
88 218 19270
88 219 19270
88 220 19398
88 221 19398
88 222 19558
88 223 19558
88 224 19718
88 225 19846
88 226 20038
88 227 20102
88 228 20166
88 229 20166
88 230 20454
88 231 20454
88 232 20614
88 233 20678
88 234 20678
88 235 20678
88 236 20934
88 237 20934
88 238 20966
88 239 20966
88 240 21126
88 241 21254
88 242 21318
88 243 21382
88 244 21574
88 245 21574
88 246 21734
88 247 21734
88 248 21894
88 249 21958
88 250 22086
88 251 22086
88 252 22214
88 253 22214
88 254 22374
88 255 22374
89 0 6
89 1 134
89 2 326
89 3 390
89 4 454
89 5 454
89 6 742
89 7 742
89 8 902
89 9 966
89 10 966
89 11 966
89 12 1222
89 13 1222
89 14 1254
89 15 1254
89 16 1430
89 17 1558
89 18 1622
89 19 1686
89 20 1878
89 21 1878
89 22 2038
89 23 2038
89 24 2198
89 25 2262
89 26 2390
89 27 2390
89 28 2518
89 29 2518
89 30 2678
89 31 2678
89 32 2854
89 33 2950
89 34 3142
89 35 3206
89 36 3270
89 37 3302
89 38 3558
89 39 3558
89 40 3750
89 41 3782
89 42 3782
89 43 3782
89 44 4038
89 45 4070
89 46 4070
89 47 4070
89 48 4278
89 49 4374
89 50 4438
89 51 4502
89 52 4694
89 53 4726
89 54 4854
89 55 4854
89 56 5046
89 57 5078
89 58 5206
89 59 5206
89 60 5334
89 61 5366
89 62 5494
89 63 5494
89 64 5702
89 65 5830
89 66 6022
89 67 6086
89 68 6150
89 69 6150
89 70 6438
89 71 6438
89 72 6598
89 73 6662
89 74 6662
89 75 6662
89 76 6918
89 77 6918
89 78 6950
89 79 6950
89 80 7126
89 81 7254
89 82 7318
89 83 7382
89 84 7574
89 85 7574
89 86 7734
89 87 7734
89 88 7894
89 89 7958
89 90 8086
89 91 8086
89 92 8214
89 93 8214
89 94 8374
89 95 8374
89 96 8550
89 97 8646
89 98 8838
89 99 8902
89 100 8966
89 101 8998
89 102 9254
89 103 9254
89 104 9446
89 105 9478
89 106 9478
89 107 9478
89 108 9734
89 109 9766
89 110 9766
89 111 9766
89 112 9974
89 113 10070
89 114 10134
89 115 10198
89 116 10390
89 117 10422
89 118 10550
89 119 10550
89 120 10742
89 121 10774
89 122 10902
89 123 10902
89 124 11030
89 125 11062
89 126 11190
89 127 11190
89 128 11398
89 129 11526
89 130 11590
89 131 11654
89 132 11846
89 133 11846
89 134 12006
89 135 12006
89 136 12166
89 137 12230
89 138 12358
89 139 12358
89 140 12486
89 141 12486
89 142 12646
89 143 12646
89 144 12822
89 145 12950
89 146 13014
89 147 13078
89 148 13270
89 149 13270
89 150 13430
89 151 13430
89 152 13590
89 153 13654
89 154 13782
89 155 13782
89 156 13910
89 157 13910
89 158 14070
89 159 14070
89 160 14246
89 161 14342
89 162 14406
89 163 14470
89 164 14662
89 165 14694
89 166 14822
89 167 14822
89 168 15014
89 169 15046
89 170 15174
89 171 15174
89 172 15302
89 173 15334
89 174 15462
89 175 15462
89 176 15670
89 177 15766
89 178 15830
89 179 15894
89 180 16086
89 181 16118
89 182 16246
89 183 16246
89 184 16438
89 185 16470
89 186 16598
89 187 16598
89 188 16726
89 189 16758
89 190 16886
89 191 16886
89 192 17094
89 193 17222
89 194 17286
89 195 17350
89 196 17542
89 197 17542
89 198 17702
89 199 17702
89 200 17862
89 201 17926
89 202 18054
89 203 18054
89 204 18182
89 205 18182
89 206 18342
89 207 18342
89 208 18518
89 209 18646
89 210 18710
89 211 18774
89 212 18966
89 213 18966
89 214 19126
89 215 19126
89 216 19286
89 217 19350
89 218 19478
89 219 19478
89 220 19606
89 221 19606
89 222 19766
89 223 19766
89 224 19942
89 225 20038
89 226 20102
89 227 20166
89 228 20358
89 229 20390
89 230 20518
89 231 20518
89 232 20710
89 233 20742
89 234 20870
89 235 20870
89 236 20998
89 237 21030
89 238 21158
89 239 21158
89 240 21366
89 241 21462
89 242 21526
89 243 21590
89 244 21782
89 245 21814
89 246 21942
89 247 21942
89 248 22134
89 249 22166
89 250 22294
89 251 22294
89 252 22422
89 253 22454
89 254 22582
89 255 22582
90 0 6
90 1 134
90 2 326
90 3 390
90 4 454
90 5 454
90 6 742
90 7 742
90 8 918
90 9 966
90 10 966
90 11 982
90 12 1238
90 13 1222
90 14 1254
90 15 1270
90 16 1446
90 17 1542
90 18 1606
90 19 1670
90 20 1862
90 21 1894
90 22 2022
90 23 2022
90 24 2230
90 25 2246
90 26 2374
90 27 2390
90 28 2518
90 29 2534
90 30 2662
90 31 2678
90 32 2886
90 33 2950
90 34 3206
90 35 3206
90 36 3270
90 37 3270
90 38 3558
90 39 3558
90 40 3734
90 41 3782
90 42 3782
90 43 3798
90 44 4054
90 45 4038
90 46 4070
90 47 4086
90 48 4326
90 49 4358
90 50 4486
90 51 4486
90 52 4678
90 53 4710
90 54 4838
90 55 4838
90 56 5046
90 57 5062
90 58 5190
90 59 5206
90 60 5334
90 61 5350
90 62 5478
90 63 5494
90 64 5766
90 65 5894
90 66 5958
90 67 6022
90 68 6214
90 69 6214
90 70 6374
90 71 6374
90 72 6550
90 73 6598
90 74 6726
90 75 6742
90 76 6870
90 77 6854
90 78 7014
90 79 7030
90 80 7206
90 81 7302
90 82 7366
90 83 7430
90 84 7622
90 85 7654
90 86 7782
90 87 7782
90 88 7990
90 89 8006
90 90 8134
90 91 8150
90 92 8278
90 93 8294
90 94 8422
90 95 8438
90 96 8646
90 97 8710
90 98 8838
90 99 8838
90 100 9030
90 101 9030
90 102 9190
90 103 9190
90 104 9366
90 105 9414
90 106 9542
90 107 9558
90 108 9686
90 109 9670
90 110 9830
90 111 9846
90 112 10086
90 113 10118
90 114 10246
90 115 10246
90 116 10438
90 117 10470
90 118 10598
90 119 10598
90 120 10806
90 121 10822
90 122 10950
90 123 10966
90 124 11094
90 125 11110
90 126 11238
90 127 11254
90 128 11526
90 129 11654
90 130 11846
90 131 11910
90 132 11974
90 133 11974
90 134 12262
90 135 12262
90 136 12438
90 137 12486
90 138 12486
90 139 12502
90 140 12758
90 141 12742
90 142 12774
90 143 12790
90 144 12966
90 145 13062
90 146 13126
90 147 13190
90 148 13382
90 149 13414
90 150 13542
90 151 13542
90 152 13750
90 153 13766
90 154 13894
90 155 13910
90 156 14038
90 157 14054
90 158 14182
90 159 14198
90 160 14406
90 161 14470
90 162 14726
90 163 14726
90 164 14790
90 165 14790
90 166 15078
90 167 15078
90 168 15254
90 169 15302
90 170 15302
90 171 15318
90 172 15574
90 173 15558
90 174 15590
90 175 15606
90 176 15846
90 177 15878
90 178 16006
90 179 16006
90 180 16198
90 181 16230
90 182 16358
90 183 16358
90 184 16566
90 185 16582
90 186 16710
90 187 16726
90 188 16854
90 189 16870
90 190 16998
90 191 17014
90 192 17286
90 193 17414
90 194 17478
90 195 17542
90 196 17734
90 197 17734
90 198 17894
90 199 17894
90 200 18070
90 201 18118
90 202 18246
90 203 18262
90 204 18390
90 205 18374
90 206 18534
90 207 18550
90 208 18726
90 209 18822
90 210 18886
90 211 18950
90 212 19142
90 213 19174
90 214 19302
90 215 19302
90 216 19510
90 217 19526
90 218 19654
90 219 19670
90 220 19798
90 221 19814
90 222 19942
90 223 19958
90 224 20166
90 225 20230
90 226 20358
90 227 20358
90 228 20550
90 229 20550
90 230 20710
90 231 20710
90 232 20886
90 233 20934
90 234 21062
90 235 21078
90 236 21206
90 237 21190
90 238 21350
90 239 21366
90 240 21606
90 241 21638
90 242 21766
90 243 21766
90 244 21958
90 245 21990
90 246 22118
90 247 22118
90 248 22326
90 249 22342
90 250 22470
90 251 22486
90 252 22614
90 253 22630
90 254 22758
90 255 22774
91 0 6
91 1 134
91 2 326
91 3 390
91 4 454
91 5 454
91 6 742
91 7 742
91 8 918
91 9 966
91 10 966
91 11 982
91 12 1238
91 13 1222
91 14 1254
91 15 1270
91 16 1462
91 17 1558
91 18 1622
91 19 1686
91 20 1878
91 21 1910
91 22 2038
91 23 2038
91 24 2246
91 25 2262
91 26 2390
91 27 2406
91 28 2534
91 29 2550
91 30 2678
91 31 2694
91 32 2918
91 33 2950
91 34 3206
91 35 3206
91 36 3270
91 37 3302
91 38 3558
91 39 3558
91 40 3766
91 41 3782
91 42 3782
91 43 3798
91 44 4054
91 45 4070
91 46 4070
91 47 4086
91 48 4374
91 49 4438
91 50 4566
91 51 4566
91 52 4758
91 53 4758
91 54 4918
91 55 4918
91 56 5094
91 57 5142
91 58 5270
91 59 5286
91 60 5414
91 61 5398
91 62 5558
91 63 5574
91 64 5830
91 65 5958
91 66 6022
91 67 6086
91 68 6278
91 69 6278
91 70 6438
91 71 6438
91 72 6614
91 73 6662
91 74 6790
91 75 6806
91 76 6934
91 77 6918
91 78 7078
91 79 7094
91 80 7286
91 81 7382
91 82 7446
91 83 7510
91 84 7702
91 85 7734
91 86 7862
91 87 7862
91 88 8070
91 89 8086
91 90 8214
91 91 8230
91 92 8358
91 93 8374
91 94 8502
91 95 8518
91 96 8742
91 97 8774
91 98 8902
91 99 8902
91 100 9094
91 101 9126
91 102 9254
91 103 9254
91 104 9462
91 105 9478
91 106 9606
91 107 9622
91 108 9750
91 109 9766
91 110 9894
91 111 9910
91 112 10198
91 113 10262
91 114 10390
91 115 10390
91 116 10582
91 117 10582
91 118 10742
91 119 10742
91 120 10918
91 121 10966
91 122 11094
91 123 11110
91 124 11238
91 125 11222
91 126 11382
91 127 11398
91 128 11654
91 129 11782
91 130 11846
91 131 11910
91 132 12102
91 133 12102
91 134 12262
91 135 12262
91 136 12438
91 137 12486
91 138 12614
91 139 12630
91 140 12758
91 141 12742
91 142 12902
91 143 12918
91 144 13110
91 145 13206
91 146 13270
91 147 13334
91 148 13526
91 149 13558
91 150 13686
91 151 13686
91 152 13894
91 153 13910
91 154 14038
91 155 14054
91 156 14182
91 157 14198
91 158 14326
91 159 14342
91 160 14566
91 161 14598
91 162 14726
91 163 14726
91 164 14918
91 165 14950
91 166 15078
91 167 15078
91 168 15286
91 169 15302
91 170 15430
91 171 15446
91 172 15574
91 173 15590
91 174 15718
91 175 15734
91 176 16022
91 177 16086
91 178 16214
91 179 16214
91 180 16406
91 181 16406
91 182 16566
91 183 16566
91 184 16742
91 185 16790
91 186 16918
91 187 16934
91 188 17062
91 189 17046
91 190 17206
91 191 17222
91 192 17478
91 193 17606
91 194 17670
91 195 17734
91 196 17926
91 197 17926
91 198 18086
91 199 18086
91 200 18262
91 201 18310
91 202 18438
91 203 18454
91 204 18582
91 205 18566
91 206 18726
91 207 18742
91 208 18806
91 209 18902
91 210 18966
91 211 19030
91 212 19222
91 213 19254
91 214 19382
91 215 19382
91 216 19590
91 217 19606
91 218 19734
91 219 19750
91 220 19878
91 221 19894
91 222 20022
91 223 20038
91 224 20390
91 225 20422
91 226 20550
91 227 20550
91 228 20742
91 229 20774
91 230 20902
91 231 20902
91 232 21110
91 233 21126
91 234 21254
91 235 21270
91 236 21398
91 237 21414
91 238 21542
91 239 21558
91 240 21718
91 241 21782
91 242 21910
91 243 21910
91 244 22102
91 245 22102
91 246 22262
91 247 22262
91 248 22438
91 249 22486
91 250 22614
91 251 22630
91 252 22758
91 253 22742
91 254 22902
91 255 22918
92 0 6
92 1 134
92 2 326
92 3 390
92 4 470
92 5 454
92 6 742
92 7 758
92 8 966
92 9 966
92 10 998
92 11 998
92 12 1238
92 13 1254
92 14 1254
92 15 1270
92 16 1478
92 17 1542
92 18 1670
92 19 1670
92 20 1878
92 21 1862
92 22 2022
92 23 2038
92 24 2246
92 25 2246
92 26 2406
92 27 2406
92 28 2518
92 29 2534
92 30 2662
92 31 2678
92 32 2950
92 33 3078
92 34 3142
92 35 3206
92 36 3414
92 37 3398
92 38 3558
92 39 3574
92 40 3782
92 41 3782
92 42 3942
92 43 3942
92 44 4054
92 45 4070
92 46 4198
92 47 4214
92 48 4422
92 49 4486
92 50 4614
92 51 4614
92 52 4822
92 53 4806
92 54 4966
92 55 4982
92 56 5190
92 57 5190
92 58 5350
92 59 5350
92 60 5462
92 61 5478
92 62 5606
92 63 5622
92 64 5894
92 65 6022
92 66 6214
92 67 6278
92 68 6358
92 69 6342
92 70 6630
92 71 6646
92 72 6854
92 73 6854
92 74 6886
92 75 6886
92 76 7126
92 77 7142
92 78 7142
92 79 7158
92 80 7366
92 81 7430
92 82 7558
92 83 7558
92 84 7766
92 85 7750
92 86 7910
92 87 7926
92 88 8134
92 89 8134
92 90 8294
92 91 8294
92 92 8406
92 93 8422
92 94 8550
92 95 8566
92 96 8838
92 97 8966
92 98 9030
92 99 9094
92 100 9302
92 101 9286
92 102 9446
92 103 9462
92 104 9670
92 105 9670
92 106 9830
92 107 9830
92 108 9942
92 109 9958
92 110 10086
92 111 10102
92 112 10310
92 113 10374
92 114 10502
92 115 10502
92 116 10710
92 117 10694
92 118 10854
92 119 10870
92 120 11078
92 121 11078
92 122 11238
92 123 11238
92 124 11350
92 125 11366
92 126 11494
92 127 11510
92 128 11782
92 129 11910
92 130 12102
92 131 12166
92 132 12246
92 133 12230
92 134 12518
92 135 12534
92 136 12742
92 137 12742
92 138 12774
92 139 12774
92 140 13014
92 141 13030
92 142 13030
92 143 13046
92 144 13254
92 145 13318
92 146 13446
92 147 13446
92 148 13654
92 149 13638
92 150 13798
92 151 13814
92 152 14022
92 153 14022
92 154 14182
92 155 14182
92 156 14294
92 157 14310
92 158 14438
92 159 14454
92 160 14726
92 161 14854
92 162 14918
92 163 14982
92 164 15190
92 165 15174
92 166 15334
92 167 15350
92 168 15558
92 169 15558
92 170 15718
92 171 15718
92 172 15830
92 173 15846
92 174 15974
92 175 15990
92 176 16198
92 177 16262
92 178 16390
92 179 16390
92 180 16598
92 181 16582
92 182 16742
92 183 16758
92 184 16966
92 185 16966
92 186 17126
92 187 17126
92 188 17238
92 189 17254
92 190 17382
92 191 17398
92 192 17670
92 193 17798
92 194 17990
92 195 18054
92 196 18134
92 197 18118
92 198 18406
92 199 18422
92 200 18630
92 201 18630
92 202 18662
92 203 18662
92 204 18902
92 205 18918
92 206 18918
92 207 18934
92 208 19142
92 209 19206
92 210 19334
92 211 19334
92 212 19542
92 213 19526
92 214 19686
92 215 19702
92 216 19910
92 217 19910
92 218 20070
92 219 20070
92 220 20182
92 221 20198
92 222 20326
92 223 20342
92 224 20614
92 225 20742
92 226 20806
92 227 20870
92 228 21078
92 229 21062
92 230 21222
92 231 21238
92 232 21446
92 233 21446
92 234 21606
92 235 21606
92 236 21718
92 237 21734
92 238 21862
92 239 21878
92 240 22086
92 241 22150
92 242 22278
92 243 22278
92 244 22486
92 245 22470
92 246 22630
92 247 22646
92 248 22854
92 249 22854
92 250 23014
92 251 23014
92 252 23126
92 253 23142
92 254 23270
92 255 23286
93 0 6
93 1 134
93 2 326
93 3 390
93 4 470
93 5 454
93 6 742
93 7 758
93 8 966
93 9 966
93 10 998
93 11 998
93 12 1238
93 13 1254
93 14 1254
93 15 1270
93 16 1494
93 17 1558
93 18 1686
93 19 1686
93 20 1894
93 21 1878
93 22 2038
93 23 2054
93 24 2262
93 25 2262
93 26 2422
93 27 2422
93 28 2534
93 29 2550
93 30 2678
93 31 2694
93 32 2982
93 33 3078
93 34 3142
93 35 3206
93 36 3414
93 37 3430
93 38 3558
93 39 3574
93 40 3782
93 41 3814
93 42 3942
93 43 3942
93 44 4054
93 45 4070
93 46 4198
93 47 4214
93 48 4470
93 49 4502
93 50 4630
93 51 4630
93 52 4838
93 53 4854
93 54 4982
93 55 4998
93 56 5206
93 57 5238
93 58 5366
93 59 5366
93 60 5478
93 61 5494
93 62 5622
93 63 5638
93 64 5958
93 65 6086
93 66 6278
93 67 6342
93 68 6422
93 69 6406
93 70 6694
93 71 6710
93 72 6918
93 73 6918
93 74 6950
93 75 6950
93 76 7190
93 77 7206
93 78 7206
93 79 7222
93 80 7446
93 81 7510
93 82 7638
93 83 7638
93 84 7846
93 85 7830
93 86 7990
93 87 8006
93 88 8214
93 89 8214
93 90 8374
93 91 8374
93 92 8486
93 93 8502
93 94 8630
93 95 8646
93 96 8934
93 97 9030
93 98 9094
93 99 9158
93 100 9366
93 101 9382
93 102 9510
93 103 9526
93 104 9734
93 105 9766
93 106 9894
93 107 9894
93 108 10006
93 109 10022
93 110 10150
93 111 10166
93 112 10422
93 113 10454
93 114 10582
93 115 10582
93 116 10790
93 117 10806
93 118 10934
93 119 10950
93 120 11158
93 121 11190
93 122 11318
93 123 11318
93 124 11430
93 125 11446
93 126 11574
93 127 11590
93 128 11910
93 129 12038
93 130 12102
93 131 12166
93 132 12374
93 133 12358
93 134 12518
93 135 12534
93 136 12742
93 137 12742
93 138 12902
93 139 12902
93 140 13014
93 141 13030
93 142 13158
93 143 13174
93 144 13398
93 145 13462
93 146 13590
93 147 13590
93 148 13798
93 149 13782
93 150 13942
93 151 13958
93 152 14166
93 153 14166
93 154 14326
93 155 14326
93 156 14438
93 157 14454
93 158 14582
93 159 14598
93 160 14886
93 161 14982
93 162 15046
93 163 15110
93 164 15318
93 165 15334
93 166 15462
93 167 15478
93 168 15686
93 169 15718
93 170 15846
93 171 15846
93 172 15958
93 173 15974
93 174 16102
93 175 16118
93 176 16246
93 177 16278
93 178 16406
93 179 16406
93 180 16614
93 181 16630
93 182 16758
93 183 16774
93 184 16982
93 185 17014
93 186 17142
93 187 17142
93 188 17254
93 189 17270
93 190 17398
93 191 17414
93 192 17862
93 193 17990
93 194 18054
93 195 18118
93 196 18326
93 197 18310
93 198 18470
93 199 18486
93 200 18694
93 201 18694
93 202 18854
93 203 18854
93 204 18966
93 205 18982
93 206 19110
93 207 19126
93 208 19350
93 209 19414
93 210 19542
93 211 19542
93 212 19750
93 213 19734
93 214 19894
93 215 19910
93 216 20118
93 217 20118
93 218 20278
93 219 20278
93 220 20390
93 221 20406
93 222 20534
93 223 20550
93 224 20838
93 225 20934
93 226 20998
93 227 21062
93 228 21270
93 229 21286
93 230 21414
93 231 21430
93 232 21638
93 233 21670
93 234 21798
93 235 21798
93 236 21910
93 237 21926
93 238 22054
93 239 22070
93 240 22198
93 241 22230
93 242 22358
93 243 22358
93 244 22566
93 245 22582
93 246 22710
93 247 22726
93 248 22934
93 249 22966
93 250 23094
93 251 23094
93 252 23206
93 253 23222
93 254 23350
93 255 23366
94 0 6
94 1 134
94 2 326
94 3 390
94 4 470
94 5 454
94 6 742
94 7 758
94 8 982
94 9 966
94 10 998
94 11 1014
94 12 1238
94 13 1254
94 14 1254
94 15 1270
94 16 1510
94 17 1542
94 18 1670
94 19 1670
94 20 1878
94 21 1894
94 22 2022
94 23 2038
94 24 2262
94 25 2278
94 26 2406
94 27 2422
94 28 2518
94 29 2534
94 30 2662
94 31 2678
94 32 3014
94 33 3078
94 34 3206
94 35 3206
94 36 3414
94 37 3398
94 38 3558
94 39 3574
94 40 3798
94 41 3782
94 42 3942
94 43 3958
94 44 4054
94 45 4070
94 46 4198
94 47 4214
94 48 4518
94 49 4550
94 50 4678
94 51 4678
94 52 4886
94 53 4902
94 54 5030
94 55 5046
94 56 5270
94 57 5286
94 58 5414
94 59 5430
94 60 5526
94 61 5542
94 62 5670
94 63 5686
94 64 6022
94 65 6150
94 66 6214
94 67 6278
94 68 6486
94 69 6470
94 70 6630
94 71 6646
94 72 6870
94 73 6854
94 74 7014
94 75 7030
94 76 7126
94 77 7142
94 78 7270
94 79 7286
94 80 7526
94 81 7558
94 82 7686
94 83 7686
94 84 7894
94 85 7910
94 86 8038
94 87 8054
94 88 8278
94 89 8294
94 90 8422
94 91 8438
94 92 8534
94 93 8550
94 94 8678
94 95 8694
94 96 9030
94 97 9094
94 98 9222
94 99 9222
94 100 9430
94 101 9414
94 102 9574
94 103 9590
94 104 9814
94 105 9798
94 106 9958
94 107 9974
94 108 10070
94 109 10086
94 110 10214
94 111 10230
94 112 10406
94 113 10438
94 114 10566
94 115 10566
94 116 10774
94 117 10790
94 118 10918
94 119 10934
94 120 11158
94 121 11174
94 122 11302
94 123 11318
94 124 11414
94 125 11430
94 126 11558
94 127 11574
94 128 12038
94 129 12166
94 130 12358
94 131 12422
94 132 12502
94 133 12486
94 134 12774
94 135 12790
94 136 13014
94 137 12998
94 138 13030
94 139 13046
94 140 13270
94 141 13286
94 142 13286
94 143 13302
94 144 13542
94 145 13574
94 146 13702
94 147 13702
94 148 13910
94 149 13926
94 150 14054
94 151 14070
94 152 14294
94 153 14310
94 154 14438
94 155 14454
94 156 14550
94 157 14566
94 158 14694
94 159 14710
94 160 15046
94 161 15110
94 162 15238
94 163 15238
94 164 15446
94 165 15430
94 166 15590
94 167 15606
94 168 15830
94 169 15814
94 170 15974
94 171 15990
94 172 16086
94 173 16102
94 174 16230
94 175 16246
94 176 16550
94 177 16582
94 178 16710
94 179 16710
94 180 16918
94 181 16934
94 182 17062
94 183 17078
94 184 17302
94 185 17318
94 186 17446
94 187 17462
94 188 17558
94 189 17574
94 190 17702
94 191 17718
94 192 18054
94 193 18182
94 194 18246
94 195 18310
94 196 18518
94 197 18502
94 198 18662
94 199 18678
94 200 18902
94 201 18886
94 202 19046
94 203 19062
94 204 19158
94 205 19174
94 206 19302
94 207 19318
94 208 19558
94 209 19590
94 210 19718
94 211 19718
94 212 19926
94 213 19942
94 214 20070
94 215 20086
94 216 20310
94 217 20326
94 218 20454
94 219 20470
94 220 20566
94 221 20582
94 222 20710
94 223 20726
94 224 21062
94 225 21126
94 226 21254
94 227 21254
94 228 21462
94 229 21446
94 230 21606
94 231 21622
94 232 21846
94 233 21830
94 234 21990
94 235 22006
94 236 22102
94 237 22118
94 238 22246
94 239 22262
94 240 22438
94 241 22470
94 242 22598
94 243 22598
94 244 22806
94 245 22822
94 246 22950
94 247 22966
94 248 23190
94 249 23206
94 250 23334
94 251 23350
94 252 23446
94 253 23462
94 254 23590
94 255 23606
95 0 6
95 1 134
95 2 326
95 3 390
95 4 470
95 5 454
95 6 742
95 7 758
95 8 982
95 9 966
95 10 998
95 11 1014
95 12 1238
95 13 1254
95 14 1254
95 15 1270
95 16 1526
95 17 1558
95 18 1686
95 19 1686
95 20 1894
95 21 1910
95 22 2038
95 23 2054
95 24 2278
95 25 2294
95 26 2422
95 27 2438
95 28 2534
95 29 2550
95 30 2678
95 31 2694
95 32 3046
95 33 3078
95 34 3206
95 35 3206
95 36 3414
95 37 3430
95 38 3558
95 39 3574
95 40 3798
95 41 3814
95 42 3942
95 43 3958
95 44 4054
95 45 4070
95 46 4198
95 47 4214
95 48 4566
95 49 4630
95 50 4758
95 51 4758
95 52 4966
95 53 4950
95 54 5110
95 55 5126
95 56 5350
95 57 5334
95 58 5494
95 59 5510
95 60 5606
95 61 5622
95 62 5750
95 63 5766
95 64 6086
95 65 6214
95 66 6278
95 67 6342
95 68 6550
95 69 6534
95 70 6694
95 71 6710
95 72 6934
95 73 6918
95 74 7078
95 75 7094
95 76 7190
95 77 7206
95 78 7334
95 79 7350
95 80 7606
95 81 7638
95 82 7766
95 83 7766
95 84 7974
95 85 7990
95 86 8118
95 87 8134
95 88 8358
95 89 8374
95 90 8502
95 91 8518
95 92 8614
95 93 8630
95 94 8758
95 95 8774
95 96 9126
95 97 9158
95 98 9286
95 99 9286
95 100 9494
95 101 9510
95 102 9638
95 103 9654
95 104 9878
95 105 9894
95 106 10022
95 107 10038
95 108 10134
95 109 10150
95 110 10278
95 111 10294
95 112 10454
95 113 10518
95 114 10646
95 115 10646
95 116 10854
95 117 10838
95 118 10998
95 119 11014
95 120 11238
95 121 11222
95 122 11382
95 123 11398
95 124 11494
95 125 11510
95 126 11638
95 127 11654
95 128 12166
95 129 12294
95 130 12358
95 131 12422
95 132 12630
95 133 12614
95 134 12774
95 135 12790
95 136 13014
95 137 12998
95 138 13158
95 139 13174
95 140 13270
95 141 13286
95 142 13414
95 143 13430
95 144 13686
95 145 13718
95 146 13846
95 147 13846
95 148 14054
95 149 14070
95 150 14198
95 151 14214
95 152 14438
95 153 14454
95 154 14582
95 155 14598
95 156 14694
95 157 14710
95 158 14838
95 159 14854
95 160 15206
95 161 15238
95 162 15366
95 163 15366
95 164 15574
95 165 15590
95 166 15718
95 167 15734
95 168 15958
95 169 15974
95 170 16102
95 171 16118
95 172 16214
95 173 16230
95 174 16358
95 175 16374
95 176 16598
95 177 16662
95 178 16790
95 179 16790
95 180 16998
95 181 16982
95 182 17142
95 183 17158
95 184 17382
95 185 17366
95 186 17526
95 187 17542
95 188 17638
95 189 17654
95 190 17782
95 191 17798
95 192 18246
95 193 18374
95 194 18438
95 195 18502
95 196 18710
95 197 18694
95 198 18854
95 199 18870
95 200 19094
95 201 19078
95 202 19238
95 203 19254
95 204 19350
95 205 19366
95 206 19494
95 207 19510
95 208 19638
95 209 19670
95 210 19798
95 211 19798
95 212 20006
95 213 20022
95 214 20150
95 215 20166
95 216 20390
95 217 20406
95 218 20534
95 219 20550
95 220 20646
95 221 20662
95 222 20790
95 223 20806
95 224 21158
95 225 21190
95 226 21318
95 227 21318
95 228 21526
95 229 21542
95 230 21670
95 231 21686
95 232 21910
95 233 21926
95 234 22054
95 235 22070
95 236 22166
95 237 22182
95 238 22310
95 239 22326
95 240 22486
95 241 22550
95 242 22678
95 243 22678
95 244 22886
95 245 22870
95 246 23030
95 247 23046
95 248 23270
95 249 23254
95 250 23414
95 251 23430
95 252 23526
95 253 23542
95 254 23670
95 255 23686
96 0 6
96 1 102
96 2 326
96 3 422
96 4 518
96 5 614
96 6 582
96 7 678
96 8 774
96 9 870
96 10 1094
96 11 1190
96 12 1286
96 13 1382
96 14 1350
96 15 1446
96 16 1542
96 17 1638
96 18 1862
96 19 1958
96 20 2054
96 21 2150
96 22 2118
96 23 2214
96 24 2310
96 25 2406
96 26 2630
96 27 2726
96 28 2822
96 29 2918
96 30 2886
96 31 2982
96 32 3078
96 33 3174
96 34 3398
96 35 3494
96 36 3590
96 37 3686
96 38 3654
96 39 3750
96 40 3846
96 41 3942
96 42 4166
96 43 4262
96 44 4358
96 45 4454
96 46 4422
96 47 4518
96 48 4614
96 49 4710
96 50 4934
96 51 5030
96 52 5126
96 53 5222
96 54 5190
96 55 5286
96 56 5382
96 57 5478
96 58 5702
96 59 5798
96 60 5894
96 61 5990
96 62 5958
96 63 6054
96 64 6150
96 65 6246
96 66 6470
96 67 6566
96 68 6662
96 69 6758
96 70 6726
96 71 6822
96 72 6918
96 73 7014
96 74 7238
96 75 7334
96 76 7430
96 77 7526
96 78 7494
96 79 7590
96 80 7686
96 81 7782
96 82 8006
96 83 8102
96 84 8198
96 85 8294
96 86 8262
96 87 8358
96 88 8454
96 89 8550
96 90 8774
96 91 8870
96 92 8966
96 93 9062
96 94 9030
96 95 9126
96 96 9222
96 97 9318
96 98 9542
96 99 9638
96 100 9734
96 101 9830
96 102 9798
96 103 9894
96 104 9990
96 105 10086
96 106 10310
96 107 10406
96 108 10502
96 109 10598
96 110 10566
96 111 10662
96 112 10758
96 113 10854
96 114 11078
96 115 11174
96 116 11270
96 117 11366
96 118 11334
96 119 11430
96 120 11526
96 121 11622
96 122 11846
96 123 11942
96 124 12038
96 125 12134
96 126 12102
96 127 12198
96 128 12294
96 129 12390
96 130 12614
96 131 12710
96 132 12806
96 133 12902
96 134 12870
96 135 12966
96 136 13062
96 137 13158
96 138 13382
96 139 13478
96 140 13574
96 141 13670
96 142 13638
96 143 13734
96 144 13830
96 145 13926
96 146 14150
96 147 14246
96 148 14342
96 149 14438
96 150 14406
96 151 14502
96 152 14598
96 153 14694
96 154 14918
96 155 15014
96 156 15110
96 157 15206
96 158 15174
96 159 15270
96 160 15366
96 161 15462
96 162 15686
96 163 15782
96 164 15878
96 165 15974
96 166 15942
96 167 16038
96 168 16134
96 169 16230
96 170 16454
96 171 16550
96 172 16646
96 173 16742
96 174 16710
96 175 16806
96 176 16902
96 177 16998
96 178 17222
96 179 17318
96 180 17414
96 181 17510
96 182 17478
96 183 17574
96 184 17670
96 185 17766
96 186 17990
96 187 18086
96 188 18182
96 189 18278
96 190 18246
96 191 18342
96 192 18438
96 193 18534
96 194 18758
96 195 18854
96 196 18950
96 197 19046
96 198 19014
96 199 19110
96 200 19206
96 201 19302
96 202 19526
96 203 19622
96 204 19718
96 205 19814
96 206 19782
96 207 19878
96 208 19974
96 209 20070
96 210 20294
96 211 20390
96 212 20486
96 213 20582
96 214 20550
96 215 20646
96 216 20742
96 217 20838
96 218 21062
96 219 21158
96 220 21254
96 221 21350
96 222 21318
96 223 21414
96 224 21510
96 225 21606
96 226 21830
96 227 21926
96 228 22022
96 229 22118
96 230 22086
96 231 22182
96 232 22278
96 233 22374
96 234 22598
96 235 22694
96 236 22790
96 237 22886
96 238 22854
96 239 22950
96 240 23046
96 241 23142
96 242 23366
96 243 23462
96 244 23558
96 245 23654
96 246 23622
96 247 23718
96 248 23814
96 249 23910
96 250 24134
96 251 24230
96 252 24326
96 253 24422
96 254 24390
96 255 24486
97 0 6
97 1 102
97 2 326
97 3 422
97 4 518
97 5 614
97 6 582
97 7 678
97 8 774
97 9 870
97 10 1094
97 11 1190
97 12 1286
97 13 1382
97 14 1350
97 15 1446
97 16 1558
97 17 1654
97 18 1878
97 19 1974
97 20 2070
97 21 2166
97 22 2134
97 23 2230
97 24 2326
97 25 2422
97 26 2646
97 27 2742
97 28 2838
97 29 2934
97 30 2902
97 31 2998
97 32 3110
97 33 3174
97 34 3430
97 35 3494
97 36 3622
97 37 3686
97 38 3686
97 39 3750
97 40 3878
97 41 3942
97 42 4198
97 43 4262
97 44 4390
97 45 4454
97 46 4454
97 47 4518
97 48 4662
97 49 4726
97 50 4982
97 51 5046
97 52 5174
97 53 5238
97 54 5238
97 55 5302
97 56 5430
97 57 5494
97 58 5750
97 59 5814
97 60 5942
97 61 6006
97 62 6006
97 63 6070
97 64 6214
97 65 6310
97 66 6534
97 67 6630
97 68 6726
97 69 6822
97 70 6790
97 71 6886
97 72 6982
97 73 7078
97 74 7302
97 75 7398
97 76 7494
97 77 7590
97 78 7558
97 79 7654
97 80 7766
97 81 7862
97 82 8086
97 83 8182
97 84 8278
97 85 8374
97 86 8342
97 87 8438
97 88 8534
97 89 8630
97 90 8854
97 91 8950
97 92 9046
97 93 9142
97 94 9110
97 95 9206
97 96 9318
97 97 9382
97 98 9638
97 99 9702
97 100 9830
97 101 9894
97 102 9894
97 103 9958
97 104 10086
97 105 10150
97 106 10406
97 107 10470
97 108 10598
97 109 10662
97 110 10662
97 111 10726
97 112 10870
97 113 10934
97 114 11190
97 115 11254
97 116 11382
97 117 11446
97 118 11446
97 119 11510
97 120 11638
97 121 11702
97 122 11958
97 123 12022
97 124 12150
97 125 12214
97 126 12214
97 127 12278
97 128 12422
97 129 12518
97 130 12614
97 131 12710
97 132 12806
97 133 12902
97 134 12998
97 135 13094
97 136 13190
97 137 13286
97 138 13382
97 139 13478
97 140 13574
97 141 13670
97 142 13766
97 143 13862
97 144 13974
97 145 14070
97 146 14166
97 147 14262
97 148 14358
97 149 14454
97 150 14550
97 151 14646
97 152 14742
97 153 14838
97 154 14934
97 155 15030
97 156 15126
97 157 15222
97 158 15318
97 159 15414
97 160 15526
97 161 15590
97 162 15718
97 163 15782
97 164 15910
97 165 15974
97 166 16102
97 167 16166
97 168 16294
97 169 16358
97 170 16486
97 171 16550
97 172 16678
97 173 16742
97 174 16870
97 175 16934
97 176 17078
97 177 17142
97 178 17270
97 179 17334
97 180 17462
97 181 17526
97 182 17654
97 183 17718
97 184 17846
97 185 17910
97 186 18038
97 187 18102
97 188 18230
97 189 18294
97 190 18422
97 191 18486
97 192 18630
97 193 18726
97 194 18822
97 195 18918
97 196 19014
97 197 19110
97 198 19206
97 199 19302
97 200 19398
97 201 19494
97 202 19590
97 203 19686
97 204 19782
97 205 19878
97 206 19974
97 207 20070
97 208 20182
97 209 20278
97 210 20374
97 211 20470
97 212 20566
97 213 20662
97 214 20758
97 215 20854
97 216 20950
97 217 21046
97 218 21142
97 219 21238
97 220 21334
97 221 21430
97 222 21526
97 223 21622
97 224 21734
97 225 21798
97 226 21926
97 227 21990
97 228 22118
97 229 22182
97 230 22310
97 231 22374
97 232 22502
97 233 22566
97 234 22694
97 235 22758
97 236 22886
97 237 22950
97 238 23078
97 239 23142
97 240 23286
97 241 23350
97 242 23478
97 243 23542
97 244 23670
97 245 23734
97 246 23862
97 247 23926
97 248 24054
97 249 24118
97 250 24246
97 251 24310
97 252 24438
97 253 24502
97 254 24630
97 255 24694
98 0 6
98 1 102
98 2 326
98 3 422
98 4 518
98 5 614
98 6 582
98 7 678
98 8 790
98 9 886
98 10 1110
98 11 1206
98 12 1302
98 13 1398
98 14 1366
98 15 1462
98 16 1574
98 17 1638
98 18 1894
98 19 1958
98 20 2086
98 21 2150
98 22 2150
98 23 2214
98 24 2358
98 25 2422
98 26 2678
98 27 2742
98 28 2870
98 29 2934
98 30 2934
98 31 2998
98 32 3142
98 33 3174
98 34 3398
98 35 3494
98 36 3654
98 37 3686
98 38 3654
98 39 3750
98 40 3926
98 41 3958
98 42 4182
98 43 4278
98 44 4438
98 45 4470
98 46 4438
98 47 4534
98 48 4710
98 49 4710
98 50 4966
98 51 5030
98 52 5222
98 53 5222
98 54 5222
98 55 5286
98 56 5494
98 57 5494
98 58 5750
98 59 5814
98 60 6006
98 61 6006
98 62 6006
98 63 6070
98 64 6278
98 65 6374
98 66 6470
98 67 6566
98 68 6662
98 69 6758
98 70 6854
98 71 6950
98 72 7062
98 73 7158
98 74 7254
98 75 7350
98 76 7446
98 77 7542
98 78 7638
98 79 7734
98 80 7846
98 81 7910
98 82 8038
98 83 8102
98 84 8230
98 85 8294
98 86 8422
98 87 8486
98 88 8630
98 89 8694
98 90 8822
98 91 8886
98 92 9014
98 93 9078
98 94 9206
98 95 9270
98 96 9414
98 97 9446
98 98 9542
98 99 9638
98 100 9798
98 101 9830
98 102 9926
98 103 10022
98 104 10198
98 105 10230
98 106 10326
98 107 10422
98 108 10582
98 109 10614
98 110 10710
98 111 10806
98 112 10982
98 113 10982
98 114 11110
98 115 11174
98 116 11366
98 117 11366
98 118 11494
98 119 11558
98 120 11766
98 121 11766
98 122 11894
98 123 11958
98 124 12150
98 125 12150
98 126 12278
98 127 12342
98 128 12550
98 129 12646
98 130 12870
98 131 12966
98 132 13062
98 133 13158
98 134 13126
98 135 13222
98 136 13334
98 137 13430
98 138 13654
98 139 13750
98 140 13846
98 141 13942
98 142 13910
98 143 14006
98 144 14118
98 145 14182
98 146 14438
98 147 14502
98 148 14630
98 149 14694
98 150 14694
98 151 14758
98 152 14902
98 153 14966
98 154 15222
98 155 15286
98 156 15414
98 157 15478
98 158 15478
98 159 15542
98 160 15686
98 161 15718
98 162 15942
98 163 16038
98 164 16198
98 165 16230
98 166 16198
98 167 16294
98 168 16470
98 169 16502
98 170 16726
98 171 16822
98 172 16982
98 173 17014
98 174 16982
98 175 17078
98 176 17254
98 177 17254
98 178 17510
98 179 17574
98 180 17766
98 181 17766
98 182 17766
98 183 17830
98 184 18038
98 185 18038
98 186 18294
98 187 18358
98 188 18550
98 189 18550
98 190 18550
98 191 18614
98 192 18822
98 193 18918
98 194 19014
98 195 19110
98 196 19206
98 197 19302
98 198 19398
98 199 19494
98 200 19606
98 201 19702
98 202 19798
98 203 19894
98 204 19990
98 205 20086
98 206 20182
98 207 20278
98 208 20390
98 209 20454
98 210 20582
98 211 20646
98 212 20774
98 213 20838
98 214 20966
98 215 21030
98 216 21174
98 217 21238
98 218 21366
98 219 21430
98 220 21558
98 221 21622
98 222 21750
98 223 21814
98 224 21958
98 225 21990
98 226 22086
98 227 22182
98 228 22342
98 229 22374
98 230 22470
98 231 22566
98 232 22742
98 233 22774
98 234 22870
98 235 22966
98 236 23126
98 237 23158
98 238 23254
98 239 23350
98 240 23526
98 241 23526
98 242 23654
98 243 23718
98 244 23910
98 245 23910
98 246 24038
98 247 24102
98 248 24310
98 249 24310
98 250 24438
98 251 24502
98 252 24694
98 253 24694
98 254 24822
98 255 24886
99 0 6
99 1 102
99 2 326
99 3 422
99 4 518
99 5 614
99 6 582
99 7 678
99 8 790
99 9 886
99 10 1110
99 11 1206
99 12 1302
99 13 1398
99 14 1366
99 15 1462
99 16 1590
99 17 1654
99 18 1910
99 19 1974
99 20 2102
99 21 2166
99 22 2166
99 23 2230
99 24 2374
99 25 2438
99 26 2694
99 27 2758
99 28 2886
99 29 2950
99 30 2950
99 31 3014
99 32 3174
99 33 3174
99 34 3430
99 35 3494
99 36 3686
99 37 3686
99 38 3686
99 39 3750
99 40 3958
99 41 3958
99 42 4214
99 43 4278
99 44 4470
99 45 4470
99 46 4470
99 47 4534
99 48 4758
99 49 4790
99 50 5014
99 51 5110
99 52 5270
99 53 5302
99 54 5270
99 55 5366
99 56 5542
99 57 5574
99 58 5798
99 59 5894
99 60 6054
99 61 6086
99 62 6054
99 63 6150
99 64 6342
99 65 6438
99 66 6534
99 67 6630
99 68 6726
99 69 6822
99 70 6918
99 71 7014
99 72 7126
99 73 7222
99 74 7318
99 75 7414
99 76 7510
99 77 7606
99 78 7702
99 79 7798
99 80 7926
99 81 7990
99 82 8118
99 83 8182
99 84 8310
99 85 8374
99 86 8502
99 87 8566
99 88 8710
99 89 8774
99 90 8902
99 91 8966
99 92 9094
99 93 9158
99 94 9286
99 95 9350
99 96 9510
99 97 9510
99 98 9638
99 99 9702
99 100 9894
99 101 9894
99 102 10022
99 103 10086
99 104 10294
99 105 10294
99 106 10422
99 107 10486
99 108 10678
99 109 10678
99 110 10806
99 111 10870
99 112 11094
99 113 11126
99 114 11222
99 115 11318
99 116 11478
99 117 11510
99 118 11606
99 119 11702
99 120 11878
99 121 11910
99 122 12006
99 123 12102
99 124 12262
99 125 12294
99 126 12390
99 127 12486
99 128 12678
99 129 12774
99 130 12870
99 131 12966
99 132 13062
99 133 13158
99 134 13254
99 135 13350
99 136 13462
99 137 13558
99 138 13654
99 139 13750
99 140 13846
99 141 13942
99 142 14038
99 143 14134
99 144 14262
99 145 14326
99 146 14454
99 147 14518
99 148 14646
99 149 14710
99 150 14838
99 151 14902
99 152 15046
99 153 15110
99 154 15238
99 155 15302
99 156 15430
99 157 15494
99 158 15622
99 159 15686
99 160 15846
99 161 15846
99 162 15974
99 163 16038
99 164 16230
99 165 16230
99 166 16358
99 167 16422
99 168 16630
99 169 16630
99 170 16758
99 171 16822
99 172 17014
99 173 17014
99 174 17142
99 175 17206
99 176 17430
99 177 17462
99 178 17558
99 179 17654
99 180 17814
99 181 17846
99 182 17942
99 183 18038
99 184 18214
99 185 18246
99 186 18342
99 187 18438
99 188 18598
99 189 18630
99 190 18726
99 191 18822
99 192 19014
99 193 19110
99 194 19206
99 195 19302
99 196 19398
99 197 19494
99 198 19590
99 199 19686
99 200 19798
99 201 19894
99 202 19990
99 203 20086
99 204 20182
99 205 20278
99 206 20374
99 207 20470
99 208 20598
99 209 20662
99 210 20790
99 211 20854
99 212 20982
99 213 21046
99 214 21174
99 215 21238
99 216 21382
99 217 21446
99 218 21574
99 219 21638
99 220 21766
99 221 21830
99 222 21958
99 223 22022
99 224 22182
99 225 22182
99 226 22310
99 227 22374
99 228 22566
99 229 22566
99 230 22694
99 231 22758
99 232 22966
99 233 22966
99 234 23094
99 235 23158
99 236 23350
99 237 23350
99 238 23478
99 239 23542
99 240 23766
99 241 23798
99 242 23894
99 243 23990
99 244 24150
99 245 24182
99 246 24278
99 247 24374
99 248 24550
99 249 24582
99 250 24678
99 251 24774
99 252 24934
99 253 24966
99 254 25062
99 255 25158
100 0 6
100 1 102
100 2 326
100 3 422
100 4 534
100 5 630
100 6 598
100 7 694
100 8 838
100 9 902
100 10 1158
100 11 1222
100 12 1366
100 13 1430
100 14 1430
100 15 1494
100 16 1606
100 17 1638
100 18 1862
100 19 1958
100 20 2134
100 21 2166
100 22 2134
100 23 2230
100 24 2438
100 25 2438
100 26 2694
100 27 2758
100 28 2966
100 29 2966
100 30 2966
100 31 3030
100 32 3206
100 33 3302
100 34 3398
100 35 3494
100 36 3606
100 37 3702
100 38 3798
100 39 3894
100 40 4038
100 41 4102
100 42 4230
100 43 4294
100 44 4438
100 45 4502
100 46 4630
100 47 4694
100 48 4806
100 49 4838
100 50 4934
100 51 5030
100 52 5206
100 53 5238
100 54 5334
100 55 5430
100 56 5638
100 57 5638
100 58 5766
100 59 5830
100 60 6038
100 61 6038
100 62 6166
100 63 6230
100 64 6406
100 65 6502
100 66 6726
100 67 6822
100 68 6934
100 69 7030
100 70 6998
100 71 7094
100 72 7238
100 73 7302
100 74 7558
100 75 7622
100 76 7766
100 77 7830
100 78 7830
100 79 7894
100 80 8006
100 81 8038
100 82 8262
100 83 8358
100 84 8534
100 85 8566
100 86 8534
100 87 8630
100 88 8838
100 89 8838
100 90 9094
100 91 9158
100 92 9366
100 93 9366
100 94 9366
100 95 9430
100 96 9606
100 97 9702
100 98 9798
100 99 9894
100 100 10006
100 101 10102
100 102 10198
100 103 10294
100 104 10438
100 105 10502
100 106 10630
100 107 10694
100 108 10838
100 109 10902
100 110 11030
100 111 11094
100 112 11206
100 113 11238
100 114 11334
100 115 11430
100 116 11606
100 117 11638
100 118 11734
100 119 11830
100 120 12038
100 121 12038
100 122 12166
100 123 12230
100 124 12438
100 125 12438
100 126 12566
100 127 12630
100 128 12806
100 129 12902
100 130 13126
100 131 13222
100 132 13334
100 133 13430
100 134 13398
100 135 13494
100 136 13638
100 137 13702
100 138 13958
100 139 14022
100 140 14166
100 141 14230
100 142 14230
100 143 14294
100 144 14406
100 145 14438
100 146 14662
100 147 14758
100 148 14934
100 149 14966
100 150 14934
100 151 15030
100 152 15238
100 153 15238
100 154 15494
100 155 15558
100 156 15766
100 157 15766
100 158 15766
100 159 15830
100 160 16006
100 161 16102
100 162 16198
100 163 16294
100 164 16406
100 165 16502
100 166 16598
100 167 16694
100 168 16838
100 169 16902
100 170 17030
100 171 17094
100 172 17238
100 173 17302
100 174 17430
100 175 17494
100 176 17606
100 177 17638
100 178 17734
100 179 17830
100 180 18006
100 181 18038
100 182 18134
100 183 18230
100 184 18438
100 185 18438
100 186 18566
100 187 18630
100 188 18838
100 189 18838
100 190 18966
100 191 19030
100 192 19206
100 193 19302
100 194 19526
100 195 19622
100 196 19734
100 197 19830
100 198 19798
100 199 19894
100 200 20038
100 201 20102
100 202 20358
100 203 20422
100 204 20566
100 205 20630
100 206 20630
100 207 20694
100 208 20806
100 209 20838
100 210 21062
100 211 21158
100 212 21334
100 213 21366
100 214 21334
100 215 21430
100 216 21638
100 217 21638
100 218 21894
100 219 21958
100 220 22166
100 221 22166
100 222 22166
100 223 22230
100 224 22406
100 225 22502
100 226 22598
100 227 22694
100 228 22806
100 229 22902
100 230 22998
100 231 23094
100 232 23238
100 233 23302
100 234 23430
100 235 23494
100 236 23638
100 237 23702
100 238 23830
100 239 23894
100 240 24006
100 241 24038
100 242 24134
100 243 24230
100 244 24406
100 245 24438
100 246 24534
100 247 24630
100 248 24838
100 249 24838
100 250 24966
100 251 25030
100 252 25238
100 253 25238
100 254 25366
100 255 25430
101 0 6
101 1 102
101 2 326
101 3 422
101 4 534
101 5 630
101 6 598
101 7 694
101 8 838
101 9 902
101 10 1158
101 11 1222
101 12 1366
101 13 1430
101 14 1430
101 15 1494
101 16 1622
101 17 1654
101 18 1878
101 19 1974
101 20 2150
101 21 2182
101 22 2150
101 23 2246
101 24 2454
101 25 2454
101 26 2710
101 27 2774
101 28 2982
101 29 2982
101 30 2982
101 31 3046
101 32 3238
101 33 3302
101 34 3430
101 35 3494
101 36 3638
101 37 3702
101 38 3830
101 39 3894
101 40 4038
101 41 4102
101 42 4230
101 43 4294
101 44 4438
101 45 4502
101 46 4630
101 47 4694
101 48 4854
101 49 4854
101 50 4982
101 51 5046
101 52 5254
101 53 5254
101 54 5382
101 55 5446
101 56 5654
101 57 5654
101 58 5782
101 59 5846
101 60 6054
101 61 6054
101 62 6182
101 63 6246
101 64 6470
101 65 6566
101 66 6790
101 67 6886
101 68 6998
101 69 7094
101 70 7062
101 71 7158
101 72 7302
101 73 7366
101 74 7622
101 75 7686
101 76 7830
101 77 7894
101 78 7894
101 79 7958
101 80 8086
101 81 8118
101 82 8342
101 83 8438
101 84 8614
101 85 8646
101 86 8614
101 87 8710
101 88 8918
101 89 8918
101 90 9174
101 91 9238
101 92 9446
101 93 9446
101 94 9446
101 95 9510
101 96 9702
101 97 9766
101 98 9894
101 99 9958
101 100 10102
101 101 10166
101 102 10294
101 103 10358
101 104 10502
101 105 10566
101 106 10694
101 107 10758
101 108 10902
101 109 10966
101 110 11094
101 111 11158
101 112 11318
101 113 11318
101 114 11446
101 115 11510
101 116 11718
101 117 11718
101 118 11846
101 119 11910
101 120 12118
101 121 12118
101 122 12246
101 123 12310
101 124 12518
101 125 12518
101 126 12646
101 127 12710
101 128 12934
101 129 13030
101 130 13126
101 131 13222
101 132 13334
101 133 13430
101 134 13526
101 135 13622
101 136 13766
101 137 13830
101 138 13958
101 139 14022
101 140 14166
101 141 14230
101 142 14358
101 143 14422
101 144 14550
101 145 14582
101 146 14678
101 147 14774
101 148 14950
101 149 14982
101 150 15078
101 151 15174
101 152 15382
101 153 15382
101 154 15510
101 155 15574
101 156 15782
101 157 15782
101 158 15910
101 159 15974
101 160 16166
101 161 16230
101 162 16358
101 163 16422
101 164 16566
101 165 16630
101 166 16758
101 167 16822
101 168 16966
101 169 17030
101 170 17158
101 171 17222
101 172 17366
101 173 17430
101 174 17558
101 175 17622
101 176 17782
101 177 17782
101 178 17910
101 179 17974
101 180 18182
101 181 18182
101 182 18310
101 183 18374
101 184 18582
101 185 18582
101 186 18710
101 187 18774
101 188 18982
101 189 18982
101 190 19110
101 191 19174
101 192 19398
101 193 19494
101 194 19590
101 195 19686
101 196 19798
101 197 19894
101 198 19990
101 199 20086
101 200 20230
101 201 20294
101 202 20422
101 203 20486
101 204 20630
101 205 20694
101 206 20822
101 207 20886
101 208 21014
101 209 21046
101 210 21142
101 211 21238
101 212 21414
101 213 21446
101 214 21542
101 215 21638
101 216 21846
101 217 21846
101 218 21974
101 219 22038
101 220 22246
101 221 22246
101 222 22374
101 223 22438
101 224 22630
101 225 22694
101 226 22822
101 227 22886
101 228 23030
101 229 23094
101 230 23222
101 231 23286
101 232 23430
101 233 23494
101 234 23622
101 235 23686
101 236 23830
101 237 23894
101 238 24022
101 239 24086
101 240 24246
101 241 24246
101 242 24374
101 243 24438
101 244 24646
101 245 24646
101 246 24774
101 247 24838
101 248 25046
101 249 25046
101 250 25174
101 251 25238
101 252 25446
101 253 25446
101 254 25574
101 255 25638
102 0 6
102 1 102
102 2 326
102 3 422
102 4 534
102 5 630
102 6 598
102 7 694
102 8 854
102 9 918
102 10 1174
102 11 1238
102 12 1366
102 13 1430
102 14 1430
102 15 1494
102 16 1638
102 17 1638
102 18 1894
102 19 1958
102 20 2166
102 21 2166
102 22 2166
102 23 2230
102 24 2454
102 25 2454
102 26 2710
102 27 2774
102 28 2966
102 29 2966
102 30 2966
102 31 3030
102 32 3270
102 33 3302
102 34 3398
102 35 3494
102 36 3670
102 37 3702
102 38 3798
102 39 3894
102 40 4118
102 41 4118
102 42 4246
102 43 4310
102 44 4502
102 45 4502
102 46 4630
102 47 4694
102 48 4902
102 49 4902
102 50 5030
102 51 5094
102 52 5302
102 53 5302
102 54 5430
102 55 5494
102 56 5718
102 57 5718
102 58 5846
102 59 5910
102 60 6102
102 61 6102
102 62 6230
102 63 6294
102 64 6534
102 65 6630
102 66 6726
102 67 6822
102 68 6934
102 69 7030
102 70 7126
102 71 7222
102 72 7382
102 73 7446
102 74 7574
102 75 7638
102 76 7766
102 77 7830
102 78 7958
102 79 8022
102 80 8166
102 81 8166
102 82 8294
102 83 8358
102 84 8566
102 85 8566
102 86 8694
102 87 8758
102 88 8982
102 89 8982
102 90 9110
102 91 9174
102 92 9366
102 93 9366
102 94 9494
102 95 9558
102 96 9798
102 97 9830
102 98 9926
102 99 10022
102 100 10198
102 101 10230
102 102 10326
102 103 10422
102 104 10646
102 105 10646
102 106 10774
102 107 10838
102 108 11030
102 109 11030
102 110 11158
102 111 11222
102 112 11430
102 113 11430
102 114 11558
102 115 11622
102 116 11830
102 117 11830
102 118 11958
102 119 12022
102 120 12246
102 121 12246
102 122 12374
102 123 12438
102 124 12630
102 125 12630
102 126 12758
102 127 12822
102 128 13062
102 129 13158
102 130 13382
102 131 13478
102 132 13590
102 133 13686
102 134 13654
102 135 13750
102 136 13910
102 137 13974
102 138 14230
102 139 14294
102 140 14422
102 141 14486
102 142 14486
102 143 14550
102 144 14694
102 145 14694
102 146 14950
102 147 15014
102 148 15222
102 149 15222
102 150 15222
102 151 15286
102 152 15510
102 153 15510
102 154 15766
102 155 15830
102 156 16022
102 157 16022
102 158 16022
102 159 16086
102 160 16326
102 161 16358
102 162 16454
102 163 16550
102 164 16726
102 165 16758
102 166 16854
102 167 16950
102 168 17174
102 169 17174
102 170 17302
102 171 17366
102 172 17558
102 173 17558
102 174 17686
102 175 17750
102 176 17958
102 177 17958
102 178 18086
102 179 18150
102 180 18358
102 181 18358
102 182 18486
102 183 18550
102 184 18774
102 185 18774
102 186 18902
102 187 18966
102 188 19158
102 189 19158
102 190 19286
102 191 19350
102 192 19590
102 193 19686
102 194 19782
102 195 19878
102 196 19990
102 197 20086
102 198 20182
102 199 20278
102 200 20438
102 201 20502
102 202 20630
102 203 20694
102 204 20822
102 205 20886
102 206 21014
102 207 21078
102 208 21222
102 209 21222
102 210 21350
102 211 21414
102 212 21622
102 213 21622
102 214 21750
102 215 21814
102 216 22038
102 217 22038
102 218 22166
102 219 22230
102 220 22422
102 221 22422
102 222 22550
102 223 22614
102 224 22854
102 225 22886
102 226 22982
102 227 23078
102 228 23254
102 229 23286
102 230 23382
102 231 23478
102 232 23702
102 233 23702
102 234 23830
102 235 23894
102 236 24086
102 237 24086
102 238 24214
102 239 24278
102 240 24486
102 241 24486
102 242 24614
102 243 24678
102 244 24886
102 245 24886
102 246 25014
102 247 25078
102 248 25302
102 249 25302
102 250 25430
102 251 25494
102 252 25686
102 253 25686
102 254 25814
102 255 25878
103 0 6
103 1 102
103 2 326
103 3 422
103 4 534
103 5 630
103 6 598
103 7 694
103 8 854
103 9 918
103 10 1174
103 11 1238
103 12 1366
103 13 1430
103 14 1430
103 15 1494
103 16 1654
103 17 1654
103 18 1910
103 19 1974
103 20 2182
103 21 2182
103 22 2182
103 23 2246
103 24 2470
103 25 2470
103 26 2726
103 27 2790
103 28 2982
103 29 2982
103 30 2982
103 31 3046
103 32 3302
103 33 3302
103 34 3430
103 35 3494
103 36 3702
103 37 3702
103 38 3830
103 39 3894
103 40 4118
103 41 4118
103 42 4246
103 43 4310
103 44 4502
103 45 4502
103 46 4630
103 47 4694
103 48 4950
103 49 4982
103 50 5078
103 51 5174
103 52 5350
103 53 5382
103 54 5478
103 55 5574
103 56 5798
103 57 5798
103 58 5926
103 59 5990
103 60 6182
103 61 6182
103 62 6310
103 63 6374
103 64 6598
103 65 6694
103 66 6790
103 67 6886
103 68 6998
103 69 7094
103 70 7190
103 71 7286
103 72 7446
103 73 7510
103 74 7638
103 75 7702
103 76 7830
103 77 7894
103 78 8022
103 79 8086
103 80 8246
103 81 8246
103 82 8374
103 83 8438
103 84 8646
103 85 8646
103 86 8774
103 87 8838
103 88 9062
103 89 9062
103 90 9190
103 91 9254
103 92 9446
103 93 9446
103 94 9574
103 95 9638
103 96 9894
103 97 9894
103 98 10022
103 99 10086
103 100 10294
103 101 10294
103 102 10422
103 103 10486
103 104 10710
103 105 10710
103 106 10838
103 107 10902
103 108 11094
103 109 11094
103 110 11222
103 111 11286
103 112 11478
103 113 11510
103 114 11606
103 115 11702
103 116 11878
103 117 11910
103 118 12006
103 119 12102
103 120 12326
103 121 12326
103 122 12454
103 123 12518
103 124 12710
103 125 12710
103 126 12838
103 127 12902
103 128 13190
103 129 13286
103 130 13382
103 131 13478
103 132 13590
103 133 13686
103 134 13782
103 135 13878
103 136 14038
103 137 14102
103 138 14230
103 139 14294
103 140 14422
103 141 14486
103 142 14614
103 143 14678
103 144 14838
103 145 14838
103 146 14966
103 147 15030
103 148 15238
103 149 15238
103 150 15366
103 151 15430
103 152 15654
103 153 15654
103 154 15782
103 155 15846
103 156 16038
103 157 16038
103 158 16166
103 159 16230
103 160 16486
103 161 16486
103 162 16614
103 163 16678
103 164 16886
103 165 16886
103 166 17014
103 167 17078
103 168 17302
103 169 17302
103 170 17430
103 171 17494
103 172 17686
103 173 17686
103 174 17814
103 175 17878
103 176 18134
103 177 18166
103 178 18262
103 179 18358
103 180 18534
103 181 18566
103 182 18662
103 183 18758
103 184 18982
103 185 18982
103 186 19110
103 187 19174
103 188 19366
103 189 19366
103 190 19494
103 191 19558
103 192 19782
103 193 19878
103 194 19974
103 195 20070
103 196 20182
103 197 20278
103 198 20374
103 199 20470
103 200 20630
103 201 20694
103 202 20822
103 203 20886
103 204 21014
103 205 21078
103 206 21206
103 207 21270
103 208 21430
103 209 21430
103 210 21558
103 211 21622
103 212 21830
103 213 21830
103 214 21958
103 215 22022
103 216 22246
103 217 22246
103 218 22374
103 219 22438
103 220 22630
103 221 22630
103 222 22758
103 223 22822
103 224 22950
103 225 22950
103 226 23078
103 227 23142
103 228 23350
103 229 23350
103 230 23478
103 231 23542
103 232 23766
103 233 23766
103 234 23894
103 235 23958
103 236 24150
103 237 24150
103 238 24278
103 239 24342
103 240 24534
103 241 24566
103 242 24662
103 243 24758
103 244 24934
103 245 24966
103 246 25062
103 247 25158
103 248 25382
103 249 25382
103 250 25510
103 251 25574
103 252 25766
103 253 25766
103 254 25894
103 255 25958
104 0 6
104 1 102
104 2 390
104 3 454
104 4 582
104 5 646
104 6 646
104 7 742
104 8 902
104 9 934
104 10 1222
104 11 1222
104 12 1478
104 13 1478
104 14 1478
104 15 1510
104 16 1670
104 17 1766
104 18 1926
104 19 1990
104 20 2118
104 21 2182
104 22 2310
104 23 2406
104 24 2566
104 25 2598
104 26 2758
104 27 2758
104 28 3014
104 29 3014
104 30 3142
104 31 3174
104 32 3334
104 33 3430
104 34 3718
104 35 3782
104 36 3910
104 37 3974
104 38 3974
104 39 4070
104 40 4230
104 41 4262
104 42 4550
104 43 4550
104 44 4806
104 45 4806
104 46 4806
104 47 4838
104 48 4998
104 49 5094
104 50 5254
104 51 5318
104 52 5446
104 53 5510
104 54 5638
104 55 5734
104 56 5894
104 57 5926
104 58 6086
104 59 6086
104 60 6342
104 61 6342
104 62 6470
104 63 6502
104 64 6662
104 65 6758
104 66 7046
104 67 7110
104 68 7238
104 69 7302
104 70 7302
104 71 7398
104 72 7558
104 73 7590
104 74 7878
104 75 7878
104 76 8134
104 77 8134
104 78 8134
104 79 8166
104 80 8326
104 81 8422
104 82 8582
104 83 8646
104 84 8774
104 85 8838
104 86 8966
104 87 9062
104 88 9222
104 89 9254
104 90 9414
104 91 9414
104 92 9670
104 93 9670
104 94 9798
104 95 9830
104 96 9990
104 97 10086
104 98 10374
104 99 10438
104 100 10566
104 101 10630
104 102 10630
104 103 10726
104 104 10886
104 105 10918
104 106 11206
104 107 11206
104 108 11462
104 109 11462
104 110 11462
104 111 11494
104 112 11654
104 113 11750
104 114 11910
104 115 11974
104 116 12102
104 117 12166
104 118 12294
104 119 12390
104 120 12550
104 121 12582
104 122 12742
104 123 12742
104 124 12998
104 125 12998
104 126 13126
104 127 13158
104 128 13318
104 129 13414
104 130 13702
104 131 13766
104 132 13894
104 133 13958
104 134 13958
104 135 14054
104 136 14214
104 137 14246
104 138 14534
104 139 14534
104 140 14790
104 141 14790
104 142 14790
104 143 14822
104 144 14982
104 145 15078
104 146 15238
104 147 15302
104 148 15430
104 149 15494
104 150 15622
104 151 15718
104 152 15878
104 153 15910
104 154 16070
104 155 16070
104 156 16326
104 157 16326
104 158 16454
104 159 16486
104 160 16646
104 161 16742
104 162 17030
104 163 17094
104 164 17222
104 165 17286
104 166 17286
104 167 17382
104 168 17542
104 169 17574
104 170 17862
104 171 17862
104 172 18118
104 173 18118
104 174 18118
104 175 18150
104 176 18310
104 177 18406
104 178 18566
104 179 18630
104 180 18758
104 181 18822
104 182 18950
104 183 19046
104 184 19206
104 185 19238
104 186 19398
104 187 19398
104 188 19654
104 189 19654
104 190 19782
104 191 19814
104 192 19974
104 193 20070
104 194 20358
104 195 20422
104 196 20550
104 197 20614
104 198 20614
104 199 20710
104 200 20870
104 201 20902
104 202 21190
104 203 21190
104 204 21446
104 205 21446
104 206 21446
104 207 21478
104 208 21638
104 209 21734
104 210 21894
104 211 21958
104 212 22086
104 213 22150
104 214 22278
104 215 22374
104 216 22534
104 217 22566
104 218 22726
104 219 22726
104 220 22982
104 221 22982
104 222 23110
104 223 23142
104 224 23302
104 225 23398
104 226 23686
104 227 23750
104 228 23878
104 229 23942
104 230 23942
104 231 24038
104 232 24198
104 233 24230
104 234 24518
104 235 24518
104 236 24774
104 237 24774
104 238 24774
104 239 24806
104 240 24966
104 241 25062
104 242 25222
104 243 25286
104 244 25414
104 245 25478
104 246 25606
104 247 25702
104 248 25862
104 249 25894
104 250 26054
104 251 26054
104 252 26310
104 253 26310
104 254 26438
104 255 26470
105 0 6
105 1 102
105 2 390
105 3 454
105 4 582
105 5 646
105 6 646
105 7 742
105 8 902
105 9 934
105 10 1222
105 11 1222
105 12 1478
105 13 1478
105 14 1478
105 15 1510
105 16 1686
105 17 1782
105 18 1942
105 19 2006
105 20 2134
105 21 2198
105 22 2326
105 23 2422
105 24 2582
105 25 2614
105 26 2774
105 27 2774
105 28 3030
105 29 3030
105 30 3158
105 31 3190
105 32 3366
105 33 3430
105 34 3718
105 35 3782
105 36 3910
105 37 3974
105 38 4006
105 39 4070
105 40 4262
105 41 4262
105 42 4550
105 43 4550
105 44 4806
105 45 4806
105 46 4838
105 47 4838
105 48 5046
105 49 5110
105 50 5270
105 51 5334
105 52 5462
105 53 5526
105 54 5686
105 55 5750
105 56 5942
105 57 5942
105 58 6102
105 59 6102
105 60 6358
105 61 6358
105 62 6518
105 63 6518
105 64 6726
105 65 6822
105 66 7110
105 67 7174
105 68 7302
105 69 7366
105 70 7366
105 71 7462
105 72 7622
105 73 7654
105 74 7942
105 75 7942
105 76 8198
105 77 8198
105 78 8198
105 79 8230
105 80 8406
105 81 8502
105 82 8662
105 83 8726
105 84 8854
105 85 8918
105 86 9046
105 87 9142
105 88 9302
105 89 9334
105 90 9494
105 91 9494
105 92 9750
105 93 9750
105 94 9878
105 95 9910
105 96 10086
105 97 10150
105 98 10438
105 99 10502
105 100 10630
105 101 10694
105 102 10726
105 103 10790
105 104 10982
105 105 10982
105 106 11270
105 107 11270
105 108 11526
105 109 11526
105 110 11558
105 111 11558
105 112 11766
105 113 11830
105 114 11990
105 115 12054
105 116 12182
105 117 12246
105 118 12406
105 119 12470
105 120 12662
105 121 12662
105 122 12822
105 123 12822
105 124 13078
105 125 13078
105 126 13238
105 127 13238
105 128 13446
105 129 13542
105 130 13702
105 131 13766
105 132 13894
105 133 13958
105 134 14086
105 135 14182
105 136 14342
105 137 14374
105 138 14534
105 139 14534
105 140 14790
105 141 14790
105 142 14918
105 143 14950
105 144 15126
105 145 15222
105 146 15382
105 147 15446
105 148 15574
105 149 15638
105 150 15766
105 151 15862
105 152 16022
105 153 16054
105 154 16214
105 155 16214
105 156 16470
105 157 16470
105 158 16598
105 159 16630
105 160 16806
105 161 16870
105 162 17030
105 163 17094
105 164 17222
105 165 17286
105 166 17446
105 167 17510
105 168 17702
105 169 17702
105 170 17862
105 171 17862
105 172 18118
105 173 18118
105 174 18278
105 175 18278
105 176 18486
105 177 18550
105 178 18710
105 179 18774
105 180 18902
105 181 18966
105 182 19126
105 183 19190
105 184 19382
105 185 19382
105 186 19542
105 187 19542
105 188 19798
105 189 19798
105 190 19958
105 191 19958
105 192 20166
105 193 20262
105 194 20422
105 195 20486
105 196 20614
105 197 20678
105 198 20806
105 199 20902
105 200 21062
105 201 21094
105 202 21254
105 203 21254
105 204 21510
105 205 21510
105 206 21638
105 207 21670
105 208 21846
105 209 21942
105 210 22102
105 211 22166
105 212 22294
105 213 22358
105 214 22486
105 215 22582
105 216 22742
105 217 22774
105 218 22934
105 219 22934
105 220 23190
105 221 23190
105 222 23318
105 223 23350
105 224 23526
105 225 23590
105 226 23750
105 227 23814
105 228 23942
105 229 24006
105 230 24166
105 231 24230
105 232 24422
105 233 24422
105 234 24582
105 235 24582
105 236 24838
105 237 24838
105 238 24998
105 239 24998
105 240 25206
105 241 25270
105 242 25430
105 243 25494
105 244 25622
105 245 25686
105 246 25846
105 247 25910
105 248 26102
105 249 26102
105 250 26262
105 251 26262
105 252 26518
105 253 26518
105 254 26678
105 255 26678
106 0 6
106 1 102
106 2 390
106 3 454
106 4 582
106 5 646
106 6 646
106 7 742
106 8 918
106 9 950
106 10 1222
106 11 1222
106 12 1494
106 13 1494
106 14 1478
106 15 1510
106 16 1702
106 17 1766
106 18 1926
106 19 1990
106 20 2118
106 21 2182
106 22 2342
106 23 2406
106 24 2614
106 25 2614
106 26 2758
106 27 2758
106 28 3030
106 29 3030
106 30 3174
106 31 3174
106 32 3398
106 33 3430
106 34 3718
106 35 3782
106 36 3974
106 37 3974
106 38 3974
106 39 4070
106 40 4246
106 41 4278
106 42 4550
106 43 4550
106 44 4822
106 45 4822
106 46 4806
106 47 4838
106 48 5094
106 49 5094
106 50 5254
106 51 5318
106 52 5510
106 53 5510
106 54 5670
106 55 5734
106 56 5942
106 57 5942
106 58 6086
106 59 6086
106 60 6358
106 61 6358
106 62 6502
106 63 6502
106 64 6790
106 65 6886
106 66 7046
106 67 7110
106 68 7238
106 69 7302
106 70 7430
106 71 7526
106 72 7702
106 73 7734
106 74 7878
106 75 7878
106 76 8150
106 77 8150
106 78 8262
106 79 8294
106 80 8486
106 81 8550
106 82 8710
106 83 8774
106 84 8902
106 85 8966
106 86 9126
106 87 9190
106 88 9398
106 89 9398
106 90 9542
106 91 9542
106 92 9814
106 93 9814
106 94 9958
106 95 9958
106 96 10182
106 97 10214
106 98 10374
106 99 10438
106 100 10630
106 101 10630
106 102 10758
106 103 10854
106 104 11030
106 105 11062
106 106 11206
106 107 11206
106 108 11478
106 109 11478
106 110 11590
106 111 11622
106 112 11878
106 113 11878
106 114 12038
106 115 12102
106 116 12294
106 117 12294
106 118 12454
106 119 12518
106 120 12726
106 121 12726
106 122 12870
106 123 12870
106 124 13142
106 125 13142
106 126 13286
106 127 13286
106 128 13574
106 129 13670
106 130 13958
106 131 14022
106 132 14150
106 133 14214
106 134 14214
106 135 14310
106 136 14486
106 137 14518
106 138 14790
106 139 14790
106 140 15062
106 141 15062
106 142 15046
106 143 15078
106 144 15270
106 145 15334
106 146 15494
106 147 15558
106 148 15686
106 149 15750
106 150 15910
106 151 15974
106 152 16182
106 153 16182
106 154 16326
106 155 16326
106 156 16598
106 157 16598
106 158 16742
106 159 16742
106 160 16966
106 161 16998
106 162 17286
106 163 17350
106 164 17542
106 165 17542
106 166 17542
106 167 17638
106 168 17814
106 169 17846
106 170 18118
106 171 18118
106 172 18390
106 173 18390
106 174 18374
106 175 18406
106 176 18662
106 177 18662
106 178 18822
106 179 18886
106 180 19078
106 181 19078
106 182 19238
106 183 19302
106 184 19510
106 185 19510
106 186 19654
106 187 19654
106 188 19926
106 189 19926
106 190 20070
106 191 20070
106 192 20358
106 193 20454
106 194 20614
106 195 20678
106 196 20806
106 197 20870
106 198 20998
106 199 21094
106 200 21270
106 201 21302
106 202 21446
106 203 21446
106 204 21718
106 205 21718
106 206 21830
106 207 21862
106 208 22054
106 209 22118
106 210 22278
106 211 22342
106 212 22470
106 213 22534
106 214 22694
106 215 22758
106 216 22966
106 217 22966
106 218 23110
106 219 23110
106 220 23382
106 221 23382
106 222 23526
106 223 23526
106 224 23750
106 225 23782
106 226 23942
106 227 24006
106 228 24198
106 229 24198
106 230 24326
106 231 24422
106 232 24598
106 233 24630
106 234 24774
106 235 24774
106 236 25046
106 237 25046
106 238 25158
106 239 25190
106 240 25446
106 241 25446
106 242 25606
106 243 25670
106 244 25862
106 245 25862
106 246 26022
106 247 26086
106 248 26294
106 249 26294
106 250 26438
106 251 26438
106 252 26710
106 253 26710
106 254 26854
106 255 26854
107 0 6
107 1 102
107 2 390
107 3 454
107 4 582
107 5 646
107 6 646
107 7 742
107 8 918
107 9 950
107 10 1222
107 11 1222
107 12 1494
107 13 1494
107 14 1478
107 15 1510
107 16 1718
107 17 1782
107 18 1942
107 19 2006
107 20 2134
107 21 2198
107 22 2358
107 23 2422
107 24 2630
107 25 2630
107 26 2774
107 27 2774
107 28 3046
107 29 3046
107 30 3190
107 31 3190
107 32 3430
107 33 3430
107 34 3718
107 35 3782
107 36 3974
107 37 3974
107 38 4006
107 39 4070
107 40 4278
107 41 4278
107 42 4550
107 43 4550
107 44 4822
107 45 4822
107 46 4838
107 47 4838
107 48 5142
107 49 5174
107 50 5334
107 51 5398
107 52 5590
107 53 5590
107 54 5718
107 55 5814
107 56 5990
107 57 6022
107 58 6166
107 59 6166
107 60 6438
107 61 6438
107 62 6550
107 63 6582
107 64 6854
107 65 6950
107 66 7110
107 67 7174
107 68 7302
107 69 7366
107 70 7494
107 71 7590
107 72 7766
107 73 7798
107 74 7942
107 75 7942
107 76 8214
107 77 8214
107 78 8326
107 79 8358
107 80 8566
107 81 8630
107 82 8790
107 83 8854
107 84 8982
107 85 9046
107 86 9206
107 87 9270
107 88 9478
107 89 9478
107 90 9622
107 91 9622
107 92 9894
107 93 9894
107 94 10038
107 95 10038
107 96 10278
107 97 10278
107 98 10438
107 99 10502
107 100 10694
107 101 10694
107 102 10854
107 103 10918
107 104 11126
107 105 11126
107 106 11270
107 107 11270
107 108 11542
107 109 11542
107 110 11686
107 111 11686
107 112 11990
107 113 12022
107 114 12182
107 115 12246
107 116 12438
107 117 12438
107 118 12566
107 119 12662
107 120 12838
107 121 12870
107 122 13014
107 123 13014
107 124 13286
107 125 13286
107 126 13398
107 127 13430
107 128 13702
107 129 13798
107 130 13958
107 131 14022
107 132 14150
107 133 14214
107 134 14342
107 135 14438
107 136 14614
107 137 14646
107 138 14790
107 139 14790
107 140 15062
107 141 15062
107 142 15174
107 143 15206
107 144 15414
107 145 15478
107 146 15638
107 147 15702
107 148 15830
107 149 15894
107 150 16054
107 151 16118
107 152 16326
107 153 16326
107 154 16470
107 155 16470
107 156 16742
107 157 16742
107 158 16886
107 159 16886
107 160 17126
107 161 17126
107 162 17286
107 163 17350
107 164 17542
107 165 17542
107 166 17702
107 167 17766
107 168 17974
107 169 17974
107 170 18118
107 171 18118
107 172 18390
107 173 18390
107 174 18534
107 175 18534
107 176 18838
107 177 18870
107 178 19030
107 179 19094
107 180 19286
107 181 19286
107 182 19414
107 183 19510
107 184 19686
107 185 19718
107 186 19862
107 187 19862
107 188 20134
107 189 20134
107 190 20246
107 191 20278
107 192 20550
107 193 20646
107 194 20806
107 195 20870
107 196 20998
107 197 21062
107 198 21190
107 199 21286
107 200 21462
107 201 21494
107 202 21638
107 203 21638
107 204 21910
107 205 21910
107 206 22022
107 207 22054
107 208 22134
107 209 22198
107 210 22358
107 211 22422
107 212 22550
107 213 22614
107 214 22774
107 215 22838
107 216 23046
107 217 23046
107 218 23190
107 219 23190
107 220 23462
107 221 23462
107 222 23606
107 223 23606
107 224 23974
107 225 23974
107 226 24134
107 227 24198
107 228 24390
107 229 24390
107 230 24550
107 231 24614
107 232 24822
107 233 24822
107 234 24966
107 235 24966
107 236 25238
107 237 25238
107 238 25382
107 239 25382
107 240 25558
107 241 25590
107 242 25750
107 243 25814
107 244 26006
107 245 26006
107 246 26134
107 247 26230
107 248 26406
107 249 26438
107 250 26582
107 251 26582
107 252 26854
107 253 26854
107 254 26966
107 255 26998
108 0 6
108 1 102
108 2 390
108 3 454
108 4 598
108 5 662
108 6 646
108 7 742
108 8 966
108 9 966
108 10 1222
108 11 1254
108 12 1494
108 13 1494
108 14 1510
108 15 1510
108 16 1734
108 17 1766
108 18 1926
108 19 1990
108 20 2198
108 21 2198
108 22 2310
108 23 2406
108 24 2630
108 25 2630
108 26 2758
108 27 2790
108 28 3030
108 29 3030
108 30 3174
108 31 3174
108 32 3462
108 33 3558
108 34 3718
108 35 3782
108 36 3926
108 37 3990
108 38 4102
108 39 4198
108 40 4422
108 41 4422
108 42 4550
108 43 4582
108 44 4822
108 45 4822
108 46 4966
108 47 4966
108 48 5190
108 49 5222
108 50 5382
108 51 5446
108 52 5654
108 53 5654
108 54 5766
108 55 5862
108 56 6086
108 57 6086
108 58 6214
108 59 6246
108 60 6486
108 61 6486
108 62 6630
108 63 6630
108 64 6918
108 65 7014
108 66 7302
108 67 7366
108 68 7510
108 69 7574
108 70 7558
108 71 7654
108 72 7878
108 73 7878
108 74 8134
108 75 8166
108 76 8406
108 77 8406
108 78 8422
108 79 8422
108 80 8646
108 81 8678
108 82 8838
108 83 8902
108 84 9110
108 85 9110
108 86 9222
108 87 9318
108 88 9542
108 89 9542
108 90 9670
108 91 9702
108 92 9942
108 93 9942
108 94 10086
108 95 10086
108 96 10374
108 97 10470
108 98 10630
108 99 10694
108 100 10838
108 101 10902
108 102 11014
108 103 11110
108 104 11334
108 105 11334
108 106 11462
108 107 11494
108 108 11734
108 109 11734
108 110 11878
108 111 11878
108 112 12102
108 113 12134
108 114 12294
108 115 12358
108 116 12566
108 117 12566
108 118 12678
108 119 12774
108 120 12998
108 121 12998
108 122 13126
108 123 13158
108 124 13398
108 125 13398
108 126 13542
108 127 13542
108 128 13830
108 129 13926
108 130 14214
108 131 14278
108 132 14422
108 133 14486
108 134 14470
108 135 14566
108 136 14790
108 137 14790
108 138 15046
108 139 15078
108 140 15318
108 141 15318
108 142 15334
108 143 15334
108 144 15558
108 145 15590
108 146 15750
108 147 15814
108 148 16022
108 149 16022
108 150 16134
108 151 16230
108 152 16454
108 153 16454
108 154 16582
108 155 16614
108 156 16854
108 157 16854
108 158 16998
108 159 16998
108 160 17286
108 161 17382
108 162 17542
108 163 17606
108 164 17750
108 165 17814
108 166 17926
108 167 18022
108 168 18246
108 169 18246
108 170 18374
108 171 18406
108 172 18646
108 173 18646
108 174 18790
108 175 18790
108 176 19014
108 177 19046
108 178 19206
108 179 19270
108 180 19478
108 181 19478
108 182 19590
108 183 19686
108 184 19910
108 185 19910
108 186 20038
108 187 20070
108 188 20310
108 189 20310
108 190 20454
108 191 20454
108 192 20742
108 193 20838
108 194 21126
108 195 21190
108 196 21334
108 197 21398
108 198 21382
108 199 21478
108 200 21702
108 201 21702
108 202 21958
108 203 21990
108 204 22230
108 205 22230
108 206 22246
108 207 22246
108 208 22470
108 209 22502
108 210 22662
108 211 22726
108 212 22934
108 213 22934
108 214 23046
108 215 23142
108 216 23366
108 217 23366
108 218 23494
108 219 23526
108 220 23766
108 221 23766
108 222 23910
108 223 23910
108 224 24198
108 225 24294
108 226 24454
108 227 24518
108 228 24662
108 229 24726
108 230 24838
108 231 24934
108 232 25158
108 233 25158
108 234 25286
108 235 25318
108 236 25558
108 237 25558
108 238 25702
108 239 25702
108 240 25926
108 241 25958
108 242 26118
108 243 26182
108 244 26390
108 245 26390
108 246 26502
108 247 26598
108 248 26822
108 249 26822
108 250 26950
108 251 26982
108 252 27222
108 253 27222
108 254 27366
108 255 27366
109 0 6
109 1 102
109 2 390
109 3 454
109 4 598
109 5 662
109 6 646
109 7 742
109 8 966
109 9 966
109 10 1222
109 11 1254
109 12 1494
109 13 1494
109 14 1510
109 15 1510
109 16 1750
109 17 1782
109 18 1942
109 19 2006
109 20 2214
109 21 2214
109 22 2326
109 23 2422
109 24 2646
109 25 2646
109 26 2774
109 27 2806
109 28 3046
109 29 3046
109 30 3190
109 31 3190
109 32 3494
109 33 3558
109 34 3718
109 35 3782
109 36 3926
109 37 3990
109 38 4134
109 39 4198
109 40 4422
109 41 4422
109 42 4582
109 43 4582
109 44 4822
109 45 4822
109 46 4966
109 47 4966
109 48 5238
109 49 5238
109 50 5398
109 51 5462
109 52 5670
109 53 5670
109 54 5814
109 55 5878
109 56 6102
109 57 6102
109 58 6262
109 59 6262
109 60 6502
109 61 6502
109 62 6646
109 63 6646
109 64 6982
109 65 7078
109 66 7366
109 67 7430
109 68 7574
109 69 7638
109 70 7622
109 71 7718
109 72 7942
109 73 7942
109 74 8198
109 75 8230
109 76 8470
109 77 8470
109 78 8486
109 79 8486
109 80 8726
109 81 8758
109 82 8918
109 83 8982
109 84 9190
109 85 9190
109 86 9302
109 87 9398
109 88 9622
109 89 9622
109 90 9750
109 91 9782
109 92 10022
109 93 10022
109 94 10166
109 95 10166
109 96 10470
109 97 10534
109 98 10694
109 99 10758
109 100 10902
109 101 10966
109 102 11110
109 103 11174
109 104 11398
109 105 11398
109 106 11558
109 107 11558
109 108 11798
109 109 11798
109 110 11942
109 111 11942
109 112 12214
109 113 12214
109 114 12374
109 115 12438
109 116 12646
109 117 12646
109 118 12790
109 119 12854
109 120 13078
109 121 13078
109 122 13238
109 123 13238
109 124 13478
109 125 13478
109 126 13622
109 127 13622
109 128 13958
109 129 14054
109 130 14214
109 131 14278
109 132 14422
109 133 14486
109 134 14598
109 135 14694
109 136 14918
109 137 14918
109 138 15046
109 139 15078
109 140 15318
109 141 15318
109 142 15462
109 143 15462
109 144 15702
109 145 15734
109 146 15894
109 147 15958
109 148 16166
109 149 16166
109 150 16278
109 151 16374
109 152 16598
109 153 16598
109 154 16726
109 155 16758
109 156 16998
109 157 16998
109 158 17142
109 159 17142
109 160 17446
109 161 17510
109 162 17670
109 163 17734
109 164 17878
109 165 17942
109 166 18086
109 167 18150
109 168 18374
109 169 18374
109 170 18534
109 171 18534
109 172 18774
109 173 18774
109 174 18918
109 175 18918
109 176 19062
109 177 19062
109 178 19222
109 179 19286
109 180 19494
109 181 19494
109 182 19638
109 183 19702
109 184 19926
109 185 19926
109 186 20086
109 187 20086
109 188 20326
109 189 20326
109 190 20470
109 191 20470
109 192 20934
109 193 21030
109 194 21190
109 195 21254
109 196 21398
109 197 21462
109 198 21574
109 199 21670
109 200 21894
109 201 21894
109 202 22022
109 203 22054
109 204 22294
109 205 22294
109 206 22438
109 207 22438
109 208 22678
109 209 22710
109 210 22870
109 211 22934
109 212 23142
109 213 23142
109 214 23254
109 215 23350
109 216 23574
109 217 23574
109 218 23702
109 219 23734
109 220 23974
109 221 23974
109 222 24118
109 223 24118
109 224 24422
109 225 24486
109 226 24646
109 227 24710
109 228 24854
109 229 24918
109 230 25062
109 231 25126
109 232 25350
109 233 25350
109 234 25510
109 235 25510
109 236 25750
109 237 25750
109 238 25894
109 239 25894
109 240 26038
109 241 26038
109 242 26198
109 243 26262
109 244 26470
109 245 26470
109 246 26614
109 247 26678
109 248 26902
109 249 26902
109 250 27062
109 251 27062
109 252 27302
109 253 27302
109 254 27446
109 255 27446
110 0 6
110 1 102
110 2 390
110 3 454
110 4 598
110 5 662
110 6 646
110 7 742
110 8 982
110 9 982
110 10 1222
110 11 1254
110 12 1494
110 13 1494
110 14 1510
110 15 1510
110 16 1766
110 17 1766
110 18 1926
110 19 1990
110 20 2198
110 21 2198
110 22 2342
110 23 2406
110 24 2646
110 25 2646
110 26 2790
110 27 2790
110 28 3030
110 29 3030
110 30 3174
110 31 3174
110 32 3526
110 33 3558
110 34 3718
110 35 3782
110 36 3990
110 37 3990
110 38 4102
110 39 4198
110 40 4438
110 41 4438
110 42 4550
110 43 4582
110 44 4822
110 45 4822
110 46 4966
110 47 4966
110 48 5286
110 49 5286
110 50 5446
110 51 5510
110 52 5718
110 53 5718
110 54 5862
110 55 5926
110 56 6166
110 57 6166
110 58 6310
110 59 6310
110 60 6550
110 61 6550
110 62 6694
110 63 6694
110 64 7046
110 65 7142
110 66 7302
110 67 7366
110 68 7510
110 69 7574
110 70 7686
110 71 7782
110 72 8022
110 73 8022
110 74 8134
110 75 8166
110 76 8406
110 77 8406
110 78 8550
110 79 8550
110 80 8806
110 81 8806
110 82 8966
110 83 9030
110 84 9238
110 85 9238
110 86 9382
110 87 9446
110 88 9686
110 89 9686
110 90 9830
110 91 9830
110 92 10070
110 93 10070
110 94 10214
110 95 10214
110 96 10566
110 97 10598
110 98 10758
110 99 10822
110 100 11030
110 101 11030
110 102 11142
110 103 11238
110 104 11478
110 105 11478
110 106 11590
110 107 11622
110 108 11862
110 109 11862
110 110 12006
110 111 12006
110 112 12198
110 113 12198
110 114 12358
110 115 12422
110 116 12630
110 117 12630
110 118 12774
110 119 12838
110 120 13078
110 121 13078
110 122 13222
110 123 13222
110 124 13462
110 125 13462
110 126 13606
110 127 13606
110 128 14086
110 129 14182
110 130 14470
110 131 14534
110 132 14678
110 133 14742
110 134 14726
110 135 14822
110 136 15062
110 137 15062
110 138 15302
110 139 15334
110 140 15574
110 141 15574
110 142 15590
110 143 15590
110 144 15846
110 145 15846
110 146 16006
110 147 16070
110 148 16278
110 149 16278
110 150 16422
110 151 16486
110 152 16726
110 153 16726
110 154 16870
110 155 16870
110 156 17110
110 157 17110
110 158 17254
110 159 17254
110 160 17606
110 161 17638
110 162 17798
110 163 17862
110 164 18070
110 165 18070
110 166 18182
110 167 18278
110 168 18518
110 169 18518
110 170 18630
110 171 18662
110 172 18902
110 173 18902
110 174 19046
110 175 19046
110 176 19366
110 177 19366
110 178 19526
110 179 19590
110 180 19798
110 181 19798
110 182 19942
110 183 20006
110 184 20246
110 185 20246
110 186 20390
110 187 20390
110 188 20630
110 189 20630
110 190 20774
110 191 20774
110 192 21126
110 193 21222
110 194 21382
110 195 21446
110 196 21590
110 197 21654
110 198 21766
110 199 21862
110 200 22102
110 201 22102
110 202 22214
110 203 22246
110 204 22486
110 205 22486
110 206 22630
110 207 22630
110 208 22886
110 209 22886
110 210 23046
110 211 23110
110 212 23318
110 213 23318
110 214 23462
110 215 23526
110 216 23766
110 217 23766
110 218 23910
110 219 23910
110 220 24150
110 221 24150
110 222 24294
110 223 24294
110 224 24646
110 225 24678
110 226 24838
110 227 24902
110 228 25110
110 229 25110
110 230 25222
110 231 25318
110 232 25558
110 233 25558
110 234 25670
110 235 25702
110 236 25942
110 237 25942
110 238 26086
110 239 26086
110 240 26278
110 241 26278
110 242 26438
110 243 26502
110 244 26710
110 245 26710
110 246 26854
110 247 26918
110 248 27158
110 249 27158
110 250 27302
110 251 27302
110 252 27542
110 253 27542
110 254 27686
110 255 27686
111 0 6
111 1 102
111 2 390
111 3 454
111 4 598
111 5 662
111 6 646
111 7 742
111 8 982
111 9 982
111 10 1222
111 11 1254
111 12 1494
111 13 1494
111 14 1510
111 15 1510
111 16 1782
111 17 1782
111 18 1942
111 19 2006
111 20 2214
111 21 2214
111 22 2358
111 23 2422
111 24 2662
111 25 2662
111 26 2806
111 27 2806
111 28 3046
111 29 3046
111 30 3190
111 31 3190
111 32 3558
111 33 3558
111 34 3718
111 35 3782
111 36 3990
111 37 3990
111 38 4134
111 39 4198
111 40 4438
111 41 4438
111 42 4582
111 43 4582
111 44 4822
111 45 4822
111 46 4966
111 47 4966
111 48 5334
111 49 5366
111 50 5526
111 51 5590
111 52 5798
111 53 5798
111 54 5910
111 55 6006
111 56 6246
111 57 6246
111 58 6358
111 59 6390
111 60 6630
111 61 6630
111 62 6774
111 63 6774
111 64 7110
111 65 7206
111 66 7366
111 67 7430
111 68 7574
111 69 7638
111 70 7750
111 71 7846
111 72 8086
111 73 8086
111 74 8198
111 75 8230
111 76 8470
111 77 8470
111 78 8614
111 79 8614
111 80 8886
111 81 8886
111 82 9046
111 83 9110
111 84 9318
111 85 9318
111 86 9462
111 87 9526
111 88 9766
111 89 9766
111 90 9910
111 91 9910
111 92 10150
111 93 10150
111 94 10294
111 95 10294
111 96 10662
111 97 10662
111 98 10822
111 99 10886
111 100 11094
111 101 11094
111 102 11238
111 103 11302
111 104 11542
111 105 11542
111 106 11686
111 107 11686
111 108 11926
111 109 11926
111 110 12070
111 111 12070
111 112 12246
111 113 12278
111 114 12438
111 115 12502
111 116 12710
111 117 12710
111 118 12822
111 119 12918
111 120 13158
111 121 13158
111 122 13270
111 123 13302
111 124 13542
111 125 13542
111 126 13686
111 127 13686
111 128 14214
111 129 14310
111 130 14470
111 131 14534
111 132 14678
111 133 14742
111 134 14854
111 135 14950
111 136 15190
111 137 15190
111 138 15302
111 139 15334
111 140 15574
111 141 15574
111 142 15718
111 143 15718
111 144 15990
111 145 15990
111 146 16150
111 147 16214
111 148 16422
111 149 16422
111 150 16566
111 151 16630
111 152 16870
111 153 16870
111 154 17014
111 155 17014
111 156 17254
111 157 17254
111 158 17398
111 159 17398
111 160 17766
111 161 17766
111 162 17926
111 163 17990
111 164 18198
111 165 18198
111 166 18342
111 167 18406
111 168 18646
111 169 18646
111 170 18790
111 171 18790
111 172 19030
111 173 19030
111 174 19174
111 175 19174
111 176 19414
111 177 19446
111 178 19606
111 179 19670
111 180 19878
111 181 19878
111 182 19990
111 183 20086
111 184 20326
111 185 20326
111 186 20438
111 187 20470
111 188 20710
111 189 20710
111 190 20854
111 191 20854
111 192 21318
111 193 21414
111 194 21574
111 195 21638
111 196 21782
111 197 21846
111 198 21958
111 199 22054
111 200 22294
111 201 22294
111 202 22406
111 203 22438
111 204 22678
111 205 22678
111 206 22822
111 207 22822
111 208 22966
111 209 22966
111 210 23126
111 211 23190
111 212 23398
111 213 23398
111 214 23542
111 215 23606
111 216 23846
111 217 23846
111 218 23990
111 219 23990
111 220 24230
111 221 24230
111 222 24374
111 223 24374
111 224 24742
111 225 24742
111 226 24902
111 227 24966
111 228 25174
111 229 25174
111 230 25318
111 231 25382
111 232 25622
111 233 25622
111 234 25766
111 235 25766
111 236 26006
111 237 26006
111 238 26150
111 239 26150
111 240 26326
111 241 26358
111 242 26518
111 243 26582
111 244 26790
111 245 26790
111 246 26902
111 247 26998
111 248 27238
111 249 27238
111 250 27350
111 251 27382
111 252 27622
111 253 27622
111 254 27766
111 255 27766
112 0 6
112 1 134
112 2 358
112 3 486
112 4 646
112 5 710
112 6 678
112 7 742
112 8 1030
112 9 1158
112 10 1126
112 11 1254
112 12 1414
112 13 1478
112 14 1446
112 15 1510
112 16 1798
112 17 1926
112 18 2150
112 19 2278
112 20 2438
112 21 2502
112 22 2470
112 23 2534
112 24 2822
112 25 2950
112 26 2918
112 27 3046
112 28 3206
112 29 3270
112 30 3238
112 31 3302
112 32 3590
112 33 3718
112 34 3942
112 35 4070
112 36 4230
112 37 4294
112 38 4262
112 39 4326
112 40 4614
112 41 4742
112 42 4710
112 43 4838
112 44 4998
112 45 5062
112 46 5030
112 47 5094
112 48 5382
112 49 5510
112 50 5734
112 51 5862
112 52 6022
112 53 6086
112 54 6054
112 55 6118
112 56 6406
112 57 6534
112 58 6502
112 59 6630
112 60 6790
112 61 6854
112 62 6822
112 63 6886
112 64 7174
112 65 7302
112 66 7526
112 67 7654
112 68 7814
112 69 7878
112 70 7846
112 71 7910
112 72 8198
112 73 8326
112 74 8294
112 75 8422
112 76 8582
112 77 8646
112 78 8614
112 79 8678
112 80 8966
112 81 9094
112 82 9318
112 83 9446
112 84 9606
112 85 9670
112 86 9638
112 87 9702
112 88 9990
112 89 10118
112 90 10086
112 91 10214
112 92 10374
112 93 10438
112 94 10406
112 95 10470
112 96 10758
112 97 10886
112 98 11110
112 99 11238
112 100 11398
112 101 11462
112 102 11430
112 103 11494
112 104 11782
112 105 11910
112 106 11878
112 107 12006
112 108 12166
112 109 12230
112 110 12198
112 111 12262
112 112 12550
112 113 12678
112 114 12902
112 115 13030
112 116 13190
112 117 13254
112 118 13222
112 119 13286
112 120 13574
112 121 13702
112 122 13670
112 123 13798
112 124 13958
112 125 14022
112 126 13990
112 127 14054
112 128 14342
112 129 14470
112 130 14694
112 131 14822
112 132 14982
112 133 15046
112 134 15014
112 135 15078
112 136 15366
112 137 15494
112 138 15462
112 139 15590
112 140 15750
112 141 15814
112 142 15782
112 143 15846
112 144 16134
112 145 16262
112 146 16486
112 147 16614
112 148 16774
112 149 16838
112 150 16806
112 151 16870
112 152 17158
112 153 17286
112 154 17254
112 155 17382
112 156 17542
112 157 17606
112 158 17574
112 159 17638
112 160 17926
112 161 18054
112 162 18278
112 163 18406
112 164 18566
112 165 18630
112 166 18598
112 167 18662
112 168 18950
112 169 19078
112 170 19046
112 171 19174
112 172 19334
112 173 19398
112 174 19366
112 175 19430
112 176 19718
112 177 19846
112 178 20070
112 179 20198
112 180 20358
112 181 20422
112 182 20390
112 183 20454
112 184 20742
112 185 20870
112 186 20838
112 187 20966
112 188 21126
112 189 21190
112 190 21158
112 191 21222
112 192 21510
112 193 21638
112 194 21862
112 195 21990
112 196 22150
112 197 22214
112 198 22182
112 199 22246
112 200 22534
112 201 22662
112 202 22630
112 203 22758
112 204 22918
112 205 22982
112 206 22950
112 207 23014
112 208 23302
112 209 23430
112 210 23654
112 211 23782
112 212 23942
112 213 24006
112 214 23974
112 215 24038
112 216 24326
112 217 24454
112 218 24422
112 219 24550
112 220 24710
112 221 24774
112 222 24742
112 223 24806
112 224 25094
112 225 25222
112 226 25446
112 227 25574
112 228 25734
112 229 25798
112 230 25766
112 231 25830
112 232 26118
112 233 26246
112 234 26214
112 235 26342
112 236 26502
112 237 26566
112 238 26534
112 239 26598
112 240 26886
112 241 27014
112 242 27238
112 243 27366
112 244 27526
112 245 27590
112 246 27558
112 247 27622
112 248 27910
112 249 28038
112 250 28006
112 251 28134
112 252 28294
112 253 28358
112 254 28326
112 255 28390
113 0 6
113 1 134
113 2 358
113 3 486
113 4 646
113 5 710
113 6 678
113 7 742
113 8 1030
113 9 1158
113 10 1126
113 11 1254
113 12 1414
113 13 1478
113 14 1446
113 15 1510
113 16 1814
113 17 1942
113 18 2166
113 19 2294
113 20 2454
113 21 2518
113 22 2486
113 23 2550
113 24 2838
113 25 2966
113 26 2934
113 27 3062
113 28 3222
113 29 3286
113 30 3254
113 31 3318
113 32 3622
113 33 3718
113 34 3942
113 35 4070
113 36 4262
113 37 4294
113 38 4262
113 39 4326
113 40 4646
113 41 4742
113 42 4710
113 43 4838
113 44 5030
113 45 5062
113 46 5030
113 47 5094
113 48 5430
113 49 5526
113 50 5750
113 51 5878
113 52 6070
113 53 6102
113 54 6070
113 55 6134
113 56 6454
113 57 6550
113 58 6518
113 59 6646
113 60 6838
113 61 6870
113 62 6838
113 63 6902
113 64 7238
113 65 7366
113 66 7590
113 67 7718
113 68 7878
113 69 7942
113 70 7910
113 71 7974
113 72 8262
113 73 8390
113 74 8358
113 75 8486
113 76 8646
113 77 8710
113 78 8678
113 79 8742
113 80 9046
113 81 9174
113 82 9398
113 83 9526
113 84 9686
113 85 9750
113 86 9718
113 87 9782
113 88 10070
113 89 10198
113 90 10166
113 91 10294
113 92 10454
113 93 10518
113 94 10486
113 95 10550
113 96 10854
113 97 10950
113 98 11174
113 99 11302
113 100 11494
113 101 11526
113 102 11494
113 103 11558
113 104 11878
113 105 11974
113 106 11942
113 107 12070
113 108 12262
113 109 12294
113 110 12262
113 111 12326
113 112 12662
113 113 12758
113 114 12982
113 115 13110
113 116 13302
113 117 13334
113 118 13302
113 119 13366
113 120 13686
113 121 13782
113 122 13750
113 123 13878
113 124 14070
113 125 14102
113 126 14070
113 127 14134
113 128 14470
113 129 14598
113 130 14694
113 131 14822
113 132 14982
113 133 15046
113 134 15142
113 135 15206
113 136 15366
113 137 15494
113 138 15590
113 139 15718
113 140 15878
113 141 15942
113 142 15910
113 143 15974
113 144 16278
113 145 16406
113 146 16502
113 147 16630
113 148 16790
113 149 16854
113 150 16950
113 151 17014
113 152 17174
113 153 17302
113 154 17398
113 155 17526
113 156 17686
113 157 17750
113 158 17718
113 159 17782
113 160 18086
113 161 18182
113 162 18278
113 163 18406
113 164 18598
113 165 18630
113 166 18726
113 167 18790
113 168 18982
113 169 19078
113 170 19174
113 171 19302
113 172 19494
113 173 19526
113 174 19494
113 175 19558
113 176 19894
113 177 19990
113 178 20086
113 179 20214
113 180 20406
113 181 20438
113 182 20534
113 183 20598
113 184 20790
113 185 20886
113 186 20982
113 187 21110
113 188 21302
113 189 21334
113 190 21302
113 191 21366
113 192 21702
113 193 21830
113 194 21926
113 195 22054
113 196 22214
113 197 22278
113 198 22374
113 199 22438
113 200 22598
113 201 22726
113 202 22822
113 203 22950
113 204 23110
113 205 23174
113 206 23142
113 207 23206
113 208 23510
113 209 23638
113 210 23734
113 211 23862
113 212 24022
113 213 24086
113 214 24182
113 215 24246
113 216 24406
113 217 24534
113 218 24630
113 219 24758
113 220 24918
113 221 24982
113 222 24950
113 223 25014
113 224 25318
113 225 25414
113 226 25510
113 227 25638
113 228 25830
113 229 25862
113 230 25958
113 231 26022
113 232 26214
113 233 26310
113 234 26406
113 235 26534
113 236 26726
113 237 26758
113 238 26726
113 239 26790
113 240 27126
113 241 27222
113 242 27318
113 243 27446
113 244 27638
113 245 27670
113 246 27766
113 247 27830
113 248 28022
113 249 28118
113 250 28214
113 251 28342
113 252 28534
113 253 28566
113 254 28534
113 255 28598
114 0 6
114 1 134
114 2 358
114 3 486
114 4 646
114 5 710
114 6 678
114 7 742
114 8 1046
114 9 1158
114 10 1142
114 11 1254
114 12 1430
114 13 1478
114 14 1462
114 15 1510
114 16 1830
114 17 1926
114 18 2150
114 19 2278
114 20 2470
114 21 2502
114 22 2470
114 23 2534
114 24 2870
114 25 2950
114 26 2934
114 27 3046
114 28 3254
114 29 3270
114 30 3254
114 31 3302
114 32 3654
114 33 3718
114 34 3942
114 35 4070
114 36 4230
114 37 4294
114 38 4262
114 39 4326
114 40 4694
114 41 4742
114 42 4726
114 43 4838
114 44 5014
114 45 5062
114 46 5046
114 47 5094
114 48 5478
114 49 5510
114 50 5734
114 51 5862
114 52 6054
114 53 6086
114 54 6054
114 55 6118
114 56 6518
114 57 6534
114 58 6518
114 59 6630
114 60 6838
114 61 6854
114 62 6838
114 63 6886
114 64 7302
114 65 7430
114 66 7526
114 67 7654
114 68 7814
114 69 7878
114 70 7974
114 71 8038
114 72 8214
114 73 8326
114 74 8438
114 75 8550
114 76 8726
114 77 8774
114 78 8758
114 79 8806
114 80 9126
114 81 9222
114 82 9318
114 83 9446
114 84 9638
114 85 9670
114 86 9766
114 87 9830
114 88 10038
114 89 10118
114 90 10230
114 91 10342
114 92 10550
114 93 10566
114 94 10550
114 95 10598
114 96 10950
114 97 11014
114 98 11110
114 99 11238
114 100 11398
114 101 11462
114 102 11558
114 103 11622
114 104 11862
114 105 11910
114 106 12022
114 107 12134
114 108 12310
114 109 12358
114 110 12342
114 111 12390
114 112 12774
114 113 12806
114 114 12902
114 115 13030
114 116 13222
114 117 13254
114 118 13350
114 119 13414
114 120 13686
114 121 13702
114 122 13814
114 123 13926
114 124 14134
114 125 14150
114 126 14134
114 127 14182
114 128 14598
114 129 14726
114 130 14950
114 131 15078
114 132 15238
114 133 15302
114 134 15270
114 135 15334
114 136 15638
114 137 15750
114 138 15734
114 139 15846
114 140 16022
114 141 16070
114 142 16054
114 143 16102
114 144 16422
114 145 16518
114 146 16742
114 147 16870
114 148 17062
114 149 17094
114 150 17062
114 151 17126
114 152 17462
114 153 17542
114 154 17526
114 155 17638
114 156 17846
114 157 17862
114 158 17846
114 159 17894
114 160 18246
114 161 18310
114 162 18534
114 163 18662
114 164 18822
114 165 18886
114 166 18854
114 167 18918
114 168 19286
114 169 19334
114 170 19318
114 171 19430
114 172 19606
114 173 19654
114 174 19638
114 175 19686
114 176 20070
114 177 20102
114 178 20326
114 179 20454
114 180 20646
114 181 20678
114 182 20646
114 183 20710
114 184 21110
114 185 21126
114 186 21110
114 187 21222
114 188 21430
114 189 21446
114 190 21430
114 191 21478
114 192 21894
114 193 22022
114 194 22118
114 195 22246
114 196 22406
114 197 22470
114 198 22566
114 199 22630
114 200 22806
114 201 22918
114 202 23030
114 203 23142
114 204 23318
114 205 23366
114 206 23350
114 207 23398
114 208 23718
114 209 23814
114 210 23910
114 211 24038
114 212 24230
114 213 24262
114 214 24358
114 215 24422
114 216 24630
114 217 24710
114 218 24822
114 219 24934
114 220 25142
114 221 25158
114 222 25142
114 223 25190
114 224 25542
114 225 25606
114 226 25702
114 227 25830
114 228 25990
114 229 26054
114 230 26150
114 231 26214
114 232 26454
114 233 26502
114 234 26614
114 235 26726
114 236 26902
114 237 26950
114 238 26934
114 239 26982
114 240 27366
114 241 27398
114 242 27494
114 243 27622
114 244 27814
114 245 27846
114 246 27942
114 247 28006
114 248 28278
114 249 28294
114 250 28406
114 251 28518
114 252 28726
114 253 28742
114 254 28726
114 255 28774
115 0 6
115 1 134
115 2 358
115 3 486
115 4 646
115 5 710
115 6 678
115 7 742
115 8 1046
115 9 1158
115 10 1142
115 11 1254
115 12 1430
115 13 1478
115 14 1462
115 15 1510
115 16 1846
115 17 1942
115 18 2166
115 19 2294
115 20 2486
115 21 2518
115 22 2486
115 23 2550
115 24 2886
115 25 2966
115 26 2950
115 27 3062
115 28 3270
115 29 3286
115 30 3270
115 31 3318
115 32 3686
115 33 3718
115 34 3942
115 35 4070
115 36 4262
115 37 4294
115 38 4262
115 39 4326
115 40 4726
115 41 4742
115 42 4726
115 43 4838
115 44 5046
115 45 5062
115 46 5046
115 47 5094
115 48 5526
115 49 5590
115 50 5814
115 51 5942
115 52 6102
115 53 6166
115 54 6134
115 55 6198
115 56 6566
115 57 6614
115 58 6598
115 59 6710
115 60 6886
115 61 6934
115 62 6918
115 63 6966
115 64 7366
115 65 7494
115 66 7590
115 67 7718
115 68 7878
115 69 7942
115 70 8038
115 71 8102
115 72 8278
115 73 8390
115 74 8502
115 75 8614
115 76 8790
115 77 8838
115 78 8822
115 79 8870
115 80 9206
115 81 9302
115 82 9398
115 83 9526
115 84 9718
115 85 9750
115 86 9846
115 87 9910
115 88 10118
115 89 10198
115 90 10310
115 91 10422
115 92 10630
115 93 10646
115 94 10630
115 95 10678
115 96 11046
115 97 11078
115 98 11174
115 99 11302
115 100 11494
115 101 11526
115 102 11622
115 103 11686
115 104 11958
115 105 11974
115 106 12086
115 107 12198
115 108 12406
115 109 12422
115 110 12406
115 111 12454
115 112 12886
115 113 12950
115 114 13046
115 115 13174
115 116 13334
115 117 13398
115 118 13494
115 119 13558
115 120 13798
115 121 13846
115 122 13958
115 123 14070
115 124 14246
115 125 14294
115 126 14278
115 127 14326
115 128 14726
115 129 14854
115 130 14950
115 131 15078
115 132 15238
115 133 15302
115 134 15398
115 135 15462
115 136 15638
115 137 15750
115 138 15862
115 139 15974
115 140 16150
115 141 16198
115 142 16182
115 143 16230
115 144 16566
115 145 16662
115 146 16758
115 147 16886
115 148 17078
115 149 17110
115 150 17206
115 151 17270
115 152 17478
115 153 17558
115 154 17670
115 155 17782
115 156 17990
115 157 18006
115 158 17990
115 159 18038
115 160 18406
115 161 18438
115 162 18534
115 163 18662
115 164 18854
115 165 18886
115 166 18982
115 167 19046
115 168 19318
115 169 19334
115 170 19446
115 171 19558
115 172 19766
115 173 19782
115 174 19766
115 175 19814
115 176 20246
115 177 20310
115 178 20406
115 179 20534
115 180 20694
115 181 20758
115 182 20854
115 183 20918
115 184 21158
115 185 21206
115 186 21318
115 187 21430
115 188 21606
115 189 21654
115 190 21638
115 191 21686
115 192 22086
115 193 22214
115 194 22310
115 195 22438
115 196 22598
115 197 22662
115 198 22758
115 199 22822
115 200 22998
115 201 23110
115 202 23222
115 203 23334
115 204 23510
115 205 23558
115 206 23542
115 207 23590
115 208 23926
115 209 24022
115 210 24118
115 211 24246
115 212 24438
115 213 24470
115 214 24566
115 215 24630
115 216 24838
115 217 24918
115 218 25030
115 219 25142
115 220 25350
115 221 25366
115 222 25350
115 223 25398
115 224 25766
115 225 25798
115 226 25894
115 227 26022
115 228 26214
115 229 26246
115 230 26342
115 231 26406
115 232 26678
115 233 26694
115 234 26806
115 235 26918
115 236 27126
115 237 27142
115 238 27126
115 239 27174
115 240 27606
115 241 27670
115 242 27766
115 243 27894
115 244 28054
115 245 28118
115 246 28214
115 247 28278
115 248 28518
115 249 28566
115 250 28678
115 251 28790
115 252 28966
115 253 29014
115 254 28998
115 255 29046
116 0 6
116 1 134
116 2 358
116 3 486
116 4 662
116 5 710
116 6 694
116 7 742
116 8 1094
116 9 1190
116 10 1158
116 11 1254
116 12 1494
116 13 1510
116 14 1494
116 15 1510
116 16 1862
116 17 1926
116 18 2150
116 19 2278
116 20 2454
116 21 2502
116 22 2486
116 23 2534
116 24 2950
116 25 2982
116 26 2950
116 27 3046
116 28 3286
116 29 3302
116 30 3286
116 31 3302
116 32 3718
116 33 3846
116 34 3942
116 35 4070
116 36 4246
116 37 4294
116 38 4406
116 39 4454
116 40 4678
116 41 4774
116 42 4870
116 43 4966
116 44 5206
116 45 5222
116 46 5206
116 47 5222
116 48 5574
116 49 5638
116 50 5734
116 51 5862
116 52 6038
116 53 6086
116 54 6198
116 55 6246
116 56 6534
116 57 6566
116 58 6662
116 59 6758
116 60 6998
116 61 7014
116 62 6998
116 63 7014
116 64 7430
116 65 7558
116 66 7782
116 67 7910
116 68 8086
116 69 8134
116 70 8118
116 71 8166
116 72 8518
116 73 8614
116 74 8582
116 75 8678
116 76 8918
116 77 8934
116 78 8918
116 79 8934
116 80 9286
116 81 9350
116 82 9574
116 83 9702
116 84 9878
116 85 9926
116 86 9910
116 87 9958
116 88 10374
116 89 10406
116 90 10374
116 91 10470
116 92 10710
116 93 10726
116 94 10710
116 95 10726
116 96 11142
116 97 11270
116 98 11366
116 99 11494
116 100 11670
116 101 11718
116 102 11830
116 103 11878
116 104 12102
116 105 12198
116 106 12294
116 107 12390
116 108 12630
116 109 12646
116 110 12630
116 111 12646
116 112 12998
116 113 13062
116 114 13158
116 115 13286
116 116 13462
116 117 13510
116 118 13622
116 119 13670
116 120 13958
116 121 13990
116 122 14086
116 123 14182
116 124 14422
116 125 14438
116 126 14422
116 127 14438
116 128 14854
116 129 14982
116 130 15206
116 131 15334
116 132 15510
116 133 15558
116 134 15542
116 135 15590
116 136 15942
116 137 16038
116 138 16006
116 139 16102
116 140 16342
116 141 16358
116 142 16342
116 143 16358
116 144 16710
116 145 16774
116 146 16998
116 147 17126
116 148 17302
116 149 17350
116 150 17334
116 151 17382
116 152 17798
116 153 17830
116 154 17798
116 155 17894
116 156 18134
116 157 18150
116 158 18134
116 159 18150
116 160 18566
116 161 18694
116 162 18790
116 163 18918
116 164 19094
116 165 19142
116 166 19254
116 167 19302
116 168 19526
116 169 19622
116 170 19718
116 171 19814
116 172 20054
116 173 20070
116 174 20054
116 175 20070
116 176 20422
116 177 20486
116 178 20582
116 179 20710
116 180 20886
116 181 20934
116 182 21046
116 183 21094
116 184 21382
116 185 21414
116 186 21510
116 187 21606
116 188 21846
116 189 21862
116 190 21846
116 191 21862
116 192 22278
116 193 22406
116 194 22630
116 195 22758
116 196 22934
116 197 22982
116 198 22966
116 199 23014
116 200 23366
116 201 23462
116 202 23430
116 203 23526
116 204 23766
116 205 23782
116 206 23766
116 207 23782
116 208 24134
116 209 24198
116 210 24422
116 211 24550
116 212 24726
116 213 24774
116 214 24758
116 215 24806
116 216 25222
116 217 25254
116 218 25222
116 219 25318
116 220 25558
116 221 25574
116 222 25558
116 223 25574
116 224 25990
116 225 26118
116 226 26214
116 227 26342
116 228 26518
116 229 26566
116 230 26678
116 231 26726
116 232 26950
116 233 27046
116 234 27142
116 235 27238
116 236 27478
116 237 27494
116 238 27478
116 239 27494
116 240 27846
116 241 27910
116 242 28006
116 243 28134
116 244 28310
116 245 28358
116 246 28470
116 247 28518
116 248 28806
116 249 28838
116 250 28934
116 251 29030
116 252 29270
116 253 29286
116 254 29270
116 255 29286
117 0 6
117 1 134
117 2 358
117 3 486
117 4 662
117 5 710
117 6 694
117 7 742
117 8 1094
117 9 1190
117 10 1158
117 11 1254
117 12 1494
117 13 1510
117 14 1494
117 15 1510
117 16 1878
117 17 1942
117 18 2166
117 19 2294
117 20 2470
117 21 2518
117 22 2502
117 23 2550
117 24 2966
117 25 2998
117 26 2966
117 27 3062
117 28 3302
117 29 3318
117 30 3302
117 31 3318
117 32 3750
117 33 3846
117 34 3942
117 35 4070
117 36 4278
117 37 4294
117 38 4406
117 39 4454
117 40 4678
117 41 4774
117 42 4870
117 43 4966
117 44 5206
117 45 5222
117 46 5206
117 47 5222
117 48 5622
117 49 5654
117 50 5750
117 51 5878
117 52 6086
117 53 6102
117 54 6214
117 55 6262
117 56 6550
117 57 6582
117 58 6678
117 59 6774
117 60 7014
117 61 7030
117 62 7014
117 63 7030
117 64 7494
117 65 7622
117 66 7846
117 67 7974
117 68 8150
117 69 8198
117 70 8182
117 71 8230
117 72 8582
117 73 8678
117 74 8646
117 75 8742
117 76 8982
117 77 8998
117 78 8982
117 79 8998
117 80 9366
117 81 9430
117 82 9654
117 83 9782
117 84 9958
117 85 10006
117 86 9990
117 87 10038
117 88 10454
117 89 10486
117 90 10454
117 91 10550
117 92 10790
117 93 10806
117 94 10790
117 95 10806
117 96 11238
117 97 11334
117 98 11430
117 99 11558
117 100 11766
117 101 11782
117 102 11894
117 103 11942
117 104 12166
117 105 12262
117 106 12358
117 107 12454
117 108 12694
117 109 12710
117 110 12694
117 111 12710
117 112 13110
117 113 13142
117 114 13238
117 115 13366
117 116 13574
117 117 13590
117 118 13702
117 119 13750
117 120 14038
117 121 14070
117 122 14166
117 123 14262
117 124 14502
117 125 14518
117 126 14502
117 127 14518
117 128 14982
117 129 15110
117 130 15206
117 131 15334
117 132 15510
117 133 15558
117 134 15670
117 135 15718
117 136 15942
117 137 16038
117 138 16134
117 139 16230
117 140 16470
117 141 16486
117 142 16470
117 143 16486
117 144 16854
117 145 16918
117 146 17014
117 147 17142
117 148 17318
117 149 17366
117 150 17478
117 151 17526
117 152 17814
117 153 17846
117 154 17942
117 155 18038
117 156 18278
117 157 18294
117 158 18278
117 159 18294
117 160 18726
117 161 18822
117 162 18918
117 163 19046
117 164 19254
117 165 19270
117 166 19382
117 167 19430
117 168 19654
117 169 19750
117 170 19846
117 171 19942
117 172 20182
117 173 20198
117 174 20182
117 175 20198
117 176 20598
117 177 20630
117 178 20726
117 179 20854
117 180 21062
117 181 21078
117 182 21190
117 183 21238
117 184 21526
117 185 21558
117 186 21654
117 187 21750
117 188 21990
117 189 22006
117 190 21990
117 191 22006
117 192 22470
117 193 22598
117 194 22694
117 195 22822
117 196 22998
117 197 23046
117 198 23158
117 199 23206
117 200 23430
117 201 23526
117 202 23622
117 203 23718
117 204 23958
117 205 23974
117 206 23958
117 207 23974
117 208 24342
117 209 24406
117 210 24502
117 211 24630
117 212 24806
117 213 24854
117 214 24966
117 215 25014
117 216 25302
117 217 25334
117 218 25430
117 219 25526
117 220 25766
117 221 25782
117 222 25766
117 223 25782
117 224 26214
117 225 26310
117 226 26406
117 227 26534
117 228 26742
117 229 26758
117 230 26870
117 231 26918
117 232 27142
117 233 27238
117 234 27334
117 235 27430
117 236 27670
117 237 27686
117 238 27670
117 239 27686
117 240 28086
117 241 28118
117 242 28214
117 243 28342
117 244 28550
117 245 28566
117 246 28678
117 247 28726
117 248 29014
117 249 29046
117 250 29142
117 251 29238
117 252 29478
117 253 29494
117 254 29478
117 255 29494
118 0 6
118 1 134
118 2 358
118 3 486
118 4 662
118 5 710
118 6 694
118 7 742
118 8 1110
118 9 1190
118 10 1174
118 11 1254
118 12 1494
118 13 1510
118 14 1494
118 15 1510
118 16 1894
118 17 1926
118 18 2150
118 19 2278
118 20 2486
118 21 2502
118 22 2486
118 23 2534
118 24 2966
118 25 2982
118 26 2966
118 27 3046
118 28 3286
118 29 3302
118 30 3286
118 31 3302
118 32 3782
118 33 3846
118 34 3942
118 35 4070
118 36 4246
118 37 4294
118 38 4406
118 39 4454
118 40 4758
118 41 4774
118 42 4886
118 43 4966
118 44 5206
118 45 5222
118 46 5206
118 47 5222
118 48 5670
118 49 5702
118 50 5798
118 51 5926
118 52 6134
118 53 6150
118 54 6262
118 55 6310
118 56 6614
118 57 6630
118 58 6742
118 59 6822
118 60 7062
118 61 7078
118 62 7062
118 63 7078
118 64 7558
118 65 7686
118 66 7782
118 67 7910
118 68 8086
118 69 8134
118 70 8246
118 71 8294
118 72 8534
118 73 8614
118 74 8726
118 75 8806
118 76 9046
118 77 9062
118 78 9046
118 79 9062
118 80 9446
118 81 9478
118 82 9574
118 83 9702
118 84 9910
118 85 9926
118 86 10038
118 87 10086
118 88 10390
118 89 10406
118 90 10518
118 91 10598
118 92 10838
118 93 10854
118 94 10838
118 95 10854
118 96 11334
118 97 11398
118 98 11494
118 99 11622
118 100 11798
118 101 11846
118 102 11958
118 103 12006
118 104 12310
118 105 12326
118 106 12438
118 107 12518
118 108 12758
118 109 12774
118 110 12758
118 111 12774
118 112 13222
118 113 13254
118 114 13350
118 115 13478
118 116 13686
118 117 13702
118 118 13814
118 119 13862
118 120 14166
118 121 14182
118 122 14294
118 123 14374
118 124 14614
118 125 14630
118 126 14614
118 127 14630
118 128 15110
118 129 15238
118 130 15462
118 131 15590
118 132 15766
118 133 15814
118 134 15798
118 135 15846
118 136 16214
118 137 16294
118 138 16278
118 139 16358
118 140 16598
118 141 16614
118 142 16598
118 143 16614
118 144 16998
118 145 17030
118 146 17254
118 147 17382
118 148 17590
118 149 17606
118 150 17590
118 151 17638
118 152 18070
118 153 18086
118 154 18070
118 155 18150
118 156 18390
118 157 18406
118 158 18390
118 159 18406
118 160 18886
118 161 18950
118 162 19046
118 163 19174
118 164 19350
118 165 19398
118 166 19510
118 167 19558
118 168 19862
118 169 19878
118 170 19990
118 171 20070
118 172 20310
118 173 20326
118 174 20310
118 175 20326
118 176 20774
118 177 20806
118 178 20902
118 179 21030
118 180 21238
118 181 21254
118 182 21366
118 183 21414
118 184 21718
118 185 21734
118 186 21846
118 187 21926
118 188 22166
118 189 22182
118 190 22166
118 191 22182
118 192 22662
118 193 22790
118 194 22886
118 195 23014
118 196 23190
118 197 23238
118 198 23350
118 199 23398
118 200 23638
118 201 23718
118 202 23830
118 203 23910
118 204 24150
118 205 24166
118 206 24150
118 207 24166
118 208 24550
118 209 24582
118 210 24678
118 211 24806
118 212 25014
118 213 25030
118 214 25142
118 215 25190
118 216 25494
118 217 25510
118 218 25622
118 219 25702
118 220 25942
118 221 25958
118 222 25942
118 223 25958
118 224 26438
118 225 26502
118 226 26598
118 227 26726
118 228 26902
118 229 26950
118 230 27062
118 231 27110
118 232 27414
118 233 27430
118 234 27542
118 235 27622
118 236 27862
118 237 27878
118 238 27862
118 239 27878
118 240 28326
118 241 28358
118 242 28454
118 243 28582
118 244 28790
118 245 28806
118 246 28918
118 247 28966
118 248 29270
118 249 29286
118 250 29398
118 251 29478
118 252 29718
118 253 29734
118 254 29718
118 255 29734
119 0 6
119 1 134
119 2 358
119 3 486
119 4 662
119 5 710
119 6 694
119 7 742
119 8 1110
119 9 1190
119 10 1174
119 11 1254
119 12 1494
119 13 1510
119 14 1494
119 15 1510
119 16 1910
119 17 1942
119 18 2166
119 19 2294
119 20 2502
119 21 2518
119 22 2502
119 23 2550
119 24 2982
119 25 2998
119 26 2982
119 27 3062
119 28 3302
119 29 3318
119 30 3302
119 31 3318
119 32 3814
119 33 3846
119 34 3942
119 35 4070
119 36 4278
119 37 4294
119 38 4406
119 39 4454
119 40 4758
119 41 4774
119 42 4886
119 43 4966
119 44 5206
119 45 5222
119 46 5206
119 47 5222
119 48 5718
119 49 5782
119 50 5878
119 51 6006
119 52 6182
119 53 6230
119 54 6342
119 55 6390
119 56 6694
119 57 6710
119 58 6822
119 59 6902
119 60 7142
119 61 7158
119 62 7142
119 63 7158
119 64 7622
119 65 7750
119 66 7846
119 67 7974
119 68 8150
119 69 8198
119 70 8310
119 71 8358
119 72 8598
119 73 8678
119 74 8790
119 75 8870
119 76 9110
119 77 9126
119 78 9110
119 79 9126
119 80 9526
119 81 9558
119 82 9654
119 83 9782
119 84 9990
119 85 10006
119 86 10118
119 87 10166
119 88 10470
119 89 10486
119 90 10598
119 91 10678
119 92 10918
119 93 10934
119 94 10918
119 95 10934
119 96 11430
119 97 11462
119 98 11558
119 99 11686
119 100 11894
119 101 11910
119 102 12022
119 103 12070
119 104 12374
119 105 12390
119 106 12502
119 107 12582
119 108 12822
119 109 12838
119 110 12822
119 111 12838
119 112 13270
119 113 13334
119 114 13430
119 115 13558
119 116 13734
119 117 13782
119 118 13894
119 119 13942
119 120 14246
119 121 14262
119 122 14374
119 123 14454
119 124 14694
119 125 14710
119 126 14694
119 127 14710
119 128 15238
119 129 15366
119 130 15462
119 131 15590
119 132 15766
119 133 15814
119 134 15926
119 135 15974
119 136 16214
119 137 16294
119 138 16406
119 139 16486
119 140 16726
119 141 16742
119 142 16726
119 143 16742
119 144 17142
119 145 17174
119 146 17270
119 147 17398
119 148 17606
119 149 17622
119 150 17734
119 151 17782
119 152 18086
119 153 18102
119 154 18214
119 155 18294
119 156 18534
119 157 18550
119 158 18534
119 159 18550
119 160 19046
119 161 19078
119 162 19174
119 163 19302
119 164 19510
119 165 19526
119 166 19638
119 167 19686
119 168 19990
119 169 20006
119 170 20118
119 171 20198
119 172 20438
119 173 20454
119 174 20438
119 175 20454
119 176 20950
119 177 21014
119 178 21110
119 179 21238
119 180 21414
119 181 21462
119 182 21574
119 183 21622
119 184 21926
119 185 21942
119 186 22054
119 187 22134
119 188 22374
119 189 22390
119 190 22374
119 191 22390
119 192 22854
119 193 22982
119 194 23078
119 195 23206
119 196 23382
119 197 23430
119 198 23542
119 199 23590
119 200 23830
119 201 23910
119 202 24022
119 203 24102
119 204 24342
119 205 24358
119 206 24342
119 207 24358
119 208 24758
119 209 24790
119 210 24886
119 211 25014
119 212 25222
119 213 25238
119 214 25350
119 215 25398
119 216 25702
119 217 25718
119 218 25830
119 219 25910
119 220 26150
119 221 26166
119 222 26150
119 223 26166
119 224 26534
119 225 26566
119 226 26662
119 227 26790
119 228 26998
119 229 27014
119 230 27126
119 231 27174
119 232 27478
119 233 27494
119 234 27606
119 235 27686
119 236 27926
119 237 27942
119 238 27926
119 239 27942
119 240 28374
119 241 28438
119 242 28534
119 243 28662
119 244 28838
119 245 28886
119 246 28998
119 247 29046
119 248 29350
119 249 29366
119 250 29478
119 251 29558
119 252 29798
119 253 29814
119 254 29798
119 255 29814
120 0 6
120 1 134
120 2 390
120 3 486
120 4 710
120 5 742
120 6 742
120 7 742
120 8 1158
120 9 1222
120 10 1222
120 11 1254
120 12 1478
120 13 1510
120 14 1510
120 15 1510
120 16 1926
120 17 2054
120 18 2182
120 19 2278
120 20 2502
120 21 2534
120 22 2662
120 23 2662
120 24 2950
120 25 3014
120 26 3142
120 27 3174
120 28 3398
120 29 3430
120 30 3430
120 31 3430
120 32 3846
120 33 3974
120 34 4230
120 35 4326
120 36 4550
120 37 4582
120 38 4582
120 39 4582
120 40 4998
120 41 5062
120 42 5062
120 43 5094
120 44 5318
120 45 5350
120 46 5350
120 47 5350
120 48 5766
120 49 5894
120 50 6022
120 51 6118
120 52 6342
120 53 6374
120 54 6502
120 55 6502
120 56 6790
120 57 6854
120 58 6982
120 59 7014
120 60 7238
120 61 7270
120 62 7270
120 63 7270
120 64 7686
120 65 7814
120 66 8070
120 67 8166
120 68 8390
120 69 8422
120 70 8422
120 71 8422
120 72 8838
120 73 8902
120 74 8902
120 75 8934
120 76 9158
120 77 9190
120 78 9190
120 79 9190
120 80 9606
120 81 9734
120 82 9862
120 83 9958
120 84 10182
120 85 10214
120 86 10342
120 87 10342
120 88 10630
120 89 10694
120 90 10822
120 91 10854
120 92 11078
120 93 11110
120 94 11110
120 95 11110
120 96 11526
120 97 11654
120 98 11910
120 99 12006
120 100 12230
120 101 12262
120 102 12262
120 103 12262
120 104 12678
120 105 12742
120 106 12742
120 107 12774
120 108 12998
120 109 13030
120 110 13030
120 111 13030
120 112 13446
120 113 13574
120 114 13702
120 115 13798
120 116 14022
120 117 14054
120 118 14182
120 119 14182
120 120 14470
120 121 14534
120 122 14662
120 123 14694
120 124 14918
120 125 14950
120 126 14950
120 127 14950
120 128 15366
120 129 15494
120 130 15750
120 131 15846
120 132 16070
120 133 16102
120 134 16102
120 135 16102
120 136 16518
120 137 16582
120 138 16582
120 139 16614
120 140 16838
120 141 16870
120 142 16870
120 143 16870
120 144 17286
120 145 17414
120 146 17542
120 147 17638
120 148 17862
120 149 17894
120 150 18022
120 151 18022
120 152 18310
120 153 18374
120 154 18502
120 155 18534
120 156 18758
120 157 18790
120 158 18790
120 159 18790
120 160 19206
120 161 19334
120 162 19590
120 163 19686
120 164 19910
120 165 19942
120 166 19942
120 167 19942
120 168 20358
120 169 20422
120 170 20422
120 171 20454
120 172 20678
120 173 20710
120 174 20710
120 175 20710
120 176 21126
120 177 21254
120 178 21382
120 179 21478
120 180 21702
120 181 21734
120 182 21862
120 183 21862
120 184 22150
120 185 22214
120 186 22342
120 187 22374
120 188 22598
120 189 22630
120 190 22630
120 191 22630
120 192 23046
120 193 23174
120 194 23430
120 195 23526
120 196 23750
120 197 23782
120 198 23782
120 199 23782
120 200 24198
120 201 24262
120 202 24262
120 203 24294
120 204 24518
120 205 24550
120 206 24550
120 207 24550
120 208 24966
120 209 25094
120 210 25222
120 211 25318
120 212 25542
120 213 25574
120 214 25702
120 215 25702
120 216 25990
120 217 26054
120 218 26182
120 219 26214
120 220 26438
120 221 26470
120 222 26470
120 223 26470
120 224 26886
120 225 27014
120 226 27270
120 227 27366
120 228 27590
120 229 27622
120 230 27622
120 231 27622
120 232 28038
120 233 28102
120 234 28102
120 235 28134
120 236 28358
120 237 28390
120 238 28390
120 239 28390
120 240 28806
120 241 28934
120 242 29062
120 243 29158
120 244 29382
120 245 29414
120 246 29542
120 247 29542
120 248 29830
120 249 29894
120 250 30022
120 251 30054
120 252 30278
120 253 30310
120 254 30310
120 255 30310
121 0 6
121 1 134
121 2 390
121 3 486
121 4 710
121 5 742
121 6 742
121 7 742
121 8 1158
121 9 1222
121 10 1222
121 11 1254
121 12 1478
121 13 1510
121 14 1510
121 15 1510
121 16 1942
121 17 2070
121 18 2198
121 19 2294
121 20 2518
121 21 2550
121 22 2678
121 23 2678
121 24 2966
121 25 3030
121 26 3158
121 27 3190
121 28 3414
121 29 3446
121 30 3446
121 31 3446
121 32 3878
121 33 3974
121 34 4230
121 35 4326
121 36 4550
121 37 4582
121 38 4582
121 39 4582
121 40 5030
121 41 5062
121 42 5062
121 43 5094
121 44 5318
121 45 5350
121 46 5350
121 47 5350
121 48 5814
121 49 5910
121 50 6038
121 51 6134
121 52 6358
121 53 6390
121 54 6518
121 55 6518
121 56 6838
121 57 6870
121 58 6998
121 59 7030
121 60 7254
121 61 7286
121 62 7286
121 63 7286
121 64 7750
121 65 7878
121 66 8134
121 67 8230
121 68 8454
121 69 8486
121 70 8486
121 71 8486
121 72 8902
121 73 8966
121 74 8966
121 75 8998
121 76 9222
121 77 9254
121 78 9254
121 79 9254
121 80 9686
121 81 9814
121 82 9942
121 83 10038
121 84 10262
121 85 10294
121 86 10422
121 87 10422
121 88 10710
121 89 10774
121 90 10902
121 91 10934
121 92 11158
121 93 11190
121 94 11190
121 95 11190
121 96 11622
121 97 11718
121 98 11974
121 99 12070
121 100 12294
121 101 12326
121 102 12326
121 103 12326
121 104 12774
121 105 12806
121 106 12806
121 107 12838
121 108 13062
121 109 13094
121 110 13094
121 111 13094
121 112 13558
121 113 13654
121 114 13782
121 115 13878
121 116 14102
121 117 14134
121 118 14262
121 119 14262
121 120 14582
121 121 14614
121 122 14742
121 123 14774
121 124 14998
121 125 15030
121 126 15030
121 127 15030
121 128 15494
121 129 15622
121 130 15750
121 131 15846
121 132 16070
121 133 16102
121 134 16230
121 135 16230
121 136 16518
121 137 16582
121 138 16710
121 139 16742
121 140 16966
121 141 16998
121 142 16998
121 143 16998
121 144 17430
121 145 17558
121 146 17686
121 147 17782
121 148 18006
121 149 18038
121 150 18166
121 151 18166
121 152 18454
121 153 18518
121 154 18646
121 155 18678
121 156 18902
121 157 18934
121 158 18934
121 159 18934
121 160 19366
121 161 19462
121 162 19590
121 163 19686
121 164 19910
121 165 19942
121 166 20070
121 167 20070
121 168 20390
121 169 20422
121 170 20550
121 171 20582
121 172 20806
121 173 20838
121 174 20838
121 175 20838
121 176 21302
121 177 21398
121 178 21526
121 179 21622
121 180 21846
121 181 21878
121 182 22006
121 183 22006
121 184 22326
121 185 22358
121 186 22486
121 187 22518
121 188 22742
121 189 22774
121 190 22774
121 191 22774
121 192 23238
121 193 23366
121 194 23494
121 195 23590
121 196 23814
121 197 23846
121 198 23974
121 199 23974
121 200 24262
121 201 24326
121 202 24454
121 203 24486
121 204 24710
121 205 24742
121 206 24742
121 207 24742
121 208 25174
121 209 25302
121 210 25430
121 211 25526
121 212 25750
121 213 25782
121 214 25910
121 215 25910
121 216 26198
121 217 26262
121 218 26390
121 219 26422
121 220 26646
121 221 26678
121 222 26678
121 223 26678
121 224 27110
121 225 27206
121 226 27334
121 227 27430
121 228 27654
121 229 27686
121 230 27814
121 231 27814
121 232 28134
121 233 28166
121 234 28294
121 235 28326
121 236 28550
121 237 28582
121 238 28582
121 239 28582
121 240 29046
121 241 29142
121 242 29270
121 243 29366
121 244 29590
121 245 29622
121 246 29750
121 247 29750
121 248 30070
121 249 30102
121 250 30230
121 251 30262
121 252 30486
121 253 30518
121 254 30518
121 255 30518
122 0 6
122 1 134
122 2 390
122 3 486
122 4 710
122 5 742
122 6 742
122 7 742
122 8 1174
122 9 1222
122 10 1222
122 11 1270
122 12 1494
122 13 1510
122 14 1510
122 15 1526
122 16 1958
122 17 2054
122 18 2182
122 19 2278
122 20 2502
122 21 2534
122 22 2662
122 23 2662
122 24 2998
122 25 3014
122 26 3142
122 27 3190
122 28 3414
122 29 3430
122 30 3430
122 31 3446
122 32 3910
122 33 3974
122 34 4230
122 35 4326
122 36 4550
122 37 4582
122 38 4582
122 39 4582
122 40 5014
122 41 5062
122 42 5062
122 43 5110
122 44 5334
122 45 5350
122 46 5350
122 47 5366
122 48 5862
122 49 5894
122 50 6022
122 51 6118
122 52 6342
122 53 6374
122 54 6502
122 55 6502
122 56 6838
122 57 6854
122 58 6982
122 59 7030
122 60 7254
122 61 7270
122 62 7270
122 63 7286
122 64 7814
122 65 7942
122 66 8070
122 67 8166
122 68 8390
122 69 8422
122 70 8550
122 71 8550
122 72 8854
122 73 8902
122 74 9030
122 75 9078
122 76 9302
122 77 9318
122 78 9318
122 79 9334
122 80 9766
122 81 9862
122 82 9990
122 83 10086
122 84 10310
122 85 10342
122 86 10470
122 87 10470
122 88 10806
122 89 10822
122 90 10950
122 91 10998
122 92 11222
122 93 11238
122 94 11238
122 95 11254
122 96 11718
122 97 11782
122 98 11910
122 99 12006
122 100 12230
122 101 12262
122 102 12390
122 103 12390
122 104 12694
122 105 12742
122 106 12870
122 107 12918
122 108 13142
122 109 13158
122 110 13158
122 111 13174
122 112 13670
122 113 13702
122 114 13830
122 115 13926
122 116 14150
122 117 14182
122 118 14310
122 119 14310
122 120 14646
122 121 14662
122 122 14790
122 123 14838
122 124 15062
122 125 15078
122 126 15078
122 127 15094
122 128 15622
122 129 15750
122 130 16006
122 131 16102
122 132 16326
122 133 16358
122 134 16358
122 135 16358
122 136 16790
122 137 16838
122 138 16838
122 139 16886
122 140 17110
122 141 17126
122 142 17126
122 143 17142
122 144 17574
122 145 17670
122 146 17798
122 147 17894
122 148 18118
122 149 18150
122 150 18278
122 151 18278
122 152 18614
122 153 18630
122 154 18758
122 155 18806
122 156 19030
122 157 19046
122 158 19046
122 159 19062
122 160 19526
122 161 19590
122 162 19846
122 163 19942
122 164 20166
122 165 20198
122 166 20198
122 167 20198
122 168 20630
122 169 20678
122 170 20678
122 171 20726
122 172 20950
122 173 20966
122 174 20966
122 175 20982
122 176 21478
122 177 21510
122 178 21638
122 179 21734
122 180 21958
122 181 21990
122 182 22118
122 183 22118
122 184 22454
122 185 22470
122 186 22598
122 187 22646
122 188 22870
122 189 22886
122 190 22886
122 191 22902
122 192 23430
122 193 23558
122 194 23686
122 195 23782
122 196 24006
122 197 24038
122 198 24166
122 199 24166
122 200 24470
122 201 24518
122 202 24646
122 203 24694
122 204 24918
122 205 24934
122 206 24934
122 207 24950
122 208 25382
122 209 25478
122 210 25606
122 211 25702
122 212 25926
122 213 25958
122 214 26086
122 215 26086
122 216 26422
122 217 26438
122 218 26566
122 219 26614
122 220 26838
122 221 26854
122 222 26854
122 223 26870
122 224 27334
122 225 27398
122 226 27526
122 227 27622
122 228 27846
122 229 27878
122 230 28006
122 231 28006
122 232 28310
122 233 28358
122 234 28486
122 235 28534
122 236 28758
122 237 28774
122 238 28774
122 239 28790
122 240 29286
122 241 29318
122 242 29446
122 243 29542
122 244 29766
122 245 29798
122 246 29926
122 247 29926
122 248 30262
122 249 30278
122 250 30406
122 251 30454
122 252 30678
122 253 30694
122 254 30694
122 255 30710
123 0 6
123 1 134
123 2 390
123 3 486
123 4 710
123 5 742
123 6 742
123 7 742
123 8 1174
123 9 1222
123 10 1222
123 11 1270
123 12 1494
123 13 1510
123 14 1510
123 15 1526
123 16 1974
123 17 2070
123 18 2198
123 19 2294
123 20 2518
123 21 2550
123 22 2678
123 23 2678
123 24 3014
123 25 3030
123 26 3158
123 27 3206
123 28 3430
123 29 3446
123 30 3446
123 31 3462
123 32 3942
123 33 3974
123 34 4230
123 35 4326
123 36 4550
123 37 4582
123 38 4582
123 39 4582
123 40 5046
123 41 5062
123 42 5062
123 43 5110
123 44 5334
123 45 5350
123 46 5350
123 47 5366
123 48 5910
123 49 5974
123 50 6102
123 51 6198
123 52 6422
123 53 6454
123 54 6582
123 55 6582
123 56 6886
123 57 6934
123 58 7062
123 59 7110
123 60 7334
123 61 7350
123 62 7350
123 63 7366
123 64 7878
123 65 8006
123 66 8134
123 67 8230
123 68 8454
123 69 8486
123 70 8614
123 71 8614
123 72 8918
123 73 8966
123 74 9094
123 75 9142
123 76 9366
123 77 9382
123 78 9382
123 79 9398
123 80 9846
123 81 9942
123 82 10070
123 83 10166
123 84 10390
123 85 10422
123 86 10550
123 87 10550
123 88 10886
123 89 10902
123 90 11030
123 91 11078
123 92 11302
123 93 11318
123 94 11318
123 95 11334
123 96 11814
123 97 11846
123 98 11974
123 99 12070
123 100 12294
123 101 12326
123 102 12454
123 103 12454
123 104 12790
123 105 12806
123 106 12934
123 107 12982
123 108 13206
123 109 13222
123 110 13222
123 111 13238
123 112 13782
123 113 13846
123 114 13974
123 115 14070
123 116 14294
123 117 14326
123 118 14454
123 119 14454
123 120 14758
123 121 14806
123 122 14934
123 123 14982
123 124 15206
123 125 15222
123 126 15222
123 127 15238
123 128 15750
123 129 15878
123 130 16006
123 131 16102
123 132 16326
123 133 16358
123 134 16486
123 135 16486
123 136 16790
123 137 16838
123 138 16966
123 139 17014
123 140 17238
123 141 17254
123 142 17254
123 143 17270
123 144 17718
123 145 17814
123 146 17942
123 147 18038
123 148 18262
123 149 18294
123 150 18422
123 151 18422
123 152 18758
123 153 18774
123 154 18902
123 155 18950
123 156 19174
123 157 19190
123 158 19190
123 159 19206
123 160 19686
123 161 19718
123 162 19846
123 163 19942
123 164 20166
123 165 20198
123 166 20326
123 167 20326
123 168 20662
123 169 20678
123 170 20806
123 171 20854
123 172 21078
123 173 21094
123 174 21094
123 175 21110
123 176 21654
123 177 21718
123 178 21846
123 179 21942
123 180 22166
123 181 22198
123 182 22326
123 183 22326
123 184 22630
123 185 22678
123 186 22806
123 187 22854
123 188 23078
123 189 23094
123 190 23094
123 191 23110
123 192 23622
123 193 23750
123 194 23878
123 195 23974
123 196 24198
123 197 24230
123 198 24358
123 199 24358
123 200 24662
123 201 24710
123 202 24838
123 203 24886
123 204 25110
123 205 25126
123 206 25126
123 207 25142
123 208 25462
123 209 25558
123 210 25686
123 211 25782
123 212 26006
123 213 26038
123 214 26166
123 215 26166
123 216 26502
123 217 26518
123 218 26646
123 219 26694
123 220 26918
123 221 26934
123 222 26934
123 223 26950
123 224 27558
123 225 27590
123 226 27718
123 227 27814
123 228 28038
123 229 28070
123 230 28198
123 231 28198
123 232 28534
123 233 28550
123 234 28678
123 235 28726
123 236 28950
123 237 28966
123 238 28966
123 239 28982
123 240 29398
123 241 29462
123 242 29590
123 243 29686
123 244 29910
123 245 29942
123 246 30070
123 247 30070
123 248 30374
123 249 30422
123 250 30550
123 251 30598
123 252 30822
123 253 30838
123 254 30838
123 255 30854
124 0 6
124 1 134
124 2 390
124 3 486
124 4 726
124 5 742
124 6 742
124 7 758
124 8 1222
124 9 1254
124 10 1254
124 11 1254
124 12 1494
124 13 1510
124 14 1510
124 15 1526
124 16 1990
124 17 2054
124 18 2182
124 19 2278
124 20 2518
124 21 2534
124 22 2662
124 23 2678
124 24 3014
124 25 3046
124 26 3174
124 27 3174
124 28 3414
124 29 3430
124 30 3430
124 31 3446
124 32 3974
124 33 4102
124 34 4230
124 35 4326
124 36 4566
124 37 4582
124 38 4710
124 39 4726
124 40 5062
124 41 5094
124 42 5222
124 43 5222
124 44 5462
124 45 5478
124 46 5478
124 47 5494
124 48 5958
124 49 6022
124 50 6150
124 51 6246
124 52 6486
124 53 6502
124 54 6630
124 55 6646
124 56 6982
124 57 7014
124 58 7142
124 59 7142
124 60 7382
124 61 7398
124 62 7398
124 63 7414
124 64 7942
124 65 8070
124 66 8326
124 67 8422
124 68 8662
124 69 8678
124 70 8678
124 71 8694
124 72 9158
124 73 9190
124 74 9190
124 75 9190
124 76 9430
124 77 9446
124 78 9446
124 79 9462
124 80 9926
124 81 9990
124 82 10118
124 83 10214
124 84 10454
124 85 10470
124 86 10598
124 87 10614
124 88 10950
124 89 10982
124 90 11110
124 91 11110
124 92 11350
124 93 11366
124 94 11366
124 95 11382
124 96 11910
124 97 12038
124 98 12166
124 99 12262
124 100 12502
124 101 12518
124 102 12646
124 103 12662
124 104 12998
124 105 13030
124 106 13158
124 107 13158
124 108 13398
124 109 13414
124 110 13414
124 111 13430
124 112 13894
124 113 13958
124 114 14086
124 115 14182
124 116 14422
124 117 14438
124 118 14566
124 119 14582
124 120 14918
124 121 14950
124 122 15078
124 123 15078
124 124 15318
124 125 15334
124 126 15334
124 127 15350
124 128 15878
124 129 16006
124 130 16262
124 131 16358
124 132 16598
124 133 16614
124 134 16614
124 135 16630
124 136 17094
124 137 17126
124 138 17126
124 139 17126
124 140 17366
124 141 17382
124 142 17382
124 143 17398
124 144 17862
124 145 17926
124 146 18054
124 147 18150
124 148 18390
124 149 18406
124 150 18534
124 151 18550
124 152 18886
124 153 18918
124 154 19046
124 155 19046
124 156 19286
124 157 19302
124 158 19302
124 159 19318
124 160 19846
124 161 19974
124 162 20102
124 163 20198
124 164 20438
124 165 20454
124 166 20582
124 167 20598
124 168 20934
124 169 20966
124 170 21094
124 171 21094
124 172 21334
124 173 21350
124 174 21350
124 175 21366
124 176 21830
124 177 21894
124 178 22022
124 179 22118
124 180 22358
124 181 22374
124 182 22502
124 183 22518
124 184 22854
124 185 22886
124 186 23014
124 187 23014
124 188 23254
124 189 23270
124 190 23270
124 191 23286
124 192 23814
124 193 23942
124 194 24198
124 195 24294
124 196 24534
124 197 24550
124 198 24550
124 199 24566
124 200 25030
124 201 25062
124 202 25062
124 203 25062
124 204 25302
124 205 25318
124 206 25318
124 207 25334
124 208 25798
124 209 25862
124 210 25990
124 211 26086
124 212 26326
124 213 26342
124 214 26470
124 215 26486
124 216 26822
124 217 26854
124 218 26982
124 219 26982
124 220 27222
124 221 27238
124 222 27238
124 223 27254
124 224 27782
124 225 27910
124 226 28038
124 227 28134
124 228 28374
124 229 28390
124 230 28518
124 231 28534
124 232 28870
124 233 28902
124 234 29030
124 235 29030
124 236 29270
124 237 29286
124 238 29286
124 239 29302
124 240 29766
124 241 29830
124 242 29958
124 243 30054
124 244 30294
124 245 30310
124 246 30438
124 247 30454
124 248 30790
124 249 30822
124 250 30950
124 251 30950
124 252 31190
124 253 31206
124 254 31206
124 255 31222
125 0 6
125 1 134
125 2 390
125 3 486
125 4 726
125 5 742
125 6 742
125 7 758
125 8 1222
125 9 1254
125 10 1254
125 11 1254
125 12 1494
125 13 1510
125 14 1510
125 15 1526
125 16 2006
125 17 2070
125 18 2198
125 19 2294
125 20 2534
125 21 2550
125 22 2678
125 23 2694
125 24 3030
125 25 3062
125 26 3190
125 27 3190
125 28 3430
125 29 3446
125 30 3446
125 31 3462
125 32 4006
125 33 4102
125 34 4230
125 35 4326
125 36 4566
125 37 4582
125 38 4710
125 39 4726
125 40 5062
125 41 5094
125 42 5222
125 43 5222
125 44 5462
125 45 5478
125 46 5478
125 47 5494
125 48 6006
125 49 6038
125 50 6166
125 51 6262
125 52 6502
125 53 6518
125 54 6646
125 55 6662
125 56 6998
125 57 7030
125 58 7158
125 59 7158
125 60 7398
125 61 7414
125 62 7414
125 63 7430
125 64 8006
125 65 8134
125 66 8390
125 67 8486
125 68 8726
125 69 8742
125 70 8742
125 71 8758
125 72 9222
125 73 9254
125 74 9254
125 75 9254
125 76 9494
125 77 9510
125 78 9510
125 79 9526
125 80 10006
125 81 10070
125 82 10198
125 83 10294
125 84 10534
125 85 10550
125 86 10678
125 87 10694
125 88 11030
125 89 11062
125 90 11190
125 91 11190
125 92 11430
125 93 11446
125 94 11446
125 95 11462
125 96 12006
125 97 12102
125 98 12230
125 99 12326
125 100 12566
125 101 12582
125 102 12710
125 103 12726
125 104 13062
125 105 13094
125 106 13222
125 107 13222
125 108 13462
125 109 13478
125 110 13478
125 111 13494
125 112 14006
125 113 14038
125 114 14166
125 115 14262
125 116 14502
125 117 14518
125 118 14646
125 119 14662
125 120 14998
125 121 15030
125 122 15158
125 123 15158
125 124 15398
125 125 15414
125 126 15414
125 127 15430
125 128 16006
125 129 16134
125 130 16262
125 131 16358
125 132 16598
125 133 16614
125 134 16742
125 135 16758
125 136 17094
125 137 17126
125 138 17254
125 139 17254
125 140 17494
125 141 17510
125 142 17510
125 143 17526
125 144 18006
125 145 18070
125 146 18198
125 147 18294
125 148 18534
125 149 18550
125 150 18678
125 151 18694
125 152 19030
125 153 19062
125 154 19190
125 155 19190
125 156 19430
125 157 19446
125 158 19446
125 159 19462
125 160 20006
125 161 20102
125 162 20230
125 163 20326
125 164 20566
125 165 20582
125 166 20710
125 167 20726
125 168 21062
125 169 21094
125 170 21222
125 171 21222
125 172 21462
125 173 21478
125 174 21478
125 175 21494
125 176 21878
125 177 21910
125 178 22038
125 179 22134
125 180 22374
125 181 22390
125 182 22518
125 183 22534
125 184 22870
125 185 22902
125 186 23030
125 187 23030
125 188 23270
125 189 23286
125 190 23286
125 191 23302
125 192 24006
125 193 24134
125 194 24262
125 195 24358
125 196 24598
125 197 24614
125 198 24742
125 199 24758
125 200 25094
125 201 25126
125 202 25254
125 203 25254
125 204 25494
125 205 25510
125 206 25510
125 207 25526
125 208 26006
125 209 26070
125 210 26198
125 211 26294
125 212 26534
125 213 26550
125 214 26678
125 215 26694
125 216 27030
125 217 27062
125 218 27190
125 219 27190
125 220 27430
125 221 27446
125 222 27446
125 223 27462
125 224 28006
125 225 28102
125 226 28230
125 227 28326
125 228 28566
125 229 28582
125 230 28710
125 231 28726
125 232 29062
125 233 29094
125 234 29222
125 235 29222
125 236 29462
125 237 29478
125 238 29478
125 239 29494
125 240 29878
125 241 29910
125 242 30038
125 243 30134
125 244 30374
125 245 30390
125 246 30518
125 247 30534
125 248 30870
125 249 30902
125 250 31030
125 251 31030
125 252 31270
125 253 31286
125 254 31286
125 255 31302
126 0 6
126 1 134
126 2 390
126 3 486
126 4 726
126 5 742
126 6 742
126 7 758
126 8 1238
126 9 1254
126 10 1254
126 11 1270
126 12 1494
126 13 1510
126 14 1510
126 15 1526
126 16 2022
126 17 2054
126 18 2182
126 19 2278
126 20 2518
126 21 2534
126 22 2662
126 23 2678
126 24 3030
126 25 3046
126 26 3174
126 27 3190
126 28 3414
126 29 3430
126 30 3430
126 31 3446
126 32 4038
126 33 4102
126 34 4230
126 35 4326
126 36 4566
126 37 4582
126 38 4710
126 39 4726
126 40 5078
126 41 5094
126 42 5222
126 43 5238
126 44 5462
126 45 5478
126 46 5478
126 47 5494
126 48 6054
126 49 6086
126 50 6214
126 51 6310
126 52 6550
126 53 6566
126 54 6694
126 55 6710
126 56 7062
126 57 7078
126 58 7206
126 59 7222
126 60 7446
126 61 7462
126 62 7462
126 63 7478
126 64 8070
126 65 8198
126 66 8326
126 67 8422
126 68 8662
126 69 8678
126 70 8806
126 71 8822
126 72 9174
126 73 9190
126 74 9318
126 75 9334
126 76 9558
126 77 9574
126 78 9574
126 79 9590
126 80 10086
126 81 10118
126 82 10246
126 83 10342
126 84 10582
126 85 10598
126 86 10726
126 87 10742
126 88 11094
126 89 11110
126 90 11238
126 91 11254
126 92 11478
126 93 11494
126 94 11494
126 95 11510
126 96 12102
126 97 12166
126 98 12294
126 99 12390
126 100 12630
126 101 12646
126 102 12774
126 103 12790
126 104 13142
126 105 13158
126 106 13286
126 107 13302
126 108 13526
126 109 13542
126 110 13542
126 111 13558
126 112 13990
126 113 14022
126 114 14150
126 115 14246
126 116 14486
126 117 14502
126 118 14630
126 119 14646
126 120 14998
126 121 15014
126 122 15142
126 123 15158
126 124 15382
126 125 15398
126 126 15398
126 127 15414
126 128 16134
126 129 16262
126 130 16518
126 131 16614
126 132 16854
126 133 16870
126 134 16870
126 135 16886
126 136 17366
126 137 17382
126 138 17382
126 139 17398
126 140 17622
126 141 17638
126 142 17638
126 143 17654
126 144 18150
126 145 18182
126 146 18310
126 147 18406
126 148 18646
126 149 18662
126 150 18790
126 151 18806
126 152 19158
126 153 19174
126 154 19302
126 155 19318
126 156 19542
126 157 19558
126 158 19558
126 159 19574
126 160 20166
126 161 20230
126 162 20358
126 163 20454
126 164 20694
126 165 20710
126 166 20838
126 167 20854
126 168 21206
126 169 21222
126 170 21350
126 171 21366
126 172 21590
126 173 21606
126 174 21606
126 175 21622
126 176 22182
126 177 22214
126 178 22342
126 179 22438
126 180 22678
126 181 22694
126 182 22822
126 183 22838
126 184 23190
126 185 23206
126 186 23334
126 187 23350
126 188 23574
126 189 23590
126 190 23590
126 191 23606
126 192 24198
126 193 24326
126 194 24454
126 195 24550
126 196 24790
126 197 24806
126 198 24934
126 199 24950
126 200 25302
126 201 25318
126 202 25446
126 203 25462
126 204 25686
126 205 25702
126 206 25702
126 207 25718
126 208 26214
126 209 26246
126 210 26374
126 211 26470
126 212 26710
126 213 26726
126 214 26854
126 215 26870
126 216 27222
126 217 27238
126 218 27366
126 219 27382
126 220 27606
126 221 27622
126 222 27622
126 223 27638
126 224 28230
126 225 28294
126 226 28422
126 227 28518
126 228 28758
126 229 28774
126 230 28902
126 231 28918
126 232 29270
126 233 29286
126 234 29414
126 235 29430
126 236 29654
126 237 29670
126 238 29670
126 239 29686
126 240 30118
126 241 30150
126 242 30278
126 243 30374
126 244 30614
126 245 30630
126 246 30758
126 247 30774
126 248 31126
126 249 31142
126 250 31270
126 251 31286
126 252 31510
126 253 31526
126 254 31526
126 255 31542
127 0 6
127 1 134
127 2 390
127 3 486
127 4 726
127 5 742
127 6 742
127 7 758
127 8 1238
127 9 1254
127 10 1254
127 11 1270
127 12 1494
127 13 1510
127 14 1510
127 15 1526
127 16 2038
127 17 2070
127 18 2198
127 19 2294
127 20 2534
127 21 2550
127 22 2678
127 23 2694
127 24 3046
127 25 3062
127 26 3190
127 27 3206
127 28 3430
127 29 3446
127 30 3446
127 31 3462
127 32 4070
127 33 4102
127 34 4230
127 35 4326
127 36 4566
127 37 4582
127 38 4710
127 39 4726
127 40 5078
127 41 5094
127 42 5222
127 43 5238
127 44 5462
127 45 5478
127 46 5478
127 47 5494
127 48 6102
127 49 6166
127 50 6294
127 51 6390
127 52 6630
127 53 6646
127 54 6774
127 55 6790
127 56 7142
127 57 7158
127 58 7286
127 59 7302
127 60 7526
127 61 7542
127 62 7542
127 63 7558
127 64 8134
127 65 8262
127 66 8390
127 67 8486
127 68 8726
127 69 8742
127 70 8870
127 71 8886
127 72 9238
127 73 9254
127 74 9382
127 75 9398
127 76 9622
127 77 9638
127 78 9638
127 79 9654
127 80 10166
127 81 10198
127 82 10326
127 83 10422
127 84 10662
127 85 10678
127 86 10806
127 87 10822
127 88 11174
127 89 11190
127 90 11318
127 91 11334
127 92 11558
127 93 11574
127 94 11574
127 95 11590
127 96 12198
127 97 12230
127 98 12358
127 99 12454
127 100 12694
127 101 12710
127 102 12838
127 103 12854
127 104 13206
127 105 13222
127 106 13350
127 107 13366
127 108 13590
127 109 13606
127 110 13606
127 111 13622
127 112 14038
127 113 14102
127 114 14230
127 115 14326
127 116 14566
127 117 14582
127 118 14710
127 119 14726
127 120 15078
127 121 15094
127 122 15222
127 123 15238
127 124 15462
127 125 15478
127 126 15478
127 127 15494
127 128 16262
127 129 16390
127 130 16518
127 131 16614
127 132 16854
127 133 16870
127 134 16998
127 135 17014
127 136 17366
127 137 17382
127 138 17510
127 139 17526
127 140 17750
127 141 17766
127 142 17766
127 143 17782
127 144 18294
127 145 18326
127 146 18454
127 147 18550
127 148 18790
127 149 18806
127 150 18934
127 151 18950
127 152 19302
127 153 19318
127 154 19446
127 155 19462
127 156 19686
127 157 19702
127 158 19702
127 159 19718
127 160 20326
127 161 20358
127 162 20486
127 163 20582
127 164 20822
127 165 20838
127 166 20966
127 167 20982
127 168 21334
127 169 21350
127 170 21478
127 171 21494
127 172 21718
127 173 21734
127 174 21734
127 175 21750
127 176 22230
127 177 22294
127 178 22422
127 179 22518
127 180 22758
127 181 22774
127 182 22902
127 183 22918
127 184 23270
127 185 23286
127 186 23414
127 187 23430
127 188 23654
127 189 23670
127 190 23670
127 191 23686
127 192 24390
127 193 24518
127 194 24646
127 195 24742
127 196 24982
127 197 24998
127 198 25126
127 199 25142
127 200 25494
127 201 25510
127 202 25638
127 203 25654
127 204 25878
127 205 25894
127 206 25894
127 207 25910
127 208 26294
127 209 26326
127 210 26454
127 211 26550
127 212 26790
127 213 26806
127 214 26934
127 215 26950
127 216 27302
127 217 27318
127 218 27446
127 219 27462
127 220 27686
127 221 27702
127 222 27702
127 223 27718
127 224 28326
127 225 28358
127 226 28486
127 227 28582
127 228 28822
127 229 28838
127 230 28966
127 231 28982
127 232 29334
127 233 29350
127 234 29478
127 235 29494
127 236 29718
127 237 29734
127 238 29734
127 239 29750
127 240 30166
127 241 30230
127 242 30358
127 243 30454
127 244 30694
127 245 30710
127 246 30838
127 247 30854
127 248 31206
127 249 31222
127 250 31350
127 251 31366
127 252 31590
127 253 31606
127 254 31606
127 255 31622
128 0 6
128 1 262
128 2 262
128 3 518
128 4 518
128 5 774
128 6 774
128 7 1030
128 8 1030
128 9 1286
128 10 1286
128 11 1542
128 12 1542
128 13 1798
128 14 1798
128 15 2054
128 16 2054
128 17 2310
128 18 2310
128 19 2566
128 20 2566
128 21 2822
128 22 2822
128 23 3078
128 24 3078
128 25 3334
128 26 3334
128 27 3590
128 28 3590
128 29 3846
128 30 3846
128 31 4102
128 32 4102
128 33 4358
128 34 4358
128 35 4614
128 36 4614
128 37 4870
128 38 4870
128 39 5126
128 40 5126
128 41 5382
128 42 5382
128 43 5638
128 44 5638
128 45 5894
128 46 5894
128 47 6150
128 48 6150
128 49 6406
128 50 6406
128 51 6662
128 52 6662
128 53 6918
128 54 6918
128 55 7174
128 56 7174
128 57 7430
128 58 7430
128 59 7686
128 60 7686
128 61 7942
128 62 7942
128 63 8198
128 64 8198
128 65 8454
128 66 8454
128 67 8710
128 68 8710
128 69 8966
128 70 8966
128 71 9222
128 72 9222
128 73 9478
128 74 9478
128 75 9734
128 76 9734
128 77 9990
128 78 9990
128 79 10246
128 80 10246
128 81 10502
128 82 10502
128 83 10758
128 84 10758
128 85 11014
128 86 11014
128 87 11270
128 88 11270
128 89 11526
128 90 11526
128 91 11782
128 92 11782
128 93 12038
128 94 12038
128 95 12294
128 96 12294
128 97 12550
128 98 12550
128 99 12806
128 100 12806
128 101 13062
128 102 13062
128 103 13318
128 104 13318
128 105 13574
128 106 13574
128 107 13830
128 108 13830
128 109 14086
128 110 14086
128 111 14342
128 112 14342
128 113 14598
128 114 14598
128 115 14854
128 116 14854
128 117 15110
128 118 15110
128 119 15366
128 120 15366
128 121 15622
128 122 15622
128 123 15878
128 124 15878
128 125 16134
128 126 16134
128 127 16390
128 128 16390
128 129 16646
128 130 16646
128 131 16902
128 132 16902
128 133 17158
128 134 17158
128 135 17414
128 136 17414
128 137 17670
128 138 17670
128 139 17926
128 140 17926
128 141 18182
128 142 18182
128 143 18438
128 144 18438
128 145 18694
128 146 18694
128 147 18950
128 148 18950
128 149 19206
128 150 19206
128 151 19462
128 152 19462
128 153 19718
128 154 19718
128 155 19974
128 156 19974
128 157 20230
128 158 20230
128 159 20486
128 160 20486
128 161 20742
128 162 20742
128 163 20998
128 164 20998
128 165 21254
128 166 21254
128 167 21510
128 168 21510
128 169 21766
128 170 21766
128 171 22022
128 172 22022
128 173 22278
128 174 22278
128 175 22534
128 176 22534
128 177 22790
128 178 22790
128 179 23046
128 180 23046
128 181 23302
128 182 23302
128 183 23558
128 184 23558
128 185 23814
128 186 23814
128 187 24070
128 188 24070
128 189 24326
128 190 24326
128 191 24582
128 192 24582
128 193 24838
128 194 24838
128 195 25094
128 196 25094
128 197 25350
128 198 25350
128 199 25606
128 200 25606
128 201 25862
128 202 25862
128 203 26118
128 204 26118
128 205 26374
128 206 26374
128 207 26630
128 208 26630
128 209 26886
128 210 26886
128 211 27142
128 212 27142
128 213 27398
128 214 27398
128 215 27654
128 216 27654
128 217 27910
128 218 27910
128 219 28166
128 220 28166
128 221 28422
128 222 28422
128 223 28678
128 224 28678
128 225 28934
128 226 28934
128 227 29190
128 228 29190
128 229 29446
128 230 29446
128 231 29702
128 232 29702
128 233 29958
128 234 29958
128 235 30214
128 236 30214
128 237 30470
128 238 30470
128 239 30726
128 240 30726
128 241 30982
128 242 30982
128 243 31238
128 244 31238
128 245 31494
128 246 31494
128 247 31750
128 248 31750
128 249 32006
128 250 32006
128 251 32262
128 252 32262
128 253 32518
128 254 32518
128 255 32774
129 0 6
129 1 262
129 2 262
129 3 518
129 4 518
129 5 774
129 6 774
129 7 1030
129 8 1030
129 9 1286
129 10 1286
129 11 1542
129 12 1542
129 13 1798
129 14 1798
129 15 2054
129 16 2070
129 17 2326
129 18 2326
129 19 2582
129 20 2582
129 21 2838
129 22 2838
129 23 3094
129 24 3094
129 25 3350
129 26 3350
129 27 3606
129 28 3606
129 29 3862
129 30 3862
129 31 4118
129 32 4134
129 33 4390
129 34 4390
129 35 4646
129 36 4646
129 37 4902
129 38 4902
129 39 5158
129 40 5158
129 41 5414
129 42 5414
129 43 5670
129 44 5670
129 45 5926
129 46 5926
129 47 6182
129 48 6198
129 49 6454
129 50 6454
129 51 6710
129 52 6710
129 53 6966
129 54 6966
129 55 7222
129 56 7222
129 57 7478
129 58 7478
129 59 7734
129 60 7734
129 61 7990
129 62 7990
129 63 8246
129 64 8262
129 65 8518
129 66 8518
129 67 8774
129 68 8774
129 69 9030
129 70 9030
129 71 9286
129 72 9286
129 73 9542
129 74 9542
129 75 9798
129 76 9798
129 77 10054
129 78 10054
129 79 10310
129 80 10326
129 81 10582
129 82 10582
129 83 10838
129 84 10838
129 85 11094
129 86 11094
129 87 11350
129 88 11350
129 89 11606
129 90 11606
129 91 11862
129 92 11862
129 93 12118
129 94 12118
129 95 12374
129 96 12390
129 97 12646
129 98 12646
129 99 12902
129 100 12902
129 101 13158
129 102 13158
129 103 13414
129 104 13414
129 105 13670
129 106 13670
129 107 13926
129 108 13926
129 109 14182
129 110 14182
129 111 14438
129 112 14454
129 113 14710
129 114 14710
129 115 14966
129 116 14966
129 117 15222
129 118 15222
129 119 15478
129 120 15478
129 121 15734
129 122 15734
129 123 15990
129 124 15990
129 125 16246
129 126 16246
129 127 16502
129 128 16518
129 129 16646
129 130 16774
129 131 16902
129 132 17030
129 133 17158
129 134 17286
129 135 17414
129 136 17542
129 137 17670
129 138 17798
129 139 17926
129 140 18054
129 141 18182
129 142 18310
129 143 18438
129 144 18582
129 145 18710
129 146 18838
129 147 18966
129 148 19094
129 149 19222
129 150 19350
129 151 19478
129 152 19606
129 153 19734
129 154 19862
129 155 19990
129 156 20118
129 157 20246
129 158 20374
129 159 20502
129 160 20646
129 161 20774
129 162 20902
129 163 21030
129 164 21158
129 165 21286
129 166 21414
129 167 21542
129 168 21670
129 169 21798
129 170 21926
129 171 22054
129 172 22182
129 173 22310
129 174 22438
129 175 22566
129 176 22710
129 177 22838
129 178 22966
129 179 23094
129 180 23222
129 181 23350
129 182 23478
129 183 23606
129 184 23734
129 185 23862
129 186 23990
129 187 24118
129 188 24246
129 189 24374
129 190 24502
129 191 24630
129 192 24774
129 193 24902
129 194 25030
129 195 25158
129 196 25286
129 197 25414
129 198 25542
129 199 25670
129 200 25798
129 201 25926
129 202 26054
129 203 26182
129 204 26310
129 205 26438
129 206 26566
129 207 26694
129 208 26838
129 209 26966
129 210 27094
129 211 27222
129 212 27350
129 213 27478
129 214 27606
129 215 27734
129 216 27862
129 217 27990
129 218 28118
129 219 28246
129 220 28374
129 221 28502
129 222 28630
129 223 28758
129 224 28902
129 225 29030
129 226 29158
129 227 29286
129 228 29414
129 229 29542
129 230 29670
129 231 29798
129 232 29926
129 233 30054
129 234 30182
129 235 30310
129 236 30438
129 237 30566
129 238 30694
129 239 30822
129 240 30966
129 241 31094
129 242 31222
129 243 31350
129 244 31478
129 245 31606
129 246 31734
129 247 31862
129 248 31990
129 249 32118
129 250 32246
129 251 32374
129 252 32502
129 253 32630
129 254 32758
129 255 32886
130 0 6
130 1 262
130 2 262
130 3 518
130 4 518
130 5 774
130 6 774
130 7 1030
130 8 1046
130 9 1302
130 10 1302
130 11 1558
130 12 1558
130 13 1814
130 14 1814
130 15 2070
130 16 2086
130 17 2342
130 18 2342
130 19 2598
130 20 2598
130 21 2854
130 22 2854
130 23 3110
130 24 3126
130 25 3382
130 26 3382
130 27 3638
130 28 3638
130 29 3894
130 30 3894
130 31 4150
130 32 4166
130 33 4422
130 34 4422
130 35 4678
130 36 4678
130 37 4934
130 38 4934
130 39 5190
130 40 5206
130 41 5462
130 42 5462
130 43 5718
130 44 5718
130 45 5974
130 46 5974
130 47 6230
130 48 6246
130 49 6502
130 50 6502
130 51 6758
130 52 6758
130 53 7014
130 54 7014
130 55 7270
130 56 7286
130 57 7542
130 58 7542
130 59 7798
130 60 7798
130 61 8054
130 62 8054
130 63 8310
130 64 8326
130 65 8454
130 66 8582
130 67 8710
130 68 8838
130 69 8966
130 70 9094
130 71 9222
130 72 9366
130 73 9494
130 74 9622
130 75 9750
130 76 9878
130 77 10006
130 78 10134
130 79 10262
130 80 10406
130 81 10534
130 82 10662
130 83 10790
130 84 10918
130 85 11046
130 86 11174
130 87 11302
130 88 11446
130 89 11574
130 90 11702
130 91 11830
130 92 11958
130 93 12086
130 94 12214
130 95 12342
130 96 12486
130 97 12614
130 98 12742
130 99 12870
130 100 12998
130 101 13126
130 102 13254
130 103 13382
130 104 13526
130 105 13654
130 106 13782
130 107 13910
130 108 14038
130 109 14166
130 110 14294
130 111 14422
130 112 14566
130 113 14694
130 114 14822
130 115 14950
130 116 15078
130 117 15206
130 118 15334
130 119 15462
130 120 15606
130 121 15734
130 122 15862
130 123 15990
130 124 16118
130 125 16246
130 126 16374
130 127 16502
130 128 16646
130 129 16902
130 130 16902
130 131 17158
130 132 17158
130 133 17414
130 134 17414
130 135 17670
130 136 17686
130 137 17942
130 138 17942
130 139 18198
130 140 18198
130 141 18454
130 142 18454
130 143 18710
130 144 18726
130 145 18982
130 146 18982
130 147 19238
130 148 19238
130 149 19494
130 150 19494
130 151 19750
130 152 19766
130 153 20022
130 154 20022
130 155 20278
130 156 20278
130 157 20534
130 158 20534
130 159 20790
130 160 20806
130 161 21062
130 162 21062
130 163 21318
130 164 21318
130 165 21574
130 166 21574
130 167 21830
130 168 21846
130 169 22102
130 170 22102
130 171 22358
130 172 22358
130 173 22614
130 174 22614
130 175 22870
130 176 22886
130 177 23142
130 178 23142
130 179 23398
130 180 23398
130 181 23654
130 182 23654
130 183 23910
130 184 23926
130 185 24182
130 186 24182
130 187 24438
130 188 24438
130 189 24694
130 190 24694
130 191 24950
130 192 24966
130 193 25094
130 194 25222
130 195 25350
130 196 25478
130 197 25606
130 198 25734
130 199 25862
130 200 26006
130 201 26134
130 202 26262
130 203 26390
130 204 26518
130 205 26646
130 206 26774
130 207 26902
130 208 27046
130 209 27174
130 210 27302
130 211 27430
130 212 27558
130 213 27686
130 214 27814
130 215 27942
130 216 28086
130 217 28214
130 218 28342
130 219 28470
130 220 28598
130 221 28726
130 222 28854
130 223 28982
130 224 29126
130 225 29254
130 226 29382
130 227 29510
130 228 29638
130 229 29766
130 230 29894
130 231 30022
130 232 30166
130 233 30294
130 234 30422
130 235 30550
130 236 30678
130 237 30806
130 238 30934
130 239 31062
130 240 31206
130 241 31334
130 242 31462
130 243 31590
130 244 31718
130 245 31846
130 246 31974
130 247 32102
130 248 32246
130 249 32374
130 250 32502
130 251 32630
130 252 32758
130 253 32886
130 254 33014
130 255 33142
131 0 6
131 1 262
131 2 262
131 3 518
131 4 518
131 5 774
131 6 774
131 7 1030
131 8 1046
131 9 1302
131 10 1302
131 11 1558
131 12 1558
131 13 1814
131 14 1814
131 15 2070
131 16 2102
131 17 2358
131 18 2358
131 19 2614
131 20 2614
131 21 2870
131 22 2870
131 23 3126
131 24 3142
131 25 3398
131 26 3398
131 27 3654
131 28 3654
131 29 3910
131 30 3910
131 31 4166
131 32 4198
131 33 4454
131 34 4454
131 35 4710
131 36 4710
131 37 4966
131 38 4966
131 39 5222
131 40 5238
131 41 5494
131 42 5494
131 43 5750
131 44 5750
131 45 6006
131 46 6006
131 47 6262
131 48 6294
131 49 6550
131 50 6550
131 51 6806
131 52 6806
131 53 7062
131 54 7062
131 55 7318
131 56 7334
131 57 7590
131 58 7590
131 59 7846
131 60 7846
131 61 8102
131 62 8102
131 63 8358
131 64 8390
131 65 8518
131 66 8646
131 67 8774
131 68 8902
131 69 9030
131 70 9158
131 71 9286
131 72 9430
131 73 9558
131 74 9686
131 75 9814
131 76 9942
131 77 10070
131 78 10198
131 79 10326
131 80 10486
131 81 10614
131 82 10742
131 83 10870
131 84 10998
131 85 11126
131 86 11254
131 87 11382
131 88 11526
131 89 11654
131 90 11782
131 91 11910
131 92 12038
131 93 12166
131 94 12294
131 95 12422
131 96 12582
131 97 12710
131 98 12838
131 99 12966
131 100 13094
131 101 13222
131 102 13350
131 103 13478
131 104 13622
131 105 13750
131 106 13878
131 107 14006
131 108 14134
131 109 14262
131 110 14390
131 111 14518
131 112 14678
131 113 14806
131 114 14934
131 115 15062
131 116 15190
131 117 15318
131 118 15446
131 119 15574
131 120 15718
131 121 15846
131 122 15974
131 123 16102
131 124 16230
131 125 16358
131 126 16486
131 127 16614
131 128 16774
131 129 16902
131 130 17030
131 131 17158
131 132 17286
131 133 17414
131 134 17542
131 135 17670
131 136 17814
131 137 17942
131 138 18070
131 139 18198
131 140 18326
131 141 18454
131 142 18582
131 143 18710
131 144 18870
131 145 18998
131 146 19126
131 147 19254
131 148 19382
131 149 19510
131 150 19638
131 151 19766
131 152 19910
131 153 20038
131 154 20166
131 155 20294
131 156 20422
131 157 20550
131 158 20678
131 159 20806
131 160 20966
131 161 21094
131 162 21222
131 163 21350
131 164 21478
131 165 21606
131 166 21734
131 167 21862
131 168 22006
131 169 22134
131 170 22262
131 171 22390
131 172 22518
131 173 22646
131 174 22774
131 175 22902
131 176 23062
131 177 23190
131 178 23318
131 179 23446
131 180 23574
131 181 23702
131 182 23830
131 183 23958
131 184 24102
131 185 24230
131 186 24358
131 187 24486
131 188 24614
131 189 24742
131 190 24870
131 191 24998
131 192 25158
131 193 25286
131 194 25414
131 195 25542
131 196 25670
131 197 25798
131 198 25926
131 199 26054
131 200 26198
131 201 26326
131 202 26454
131 203 26582
131 204 26710
131 205 26838
131 206 26966
131 207 27094
131 208 27254
131 209 27382
131 210 27510
131 211 27638
131 212 27766
131 213 27894
131 214 28022
131 215 28150
131 216 28294
131 217 28422
131 218 28550
131 219 28678
131 220 28806
131 221 28934
131 222 29062
131 223 29190
131 224 29350
131 225 29478
131 226 29606
131 227 29734
131 228 29862
131 229 29990
131 230 30118
131 231 30246
131 232 30390
131 233 30518
131 234 30646
131 235 30774
131 236 30902
131 237 31030
131 238 31158
131 239 31286
131 240 31446
131 241 31574
131 242 31702
131 243 31830
131 244 31958
131 245 32086
131 246 32214
131 247 32342
131 248 32486
131 249 32614
131 250 32742
131 251 32870
131 252 32998
131 253 33126
131 254 33254
131 255 33382
132 0 6
132 1 262
132 2 262
132 3 518
132 4 534
132 5 790
132 6 790
132 7 1046
132 8 1094
132 9 1350
132 10 1350
132 11 1606
132 12 1622
132 13 1878
132 14 1878
132 15 2134
132 16 2118
132 17 2374
132 18 2374
132 19 2630
132 20 2646
132 21 2902
132 22 2902
132 23 3158
132 24 3206
132 25 3462
132 26 3462
132 27 3718
132 28 3734
132 29 3990
132 30 3990
132 31 4246
132 32 4230
132 33 4358
132 34 4486
132 35 4614
132 36 4758
132 37 4886
132 38 5014
132 39 5142
132 40 5318
132 41 5446
132 42 5574
132 43 5702
132 44 5846
132 45 5974
132 46 6102
132 47 6230
132 48 6342
132 49 6470
132 50 6598
132 51 6726
132 52 6870
132 53 6998
132 54 7126
132 55 7254
132 56 7430
132 57 7558
132 58 7686
132 59 7814
132 60 7958
132 61 8086
132 62 8214
132 63 8342
132 64 8454
132 65 8710
132 66 8710
132 67 8966
132 68 8982
132 69 9238
132 70 9238
132 71 9494
132 72 9542
132 73 9798
132 74 9798
132 75 10054
132 76 10070
132 77 10326
132 78 10326
132 79 10582
132 80 10566
132 81 10822
132 82 10822
132 83 11078
132 84 11094
132 85 11350
132 86 11350
132 87 11606
132 88 11654
132 89 11910
132 90 11910
132 91 12166
132 92 12182
132 93 12438
132 94 12438
132 95 12694
132 96 12678
132 97 12806
132 98 12934
132 99 13062
132 100 13206
132 101 13334
132 102 13462
132 103 13590
132 104 13766
132 105 13894
132 106 14022
132 107 14150
132 108 14294
132 109 14422
132 110 14550
132 111 14678
132 112 14790
132 113 14918
132 114 15046
132 115 15174
132 116 15318
132 117 15446
132 118 15574
132 119 15702
132 120 15878
132 121 16006
132 122 16134
132 123 16262
132 124 16406
132 125 16534
132 126 16662
132 127 16790
132 128 16902
132 129 17158
132 130 17158
132 131 17414
132 132 17430
132 133 17686
132 134 17686
132 135 17942
132 136 17990
132 137 18246
132 138 18246
132 139 18502
132 140 18518
132 141 18774
132 142 18774
132 143 19030
132 144 19014
132 145 19270
132 146 19270
132 147 19526
132 148 19542
132 149 19798
132 150 19798
132 151 20054
132 152 20102
132 153 20358
132 154 20358
132 155 20614
132 156 20630
132 157 20886
132 158 20886
132 159 21142
132 160 21126
132 161 21254
132 162 21382
132 163 21510
132 164 21654
132 165 21782
132 166 21910
132 167 22038
132 168 22214
132 169 22342
132 170 22470
132 171 22598
132 172 22742
132 173 22870
132 174 22998
132 175 23126
132 176 23238
132 177 23366
132 178 23494
132 179 23622
132 180 23766
132 181 23894
132 182 24022
132 183 24150
132 184 24326
132 185 24454
132 186 24582
132 187 24710
132 188 24854
132 189 24982
132 190 25110
132 191 25238
132 192 25350
132 193 25606
132 194 25606
132 195 25862
132 196 25878
132 197 26134
132 198 26134
132 199 26390
132 200 26438
132 201 26694
132 202 26694
132 203 26950
132 204 26966
132 205 27222
132 206 27222
132 207 27478
132 208 27462
132 209 27718
132 210 27718
132 211 27974
132 212 27990
132 213 28246
132 214 28246
132 215 28502
132 216 28550
132 217 28806
132 218 28806
132 219 29062
132 220 29078
132 221 29334
132 222 29334
132 223 29590
132 224 29574
132 225 29702
132 226 29830
132 227 29958
132 228 30102
132 229 30230
132 230 30358
132 231 30486
132 232 30662
132 233 30790
132 234 30918
132 235 31046
132 236 31190
132 237 31318
132 238 31446
132 239 31574
132 240 31686
132 241 31814
132 242 31942
132 243 32070
132 244 32214
132 245 32342
132 246 32470
132 247 32598
132 248 32774
132 249 32902
132 250 33030
132 251 33158
132 252 33302
132 253 33430
132 254 33558
132 255 33686
133 0 6
133 1 262
133 2 262
133 3 518
133 4 534
133 5 790
133 6 790
133 7 1046
133 8 1094
133 9 1350
133 10 1350
133 11 1606
133 12 1622
133 13 1878
133 14 1878
133 15 2134
133 16 2134
133 17 2390
133 18 2390
133 19 2646
133 20 2662
133 21 2918
133 22 2918
133 23 3174
133 24 3222
133 25 3478
133 26 3478
133 27 3734
133 28 3750
133 29 4006
133 30 4006
133 31 4262
133 32 4262
133 33 4390
133 34 4518
133 35 4646
133 36 4790
133 37 4918
133 38 5046
133 39 5174
133 40 5318
133 41 5446
133 42 5574
133 43 5702
133 44 5846
133 45 5974
133 46 6102
133 47 6230
133 48 6390
133 49 6518
133 50 6646
133 51 6774
133 52 6918
133 53 7046
133 54 7174
133 55 7302
133 56 7446
133 57 7574
133 58 7702
133 59 7830
133 60 7974
133 61 8102
133 62 8230
133 63 8358
133 64 8518
133 65 8774
133 66 8774
133 67 9030
133 68 9046
133 69 9302
133 70 9302
133 71 9558
133 72 9606
133 73 9862
133 74 9862
133 75 10118
133 76 10134
133 77 10390
133 78 10390
133 79 10646
133 80 10646
133 81 10902
133 82 10902
133 83 11158
133 84 11174
133 85 11430
133 86 11430
133 87 11686
133 88 11734
133 89 11990
133 90 11990
133 91 12246
133 92 12262
133 93 12518
133 94 12518
133 95 12774
133 96 12774
133 97 12902
133 98 13030
133 99 13158
133 100 13302
133 101 13430
133 102 13558
133 103 13686
133 104 13830
133 105 13958
133 106 14086
133 107 14214
133 108 14358
133 109 14486
133 110 14614
133 111 14742
133 112 14902
133 113 15030
133 114 15158
133 115 15286
133 116 15430
133 117 15558
133 118 15686
133 119 15814
133 120 15958
133 121 16086
133 122 16214
133 123 16342
133 124 16486
133 125 16614
133 126 16742
133 127 16870
133 128 17030
133 129 17158
133 130 17286
133 131 17414
133 132 17558
133 133 17686
133 134 17814
133 135 17942
133 136 18118
133 137 18246
133 138 18374
133 139 18502
133 140 18646
133 141 18774
133 142 18902
133 143 19030
133 144 19158
133 145 19286
133 146 19414
133 147 19542
133 148 19686
133 149 19814
133 150 19942
133 151 20070
133 152 20246
133 153 20374
133 154 20502
133 155 20630
133 156 20774
133 157 20902
133 158 21030
133 159 21158
133 160 21286
133 161 21414
133 162 21542
133 163 21670
133 164 21814
133 165 21942
133 166 22070
133 167 22198
133 168 22342
133 169 22470
133 170 22598
133 171 22726
133 172 22870
133 173 22998
133 174 23126
133 175 23254
133 176 23414
133 177 23542
133 178 23670
133 179 23798
133 180 23942
133 181 24070
133 182 24198
133 183 24326
133 184 24470
133 185 24598
133 186 24726
133 187 24854
133 188 24998
133 189 25126
133 190 25254
133 191 25382
133 192 25542
133 193 25670
133 194 25798
133 195 25926
133 196 26070
133 197 26198
133 198 26326
133 199 26454
133 200 26630
133 201 26758
133 202 26886
133 203 27014
133 204 27158
133 205 27286
133 206 27414
133 207 27542
133 208 27670
133 209 27798
133 210 27926
133 211 28054
133 212 28198
133 213 28326
133 214 28454
133 215 28582
133 216 28758
133 217 28886
133 218 29014
133 219 29142
133 220 29286
133 221 29414
133 222 29542
133 223 29670
133 224 29798
133 225 29926
133 226 30054
133 227 30182
133 228 30326
133 229 30454
133 230 30582
133 231 30710
133 232 30854
133 233 30982
133 234 31110
133 235 31238
133 236 31382
133 237 31510
133 238 31638
133 239 31766
133 240 31926
133 241 32054
133 242 32182
133 243 32310
133 244 32454
133 245 32582
133 246 32710
133 247 32838
133 248 32982
133 249 33110
133 250 33238
133 251 33366
133 252 33510
133 253 33638
133 254 33766
133 255 33894
134 0 6
134 1 262
134 2 262
134 3 518
134 4 534
134 5 790
134 6 790
134 7 1046
134 8 1110
134 9 1366
134 10 1366
134 11 1622
134 12 1622
134 13 1878
134 14 1878
134 15 2134
134 16 2150
134 17 2406
134 18 2406
134 19 2662
134 20 2678
134 21 2934
134 22 2934
134 23 3190
134 24 3222
134 25 3478
134 26 3478
134 27 3734
134 28 3734
134 29 3990
134 30 3990
134 31 4246
134 32 4294
134 33 4422
134 34 4550
134 35 4678
134 36 4822
134 37 4950
134 38 5078
134 39 5206
134 40 5398
134 41 5526
134 42 5654
134 43 5782
134 44 5910
134 45 6038
134 46 6166
134 47 6294
134 48 6438
134 49 6566
134 50 6694
134 51 6822
134 52 6966
134 53 7094
134 54 7222
134 55 7350
134 56 7510
134 57 7638
134 58 7766
134 59 7894
134 60 8022
134 61 8150
134 62 8278
134 63 8406
134 64 8582
134 65 8710
134 66 8838
134 67 8966
134 68 9110
134 69 9238
134 70 9366
134 71 9494
134 72 9686
134 73 9814
134 74 9942
134 75 10070
134 76 10198
134 77 10326
134 78 10454
134 79 10582
134 80 10726
134 81 10854
134 82 10982
134 83 11110
134 84 11254
134 85 11382
134 86 11510
134 87 11638
134 88 11798
134 89 11926
134 90 12054
134 91 12182
134 92 12310
134 93 12438
134 94 12566
134 95 12694
134 96 12870
134 97 12998
134 98 13126
134 99 13254
134 100 13398
134 101 13526
134 102 13654
134 103 13782
134 104 13974
134 105 14102
134 106 14230
134 107 14358
134 108 14486
134 109 14614
134 110 14742
134 111 14870
134 112 15014
134 113 15142
134 114 15270
134 115 15398
134 116 15542
134 117 15670
134 118 15798
134 119 15926
134 120 16086
134 121 16214
134 122 16342
134 123 16470
134 124 16598
134 125 16726
134 126 16854
134 127 16982
134 128 17158
134 129 17414
134 130 17414
134 131 17670
134 132 17686
134 133 17942
134 134 17942
134 135 18198
134 136 18262
134 137 18518
134 138 18518
134 139 18774
134 140 18774
134 141 19030
134 142 19030
134 143 19286
134 144 19302
134 145 19558
134 146 19558
134 147 19814
134 148 19830
134 149 20086
134 150 20086
134 151 20342
134 152 20374
134 153 20630
134 154 20630
134 155 20886
134 156 20886
134 157 21142
134 158 21142
134 159 21398
134 160 21446
134 161 21574
134 162 21702
134 163 21830
134 164 21974
134 165 22102
134 166 22230
134 167 22358
134 168 22550
134 169 22678
134 170 22806
134 171 22934
134 172 23062
134 173 23190
134 174 23318
134 175 23446
134 176 23590
134 177 23718
134 178 23846
134 179 23974
134 180 24118
134 181 24246
134 182 24374
134 183 24502
134 184 24662
134 185 24790
134 186 24918
134 187 25046
134 188 25174
134 189 25302
134 190 25430
134 191 25558
134 192 25734
134 193 25862
134 194 25990
134 195 26118
134 196 26262
134 197 26390
134 198 26518
134 199 26646
134 200 26838
134 201 26966
134 202 27094
134 203 27222
134 204 27350
134 205 27478
134 206 27606
134 207 27734
134 208 27878
134 209 28006
134 210 28134
134 211 28262
134 212 28406
134 213 28534
134 214 28662
134 215 28790
134 216 28950
134 217 29078
134 218 29206
134 219 29334
134 220 29462
134 221 29590
134 222 29718
134 223 29846
134 224 30022
134 225 30150
134 226 30278
134 227 30406
134 228 30550
134 229 30678
134 230 30806
134 231 30934
134 232 31126
134 233 31254
134 234 31382
134 235 31510
134 236 31638
134 237 31766
134 238 31894
134 239 32022
134 240 32166
134 241 32294
134 242 32422
134 243 32550
134 244 32694
134 245 32822
134 246 32950
134 247 33078
134 248 33238
134 249 33366
134 250 33494
134 251 33622
134 252 33750
134 253 33878
134 254 34006
134 255 34134
135 0 6
135 1 262
135 2 262
135 3 518
135 4 534
135 5 790
135 6 790
135 7 1046
135 8 1110
135 9 1366
135 10 1366
135 11 1622
135 12 1622
135 13 1878
135 14 1878
135 15 2134
135 16 2166
135 17 2422
135 18 2422
135 19 2678
135 20 2694
135 21 2950
135 22 2950
135 23 3206
135 24 3238
135 25 3494
135 26 3494
135 27 3750
135 28 3750
135 29 4006
135 30 4006
135 31 4262
135 32 4326
135 33 4454
135 34 4582
135 35 4710
135 36 4854
135 37 4982
135 38 5110
135 39 5238
135 40 5398
135 41 5526
135 42 5654
135 43 5782
135 44 5910
135 45 6038
135 46 6166
135 47 6294
135 48 6486
135 49 6614
135 50 6742
135 51 6870
135 52 7014
135 53 7142
135 54 7270
135 55 7398
135 56 7590
135 57 7718
135 58 7846
135 59 7974
135 60 8102
135 61 8230
135 62 8358
135 63 8486
135 64 8646
135 65 8774
135 66 8902
135 67 9030
135 68 9174
135 69 9302
135 70 9430
135 71 9558
135 72 9750
135 73 9878
135 74 10006
135 75 10134
135 76 10262
135 77 10390
135 78 10518
135 79 10646
135 80 10806
135 81 10934
135 82 11062
135 83 11190
135 84 11334
135 85 11462
135 86 11590
135 87 11718
135 88 11878
135 89 12006
135 90 12134
135 91 12262
135 92 12390
135 93 12518
135 94 12646
135 95 12774
135 96 12966
135 97 13094
135 98 13222
135 99 13350
135 100 13494
135 101 13622
135 102 13750
135 103 13878
135 104 14038
135 105 14166
135 106 14294
135 107 14422
135 108 14550
135 109 14678
135 110 14806
135 111 14934
135 112 15062
135 113 15190
135 114 15318
135 115 15446
135 116 15590
135 117 15718
135 118 15846
135 119 15974
135 120 16166
135 121 16294
135 122 16422
135 123 16550
135 124 16678
135 125 16806
135 126 16934
135 127 17062
135 128 17286
135 129 17414
135 130 17542
135 131 17670
135 132 17814
135 133 17942
135 134 18070
135 135 18198
135 136 18390
135 137 18518
135 138 18646
135 139 18774
135 140 18902
135 141 19030
135 142 19158
135 143 19286
135 144 19446
135 145 19574
135 146 19702
135 147 19830
135 148 19974
135 149 20102
135 150 20230
135 151 20358
135 152 20518
135 153 20646
135 154 20774
135 155 20902
135 156 21030
135 157 21158
135 158 21286
135 159 21414
135 160 21606
135 161 21734
135 162 21862
135 163 21990
135 164 22134
135 165 22262
135 166 22390
135 167 22518
135 168 22678
135 169 22806
135 170 22934
135 171 23062
135 172 23190
135 173 23318
135 174 23446
135 175 23574
135 176 23766
135 177 23894
135 178 24022
135 179 24150
135 180 24294
135 181 24422
135 182 24550
135 183 24678
135 184 24870
135 185 24998
135 186 25126
135 187 25254
135 188 25382
135 189 25510
135 190 25638
135 191 25766
135 192 25926
135 193 26054
135 194 26182
135 195 26310
135 196 26454
135 197 26582
135 198 26710
135 199 26838
135 200 27030
135 201 27158
135 202 27286
135 203 27414
135 204 27542
135 205 27670
135 206 27798
135 207 27926
135 208 28086
135 209 28214
135 210 28342
135 211 28470
135 212 28614
135 213 28742
135 214 28870
135 215 28998
135 216 29158
135 217 29286
135 218 29414
135 219 29542
135 220 29670
135 221 29798
135 222 29926
135 223 30054
135 224 30118
135 225 30246
135 226 30374
135 227 30502
135 228 30646
135 229 30774
135 230 30902
135 231 31030
135 232 31190
135 233 31318
135 234 31446
135 235 31574
135 236 31702
135 237 31830
135 238 31958
135 239 32086
135 240 32214
135 241 32342
135 242 32470
135 243 32598
135 244 32742
135 245 32870
135 246 32998
135 247 33126
135 248 33318
135 249 33446
135 250 33574
135 251 33702
135 252 33830
135 253 33958
135 254 34086
135 255 34214
136 0 6
136 1 262
136 2 326
136 3 582
136 4 582
136 5 838
136 6 838
136 7 1094
136 8 1158
136 9 1414
136 10 1478
136 11 1734
136 12 1734
136 13 1990
136 14 1990
136 15 2246
136 16 2182
136 17 2310
136 18 2502
136 19 2630
136 20 2758
136 21 2886
136 22 3014
136 23 3142
136 24 3334
136 25 3462
136 26 3654
136 27 3782
136 28 3910
136 29 4038
136 30 4166
136 31 4294
136 32 4358
136 33 4614
136 34 4678
136 35 4934
136 36 4934
136 37 5190
136 38 5190
136 39 5446
136 40 5510
136 41 5766
136 42 5830
136 43 6086
136 44 6086
136 45 6342
136 46 6342
136 47 6598
136 48 6534
136 49 6662
136 50 6854
136 51 6982
136 52 7110
136 53 7238
136 54 7366
136 55 7494
136 56 7686
136 57 7814
136 58 8006
136 59 8134
136 60 8262
136 61 8390
136 62 8518
136 63 8646
136 64 8710
136 65 8966
136 66 9030
136 67 9286
136 68 9286
136 69 9542
136 70 9542
136 71 9798
136 72 9862
136 73 10118
136 74 10182
136 75 10438
136 76 10438
136 77 10694
136 78 10694
136 79 10950
136 80 10886
136 81 11014
136 82 11206
136 83 11334
136 84 11462
136 85 11590
136 86 11718
136 87 11846
136 88 12038
136 89 12166
136 90 12358
136 91 12486
136 92 12614
136 93 12742
136 94 12870
136 95 12998
136 96 13062
136 97 13318
136 98 13382
136 99 13638
136 100 13638
136 101 13894
136 102 13894
136 103 14150
136 104 14214
136 105 14470
136 106 14534
136 107 14790
136 108 14790
136 109 15046
136 110 15046
136 111 15302
136 112 15238
136 113 15366
136 114 15558
136 115 15686
136 116 15814
136 117 15942
136 118 16070
136 119 16198
136 120 16390
136 121 16518
136 122 16710
136 123 16838
136 124 16966
136 125 17094
136 126 17222
136 127 17350
136 128 17414
136 129 17670
136 130 17734
136 131 17990
136 132 17990
136 133 18246
136 134 18246
136 135 18502
136 136 18566
136 137 18822
136 138 18886
136 139 19142
136 140 19142
136 141 19398
136 142 19398
136 143 19654
136 144 19590
136 145 19718
136 146 19910
136 147 20038
136 148 20166
136 149 20294
136 150 20422
136 151 20550
136 152 20742
136 153 20870
136 154 21062
136 155 21190
136 156 21318
136 157 21446
136 158 21574
136 159 21702
136 160 21766
136 161 22022
136 162 22086
136 163 22342
136 164 22342
136 165 22598
136 166 22598
136 167 22854
136 168 22918
136 169 23174
136 170 23238
136 171 23494
136 172 23494
136 173 23750
136 174 23750
136 175 24006
136 176 23942
136 177 24070
136 178 24262
136 179 24390
136 180 24518
136 181 24646
136 182 24774
136 183 24902
136 184 25094
136 185 25222
136 186 25414
136 187 25542
136 188 25670
136 189 25798
136 190 25926
136 191 26054
136 192 26118
136 193 26374
136 194 26438
136 195 26694
136 196 26694
136 197 26950
136 198 26950
136 199 27206
136 200 27270
136 201 27526
136 202 27590
136 203 27846
136 204 27846
136 205 28102
136 206 28102
136 207 28358
136 208 28294
136 209 28422
136 210 28614
136 211 28742
136 212 28870
136 213 28998
136 214 29126
136 215 29254
136 216 29446
136 217 29574
136 218 29766
136 219 29894
136 220 30022
136 221 30150
136 222 30278
136 223 30406
136 224 30470
136 225 30726
136 226 30790
136 227 31046
136 228 31046
136 229 31302
136 230 31302
136 231 31558
136 232 31622
136 233 31878
136 234 31942
136 235 32198
136 236 32198
136 237 32454
136 238 32454
136 239 32710
136 240 32646
136 241 32774
136 242 32966
136 243 33094
136 244 33222
136 245 33350
136 246 33478
136 247 33606
136 248 33798
136 249 33926
136 250 34118
136 251 34246
136 252 34374
136 253 34502
136 254 34630
136 255 34758
137 0 6
137 1 262
137 2 326
137 3 582
137 4 582
137 5 838
137 6 838
137 7 1094
137 8 1158
137 9 1414
137 10 1478
137 11 1734
137 12 1734
137 13 1990
137 14 1990
137 15 2246
137 16 2198
137 17 2326
137 18 2518
137 19 2646
137 20 2774
137 21 2902
137 22 3030
137 23 3158
137 24 3350
137 25 3478
137 26 3670
137 27 3798
137 28 3926
137 29 4054
137 30 4182
137 31 4310
137 32 4390
137 33 4646
137 34 4678
137 35 4934
137 36 4934
137 37 5190
137 38 5222
137 39 5478
137 40 5542
137 41 5798
137 42 5830
137 43 6086
137 44 6086
137 45 6342
137 46 6374
137 47 6630
137 48 6582
137 49 6710
137 50 6870
137 51 6998
137 52 7126
137 53 7254
137 54 7414
137 55 7542
137 56 7734
137 57 7862
137 58 8022
137 59 8150
137 60 8278
137 61 8406
137 62 8566
137 63 8694
137 64 8774
137 65 9030
137 66 9094
137 67 9350
137 68 9350
137 69 9606
137 70 9606
137 71 9862
137 72 9926
137 73 10182
137 74 10246
137 75 10502
137 76 10502
137 77 10758
137 78 10758
137 79 11014
137 80 10966
137 81 11094
137 82 11286
137 83 11414
137 84 11542
137 85 11670
137 86 11798
137 87 11926
137 88 12118
137 89 12246
137 90 12438
137 91 12566
137 92 12694
137 93 12822
137 94 12950
137 95 13078
137 96 13158
137 97 13414
137 98 13446
137 99 13702
137 100 13702
137 101 13958
137 102 13990
137 103 14246
137 104 14310
137 105 14566
137 106 14598
137 107 14854
137 108 14854
137 109 15110
137 110 15142
137 111 15398
137 112 15350
137 113 15478
137 114 15638
137 115 15766
137 116 15894
137 117 16022
137 118 16182
137 119 16310
137 120 16502
137 121 16630
137 122 16790
137 123 16918
137 124 17046
137 125 17174
137 126 17334
137 127 17462
137 128 17542
137 129 17670
137 130 17862
137 131 17990
137 132 18118
137 133 18246
137 134 18374
137 135 18502
137 136 18694
137 137 18822
137 138 19014
137 139 19142
137 140 19270
137 141 19398
137 142 19526
137 143 19654
137 144 19734
137 145 19862
137 146 20054
137 147 20182
137 148 20310
137 149 20438
137 150 20566
137 151 20694
137 152 20886
137 153 21014
137 154 21206
137 155 21334
137 156 21462
137 157 21590
137 158 21718
137 159 21846
137 160 21926
137 161 22054
137 162 22214
137 163 22342
137 164 22470
137 165 22598
137 166 22758
137 167 22886
137 168 23078
137 169 23206
137 170 23366
137 171 23494
137 172 23622
137 173 23750
137 174 23910
137 175 24038
137 176 24118
137 177 24246
137 178 24406
137 179 24534
137 180 24662
137 181 24790
137 182 24950
137 183 25078
137 184 25270
137 185 25398
137 186 25558
137 187 25686
137 188 25814
137 189 25942
137 190 26102
137 191 26230
137 192 26310
137 193 26438
137 194 26630
137 195 26758
137 196 26886
137 197 27014
137 198 27142
137 199 27270
137 200 27462
137 201 27590
137 202 27782
137 203 27910
137 204 28038
137 205 28166
137 206 28294
137 207 28422
137 208 28502
137 209 28630
137 210 28822
137 211 28950
137 212 29078
137 213 29206
137 214 29334
137 215 29462
137 216 29654
137 217 29782
137 218 29974
137 219 30102
137 220 30230
137 221 30358
137 222 30486
137 223 30614
137 224 30694
137 225 30822
137 226 30982
137 227 31110
137 228 31238
137 229 31366
137 230 31526
137 231 31654
137 232 31846
137 233 31974
137 234 32134
137 235 32262
137 236 32390
137 237 32518
137 238 32678
137 239 32806
137 240 32886
137 241 33014
137 242 33174
137 243 33302
137 244 33430
137 245 33558
137 246 33718
137 247 33846
137 248 34038
137 249 34166
137 250 34326
137 251 34454
137 252 34582
137 253 34710
137 254 34870
137 255 34998
138 0 6
138 1 262
138 2 326
138 3 582
138 4 582
138 5 838
138 6 838
138 7 1094
138 8 1174
138 9 1430
138 10 1478
138 11 1734
138 12 1750
138 13 2006
138 14 1990
138 15 2246
138 16 2214
138 17 2342
138 18 2502
138 19 2630
138 20 2758
138 21 2886
138 22 3046
138 23 3174
138 24 3382
138 25 3510
138 26 3654
138 27 3782
138 28 3926
138 29 4054
138 30 4198
138 31 4326
138 32 4422
138 33 4678
138 34 4742
138 35 4998
138 36 4998
138 37 5254
138 38 5254
138 39 5510
138 40 5526
138 41 5782
138 42 5830
138 43 6086
138 44 6102
138 45 6358
138 46 6342
138 47 6598
138 48 6630
138 49 6758
138 50 6918
138 51 7046
138 52 7174
138 53 7302
138 54 7462
138 55 7590
138 56 7734
138 57 7862
138 58 8006
138 59 8134
138 60 8278
138 61 8406
138 62 8550
138 63 8678
138 64 8838
138 65 8966
138 66 9158
138 67 9286
138 68 9414
138 69 9542
138 70 9670
138 71 9798
138 72 10006
138 73 10134
138 74 10310
138 75 10438
138 76 10582
138 77 10710
138 78 10822
138 79 10950
138 80 11046
138 81 11174
138 82 11334
138 83 11462
138 84 11590
138 85 11718
138 86 11878
138 87 12006
138 88 12214
138 89 12342
138 90 12486
138 91 12614
138 92 12758
138 93 12886
138 94 13030
138 95 13158
138 96 13254
138 97 13382
138 98 13574
138 99 13702
138 100 13830
138 101 13958
138 102 14086
138 103 14214
138 104 14358
138 105 14486
138 106 14662
138 107 14790
138 108 14934
138 109 15062
138 110 15174
138 111 15302
138 112 15462
138 113 15590
138 114 15750
138 115 15878
138 116 16006
138 117 16134
138 118 16294
138 119 16422
138 120 16566
138 121 16694
138 122 16838
138 123 16966
138 124 17110
138 125 17238
138 126 17382
138 127 17510
138 128 17670
138 129 17926
138 130 17990
138 131 18246
138 132 18246
138 133 18502
138 134 18502
138 135 18758
138 136 18838
138 137 19094
138 138 19142
138 139 19398
138 140 19414
138 141 19670
138 142 19654
138 143 19910
138 144 19878
138 145 20006
138 146 20166
138 147 20294
138 148 20422
138 149 20550
138 150 20710
138 151 20838
138 152 21046
138 153 21174
138 154 21318
138 155 21446
138 156 21590
138 157 21718
138 158 21862
138 159 21990
138 160 22086
138 161 22342
138 162 22406
138 163 22662
138 164 22662
138 165 22918
138 166 22918
138 167 23174
138 168 23190
138 169 23446
138 170 23494
138 171 23750
138 172 23766
138 173 24022
138 174 24006
138 175 24262
138 176 24294
138 177 24422
138 178 24582
138 179 24710
138 180 24838
138 181 24966
138 182 25126
138 183 25254
138 184 25398
138 185 25526
138 186 25670
138 187 25798
138 188 25942
138 189 26070
138 190 26214
138 191 26342
138 192 26502
138 193 26630
138 194 26822
138 195 26950
138 196 27078
138 197 27206
138 198 27334
138 199 27462
138 200 27670
138 201 27798
138 202 27974
138 203 28102
138 204 28246
138 205 28374
138 206 28486
138 207 28614
138 208 28710
138 209 28838
138 210 28998
138 211 29126
138 212 29254
138 213 29382
138 214 29542
138 215 29670
138 216 29878
138 217 30006
138 218 30150
138 219 30278
138 220 30422
138 221 30550
138 222 30694
138 223 30822
138 224 30918
138 225 31046
138 226 31238
138 227 31366
138 228 31494
138 229 31622
138 230 31750
138 231 31878
138 232 32022
138 233 32150
138 234 32326
138 235 32454
138 236 32598
138 237 32726
138 238 32838
138 239 32966
138 240 33126
138 241 33254
138 242 33414
138 243 33542
138 244 33670
138 245 33798
138 246 33958
138 247 34086
138 248 34230
138 249 34358
138 250 34502
138 251 34630
138 252 34774
138 253 34902
138 254 35046
138 255 35174
139 0 6
139 1 262
139 2 326
139 3 582
139 4 582
139 5 838
139 6 838
139 7 1094
139 8 1174
139 9 1430
139 10 1478
139 11 1734
139 12 1750
139 13 2006
139 14 1990
139 15 2246
139 16 2230
139 17 2358
139 18 2518
139 19 2646
139 20 2774
139 21 2902
139 22 3062
139 23 3190
139 24 3398
139 25 3526
139 26 3670
139 27 3798
139 28 3942
139 29 4070
139 30 4214
139 31 4342
139 32 4454
139 33 4710
139 34 4742
139 35 4998
139 36 4998
139 37 5254
139 38 5286
139 39 5542
139 40 5558
139 41 5814
139 42 5830
139 43 6086
139 44 6102
139 45 6358
139 46 6374
139 47 6630
139 48 6678
139 49 6806
139 50 6998
139 51 7126
139 52 7254
139 53 7382
139 54 7510
139 55 7638
139 56 7782
139 57 7910
139 58 8086
139 59 8214
139 60 8358
139 61 8486
139 62 8598
139 63 8726
139 64 8902
139 65 9030
139 66 9222
139 67 9350
139 68 9478
139 69 9606
139 70 9734
139 71 9862
139 72 10070
139 73 10198
139 74 10374
139 75 10502
139 76 10646
139 77 10774
139 78 10886
139 79 11014
139 80 11126
139 81 11254
139 82 11414
139 83 11542
139 84 11670
139 85 11798
139 86 11958
139 87 12086
139 88 12294
139 89 12422
139 90 12566
139 91 12694
139 92 12838
139 93 12966
139 94 13110
139 95 13238
139 96 13350
139 97 13478
139 98 13638
139 99 13766
139 100 13894
139 101 14022
139 102 14182
139 103 14310
139 104 14454
139 105 14582
139 106 14726
139 107 14854
139 108 14998
139 109 15126
139 110 15270
139 111 15398
139 112 15574
139 113 15702
139 114 15894
139 115 16022
139 116 16150
139 117 16278
139 118 16406
139 119 16534
139 120 16678
139 121 16806
139 122 16982
139 123 17110
139 124 17254
139 125 17382
139 126 17494
139 127 17622
139 128 17798
139 129 17926
139 130 18118
139 131 18246
139 132 18374
139 133 18502
139 134 18630
139 135 18758
139 136 18966
139 137 19094
139 138 19270
139 139 19398
139 140 19542
139 141 19670
139 142 19782
139 143 19910
139 144 20022
139 145 20150
139 146 20310
139 147 20438
139 148 20566
139 149 20694
139 150 20854
139 151 20982
139 152 21190
139 153 21318
139 154 21462
139 155 21590
139 156 21734
139 157 21862
139 158 22006
139 159 22134
139 160 22246
139 161 22374
139 162 22534
139 163 22662
139 164 22790
139 165 22918
139 166 23078
139 167 23206
139 168 23350
139 169 23478
139 170 23622
139 171 23750
139 172 23894
139 173 24022
139 174 24166
139 175 24294
139 176 24470
139 177 24598
139 178 24790
139 179 24918
139 180 25046
139 181 25174
139 182 25302
139 183 25430
139 184 25574
139 185 25702
139 186 25878
139 187 26006
139 188 26150
139 189 26278
139 190 26390
139 191 26518
139 192 26694
139 193 26822
139 194 27014
139 195 27142
139 196 27270
139 197 27398
139 198 27526
139 199 27654
139 200 27862
139 201 27990
139 202 28166
139 203 28294
139 204 28438
139 205 28566
139 206 28678
139 207 28806
139 208 28790
139 209 28918
139 210 29078
139 211 29206
139 212 29334
139 213 29462
139 214 29622
139 215 29750
139 216 29958
139 217 30086
139 218 30230
139 219 30358
139 220 30502
139 221 30630
139 222 30774
139 223 30902
139 224 31142
139 225 31270
139 226 31430
139 227 31558
139 228 31686
139 229 31814
139 230 31974
139 231 32102
139 232 32246
139 233 32374
139 234 32518
139 235 32646
139 236 32790
139 237 32918
139 238 33062
139 239 33190
139 240 33238
139 241 33366
139 242 33558
139 243 33686
139 244 33814
139 245 33942
139 246 34070
139 247 34198
139 248 34342
139 249 34470
139 250 34646
139 251 34774
139 252 34918
139 253 35046
139 254 35158
139 255 35286
140 0 6
140 1 262
140 2 326
140 3 582
140 4 598
140 5 854
140 6 838
140 7 1094
140 8 1222
140 9 1478
140 10 1478
140 11 1734
140 12 1750
140 13 2006
140 14 2022
140 15 2278
140 16 2246
140 17 2374
140 18 2566
140 19 2694
140 20 2838
140 21 2966
140 22 3078
140 23 3206
140 24 3398
140 25 3526
140 26 3654
140 27 3782
140 28 3926
140 29 4054
140 30 4198
140 31 4326
140 32 4486
140 33 4614
140 34 4806
140 35 4934
140 36 5078
140 37 5206
140 38 5318
140 39 5446
140 40 5702
140 41 5830
140 42 5958
140 43 6086
140 44 6230
140 45 6358
140 46 6502
140 47 6630
140 48 6726
140 49 6854
140 50 7046
140 51 7174
140 52 7318
140 53 7446
140 54 7558
140 55 7686
140 56 7878
140 57 8006
140 58 8134
140 59 8262
140 60 8406
140 61 8534
140 62 8678
140 63 8806
140 64 8966
140 65 9222
140 66 9286
140 67 9542
140 68 9558
140 69 9814
140 70 9798
140 71 10054
140 72 10182
140 73 10438
140 74 10438
140 75 10694
140 76 10710
140 77 10966
140 78 10982
140 79 11238
140 80 11206
140 81 11334
140 82 11526
140 83 11654
140 84 11798
140 85 11926
140 86 12038
140 87 12166
140 88 12358
140 89 12486
140 90 12614
140 91 12742
140 92 12886
140 93 13014
140 94 13158
140 95 13286
140 96 13446
140 97 13574
140 98 13766
140 99 13894
140 100 14038
140 101 14166
140 102 14278
140 103 14406
140 104 14662
140 105 14790
140 106 14918
140 107 15046
140 108 15190
140 109 15318
140 110 15462
140 111 15590
140 112 15686
140 113 15814
140 114 16006
140 115 16134
140 116 16278
140 117 16406
140 118 16518
140 119 16646
140 120 16838
140 121 16966
140 122 17094
140 123 17222
140 124 17366
140 125 17494
140 126 17638
140 127 17766
140 128 17926
140 129 18182
140 130 18246
140 131 18502
140 132 18518
140 133 18774
140 134 18758
140 135 19014
140 136 19142
140 137 19398
140 138 19398
140 139 19654
140 140 19670
140 141 19926
140 142 19942
140 143 20198
140 144 20166
140 145 20294
140 146 20486
140 147 20614
140 148 20758
140 149 20886
140 150 20998
140 151 21126
140 152 21318
140 153 21446
140 154 21574
140 155 21702
140 156 21846
140 157 21974
140 158 22118
140 159 22246
140 160 22406
140 161 22534
140 162 22726
140 163 22854
140 164 22998
140 165 23126
140 166 23238
140 167 23366
140 168 23622
140 169 23750
140 170 23878
140 171 24006
140 172 24150
140 173 24278
140 174 24422
140 175 24550
140 176 24646
140 177 24774
140 178 24966
140 179 25094
140 180 25238
140 181 25366
140 182 25478
140 183 25606
140 184 25798
140 185 25926
140 186 26054
140 187 26182
140 188 26326
140 189 26454
140 190 26598
140 191 26726
140 192 26886
140 193 27142
140 194 27206
140 195 27462
140 196 27478
140 197 27734
140 198 27718
140 199 27974
140 200 28102
140 201 28358
140 202 28358
140 203 28614
140 204 28630
140 205 28886
140 206 28902
140 207 29158
140 208 29126
140 209 29254
140 210 29446
140 211 29574
140 212 29718
140 213 29846
140 214 29958
140 215 30086
140 216 30278
140 217 30406
140 218 30534
140 219 30662
140 220 30806
140 221 30934
140 222 31078
140 223 31206
140 224 31366
140 225 31494
140 226 31686
140 227 31814
140 228 31958
140 229 32086
140 230 32198
140 231 32326
140 232 32582
140 233 32710
140 234 32838
140 235 32966
140 236 33110
140 237 33238
140 238 33382
140 239 33510
140 240 33606
140 241 33734
140 242 33926
140 243 34054
140 244 34198
140 245 34326
140 246 34438
140 247 34566
140 248 34758
140 249 34886
140 250 35014
140 251 35142
140 252 35286
140 253 35414
140 254 35558
140 255 35686
141 0 6
141 1 262
141 2 326
141 3 582
141 4 598
141 5 854
141 6 838
141 7 1094
141 8 1222
141 9 1478
141 10 1478
141 11 1734
141 12 1750
141 13 2006
141 14 2022
141 15 2278
141 16 2262
141 17 2390
141 18 2582
141 19 2710
141 20 2854
141 21 2982
141 22 3094
141 23 3222
141 24 3414
141 25 3542
141 26 3670
141 27 3798
141 28 3942
141 29 4070
141 30 4214
141 31 4342
141 32 4518
141 33 4646
141 34 4806
141 35 4934
141 36 5078
141 37 5206
141 38 5350
141 39 5478
141 40 5702
141 41 5830
141 42 5990
141 43 6118
141 44 6230
141 45 6358
141 46 6502
141 47 6630
141 48 6774
141 49 6902
141 50 7062
141 51 7190
141 52 7334
141 53 7462
141 54 7606
141 55 7734
141 56 7894
141 57 8022
141 58 8182
141 59 8310
141 60 8422
141 61 8550
141 62 8694
141 63 8822
141 64 9030
141 65 9286
141 66 9350
141 67 9606
141 68 9622
141 69 9878
141 70 9862
141 71 10118
141 72 10246
141 73 10502
141 74 10502
141 75 10758
141 76 10774
141 77 11030
141 78 11046
141 79 11302
141 80 11286
141 81 11414
141 82 11606
141 83 11734
141 84 11878
141 85 12006
141 86 12118
141 87 12246
141 88 12438
141 89 12566
141 90 12694
141 91 12822
141 92 12966
141 93 13094
141 94 13238
141 95 13366
141 96 13542
141 97 13670
141 98 13830
141 99 13958
141 100 14102
141 101 14230
141 102 14374
141 103 14502
141 104 14726
141 105 14854
141 106 15014
141 107 15142
141 108 15254
141 109 15382
141 110 15526
141 111 15654
141 112 15798
141 113 15926
141 114 16086
141 115 16214
141 116 16358
141 117 16486
141 118 16630
141 119 16758
141 120 16918
141 121 17046
141 122 17206
141 123 17334
141 124 17446
141 125 17574
141 126 17718
141 127 17846
141 128 18054
141 129 18182
141 130 18374
141 131 18502
141 132 18646
141 133 18774
141 134 18886
141 135 19014
141 136 19270
141 137 19398
141 138 19526
141 139 19654
141 140 19798
141 141 19926
141 142 20070
141 143 20198
141 144 20310
141 145 20438
141 146 20630
141 147 20758
141 148 20902
141 149 21030
141 150 21142
141 151 21270
141 152 21462
141 153 21590
141 154 21718
141 155 21846
141 156 21990
141 157 22118
141 158 22262
141 159 22390
141 160 22566
141 161 22694
141 162 22854
141 163 22982
141 164 23126
141 165 23254
141 166 23398
141 167 23526
141 168 23750
141 169 23878
141 170 24038
141 171 24166
141 172 24278
141 173 24406
141 174 24550
141 175 24678
141 176 24694
141 177 24822
141 178 24982
141 179 25110
141 180 25254
141 181 25382
141 182 25526
141 183 25654
141 184 25814
141 185 25942
141 186 26102
141 187 26230
141 188 26342
141 189 26470
141 190 26614
141 191 26742
141 192 27078
141 193 27206
141 194 27398
141 195 27526
141 196 27670
141 197 27798
141 198 27910
141 199 28038
141 200 28294
141 201 28422
141 202 28550
141 203 28678
141 204 28822
141 205 28950
141 206 29094
141 207 29222
141 208 29334
141 209 29462
141 210 29654
141 211 29782
141 212 29926
141 213 30054
141 214 30166
141 215 30294
141 216 30486
141 217 30614
141 218 30742
141 219 30870
141 220 31014
141 221 31142
141 222 31286
141 223 31414
141 224 31590
141 225 31718
141 226 31878
141 227 32006
141 228 32150
141 229 32278
141 230 32422
141 231 32550
141 232 32774
141 233 32902
141 234 33062
141 235 33190
141 236 33302
141 237 33430
141 238 33574
141 239 33702
141 240 33718
141 241 33846
141 242 34006
141 243 34134
141 244 34278
141 245 34406
141 246 34550
141 247 34678
141 248 34838
141 249 34966
141 250 35126
141 251 35254
141 252 35366
141 253 35494
141 254 35638
141 255 35766
142 0 6
142 1 262
142 2 326
142 3 582
142 4 598
142 5 854
142 6 838
142 7 1094
142 8 1238
142 9 1494
142 10 1478
142 11 1734
142 12 1750
142 13 2006
142 14 2022
142 15 2278
142 16 2278
142 17 2406
142 18 2566
142 19 2694
142 20 2838
142 21 2966
142 22 3110
142 23 3238
142 24 3414
142 25 3542
142 26 3686
142 27 3814
142 28 3926
142 29 4054
142 30 4198
142 31 4326
142 32 4550
142 33 4678
142 34 4870
142 35 4998
142 36 5142
142 37 5270
142 38 5382
142 39 5510
142 40 5718
142 41 5846
142 42 5958
142 43 6086
142 44 6230
142 45 6358
142 46 6502
142 47 6630
142 48 6822
142 49 6950
142 50 7110
142 51 7238
142 52 7382
142 53 7510
142 54 7654
142 55 7782
142 56 7958
142 57 8086
142 58 8230
142 59 8358
142 60 8470
142 61 8598
142 62 8742
142 63 8870
142 64 9094
142 65 9222
142 66 9414
142 67 9542
142 68 9686
142 69 9814
142 70 9926
142 71 10054
142 72 10326
142 73 10454
142 74 10566
142 75 10694
142 76 10838
142 77 10966
142 78 11110
142 79 11238
142 80 11366
142 81 11494
142 82 11654
142 83 11782
142 84 11926
142 85 12054
142 86 12198
142 87 12326
142 88 12502
142 89 12630
142 90 12774
142 91 12902
142 92 13014
142 93 13142
142 94 13286
142 95 13414
142 96 13638
142 97 13766
142 98 13958
142 99 14086
142 100 14230
142 101 14358
142 102 14470
142 103 14598
142 104 14806
142 105 14934
142 106 15046
142 107 15174
142 108 15318
142 109 15446
142 110 15590
142 111 15718
142 112 15782
142 113 15910
142 114 16070
142 115 16198
142 116 16342
142 117 16470
142 118 16614
142 119 16742
142 120 16918
142 121 17046
142 122 17190
142 123 17318
142 124 17430
142 125 17558
142 126 17702
142 127 17830
142 128 18182
142 129 18438
142 130 18502
142 131 18758
142 132 18774
142 133 19030
142 134 19014
142 135 19270
142 136 19414
142 137 19670
142 138 19654
142 139 19910
142 140 19926
142 141 20182
142 142 20198
142 143 20454
142 144 20454
142 145 20582
142 146 20742
142 147 20870
142 148 21014
142 149 21142
142 150 21286
142 151 21414
142 152 21590
142 153 21718
142 154 21862
142 155 21990
142 156 22102
142 157 22230
142 158 22374
142 159 22502
142 160 22726
142 161 22854
142 162 23046
142 163 23174
142 164 23318
142 165 23446
142 166 23558
142 167 23686
142 168 23894
142 169 24022
142 170 24134
142 171 24262
142 172 24406
142 173 24534
142 174 24678
142 175 24806
142 176 24998
142 177 25126
142 178 25286
142 179 25414
142 180 25558
142 181 25686
142 182 25830
142 183 25958
142 184 26134
142 185 26262
142 186 26406
142 187 26534
142 188 26646
142 189 26774
142 190 26918
142 191 27046
142 192 27270
142 193 27398
142 194 27590
142 195 27718
142 196 27862
142 197 27990
142 198 28102
142 199 28230
142 200 28502
142 201 28630
142 202 28742
142 203 28870
142 204 29014
142 205 29142
142 206 29286
142 207 29414
142 208 29542
142 209 29670
142 210 29830
142 211 29958
142 212 30102
142 213 30230
142 214 30374
142 215 30502
142 216 30678
142 217 30806
142 218 30950
142 219 31078
142 220 31190
142 221 31318
142 222 31462
142 223 31590
142 224 31814
142 225 31942
142 226 32134
142 227 32262
142 228 32406
142 229 32534
142 230 32646
142 231 32774
142 232 32982
142 233 33110
142 234 33222
142 235 33350
142 236 33494
142 237 33622
142 238 33766
142 239 33894
142 240 33958
142 241 34086
142 242 34246
142 243 34374
142 244 34518
142 245 34646
142 246 34790
142 247 34918
142 248 35094
142 249 35222
142 250 35366
142 251 35494
142 252 35606
142 253 35734
142 254 35878
142 255 36006
143 0 6
143 1 262
143 2 326
143 3 582
143 4 598
143 5 854
143 6 838
143 7 1094
143 8 1238
143 9 1494
143 10 1478
143 11 1734
143 12 1750
143 13 2006
143 14 2022
143 15 2278
143 16 2294
143 17 2422
143 18 2582
143 19 2710
143 20 2854
143 21 2982
143 22 3126
143 23 3254
143 24 3430
143 25 3558
143 26 3702
143 27 3830
143 28 3942
143 29 4070
143 30 4214
143 31 4342
143 32 4582
143 33 4710
143 34 4870
143 35 4998
143 36 5142
143 37 5270
143 38 5414
143 39 5542
143 40 5718
143 41 5846
143 42 5990
143 43 6118
143 44 6230
143 45 6358
143 46 6502
143 47 6630
143 48 6870
143 49 6998
143 50 7190
143 51 7318
143 52 7462
143 53 7590
143 54 7702
143 55 7830
143 56 8038
143 57 8166
143 58 8278
143 59 8406
143 60 8550
143 61 8678
143 62 8822
143 63 8950
143 64 9158
143 65 9286
143 66 9478
143 67 9606
143 68 9750
143 69 9878
143 70 9990
143 71 10118
143 72 10390
143 73 10518
143 74 10630
143 75 10758
143 76 10902
143 77 11030
143 78 11174
143 79 11302
143 80 11446
143 81 11574
143 82 11734
143 83 11862
143 84 12006
143 85 12134
143 86 12278
143 87 12406
143 88 12582
143 89 12710
143 90 12854
143 91 12982
143 92 13094
143 93 13222
143 94 13366
143 95 13494
143 96 13734
143 97 13862
143 98 14022
143 99 14150
143 100 14294
143 101 14422
143 102 14566
143 103 14694
143 104 14870
143 105 14998
143 106 15142
143 107 15270
143 108 15382
143 109 15510
143 110 15654
143 111 15782
143 112 15830
143 113 15958
143 114 16150
143 115 16278
143 116 16422
143 117 16550
143 118 16662
143 119 16790
143 120 16998
143 121 17126
143 122 17238
143 123 17366
143 124 17510
143 125 17638
143 126 17782
143 127 17910
143 128 18310
143 129 18438
143 130 18630
143 131 18758
143 132 18902
143 133 19030
143 134 19142
143 135 19270
143 136 19542
143 137 19670
143 138 19782
143 139 19910
143 140 20054
143 141 20182
143 142 20326
143 143 20454
143 144 20598
143 145 20726
143 146 20886
143 147 21014
143 148 21158
143 149 21286
143 150 21430
143 151 21558
143 152 21734
143 153 21862
143 154 22006
143 155 22134
143 156 22246
143 157 22374
143 158 22518
143 159 22646
143 160 22886
143 161 23014
143 162 23174
143 163 23302
143 164 23446
143 165 23574
143 166 23718
143 167 23846
143 168 24022
143 169 24150
143 170 24294
143 171 24422
143 172 24534
143 173 24662
143 174 24806
143 175 24934
143 176 25046
143 177 25174
143 178 25366
143 179 25494
143 180 25638
143 181 25766
143 182 25878
143 183 26006
143 184 26214
143 185 26342
143 186 26454
143 187 26582
143 188 26726
143 189 26854
143 190 26998
143 191 27126
143 192 27462
143 193 27590
143 194 27782
143 195 27910
143 196 28054
143 197 28182
143 198 28294
143 199 28422
143 200 28694
143 201 28822
143 202 28934
143 203 29062
143 204 29206
143 205 29334
143 206 29478
143 207 29606
143 208 29622
143 209 29750
143 210 29910
143 211 30038
143 212 30182
143 213 30310
143 214 30454
143 215 30582
143 216 30758
143 217 30886
143 218 31030
143 219 31158
143 220 31270
143 221 31398
143 222 31542
143 223 31670
143 224 31910
143 225 32038
143 226 32198
143 227 32326
143 228 32470
143 229 32598
143 230 32742
143 231 32870
143 232 33046
143 233 33174
143 234 33318
143 235 33446
143 236 33558
143 237 33686
143 238 33830
143 239 33958
143 240 34006
143 241 34134
143 242 34326
143 243 34454
143 244 34598
143 245 34726
143 246 34838
143 247 34966
143 248 35174
143 249 35302
143 250 35414
143 251 35542
143 252 35686
143 253 35814
143 254 35958
143 255 36086
144 0 6
144 1 326
144 2 294
144 3 582
144 4 646
144 5 966
144 6 934
144 7 1222
144 8 1286
144 9 1350
144 10 1574
144 11 1606
144 12 1926
144 13 1990
144 14 2214
144 15 2246
144 16 2310
144 17 2630
144 18 2598
144 19 2886
144 20 2950
144 21 3270
144 22 3238
144 23 3526
144 24 3590
144 25 3654
144 26 3878
144 27 3910
144 28 4230
144 29 4294
144 30 4518
144 31 4550
144 32 4614
144 33 4934
144 34 4902
144 35 5190
144 36 5254
144 37 5574
144 38 5542
144 39 5830
144 40 5894
144 41 5958
144 42 6182
144 43 6214
144 44 6534
144 45 6598
144 46 6822
144 47 6854
144 48 6918
144 49 7238
144 50 7206
144 51 7494
144 52 7558
144 53 7878
144 54 7846
144 55 8134
144 56 8198
144 57 8262
144 58 8486
144 59 8518
144 60 8838
144 61 8902
144 62 9126
144 63 9158
144 64 9222
144 65 9542
144 66 9510
144 67 9798
144 68 9862
144 69 10182
144 70 10150
144 71 10438
144 72 10502
144 73 10566
144 74 10790
144 75 10822
144 76 11142
144 77 11206
144 78 11430
144 79 11462
144 80 11526
144 81 11846
144 82 11814
144 83 12102
144 84 12166
144 85 12486
144 86 12454
144 87 12742
144 88 12806
144 89 12870
144 90 13094
144 91 13126
144 92 13446
144 93 13510
144 94 13734
144 95 13766
144 96 13830
144 97 14150
144 98 14118
144 99 14406
144 100 14470
144 101 14790
144 102 14758
144 103 15046
144 104 15110
144 105 15174
144 106 15398
144 107 15430
144 108 15750
144 109 15814
144 110 16038
144 111 16070
144 112 16134
144 113 16454
144 114 16422
144 115 16710
144 116 16774
144 117 17094
144 118 17062
144 119 17350
144 120 17414
144 121 17478
144 122 17702
144 123 17734
144 124 18054
144 125 18118
144 126 18342
144 127 18374
144 128 18438
144 129 18758
144 130 18726
144 131 19014
144 132 19078
144 133 19398
144 134 19366
144 135 19654
144 136 19718
144 137 19782
144 138 20006
144 139 20038
144 140 20358
144 141 20422
144 142 20646
144 143 20678
144 144 20742
144 145 21062
144 146 21030
144 147 21318
144 148 21382
144 149 21702
144 150 21670
144 151 21958
144 152 22022
144 153 22086
144 154 22310
144 155 22342
144 156 22662
144 157 22726
144 158 22950
144 159 22982
144 160 23046
144 161 23366
144 162 23334
144 163 23622
144 164 23686
144 165 24006
144 166 23974
144 167 24262
144 168 24326
144 169 24390
144 170 24614
144 171 24646
144 172 24966
144 173 25030
144 174 25254
144 175 25286
144 176 25350
144 177 25670
144 178 25638
144 179 25926
144 180 25990
144 181 26310
144 182 26278
144 183 26566
144 184 26630
144 185 26694
144 186 26918
144 187 26950
144 188 27270
144 189 27334
144 190 27558
144 191 27590
144 192 27654
144 193 27974
144 194 27942
144 195 28230
144 196 28294
144 197 28614
144 198 28582
144 199 28870
144 200 28934
144 201 28998
144 202 29222
144 203 29254
144 204 29574
144 205 29638
144 206 29862
144 207 29894
144 208 29958
144 209 30278
144 210 30246
144 211 30534
144 212 30598
144 213 30918
144 214 30886
144 215 31174
144 216 31238
144 217 31302
144 218 31526
144 219 31558
144 220 31878
144 221 31942
144 222 32166
144 223 32198
144 224 32262
144 225 32582
144 226 32550
144 227 32838
144 228 32902
144 229 33222
144 230 33190
144 231 33478
144 232 33542
144 233 33606
144 234 33830
144 235 33862
144 236 34182
144 237 34246
144 238 34470
144 239 34502
144 240 34566
144 241 34886
144 242 34854
144 243 35142
144 244 35206
144 245 35526
144 246 35494
144 247 35782
144 248 35846
144 249 35910
144 250 36134
144 251 36166
144 252 36486
144 253 36550
144 254 36774
144 255 36806
145 0 6
145 1 326
145 2 294
145 3 582
145 4 646
145 5 966
145 6 934
145 7 1222
145 8 1286
145 9 1350
145 10 1574
145 11 1606
145 12 1926
145 13 1990
145 14 2214
145 15 2246
145 16 2326
145 17 2646
145 18 2614
145 19 2902
145 20 2966
145 21 3286
145 22 3254
145 23 3542
145 24 3606
145 25 3670
145 26 3894
145 27 3926
145 28 4246
145 29 4310
145 30 4534
145 31 4566
145 32 4646
145 33 4934
145 34 4902
145 35 5190
145 36 5286
145 37 5574
145 38 5542
145 39 5830
145 40 5926
145 41 5958
145 42 6182
145 43 6214
145 44 6566
145 45 6598
145 46 6822
145 47 6854
145 48 6966
145 49 7254
145 50 7222
145 51 7510
145 52 7606
145 53 7894
145 54 7862
145 55 8150
145 56 8246
145 57 8278
145 58 8502
145 59 8534
145 60 8886
145 61 8918
145 62 9142
145 63 9174
145 64 9286
145 65 9606
145 66 9574
145 67 9862
145 68 9926
145 69 10246
145 70 10214
145 71 10502
145 72 10566
145 73 10630
145 74 10854
145 75 10886
145 76 11206
145 77 11270
145 78 11494
145 79 11526
145 80 11606
145 81 11926
145 82 11894
145 83 12182
145 84 12246
145 85 12566
145 86 12534
145 87 12822
145 88 12886
145 89 12950
145 90 13174
145 91 13206
145 92 13526
145 93 13590
145 94 13814
145 95 13846
145 96 13926
145 97 14214
145 98 14182
145 99 14470
145 100 14566
145 101 14854
145 102 14822
145 103 15110
145 104 15206
145 105 15238
145 106 15462
145 107 15494
145 108 15846
145 109 15878
145 110 16102
145 111 16134
145 112 16246
145 113 16534
145 114 16502
145 115 16790
145 116 16886
145 117 17174
145 118 17142
145 119 17430
145 120 17526
145 121 17558
145 122 17782
145 123 17814
145 124 18166
145 125 18198
145 126 18422
145 127 18454
145 128 18566
145 129 18758
145 130 18854
145 131 19014
145 132 19206
145 133 19398
145 134 19494
145 135 19654
145 136 19718
145 137 19910
145 138 20006
145 139 20166
145 140 20358
145 141 20550
145 142 20646
145 143 20806
145 144 20886
145 145 21078
145 146 21174
145 147 21334
145 148 21526
145 149 21718
145 150 21814
145 151 21974
145 152 22038
145 153 22230
145 154 22326
145 155 22486
145 156 22678
145 157 22870
145 158 22966
145 159 23126
145 160 23206
145 161 23366
145 162 23462
145 163 23622
145 164 23846
145 165 24006
145 166 24102
145 167 24262
145 168 24358
145 169 24518
145 170 24614
145 171 24774
145 172 24998
145 173 25158
145 174 25254
145 175 25414
145 176 25526
145 177 25686
145 178 25782
145 179 25942
145 180 26166
145 181 26326
145 182 26422
145 183 26582
145 184 26678
145 185 26838
145 186 26934
145 187 27094
145 188 27318
145 189 27478
145 190 27574
145 191 27734
145 192 27846
145 193 28038
145 194 28134
145 195 28294
145 196 28486
145 197 28678
145 198 28774
145 199 28934
145 200 28998
145 201 29190
145 202 29286
145 203 29446
145 204 29638
145 205 29830
145 206 29926
145 207 30086
145 208 30166
145 209 30358
145 210 30454
145 211 30614
145 212 30806
145 213 30998
145 214 31094
145 215 31254
145 216 31318
145 217 31510
145 218 31606
145 219 31766
145 220 31958
145 221 32150
145 222 32246
145 223 32406
145 224 32486
145 225 32646
145 226 32742
145 227 32902
145 228 33126
145 229 33286
145 230 33382
145 231 33542
145 232 33638
145 233 33798
145 234 33894
145 235 34054
145 236 34278
145 237 34438
145 238 34534
145 239 34694
145 240 34806
145 241 34966
145 242 35062
145 243 35222
145 244 35446
145 245 35606
145 246 35702
145 247 35862
145 248 35958
145 249 36118
145 250 36214
145 251 36374
145 252 36598
145 253 36758
145 254 36854
145 255 37014
146 0 6
146 1 326
146 2 294
146 3 582
146 4 646
146 5 966
146 6 934
146 7 1222
146 8 1302
146 9 1350
146 10 1590
146 11 1606
146 12 1942
146 13 1990
146 14 2230
146 15 2246
146 16 2342
146 17 2630
146 18 2598
146 19 2886
146 20 2982
146 21 3270
146 22 3238
146 23 3526
146 24 3638
146 25 3654
146 26 3894
146 27 3910
146 28 4278
146 29 4294
146 30 4534
146 31 4550
146 32 4678
146 33 4998
146 34 4966
146 35 5254
146 36 5254
146 37 5574
146 38 5542
146 39 5830
146 40 5974
146 41 6022
146 42 6262
146 43 6278
146 44 6550
146 45 6598
146 46 6838
146 47 6854
146 48 7014
146 49 7302
146 50 7270
146 51 7558
146 52 7590
146 53 7878
146 54 7846
146 55 8134
146 56 8310
146 57 8326
146 58 8566
146 59 8582
146 60 8886
146 61 8902
146 62 9142
146 63 9158
146 64 9350
146 65 9542
146 66 9638
146 67 9798
146 68 9990
146 69 10182
146 70 10278
146 71 10438
146 72 10518
146 73 10694
146 74 10806
146 75 10950
146 76 11158
146 77 11334
146 78 11446
146 79 11590
146 80 11686
146 81 11846
146 82 11942
146 83 12102
146 84 12326
146 85 12486
146 86 12582
146 87 12742
146 88 12854
146 89 12998
146 90 13110
146 91 13254
146 92 13494
146 93 13638
146 94 13750
146 95 13894
146 96 14022
146 97 14214
146 98 14310
146 99 14470
146 100 14598
146 101 14790
146 102 14886
146 103 15046
146 104 15190
146 105 15366
146 106 15478
146 107 15622
146 108 15766
146 109 15942
146 110 16054
146 111 16198
146 112 16358
146 113 16518
146 114 16614
146 115 16774
146 116 16934
146 117 17094
146 118 17190
146 119 17350
146 120 17526
146 121 17670
146 122 17782
146 123 17926
146 124 18102
146 125 18246
146 126 18358
146 127 18502
146 128 18694
146 129 19014
146 130 18982
146 131 19270
146 132 19334
146 133 19654
146 134 19622
146 135 19910
146 136 19990
146 137 20038
146 138 20278
146 139 20294
146 140 20630
146 141 20678
146 142 20918
146 143 20934
146 144 21030
146 145 21318
146 146 21286
146 147 21574
146 148 21670
146 149 21958
146 150 21926
146 151 22214
146 152 22326
146 153 22342
146 154 22582
146 155 22598
146 156 22966
146 157 22982
146 158 23222
146 159 23238
146 160 23366
146 161 23686
146 162 23654
146 163 23942
146 164 23942
146 165 24262
146 166 24230
146 167 24518
146 168 24662
146 169 24710
146 170 24950
146 171 24966
146 172 25238
146 173 25286
146 174 25526
146 175 25542
146 176 25702
146 177 25990
146 178 25958
146 179 26246
146 180 26278
146 181 26566
146 182 26534
146 183 26822
146 184 26998
146 185 27014
146 186 27254
146 187 27270
146 188 27574
146 189 27590
146 190 27830
146 191 27846
146 192 28038
146 193 28230
146 194 28326
146 195 28486
146 196 28678
146 197 28870
146 198 28966
146 199 29126
146 200 29206
146 201 29382
146 202 29494
146 203 29638
146 204 29846
146 205 30022
146 206 30134
146 207 30278
146 208 30374
146 209 30534
146 210 30630
146 211 30790
146 212 31014
146 213 31174
146 214 31270
146 215 31430
146 216 31542
146 217 31686
146 218 31798
146 219 31942
146 220 32182
146 221 32326
146 222 32438
146 223 32582
146 224 32710
146 225 32902
146 226 32998
146 227 33158
146 228 33286
146 229 33478
146 230 33574
146 231 33734
146 232 33878
146 233 34054
146 234 34166
146 235 34310
146 236 34454
146 237 34630
146 238 34742
146 239 34886
146 240 35046
146 241 35206
146 242 35302
146 243 35462
146 244 35622
146 245 35782
146 246 35878
146 247 36038
146 248 36214
146 249 36358
146 250 36470
146 251 36614
146 252 36790
146 253 36934
146 254 37046
146 255 37190
147 0 6
147 1 326
147 2 294
147 3 582
147 4 646
147 5 966
147 6 934
147 7 1222
147 8 1302
147 9 1350
147 10 1590
147 11 1606
147 12 1942
147 13 1990
147 14 2230
147 15 2246
147 16 2358
147 17 2646
147 18 2614
147 19 2902
147 20 2998
147 21 3286
147 22 3254
147 23 3542
147 24 3654
147 25 3670
147 26 3910
147 27 3926
147 28 4294
147 29 4310
147 30 4550
147 31 4566
147 32 4710
147 33 4998
147 34 4966
147 35 5254
147 36 5286
147 37 5574
147 38 5542
147 39 5830
147 40 6006
147 41 6022
147 42 6262
147 43 6278
147 44 6582
147 45 6598
147 46 6838
147 47 6854
147 48 7062
147 49 7382
147 50 7350
147 51 7638
147 52 7638
147 53 7958
147 54 7926
147 55 8214
147 56 8358
147 57 8406
147 58 8646
147 59 8662
147 60 8934
147 61 8982
147 62 9222
147 63 9238
147 64 9414
147 65 9606
147 66 9702
147 67 9862
147 68 10054
147 69 10246
147 70 10342
147 71 10502
147 72 10582
147 73 10758
147 74 10870
147 75 11014
147 76 11222
147 77 11398
147 78 11510
147 79 11654
147 80 11766
147 81 11926
147 82 12022
147 83 12182
147 84 12406
147 85 12566
147 86 12662
147 87 12822
147 88 12934
147 89 13078
147 90 13190
147 91 13334
147 92 13574
147 93 13718
147 94 13830
147 95 13974
147 96 14118
147 97 14278
147 98 14374
147 99 14534
147 100 14694
147 101 14854
147 102 14950
147 103 15110
147 104 15286
147 105 15430
147 106 15542
147 107 15686
147 108 15862
147 109 16006
147 110 16118
147 111 16262
147 112 16470
147 113 16662
147 114 16758
147 115 16918
147 116 17046
147 117 17238
147 118 17334
147 119 17494
147 120 17638
147 121 17814
147 122 17926
147 123 18070
147 124 18214
147 125 18390
147 126 18502
147 127 18646
147 128 18822
147 129 19014
147 130 19110
147 131 19270
147 132 19462
147 133 19654
147 134 19750
147 135 19910
147 136 19990
147 137 20166
147 138 20278
147 139 20422
147 140 20630
147 141 20806
147 142 20918
147 143 21062
147 144 21174
147 145 21334
147 146 21430
147 147 21590
147 148 21814
147 149 21974
147 150 22070
147 151 22230
147 152 22342
147 153 22486
147 154 22598
147 155 22742
147 156 22982
147 157 23126
147 158 23238
147 159 23382
147 160 23526
147 161 23686
147 162 23782
147 163 23942
147 164 24102
147 165 24262
147 166 24358
147 167 24518
147 168 24694
147 169 24838
147 170 24950
147 171 25094
147 172 25270
147 173 25414
147 174 25526
147 175 25670
147 176 25878
147 177 26070
147 178 26166
147 179 26326
147 180 26454
147 181 26646
147 182 26742
147 183 26902
147 184 27046
147 185 27222
147 186 27334
147 187 27478
147 188 27622
147 189 27798
147 190 27910
147 191 28054
147 192 28230
147 193 28422
147 194 28518
147 195 28678
147 196 28870
147 197 29062
147 198 29158
147 199 29318
147 200 29398
147 201 29574
147 202 29686
147 203 29830
147 204 30038
147 205 30214
147 206 30326
147 207 30470
147 208 30582
147 209 30742
147 210 30838
147 211 30998
147 212 31222
147 213 31382
147 214 31478
147 215 31638
147 216 31750
147 217 31894
147 218 32006
147 219 32150
147 220 32390
147 221 32534
147 222 32646
147 223 32790
147 224 32934
147 225 33094
147 226 33190
147 227 33350
147 228 33510
147 229 33670
147 230 33766
147 231 33926
147 232 34102
147 233 34246
147 234 34358
147 235 34502
147 236 34678
147 237 34822
147 238 34934
147 239 35078
147 240 35286
147 241 35478
147 242 35574
147 243 35734
147 244 35862
147 245 36054
147 246 36150
147 247 36310
147 248 36454
147 249 36630
147 250 36742
147 251 36886
147 252 37030
147 253 37206
147 254 37318
147 255 37462
148 0 6
148 1 326
148 2 294
148 3 582
148 4 662
148 5 966
148 6 950
148 7 1222
148 8 1350
148 9 1350
148 10 1606
148 11 1638
148 12 2006
148 13 1990
148 14 2262
148 15 2278
148 16 2374
148 17 2694
148 18 2662
148 19 2950
148 20 2966
148 21 3270
148 22 3254
148 23 3526
148 24 3718
148 25 3718
148 26 3974
148 27 4006
148 28 4310
148 29 4294
148 30 4566
148 31 4582
148 32 4742
148 33 4934
148 34 5030
148 35 5190
148 36 5398
148 37 5574
148 38 5686
148 39 5830
148 40 5958
148 41 6086
148 42 6214
148 43 6374
148 44 6614
148 45 6726
148 46 6870
148 47 7014
148 48 7110
148 49 7302
148 50 7398
148 51 7558
148 52 7702
148 53 7878
148 54 7990
148 55 8134
148 56 8326
148 57 8454
148 58 8582
148 59 8742
148 60 8918
148 61 9030
148 62 9174
148 63 9318
148 64 9478
148 65 9798
148 66 9766
148 67 10054
148 68 10134
148 69 10438
148 70 10422
148 71 10694
148 72 10822
148 73 10822
148 74 11078
148 75 11110
148 76 11478
148 77 11462
148 78 11734
148 79 11750
148 80 11846
148 81 12166
148 82 12134
148 83 12422
148 84 12438
148 85 12742
148 86 12726
148 87 12998
148 88 13190
148 89 13190
148 90 13446
148 91 13478
148 92 13782
148 93 13766
148 94 14038
148 95 14054
148 96 14214
148 97 14406
148 98 14502
148 99 14662
148 100 14870
148 101 15046
148 102 15158
148 103 15302
148 104 15430
148 105 15558
148 106 15686
148 107 15846
148 108 16086
148 109 16198
148 110 16342
148 111 16486
148 112 16582
148 113 16774
148 114 16870
148 115 17030
148 116 17174
148 117 17350
148 118 17462
148 119 17606
148 120 17798
148 121 17926
148 122 18054
148 123 18214
148 124 18390
148 125 18502
148 126 18646
148 127 18790
148 128 18950
148 129 19270
148 130 19238
148 131 19526
148 132 19606
148 133 19910
148 134 19894
148 135 20166
148 136 20294
148 137 20294
148 138 20550
148 139 20582
148 140 20950
148 141 20934
148 142 21206
148 143 21222
148 144 21318
148 145 21638
148 146 21606
148 147 21894
148 148 21910
148 149 22214
148 150 22198
148 151 22470
148 152 22662
148 153 22662
148 154 22918
148 155 22950
148 156 23254
148 157 23238
148 158 23510
148 159 23526
148 160 23686
148 161 23878
148 162 23974
148 163 24134
148 164 24342
148 165 24518
148 166 24630
148 167 24774
148 168 24902
148 169 25030
148 170 25158
148 171 25318
148 172 25558
148 173 25670
148 174 25814
148 175 25958
148 176 26054
148 177 26246
148 178 26342
148 179 26502
148 180 26646
148 181 26822
148 182 26934
148 183 27078
148 184 27270
148 185 27398
148 186 27526
148 187 27686
148 188 27862
148 189 27974
148 190 28118
148 191 28262
148 192 28422
148 193 28742
148 194 28710
148 195 28998
148 196 29078
148 197 29382
148 198 29366
148 199 29638
148 200 29766
148 201 29766
148 202 30022
148 203 30054
148 204 30422
148 205 30406
148 206 30678
148 207 30694
148 208 30790
148 209 31110
148 210 31078
148 211 31366
148 212 31382
148 213 31686
148 214 31670
148 215 31942
148 216 32134
148 217 32134
148 218 32390
148 219 32422
148 220 32726
148 221 32710
148 222 32982
148 223 32998
148 224 33158
148 225 33350
148 226 33446
148 227 33606
148 228 33814
148 229 33990
148 230 34102
148 231 34246
148 232 34374
148 233 34502
148 234 34630
148 235 34790
148 236 35030
148 237 35142
148 238 35286
148 239 35430
148 240 35526
148 241 35718
148 242 35814
148 243 35974
148 244 36118
148 245 36294
148 246 36406
148 247 36550
148 248 36742
148 249 36870
148 250 36998
148 251 37158
148 252 37334
148 253 37446
148 254 37590
148 255 37734
149 0 6
149 1 326
149 2 294
149 3 582
149 4 662
149 5 966
149 6 950
149 7 1222
149 8 1350
149 9 1350
149 10 1606
149 11 1638
149 12 2006
149 13 1990
149 14 2262
149 15 2278
149 16 2390
149 17 2710
149 18 2678
149 19 2966
149 20 2982
149 21 3286
149 22 3270
149 23 3542
149 24 3734
149 25 3734
149 26 3990
149 27 4022
149 28 4326
149 29 4310
149 30 4582
149 31 4598
149 32 4774
149 33 4934
149 34 5030
149 35 5190
149 36 5430
149 37 5574
149 38 5686
149 39 5830
149 40 5958
149 41 6118
149 42 6214
149 43 6374
149 44 6614
149 45 6758
149 46 6870
149 47 7014
149 48 7158
149 49 7318
149 50 7414
149 51 7574
149 52 7750
149 53 7894
149 54 8006
149 55 8150
149 56 8342
149 57 8502
149 58 8598
149 59 8758
149 60 8934
149 61 9078
149 62 9190
149 63 9334
149 64 9542
149 65 9862
149 66 9830
149 67 10118
149 68 10198
149 69 10502
149 70 10486
149 71 10758
149 72 10886
149 73 10886
149 74 11142
149 75 11174
149 76 11542
149 77 11526
149 78 11798
149 79 11814
149 80 11926
149 81 12246
149 82 12214
149 83 12502
149 84 12518
149 85 12822
149 86 12806
149 87 13078
149 88 13270
149 89 13270
149 90 13526
149 91 13558
149 92 13862
149 93 13846
149 94 14118
149 95 14134
149 96 14310
149 97 14470
149 98 14566
149 99 14726
149 100 14966
149 101 15110
149 102 15222
149 103 15366
149 104 15494
149 105 15654
149 106 15750
149 107 15910
149 108 16150
149 109 16294
149 110 16406
149 111 16550
149 112 16694
149 113 16854
149 114 16950
149 115 17110
149 116 17286
149 117 17430
149 118 17542
149 119 17686
149 120 17878
149 121 18038
149 122 18134
149 123 18294
149 124 18470
149 125 18614
149 126 18726
149 127 18870
149 128 19078
149 129 19270
149 130 19366
149 131 19526
149 132 19734
149 133 19910
149 134 20022
149 135 20166
149 136 20294
149 137 20422
149 138 20550
149 139 20710
149 140 20950
149 141 21062
149 142 21206
149 143 21350
149 144 21462
149 145 21654
149 146 21750
149 147 21910
149 148 22054
149 149 22230
149 150 22342
149 151 22486
149 152 22678
149 153 22806
149 154 22934
149 155 23094
149 156 23270
149 157 23382
149 158 23526
149 159 23670
149 160 23846
149 161 24006
149 162 24102
149 163 24262
149 164 24502
149 165 24646
149 166 24758
149 167 24902
149 168 25030
149 169 25190
149 170 25286
149 171 25446
149 172 25686
149 173 25830
149 174 25942
149 175 26086
149 176 26230
149 177 26390
149 178 26486
149 179 26646
149 180 26822
149 181 26966
149 182 27078
149 183 27222
149 184 27414
149 185 27574
149 186 27670
149 187 27830
149 188 28006
149 189 28150
149 190 28262
149 191 28406
149 192 28614
149 193 28806
149 194 28902
149 195 29062
149 196 29270
149 197 29446
149 198 29558
149 199 29702
149 200 29830
149 201 29958
149 202 30086
149 203 30246
149 204 30486
149 205 30598
149 206 30742
149 207 30886
149 208 30998
149 209 31190
149 210 31286
149 211 31446
149 212 31590
149 213 31766
149 214 31878
149 215 32022
149 216 32214
149 217 32342
149 218 32470
149 219 32630
149 220 32806
149 221 32918
149 222 33062
149 223 33206
149 224 33382
149 225 33542
149 226 33638
149 227 33798
149 228 34038
149 229 34182
149 230 34294
149 231 34438
149 232 34566
149 233 34726
149 234 34822
149 235 34982
149 236 35222
149 237 35366
149 238 35478
149 239 35622
149 240 35766
149 241 35926
149 242 36022
149 243 36182
149 244 36358
149 245 36502
149 246 36614
149 247 36758
149 248 36950
149 249 37110
149 250 37206
149 251 37366
149 252 37542
149 253 37686
149 254 37798
149 255 37942
150 0 6
150 1 326
150 2 294
150 3 582
150 4 662
150 5 966
150 6 950
150 7 1222
150 8 1366
150 9 1350
150 10 1622
150 11 1638
150 12 2006
150 13 1990
150 14 2262
150 15 2278
150 16 2406
150 17 2694
150 18 2662
150 19 2950
150 20 2998
150 21 3270
150 22 3254
150 23 3526
150 24 3734
150 25 3750
150 26 3990
150 27 4006
150 28 4310
150 29 4326
150 30 4566
150 31 4582
150 32 4806
150 33 4998
150 34 5094
150 35 5254
150 36 5398
150 37 5574
150 38 5686
150 39 5830
150 40 6038
150 41 6150
150 42 6294
150 43 6438
150 44 6614
150 45 6726
150 46 6870
150 47 7014
150 48 7206
150 49 7366
150 50 7462
150 51 7622
150 52 7798
150 53 7942
150 54 8054
150 55 8198
150 56 8406
150 57 8550
150 58 8662
150 59 8806
150 60 8982
150 61 9126
150 62 9238
150 63 9382
150 64 9606
150 65 9798
150 66 9894
150 67 10054
150 68 10262
150 69 10438
150 70 10550
150 71 10694
150 72 10838
150 73 10950
150 74 11094
150 75 11238
150 76 11478
150 77 11590
150 78 11734
150 79 11878
150 80 12006
150 81 12166
150 82 12262
150 83 12422
150 84 12598
150 85 12742
150 86 12854
150 87 12998
150 88 13206
150 89 13350
150 90 13462
150 91 13606
150 92 13782
150 93 13926
150 94 14038
150 95 14182
150 96 14406
150 97 14598
150 98 14694
150 99 14854
150 100 14998
150 101 15174
150 102 15286
150 103 15430
150 104 15638
150 105 15750
150 106 15894
150 107 16038
150 108 16214
150 109 16326
150 110 16470
150 111 16614
150 112 16806
150 113 16966
150 114 17062
150 115 17222
150 116 17398
150 117 17542
150 118 17654
150 119 17798
150 120 18006
150 121 18150
150 122 18262
150 123 18406
150 124 18582
150 125 18726
150 126 18838
150 127 18982
150 128 19206
150 129 19526
150 130 19494
150 131 19782
150 132 19862
150 133 20166
150 134 20150
150 135 20422
150 136 20566
150 137 20550
150 138 20822
150 139 20838
150 140 21206
150 141 21190
150 142 21462
150 143 21478
150 144 21606
150 145 21894
150 146 21862
150 147 22150
150 148 22198
150 149 22470
150 150 22454
150 151 22726
150 152 22934
150 153 22950
150 154 23190
150 155 23206
150 156 23510
150 157 23526
150 158 23766
150 159 23782
150 160 24006
150 161 24198
150 162 24294
150 163 24454
150 164 24598
150 165 24774
150 166 24886
150 167 25030
150 168 25238
150 169 25350
150 170 25494
150 171 25638
150 172 25814
150 173 25926
150 174 26070
150 175 26214
150 176 26406
150 177 26566
150 178 26662
150 179 26822
150 180 26998
150 181 27142
150 182 27254
150 183 27398
150 184 27606
150 185 27750
150 186 27862
150 187 28006
150 188 28182
150 189 28326
150 190 28438
150 191 28582
150 192 28806
150 193 28998
150 194 29094
150 195 29254
150 196 29462
150 197 29638
150 198 29750
150 199 29894
150 200 30038
150 201 30150
150 202 30294
150 203 30438
150 204 30678
150 205 30790
150 206 30934
150 207 31078
150 208 31206
150 209 31366
150 210 31462
150 211 31622
150 212 31798
150 213 31942
150 214 32054
150 215 32198
150 216 32406
150 217 32550
150 218 32662
150 219 32806
150 220 32982
150 221 33126
150 222 33238
150 223 33382
150 224 33606
150 225 33798
150 226 33894
150 227 34054
150 228 34198
150 229 34374
150 230 34486
150 231 34630
150 232 34838
150 233 34950
150 234 35094
150 235 35238
150 236 35414
150 237 35526
150 238 35670
150 239 35814
150 240 36006
150 241 36166
150 242 36262
150 243 36422
150 244 36598
150 245 36742
150 246 36854
150 247 36998
150 248 37206
150 249 37350
150 250 37462
150 251 37606
150 252 37782
150 253 37926
150 254 38038
150 255 38182
151 0 6
151 1 326
151 2 294
151 3 582
151 4 662
151 5 966
151 6 950
151 7 1222
151 8 1366
151 9 1350
151 10 1622
151 11 1638
151 12 2006
151 13 1990
151 14 2262
151 15 2278
151 16 2422
151 17 2710
151 18 2678
151 19 2966
151 20 3014
151 21 3286
151 22 3270
151 23 3542
151 24 3750
151 25 3766
151 26 4006
151 27 4022
151 28 4326
151 29 4342
151 30 4582
151 31 4598
151 32 4838
151 33 4998
151 34 5094
151 35 5254
151 36 5430
151 37 5574
151 38 5686
151 39 5830
151 40 6038
151 41 6182
151 42 6294
151 43 6438
151 44 6614
151 45 6758
151 46 6870
151 47 7014
151 48 7254
151 49 7446
151 50 7542
151 51 7702
151 52 7846
151 53 8022
151 54 8134
151 55 8278
151 56 8486
151 57 8598
151 58 8742
151 59 8886
151 60 9062
151 61 9174
151 62 9318
151 63 9462
151 64 9670
151 65 9862
151 66 9958
151 67 10118
151 68 10326
151 69 10502
151 70 10614
151 71 10758
151 72 10902
151 73 11014
151 74 11158
151 75 11302
151 76 11542
151 77 11654
151 78 11798
151 79 11942
151 80 12086
151 81 12246
151 82 12342
151 83 12502
151 84 12678
151 85 12822
151 86 12934
151 87 13078
151 88 13286
151 89 13430
151 90 13542
151 91 13686
151 92 13862
151 93 14006
151 94 14118
151 95 14262
151 96 14502
151 97 14662
151 98 14758
151 99 14918
151 100 15094
151 101 15238
151 102 15350
151 103 15494
151 104 15702
151 105 15846
151 106 15958
151 107 16102
151 108 16278
151 109 16422
151 110 16534
151 111 16678
151 112 16854
151 113 17046
151 114 17142
151 115 17302
151 116 17446
151 117 17622
151 118 17734
151 119 17878
151 120 18086
151 121 18198
151 122 18342
151 123 18486
151 124 18662
151 125 18774
151 126 18918
151 127 19062
151 128 19334
151 129 19526
151 130 19622
151 131 19782
151 132 19990
151 133 20166
151 134 20278
151 135 20422
151 136 20566
151 137 20678
151 138 20822
151 139 20966
151 140 21206
151 141 21318
151 142 21462
151 143 21606
151 144 21750
151 145 21910
151 146 22006
151 147 22166
151 148 22342
151 149 22486
151 150 22598
151 151 22742
151 152 22950
151 153 23094
151 154 23206
151 155 23350
151 156 23526
151 157 23670
151 158 23782
151 159 23926
151 160 24166
151 161 24326
151 162 24422
151 163 24582
151 164 24758
151 165 24902
151 166 25014
151 167 25158
151 168 25366
151 169 25510
151 170 25622
151 171 25766
151 172 25942
151 173 26086
151 174 26198
151 175 26342
151 176 26582
151 177 26774
151 178 26870
151 179 27030
151 180 27174
151 181 27350
151 182 27462
151 183 27606
151 184 27814
151 185 27926
151 186 28070
151 187 28214
151 188 28390
151 189 28502
151 190 28646
151 191 28790
151 192 28998
151 193 29190
151 194 29286
151 195 29446
151 196 29654
151 197 29830
151 198 29942
151 199 30086
151 200 30230
151 201 30342
151 202 30486
151 203 30630
151 204 30870
151 205 30982
151 206 31126
151 207 31270
151 208 31414
151 209 31574
151 210 31670
151 211 31830
151 212 32006
151 213 32150
151 214 32262
151 215 32406
151 216 32614
151 217 32758
151 218 32870
151 219 33014
151 220 33190
151 221 33334
151 222 33446
151 223 33590
151 224 33702
151 225 33862
151 226 33958
151 227 34118
151 228 34294
151 229 34438
151 230 34550
151 231 34694
151 232 34902
151 233 35046
151 234 35158
151 235 35302
151 236 35478
151 237 35622
151 238 35734
151 239 35878
151 240 36054
151 241 36246
151 242 36342
151 243 36502
151 244 36646
151 245 36822
151 246 36934
151 247 37078
151 248 37286
151 249 37398
151 250 37542
151 251 37686
151 252 37862
151 253 37974
151 254 38118
151 255 38262
152 0 6
152 1 326
152 2 326
152 3 582
152 4 710
152 5 966
152 6 998
152 7 1254
152 8 1414
152 9 1478
152 10 1734
152 11 1734
152 12 1990
152 13 1990
152 14 2278
152 15 2278
152 16 2438
152 17 2630
152 18 2758
152 19 2886
152 20 3142
152 21 3270
152 22 3430
152 23 3558
152 24 3718
152 25 3910
152 26 4038
152 27 4166
152 28 4294
152 29 4422
152 30 4582
152 31 4710
152 32 4870
152 33 5190
152 34 5190
152 35 5446
152 36 5574
152 37 5830
152 38 5862
152 39 6118
152 40 6278
152 41 6342
152 42 6598
152 43 6598
152 44 6854
152 45 6854
152 46 7142
152 47 7142
152 48 7302
152 49 7494
152 50 7622
152 51 7750
152 52 8006
152 53 8134
152 54 8294
152 55 8422
152 56 8582
152 57 8774
152 58 8902
152 59 9030
152 60 9158
152 61 9286
152 62 9446
152 63 9574
152 64 9734
152 65 10054
152 66 10054
152 67 10310
152 68 10438
152 69 10694
152 70 10726
152 71 10982
152 72 11142
152 73 11206
152 74 11462
152 75 11462
152 76 11718
152 77 11718
152 78 12006
152 79 12006
152 80 12166
152 81 12358
152 82 12486
152 83 12614
152 84 12870
152 85 12998
152 86 13158
152 87 13286
152 88 13446
152 89 13638
152 90 13766
152 91 13894
152 92 14022
152 93 14150
152 94 14310
152 95 14438
152 96 14598
152 97 14918
152 98 14918
152 99 15174
152 100 15302
152 101 15558
152 102 15590
152 103 15846
152 104 16006
152 105 16070
152 106 16326
152 107 16326
152 108 16582
152 109 16582
152 110 16870
152 111 16870
152 112 17030
152 113 17222
152 114 17350
152 115 17478
152 116 17734
152 117 17862
152 118 18022
152 119 18150
152 120 18310
152 121 18502
152 122 18630
152 123 18758
152 124 18886
152 125 19014
152 126 19174
152 127 19302
152 128 19462
152 129 19782
152 130 19782
152 131 20038
152 132 20166
152 133 20422
152 134 20454
152 135 20710
152 136 20870
152 137 20934
152 138 21190
152 139 21190
152 140 21446
152 141 21446
152 142 21734
152 143 21734
152 144 21894
152 145 22086
152 146 22214
152 147 22342
152 148 22598
152 149 22726
152 150 22886
152 151 23014
152 152 23174
152 153 23366
152 154 23494
152 155 23622
152 156 23750
152 157 23878
152 158 24038
152 159 24166
152 160 24326
152 161 24646
152 162 24646
152 163 24902
152 164 25030
152 165 25286
152 166 25318
152 167 25574
152 168 25734
152 169 25798
152 170 26054
152 171 26054
152 172 26310
152 173 26310
152 174 26598
152 175 26598
152 176 26758
152 177 26950
152 178 27078
152 179 27206
152 180 27462
152 181 27590
152 182 27750
152 183 27878
152 184 28038
152 185 28230
152 186 28358
152 187 28486
152 188 28614
152 189 28742
152 190 28902
152 191 29030
152 192 29190
152 193 29510
152 194 29510
152 195 29766
152 196 29894
152 197 30150
152 198 30182
152 199 30438
152 200 30598
152 201 30662
152 202 30918
152 203 30918
152 204 31174
152 205 31174
152 206 31462
152 207 31462
152 208 31622
152 209 31814
152 210 31942
152 211 32070
152 212 32326
152 213 32454
152 214 32614
152 215 32742
152 216 32902
152 217 33094
152 218 33222
152 219 33350
152 220 33478
152 221 33606
152 222 33766
152 223 33894
152 224 34054
152 225 34374
152 226 34374
152 227 34630
152 228 34758
152 229 35014
152 230 35046
152 231 35302
152 232 35462
152 233 35526
152 234 35782
152 235 35782
152 236 36038
152 237 36038
152 238 36326
152 239 36326
152 240 36486
152 241 36678
152 242 36806
152 243 36934
152 244 37190
152 245 37318
152 246 37478
152 247 37606
152 248 37766
152 249 37958
152 250 38086
152 251 38214
152 252 38342
152 253 38470
152 254 38630
152 255 38758
153 0 6
153 1 326
153 2 326
153 3 582
153 4 710
153 5 966
153 6 998
153 7 1254
153 8 1414
153 9 1478
153 10 1734
153 11 1734
153 12 1990
153 13 1990
153 14 2278
153 15 2278
153 16 2454
153 17 2646
153 18 2774
153 19 2902
153 20 3158
153 21 3286
153 22 3446
153 23 3574
153 24 3734
153 25 3926
153 26 4054
153 27 4182
153 28 4310
153 29 4438
153 30 4598
153 31 4726
153 32 4902
153 33 5190
153 34 5190
153 35 5446
153 36 5574
153 37 5862
153 38 5862
153 39 6118
153 40 6310
153 41 6342
153 42 6598
153 43 6598
153 44 6854
153 45 6886
153 46 7142
153 47 7142
153 48 7350
153 49 7510
153 50 7638
153 51 7766
153 52 8022
153 53 8182
153 54 8310
153 55 8438
153 56 8630
153 57 8790
153 58 8918
153 59 9046
153 60 9174
153 61 9334
153 62 9462
153 63 9590
153 64 9798
153 65 10118
153 66 10118
153 67 10374
153 68 10502
153 69 10758
153 70 10790
153 71 11046
153 72 11206
153 73 11270
153 74 11526
153 75 11526
153 76 11782
153 77 11782
153 78 12070
153 79 12070
153 80 12246
153 81 12438
153 82 12566
153 83 12694
153 84 12950
153 85 13078
153 86 13238
153 87 13366
153 88 13526
153 89 13718
153 90 13846
153 91 13974
153 92 14102
153 93 14230
153 94 14390
153 95 14518
153 96 14694
153 97 14982
153 98 14982
153 99 15238
153 100 15366
153 101 15654
153 102 15654
153 103 15910
153 104 16102
153 105 16134
153 106 16390
153 107 16390
153 108 16646
153 109 16678
153 110 16934
153 111 16934
153 112 17142
153 113 17302
153 114 17430
153 115 17558
153 116 17814
153 117 17974
153 118 18102
153 119 18230
153 120 18422
153 121 18582
153 122 18710
153 123 18838
153 124 18966
153 125 19126
153 126 19254
153 127 19382
153 128 19590
153 129 19782
153 130 19910
153 131 20038
153 132 20294
153 133 20422
153 134 20582
153 135 20710
153 136 20870
153 137 21062
153 138 21190
153 139 21318
153 140 21446
153 141 21574
153 142 21734
153 143 21862
153 144 22038
153 145 22230
153 146 22358
153 147 22486
153 148 22742
153 149 22870
153 150 23030
153 151 23158
153 152 23318
153 153 23510
153 154 23638
153 155 23766
153 156 23894
153 157 24022
153 158 24182
153 159 24310
153 160 24486
153 161 24646
153 162 24774
153 163 24902
153 164 25158
153 165 25318
153 166 25446
153 167 25574
153 168 25766
153 169 25926
153 170 26054
153 171 26182
153 172 26310
153 173 26470
153 174 26598
153 175 26726
153 176 26934
153 177 27094
153 178 27222
153 179 27350
153 180 27606
153 181 27766
153 182 27894
153 183 28022
153 184 28214
153 185 28374
153 186 28502
153 187 28630
153 188 28758
153 189 28918
153 190 29046
153 191 29174
153 192 29382
153 193 29574
153 194 29702
153 195 29830
153 196 30086
153 197 30214
153 198 30374
153 199 30502
153 200 30662
153 201 30854
153 202 30982
153 203 31110
153 204 31238
153 205 31366
153 206 31526
153 207 31654
153 208 31830
153 209 32022
153 210 32150
153 211 32278
153 212 32534
153 213 32662
153 214 32822
153 215 32950
153 216 33110
153 217 33302
153 218 33430
153 219 33558
153 220 33686
153 221 33814
153 222 33974
153 223 34102
153 224 34278
153 225 34438
153 226 34566
153 227 34694
153 228 34950
153 229 35110
153 230 35238
153 231 35366
153 232 35558
153 233 35718
153 234 35846
153 235 35974
153 236 36102
153 237 36262
153 238 36390
153 239 36518
153 240 36726
153 241 36886
153 242 37014
153 243 37142
153 244 37398
153 245 37558
153 246 37686
153 247 37814
153 248 38006
153 249 38166
153 250 38294
153 251 38422
153 252 38550
153 253 38710
153 254 38838
153 255 38966
154 0 6
154 1 326
154 2 326
154 3 582
154 4 710
154 5 966
154 6 998
154 7 1254
154 8 1430
154 9 1478
154 10 1734
154 11 1750
154 12 2006
154 13 1990
154 14 2278
154 15 2294
154 16 2470
154 17 2630
154 18 2758
154 19 2886
154 20 3142
154 21 3302
154 22 3430
154 23 3558
154 24 3766
154 25 3910
154 26 4038
154 27 4182
154 28 4310
154 29 4454
154 30 4582
154 31 4726
154 32 4934
154 33 5254
154 34 5254
154 35 5510
154 36 5574
154 37 5830
154 38 5862
154 39 6118
154 40 6294
154 41 6342
154 42 6598
154 43 6614
154 44 6870
154 45 6854
154 46 7142
154 47 7158
154 48 7398
154 49 7558
154 50 7686
154 51 7814
154 52 8006
154 53 8166
154 54 8294
154 55 8422
154 56 8630
154 57 8774
154 58 8902
154 59 9046
154 60 9174
154 61 9318
154 62 9446
154 63 9590
154 64 9862
154 65 10054
154 66 10182
154 67 10310
154 68 10566
154 69 10694
154 70 10854
154 71 10982
154 72 11158
154 73 11334
154 74 11462
154 75 11606
154 76 11734
154 77 11846
154 78 12006
154 79 12150
154 80 12326
154 81 12486
154 82 12614
154 83 12742
154 84 12998
154 85 13158
154 86 13286
154 87 13414
154 88 13622
154 89 13766
154 90 13894
154 91 14038
154 92 14166
154 93 14310
154 94 14438
154 95 14582
154 96 14790
154 97 14982
154 98 15110
154 99 15238
154 100 15430
154 101 15558
154 102 15718
154 103 15846
154 104 16022
154 105 16198
154 106 16326
154 107 16470
154 108 16598
154 109 16710
154 110 16870
154 111 17014
154 112 17254
154 113 17414
154 114 17542
154 115 17670
154 116 17862
154 117 18022
154 118 18150
154 119 18278
154 120 18486
154 121 18630
154 122 18758
154 123 18902
154 124 19030
154 125 19174
154 126 19302
154 127 19446
154 128 19718
154 129 20038
154 130 20038
154 131 20294
154 132 20422
154 133 20678
154 134 20710
154 135 20966
154 136 21142
154 137 21190
154 138 21446
154 139 21462
154 140 21718
154 141 21702
154 142 21990
154 143 22006
154 144 22182
154 145 22342
154 146 22470
154 147 22598
154 148 22854
154 149 23014
154 150 23142
154 151 23270
154 152 23478
154 153 23622
154 154 23750
154 155 23894
154 156 24022
154 157 24166
154 158 24294
154 159 24438
154 160 24646
154 161 24966
154 162 24966
154 163 25222
154 164 25286
154 165 25542
154 166 25574
154 167 25830
154 168 26006
154 169 26054
154 170 26310
154 171 26326
154 172 26582
154 173 26566
154 174 26854
154 175 26870
154 176 27110
154 177 27270
154 178 27398
154 179 27526
154 180 27718
154 181 27878
154 182 28006
154 183 28134
154 184 28342
154 185 28486
154 186 28614
154 187 28758
154 188 28886
154 189 29030
154 190 29158
154 191 29302
154 192 29574
154 193 29766
154 194 29894
154 195 30022
154 196 30278
154 197 30406
154 198 30566
154 199 30694
154 200 30870
154 201 31046
154 202 31174
154 203 31318
154 204 31446
154 205 31558
154 206 31718
154 207 31862
154 208 32038
154 209 32198
154 210 32326
154 211 32454
154 212 32710
154 213 32870
154 214 32998
154 215 33126
154 216 33334
154 217 33478
154 218 33606
154 219 33750
154 220 33878
154 221 34022
154 222 34150
154 223 34294
154 224 34502
154 225 34694
154 226 34822
154 227 34950
154 228 35142
154 229 35270
154 230 35430
154 231 35558
154 232 35734
154 233 35910
154 234 36038
154 235 36182
154 236 36310
154 237 36422
154 238 36582
154 239 36726
154 240 36966
154 241 37126
154 242 37254
154 243 37382
154 244 37574
154 245 37734
154 246 37862
154 247 37990
154 248 38198
154 249 38342
154 250 38470
154 251 38614
154 252 38742
154 253 38886
154 254 39014
154 255 39158
155 0 6
155 1 326
155 2 326
155 3 582
155 4 710
155 5 966
155 6 998
155 7 1254
155 8 1430
155 9 1478
155 10 1734
155 11 1750
155 12 2006
155 13 1990
155 14 2278
155 15 2294
155 16 2486
155 17 2646
155 18 2774
155 19 2902
155 20 3158
155 21 3318
155 22 3446
155 23 3574
155 24 3782
155 25 3926
155 26 4054
155 27 4198
155 28 4326
155 29 4470
155 30 4598
155 31 4742
155 32 4966
155 33 5254
155 34 5254
155 35 5510
155 36 5574
155 37 5862
155 38 5862
155 39 6118
155 40 6326
155 41 6342
155 42 6598
155 43 6614
155 44 6870
155 45 6886
155 46 7142
155 47 7158
155 48 7446
155 49 7638
155 50 7766
155 51 7894
155 52 8086
155 53 8214
155 54 8374
155 55 8502
155 56 8678
155 57 8854
155 58 8982
155 59 9126
155 60 9254
155 61 9366
155 62 9526
155 63 9670
155 64 9926
155 65 10118
155 66 10246
155 67 10374
155 68 10630
155 69 10758
155 70 10918
155 71 11046
155 72 11222
155 73 11398
155 74 11526
155 75 11670
155 76 11798
155 77 11910
155 78 12070
155 79 12214
155 80 12406
155 81 12566
155 82 12694
155 83 12822
155 84 13078
155 85 13238
155 86 13366
155 87 13494
155 88 13702
155 89 13846
155 90 13974
155 91 14118
155 92 14246
155 93 14390
155 94 14518
155 95 14662
155 96 14886
155 97 15046
155 98 15174
155 99 15302
155 100 15494
155 101 15654
155 102 15782
155 103 15910
155 104 16118
155 105 16262
155 106 16390
155 107 16534
155 108 16662
155 109 16806
155 110 16934
155 111 17078
155 112 17366
155 113 17558
155 114 17686
155 115 17814
155 116 18006
155 117 18134
155 118 18294
155 119 18422
155 120 18598
155 121 18774
155 122 18902
155 123 19046
155 124 19174
155 125 19286
155 126 19446
155 127 19590
155 128 19846
155 129 20038
155 130 20166
155 131 20294
155 132 20550
155 133 20678
155 134 20838
155 135 20966
155 136 21142
155 137 21318
155 138 21446
155 139 21590
155 140 21718
155 141 21830
155 142 21990
155 143 22134
155 144 22326
155 145 22486
155 146 22614
155 147 22742
155 148 22998
155 149 23158
155 150 23286
155 151 23414
155 152 23622
155 153 23766
155 154 23894
155 155 24038
155 156 24166
155 157 24310
155 158 24438
155 159 24582
155 160 24806
155 161 24966
155 162 25094
155 163 25222
155 164 25414
155 165 25574
155 166 25702
155 167 25830
155 168 26038
155 169 26182
155 170 26310
155 171 26454
155 172 26582
155 173 26726
155 174 26854
155 175 26998
155 176 27286
155 177 27478
155 178 27606
155 179 27734
155 180 27926
155 181 28054
155 182 28214
155 183 28342
155 184 28518
155 185 28694
155 186 28822
155 187 28966
155 188 29094
155 189 29206
155 190 29366
155 191 29510
155 192 29766
155 193 29958
155 194 30086
155 195 30214
155 196 30470
155 197 30598
155 198 30758
155 199 30886
155 200 31062
155 201 31238
155 202 31366
155 203 31510
155 204 31638
155 205 31750
155 206 31910
155 207 32054
155 208 32118
155 209 32278
155 210 32406
155 211 32534
155 212 32790
155 213 32950
155 214 33078
155 215 33206
155 216 33414
155 217 33558
155 218 33686
155 219 33830
155 220 33958
155 221 34102
155 222 34230
155 223 34374
155 224 34726
155 225 34886
155 226 35014
155 227 35142
155 228 35334
155 229 35494
155 230 35622
155 231 35750
155 232 35958
155 233 36102
155 234 36230
155 235 36374
155 236 36502
155 237 36646
155 238 36774
155 239 36918
155 240 37078
155 241 37270
155 242 37398
155 243 37526
155 244 37718
155 245 37846
155 246 38006
155 247 38134
155 248 38310
155 249 38486
155 250 38614
155 251 38758
155 252 38886
155 253 38998
155 254 39158
155 255 39302
156 0 6
156 1 326
156 2 326
156 3 582
156 4 726
156 5 966
156 6 998
156 7 1270
156 8 1478
156 9 1478
156 10 1766
156 11 1766
156 12 2006
156 13 2022
156 14 2278
156 15 2294
156 16 2502
156 17 2694
156 18 2822
156 19 2950
156 20 3158
156 21 3270
156 22 3430
156 23 3574
156 24 3782
156 25 3910
156 26 4070
156 27 4198
156 28 4310
156 29 4454
156 30 4582
156 31 4726
156 32 4998
156 33 5190
156 34 5318
156 35 5446
156 36 5718
156 37 5830
156 38 5990
156 39 6134
156 40 6342
156 41 6470
156 42 6630
156 43 6758
156 44 6870
156 45 7014
156 46 7142
156 47 7286
156 48 7494
156 49 7686
156 50 7814
156 51 7942
156 52 8150
156 53 8262
156 54 8422
156 55 8566
156 56 8774
156 57 8902
156 58 9062
156 59 9190
156 60 9302
156 61 9446
156 62 9574
156 63 9718
156 64 9990
156 65 10310
156 66 10310
156 67 10566
156 68 10710
156 69 10950
156 70 10982
156 71 11254
156 72 11462
156 73 11462
156 74 11750
156 75 11750
156 76 11990
156 77 12006
156 78 12262
156 79 12278
156 80 12486
156 81 12678
156 82 12806
156 83 12934
156 84 13142
156 85 13254
156 86 13414
156 87 13558
156 88 13766
156 89 13894
156 90 14054
156 91 14182
156 92 14294
156 93 14438
156 94 14566
156 95 14710
156 96 14982
156 97 15174
156 98 15302
156 99 15430
156 100 15702
156 101 15814
156 102 15974
156 103 16118
156 104 16326
156 105 16454
156 106 16614
156 107 16742
156 108 16854
156 109 16998
156 110 17126
156 111 17270
156 112 17478
156 113 17670
156 114 17798
156 115 17926
156 116 18134
156 117 18246
156 118 18406
156 119 18550
156 120 18758
156 121 18886
156 122 19046
156 123 19174
156 124 19286
156 125 19430
156 126 19558
156 127 19702
156 128 19974
156 129 20294
156 130 20294
156 131 20550
156 132 20694
156 133 20934
156 134 20966
156 135 21238
156 136 21446
156 137 21446
156 138 21734
156 139 21734
156 140 21974
156 141 21990
156 142 22246
156 143 22262
156 144 22470
156 145 22662
156 146 22790
156 147 22918
156 148 23126
156 149 23238
156 150 23398
156 151 23542
156 152 23750
156 153 23878
156 154 24038
156 155 24166
156 156 24278
156 157 24422
156 158 24550
156 159 24694
156 160 24966
156 161 25158
156 162 25286
156 163 25414
156 164 25686
156 165 25798
156 166 25958
156 167 26102
156 168 26310
156 169 26438
156 170 26598
156 171 26726
156 172 26838
156 173 26982
156 174 27110
156 175 27254
156 176 27462
156 177 27654
156 178 27782
156 179 27910
156 180 28118
156 181 28230
156 182 28390
156 183 28534
156 184 28742
156 185 28870
156 186 29030
156 187 29158
156 188 29270
156 189 29414
156 190 29542
156 191 29686
156 192 29958
156 193 30278
156 194 30278
156 195 30534
156 196 30678
156 197 30918
156 198 30950
156 199 31222
156 200 31430
156 201 31430
156 202 31718
156 203 31718
156 204 31958
156 205 31974
156 206 32230
156 207 32246
156 208 32454
156 209 32646
156 210 32774
156 211 32902
156 212 33110
156 213 33222
156 214 33382
156 215 33526
156 216 33734
156 217 33862
156 218 34022
156 219 34150
156 220 34262
156 221 34406
156 222 34534
156 223 34678
156 224 34950
156 225 35142
156 226 35270
156 227 35398
156 228 35670
156 229 35782
156 230 35942
156 231 36086
156 232 36294
156 233 36422
156 234 36582
156 235 36710
156 236 36822
156 237 36966
156 238 37094
156 239 37238
156 240 37446
156 241 37638
156 242 37766
156 243 37894
156 244 38102
156 245 38214
156 246 38374
156 247 38518
156 248 38726
156 249 38854
156 250 39014
156 251 39142
156 252 39254
156 253 39398
156 254 39526
156 255 39670
157 0 6
157 1 326
157 2 326
157 3 582
157 4 726
157 5 966
157 6 998
157 7 1270
157 8 1478
157 9 1478
157 10 1766
157 11 1766
157 12 2006
157 13 2022
157 14 2278
157 15 2294
157 16 2518
157 17 2710
157 18 2838
157 19 2966
157 20 3174
157 21 3286
157 22 3446
157 23 3590
157 24 3798
157 25 3926
157 26 4086
157 27 4214
157 28 4326
157 29 4470
157 30 4598
157 31 4742
157 32 5030
157 33 5190
157 34 5318
157 35 5446
157 36 5718
157 37 5862
157 38 5990
157 39 6134
157 40 6342
157 41 6502
157 42 6630
157 43 6758
157 44 6870
157 45 7014
157 46 7142
157 47 7286
157 48 7542
157 49 7702
157 50 7830
157 51 7958
157 52 8166
157 53 8310
157 54 8438
157 55 8582
157 56 8790
157 57 8950
157 58 9078
157 59 9206
157 60 9318
157 61 9462
157 62 9590
157 63 9734
157 64 10054
157 65 10374
157 66 10374
157 67 10630
157 68 10774
157 69 11014
157 70 11046
157 71 11318
157 72 11526
157 73 11526
157 74 11814
157 75 11814
157 76 12054
157 77 12070
157 78 12326
157 79 12342
157 80 12566
157 81 12758
157 82 12886
157 83 13014
157 84 13222
157 85 13334
157 86 13494
157 87 13638
157 88 13846
157 89 13974
157 90 14134
157 91 14262
157 92 14374
157 93 14518
157 94 14646
157 95 14790
157 96 15078
157 97 15238
157 98 15366
157 99 15494
157 100 15766
157 101 15910
157 102 16038
157 103 16182
157 104 16390
157 105 16550
157 106 16678
157 107 16806
157 108 16918
157 109 17062
157 110 17190
157 111 17334
157 112 17590
157 113 17750
157 114 17878
157 115 18006
157 116 18214
157 117 18358
157 118 18486
157 119 18630
157 120 18838
157 121 18998
157 122 19126
157 123 19254
157 124 19366
157 125 19510
157 126 19638
157 127 19782
157 128 20102
157 129 20294
157 130 20422
157 131 20550
157 132 20822
157 133 20934
157 134 21094
157 135 21238
157 136 21446
157 137 21574
157 138 21734
157 139 21862
157 140 21974
157 141 22118
157 142 22246
157 143 22390
157 144 22614
157 145 22806
157 146 22934
157 147 23062
157 148 23270
157 149 23382
157 150 23542
157 151 23686
157 152 23894
157 153 24022
157 154 24182
157 155 24310
157 156 24422
157 157 24566
157 158 24694
157 159 24838
157 160 25126
157 161 25286
157 162 25414
157 163 25542
157 164 25814
157 165 25958
157 166 26086
157 167 26230
157 168 26438
157 169 26598
157 170 26726
157 171 26854
157 172 26966
157 173 27110
157 174 27238
157 175 27382
157 176 27510
157 177 27670
157 178 27798
157 179 27926
157 180 28134
157 181 28278
157 182 28406
157 183 28550
157 184 28758
157 185 28918
157 186 29046
157 187 29174
157 188 29286
157 189 29430
157 190 29558
157 191 29702
157 192 30150
157 193 30342
157 194 30470
157 195 30598
157 196 30870
157 197 30982
157 198 31142
157 199 31286
157 200 31494
157 201 31622
157 202 31782
157 203 31910
157 204 32022
157 205 32166
157 206 32294
157 207 32438
157 208 32662
157 209 32854
157 210 32982
157 211 33110
157 212 33318
157 213 33430
157 214 33590
157 215 33734
157 216 33942
157 217 34070
157 218 34230
157 219 34358
157 220 34470
157 221 34614
157 222 34742
157 223 34886
157 224 35174
157 225 35334
157 226 35462
157 227 35590
157 228 35862
157 229 36006
157 230 36134
157 231 36278
157 232 36486
157 233 36646
157 234 36774
157 235 36902
157 236 37014
157 237 37158
157 238 37286
157 239 37430
157 240 37558
157 241 37718
157 242 37846
157 243 37974
157 244 38182
157 245 38326
157 246 38454
157 247 38598
157 248 38806
157 249 38966
157 250 39094
157 251 39222
157 252 39334
157 253 39478
157 254 39606
157 255 39750
158 0 6
158 1 326
158 2 326
158 3 582
158 4 726
158 5 966
158 6 998
158 7 1270
158 8 1494
158 9 1478
158 10 1766
158 11 1782
158 12 2006
158 13 2022
158 14 2278
158 15 2294
158 16 2534
158 17 2694
158 18 2822
158 19 2950
158 20 3158
158 21 3302
158 22 3430
158 23 3574
158 24 3798
158 25 3942
158 26 4070
158 27 4214
158 28 4310
158 29 4454
158 30 4582
158 31 4726
158 32 5062
158 33 5254
158 34 5382
158 35 5510
158 36 5718
158 37 5830
158 38 5990
158 39 6134
158 40 6358
158 41 6470
158 42 6630
158 43 6774
158 44 6870
158 45 7014
158 46 7142
158 47 7286
158 48 7590
158 49 7750
158 50 7878
158 51 8006
158 52 8214
158 53 8358
158 54 8486
158 55 8630
158 56 8854
158 57 8998
158 58 9126
158 59 9270
158 60 9366
158 61 9510
158 62 9638
158 63 9782
158 64 10118
158 65 10310
158 66 10438
158 67 10566
158 68 10838
158 69 10950
158 70 11110
158 71 11254
158 72 11478
158 73 11590
158 74 11750
158 75 11894
158 76 11990
158 77 12134
158 78 12262
158 79 12406
158 80 12646
158 81 12806
158 82 12934
158 83 13062
158 84 13270
158 85 13414
158 86 13542
158 87 13686
158 88 13910
158 89 14054
158 90 14182
158 91 14326
158 92 14422
158 93 14566
158 94 14694
158 95 14838
158 96 15174
158 97 15366
158 98 15494
158 99 15622
158 100 15830
158 101 15942
158 102 16102
158 103 16246
158 104 16470
158 105 16582
158 106 16742
158 107 16886
158 108 16982
158 109 17126
158 110 17254
158 111 17398
158 112 17574
158 113 17734
158 114 17862
158 115 17990
158 116 18198
158 117 18342
158 118 18470
158 119 18614
158 120 18838
158 121 18982
158 122 19110
158 123 19254
158 124 19350
158 125 19494
158 126 19622
158 127 19766
158 128 20230
158 129 20550
158 130 20550
158 131 20806
158 132 20950
158 133 21190
158 134 21222
158 135 21494
158 136 21718
158 137 21702
158 138 21990
158 139 22006
158 140 22230
158 141 22246
158 142 22502
158 143 22518
158 144 22758
158 145 22918
158 146 23046
158 147 23174
158 148 23382
158 149 23526
158 150 23654
158 151 23798
158 152 24022
158 153 24166
158 154 24294
158 155 24438
158 156 24534
158 157 24678
158 158 24806
158 159 24950
158 160 25286
158 161 25478
158 162 25606
158 163 25734
158 164 25942
158 165 26054
158 166 26214
158 167 26358
158 168 26582
158 169 26694
158 170 26854
158 171 26998
158 172 27094
158 173 27238
158 174 27366
158 175 27510
158 176 27814
158 177 27974
158 178 28102
158 179 28230
158 180 28438
158 181 28582
158 182 28710
158 183 28854
158 184 29078
158 185 29222
158 186 29350
158 187 29494
158 188 29590
158 189 29734
158 190 29862
158 191 30006
158 192 30342
158 193 30534
158 194 30662
158 195 30790
158 196 31062
158 197 31174
158 198 31334
158 199 31478
158 200 31702
158 201 31814
158 202 31974
158 203 32118
158 204 32214
158 205 32358
158 206 32486
158 207 32630
158 208 32870
158 209 33030
158 210 33158
158 211 33286
158 212 33494
158 213 33638
158 214 33766
158 215 33910
158 216 34134
158 217 34278
158 218 34406
158 219 34550
158 220 34646
158 221 34790
158 222 34918
158 223 35062
158 224 35398
158 225 35590
158 226 35718
158 227 35846
158 228 36054
158 229 36166
158 230 36326
158 231 36470
158 232 36694
158 233 36806
158 234 36966
158 235 37110
158 236 37206
158 237 37350
158 238 37478
158 239 37622
158 240 37798
158 241 37958
158 242 38086
158 243 38214
158 244 38422
158 245 38566
158 246 38694
158 247 38838
158 248 39062
158 249 39206
158 250 39334
158 251 39478
158 252 39574
158 253 39718
158 254 39846
158 255 39990
159 0 6
159 1 326
159 2 326
159 3 582
159 4 726
159 5 966
159 6 998
159 7 1270
159 8 1494
159 9 1478
159 10 1766
159 11 1782
159 12 2006
159 13 2022
159 14 2278
159 15 2294
159 16 2550
159 17 2710
159 18 2838
159 19 2966
159 20 3174
159 21 3318
159 22 3446
159 23 3590
159 24 3814
159 25 3958
159 26 4086
159 27 4230
159 28 4326
159 29 4470
159 30 4598
159 31 4742
159 32 5094
159 33 5254
159 34 5382
159 35 5510
159 36 5718
159 37 5862
159 38 5990
159 39 6134
159 40 6358
159 41 6502
159 42 6630
159 43 6774
159 44 6870
159 45 7014
159 46 7142
159 47 7286
159 48 7638
159 49 7830
159 50 7958
159 51 8086
159 52 8294
159 53 8406
159 54 8566
159 55 8710
159 56 8934
159 57 9046
159 58 9206
159 59 9350
159 60 9446
159 61 9590
159 62 9718
159 63 9862
159 64 10182
159 65 10374
159 66 10502
159 67 10630
159 68 10902
159 69 11014
159 70 11174
159 71 11318
159 72 11542
159 73 11654
159 74 11814
159 75 11958
159 76 12054
159 77 12198
159 78 12326
159 79 12470
159 80 12726
159 81 12886
159 82 13014
159 83 13142
159 84 13350
159 85 13494
159 86 13622
159 87 13766
159 88 13990
159 89 14134
159 90 14262
159 91 14406
159 92 14502
159 93 14646
159 94 14774
159 95 14918
159 96 15270
159 97 15430
159 98 15558
159 99 15686
159 100 15894
159 101 16038
159 102 16166
159 103 16310
159 104 16534
159 105 16678
159 106 16806
159 107 16950
159 108 17046
159 109 17190
159 110 17318
159 111 17462
159 112 17622
159 113 17814
159 114 17942
159 115 18070
159 116 18278
159 117 18390
159 118 18550
159 119 18694
159 120 18918
159 121 19030
159 122 19190
159 123 19334
159 124 19430
159 125 19574
159 126 19702
159 127 19846
159 128 20358
159 129 20550
159 130 20678
159 131 20806
159 132 21078
159 133 21190
159 134 21350
159 135 21494
159 136 21718
159 137 21830
159 138 21990
159 139 22134
159 140 22230
159 141 22374
159 142 22502
159 143 22646
159 144 22902
159 145 23062
159 146 23190
159 147 23318
159 148 23526
159 149 23670
159 150 23798
159 151 23942
159 152 24166
159 153 24310
159 154 24438
159 155 24582
159 156 24678
159 157 24822
159 158 24950
159 159 25094
159 160 25446
159 161 25606
159 162 25734
159 163 25862
159 164 26070
159 165 26214
159 166 26342
159 167 26486
159 168 26710
159 169 26854
159 170 26982
159 171 27126
159 172 27222
159 173 27366
159 174 27494
159 175 27638
159 176 27862
159 177 28054
159 178 28182
159 179 28310
159 180 28518
159 181 28630
159 182 28790
159 183 28934
159 184 29158
159 185 29270
159 186 29430
159 187 29574
159 188 29670
159 189 29814
159 190 29942
159 191 30086
159 192 30534
159 193 30726
159 194 30854
159 195 30982
159 196 31254
159 197 31366
159 198 31526
159 199 31670
159 200 31894
159 201 32006
159 202 32166
159 203 32310
159 204 32406
159 205 32550
159 206 32678
159 207 32822
159 208 32950
159 209 33110
159 210 33238
159 211 33366
159 212 33574
159 213 33718
159 214 33846
159 215 33990
159 216 34214
159 217 34358
159 218 34486
159 219 34630
159 220 34726
159 221 34870
159 222 34998
159 223 35142
159 224 35494
159 225 35654
159 226 35782
159 227 35910
159 228 36118
159 229 36262
159 230 36390
159 231 36534
159 232 36758
159 233 36902
159 234 37030
159 235 37174
159 236 37270
159 237 37414
159 238 37542
159 239 37686
159 240 37846
159 241 38038
159 242 38166
159 243 38294
159 244 38502
159 245 38614
159 246 38774
159 247 38918
159 248 39142
159 249 39254
159 250 39414
159 251 39558
159 252 39654
159 253 39798
159 254 39926
159 255 40070
160 0 6
160 1 294
160 2 326
160 3 614
160 4 774
160 5 806
160 6 1094
160 7 1126
160 8 1286
160 9 1574
160 10 1606
160 11 1894
160 12 2054
160 13 2086
160 14 2374
160 15 2406
160 16 2566
160 17 2854
160 18 2886
160 19 3174
160 20 3334
160 21 3366
160 22 3654
160 23 3686
160 24 3846
160 25 4134
160 26 4166
160 27 4454
160 28 4614
160 29 4646
160 30 4934
160 31 4966
160 32 5126
160 33 5414
160 34 5446
160 35 5734
160 36 5894
160 37 5926
160 38 6214
160 39 6246
160 40 6406
160 41 6694
160 42 6726
160 43 7014
160 44 7174
160 45 7206
160 46 7494
160 47 7526
160 48 7686
160 49 7974
160 50 8006
160 51 8294
160 52 8454
160 53 8486
160 54 8774
160 55 8806
160 56 8966
160 57 9254
160 58 9286
160 59 9574
160 60 9734
160 61 9766
160 62 10054
160 63 10086
160 64 10246
160 65 10534
160 66 10566
160 67 10854
160 68 11014
160 69 11046
160 70 11334
160 71 11366
160 72 11526
160 73 11814
160 74 11846
160 75 12134
160 76 12294
160 77 12326
160 78 12614
160 79 12646
160 80 12806
160 81 13094
160 82 13126
160 83 13414
160 84 13574
160 85 13606
160 86 13894
160 87 13926
160 88 14086
160 89 14374
160 90 14406
160 91 14694
160 92 14854
160 93 14886
160 94 15174
160 95 15206
160 96 15366
160 97 15654
160 98 15686
160 99 15974
160 100 16134
160 101 16166
160 102 16454
160 103 16486
160 104 16646
160 105 16934
160 106 16966
160 107 17254
160 108 17414
160 109 17446
160 110 17734
160 111 17766
160 112 17926
160 113 18214
160 114 18246
160 115 18534
160 116 18694
160 117 18726
160 118 19014
160 119 19046
160 120 19206
160 121 19494
160 122 19526
160 123 19814
160 124 19974
160 125 20006
160 126 20294
160 127 20326
160 128 20486
160 129 20774
160 130 20806
160 131 21094
160 132 21254
160 133 21286
160 134 21574
160 135 21606
160 136 21766
160 137 22054
160 138 22086
160 139 22374
160 140 22534
160 141 22566
160 142 22854
160 143 22886
160 144 23046
160 145 23334
160 146 23366
160 147 23654
160 148 23814
160 149 23846
160 150 24134
160 151 24166
160 152 24326
160 153 24614
160 154 24646
160 155 24934
160 156 25094
160 157 25126
160 158 25414
160 159 25446
160 160 25606
160 161 25894
160 162 25926
160 163 26214
160 164 26374
160 165 26406
160 166 26694
160 167 26726
160 168 26886
160 169 27174
160 170 27206
160 171 27494
160 172 27654
160 173 27686
160 174 27974
160 175 28006
160 176 28166
160 177 28454
160 178 28486
160 179 28774
160 180 28934
160 181 28966
160 182 29254
160 183 29286
160 184 29446
160 185 29734
160 186 29766
160 187 30054
160 188 30214
160 189 30246
160 190 30534
160 191 30566
160 192 30726
160 193 31014
160 194 31046
160 195 31334
160 196 31494
160 197 31526
160 198 31814
160 199 31846
160 200 32006
160 201 32294
160 202 32326
160 203 32614
160 204 32774
160 205 32806
160 206 33094
160 207 33126
160 208 33286
160 209 33574
160 210 33606
160 211 33894
160 212 34054
160 213 34086
160 214 34374
160 215 34406
160 216 34566
160 217 34854
160 218 34886
160 219 35174
160 220 35334
160 221 35366
160 222 35654
160 223 35686
160 224 35846
160 225 36134
160 226 36166
160 227 36454
160 228 36614
160 229 36646
160 230 36934
160 231 36966
160 232 37126
160 233 37414
160 234 37446
160 235 37734
160 236 37894
160 237 37926
160 238 38214
160 239 38246
160 240 38406
160 241 38694
160 242 38726
160 243 39014
160 244 39174
160 245 39206
160 246 39494
160 247 39526
160 248 39686
160 249 39974
160 250 40006
160 251 40294
160 252 40454
160 253 40486
160 254 40774
160 255 40806
161 0 6
161 1 294
161 2 326
161 3 614
161 4 774
161 5 806
161 6 1094
161 7 1126
161 8 1286
161 9 1574
161 10 1606
161 11 1894
161 12 2054
161 13 2086
161 14 2374
161 15 2406
161 16 2582
161 17 2870
161 18 2902
161 19 3190
161 20 3350
161 21 3382
161 22 3670
161 23 3702
161 24 3862
161 25 4150
161 26 4182
161 27 4470
161 28 4630
161 29 4662
161 30 4950
161 31 4982
161 32 5158
161 33 5414
161 34 5478
161 35 5734
161 36 5926
161 37 5926
161 38 6246
161 39 6246
161 40 6438
161 41 6694
161 42 6758
161 43 7014
161 44 7206
161 45 7206
161 46 7526
161 47 7526
161 48 7734
161 49 7990
161 50 8054
161 51 8310
161 52 8502
161 53 8502
161 54 8822
161 55 8822
161 56 9014
161 57 9270
161 58 9334
161 59 9590
161 60 9782
161 61 9782
161 62 10102
161 63 10102
161 64 10310
161 65 10598
161 66 10630
161 67 10918
161 68 11078
161 69 11110
161 70 11398
161 71 11430
161 72 11590
161 73 11878
161 74 11910
161 75 12198
161 76 12358
161 77 12390
161 78 12678
161 79 12710
161 80 12886
161 81 13174
161 82 13206
161 83 13494
161 84 13654
161 85 13686
161 86 13974
161 87 14006
161 88 14166
161 89 14454
161 90 14486
161 91 14774
161 92 14934
161 93 14966
161 94 15254
161 95 15286
161 96 15462
161 97 15718
161 98 15782
161 99 16038
161 100 16230
161 101 16230
161 102 16550
161 103 16550
161 104 16742
161 105 16998
161 106 17062
161 107 17318
161 108 17510
161 109 17510
161 110 17830
161 111 17830
161 112 18038
161 113 18294
161 114 18358
161 115 18614
161 116 18806
161 117 18806
161 118 19126
161 119 19126
161 120 19318
161 121 19574
161 122 19638
161 123 19894
161 124 20086
161 125 20086
161 126 20406
161 127 20406
161 128 20614
161 129 20774
161 130 20934
161 131 21094
161 132 21254
161 133 21414
161 134 21574
161 135 21734
161 136 21894
161 137 22054
161 138 22214
161 139 22374
161 140 22534
161 141 22694
161 142 22854
161 143 23014
161 144 23190
161 145 23350
161 146 23510
161 147 23670
161 148 23830
161 149 23990
161 150 24150
161 151 24310
161 152 24470
161 153 24630
161 154 24790
161 155 24950
161 156 25110
161 157 25270
161 158 25430
161 159 25590
161 160 25766
161 161 25894
161 162 26086
161 163 26214
161 164 26406
161 165 26534
161 166 26726
161 167 26854
161 168 27046
161 169 27174
161 170 27366
161 171 27494
161 172 27686
161 173 27814
161 174 28006
161 175 28134
161 176 28342
161 177 28470
161 178 28662
161 179 28790
161 180 28982
161 181 29110
161 182 29302
161 183 29430
161 184 29622
161 185 29750
161 186 29942
161 187 30070
161 188 30262
161 189 30390
161 190 30582
161 191 30710
161 192 30918
161 193 31078
161 194 31238
161 195 31398
161 196 31558
161 197 31718
161 198 31878
161 199 32038
161 200 32198
161 201 32358
161 202 32518
161 203 32678
161 204 32838
161 205 32998
161 206 33158
161 207 33318
161 208 33494
161 209 33654
161 210 33814
161 211 33974
161 212 34134
161 213 34294
161 214 34454
161 215 34614
161 216 34774
161 217 34934
161 218 35094
161 219 35254
161 220 35414
161 221 35574
161 222 35734
161 223 35894
161 224 36070
161 225 36198
161 226 36390
161 227 36518
161 228 36710
161 229 36838
161 230 37030
161 231 37158
161 232 37350
161 233 37478
161 234 37670
161 235 37798
161 236 37990
161 237 38118
161 238 38310
161 239 38438
161 240 38646
161 241 38774
161 242 38966
161 243 39094
161 244 39286
161 245 39414
161 246 39606
161 247 39734
161 248 39926
161 249 40054
161 250 40246
161 251 40374
161 252 40566
161 253 40694
161 254 40886
161 255 41014
162 0 6
162 1 294
162 2 326
162 3 614
162 4 774
162 5 806
162 6 1094
162 7 1126
162 8 1302
162 9 1590
162 10 1622
162 11 1910
162 12 2070
162 13 2102
162 14 2390
162 15 2422
162 16 2598
162 17 2854
162 18 2918
162 19 3174
162 20 3366
162 21 3366
162 22 3686
162 23 3686
162 24 3894
162 25 4150
162 26 4214
162 27 4470
162 28 4662
162 29 4662
162 30 4982
162 31 4982
162 32 5190
162 33 5478
162 34 5446
162 35 5734
162 36 5958
162 37 5990
162 38 6214
162 39 6246
162 40 6486
162 41 6774
162 42 6742
162 43 7030
162 44 7254
162 45 7286
162 46 7510
162 47 7542
162 48 7782
162 49 8038
162 50 8038
162 51 8294
162 52 8550
162 53 8550
162 54 8806
162 55 8806
162 56 9078
162 57 9334
162 58 9334
162 59 9590
162 60 9846
162 61 9846
162 62 10102
162 63 10102
162 64 10374
162 65 10534
162 66 10694
162 67 10854
162 68 11014
162 69 11174
162 70 11334
162 71 11494
162 72 11670
162 73 11830
162 74 11990
162 75 12150
162 76 12310
162 77 12470
162 78 12630
162 79 12790
162 80 12966
162 81 13094
162 82 13286
162 83 13414
162 84 13606
162 85 13734
162 86 13926
162 87 14054
162 88 14262
162 89 14390
162 90 14582
162 91 14710
162 92 14902
162 93 15030
162 94 15222
162 95 15350
162 96 15558
162 97 15718
162 98 15814
162 99 15974
162 100 16198
162 101 16358
162 102 16454
162 103 16614
162 104 16854
162 105 17014
162 106 17110
162 107 17270
162 108 17494
162 109 17654
162 110 17750
162 111 17910
162 112 18150
162 113 18278
162 114 18406
162 115 18534
162 116 18790
162 117 18918
162 118 19046
162 119 19174
162 120 19446
162 121 19574
162 122 19702
162 123 19830
162 124 20086
162 125 20214
162 126 20342
162 127 20470
162 128 20742
162 129 21030
162 130 21062
162 131 21350
162 132 21510
162 133 21542
162 134 21830
162 135 21862
162 136 22038
162 137 22326
162 138 22358
162 139 22646
162 140 22806
162 141 22838
162 142 23126
162 143 23158
162 144 23334
162 145 23590
162 146 23654
162 147 23910
162 148 24102
162 149 24102
162 150 24422
162 151 24422
162 152 24630
162 153 24886
162 154 24950
162 155 25206
162 156 25398
162 157 25398
162 158 25718
162 159 25718
162 160 25926
162 161 26214
162 162 26182
162 163 26470
162 164 26694
162 165 26726
162 166 26950
162 167 26982
162 168 27222
162 169 27510
162 170 27478
162 171 27766
162 172 27990
162 173 28022
162 174 28246
162 175 28278
162 176 28518
162 177 28774
162 178 28774
162 179 29030
162 180 29286
162 181 29286
162 182 29542
162 183 29542
162 184 29814
162 185 30070
162 186 30070
162 187 30326
162 188 30582
162 189 30582
162 190 30838
162 191 30838
162 192 31110
162 193 31270
162 194 31430
162 195 31590
162 196 31750
162 197 31910
162 198 32070
162 199 32230
162 200 32406
162 201 32566
162 202 32726
162 203 32886
162 204 33046
162 205 33206
162 206 33366
162 207 33526
162 208 33702
162 209 33830
162 210 34022
162 211 34150
162 212 34342
162 213 34470
162 214 34662
162 215 34790
162 216 34998
162 217 35126
162 218 35318
162 219 35446
162 220 35638
162 221 35766
162 222 35958
162 223 36086
162 224 36294
162 225 36454
162 226 36550
162 227 36710
162 228 36934
162 229 37094
162 230 37190
162 231 37350
162 232 37590
162 233 37750
162 234 37846
162 235 38006
162 236 38230
162 237 38390
162 238 38486
162 239 38646
162 240 38886
162 241 39014
162 242 39142
162 243 39270
162 244 39526
162 245 39654
162 246 39782
162 247 39910
162 248 40182
162 249 40310
162 250 40438
162 251 40566
162 252 40822
162 253 40950
162 254 41078
162 255 41206
163 0 6
163 1 294
163 2 326
163 3 614
163 4 774
163 5 806
163 6 1094
163 7 1126
163 8 1302
163 9 1590
163 10 1622
163 11 1910
163 12 2070
163 13 2102
163 14 2390
163 15 2422
163 16 2614
163 17 2870
163 18 2934
163 19 3190
163 20 3382
163 21 3382
163 22 3702
163 23 3702
163 24 3910
163 25 4166
163 26 4230
163 27 4486
163 28 4678
163 29 4678
163 30 4998
163 31 4998
163 32 5222
163 33 5478
163 34 5478
163 35 5734
163 36 5990
163 37 5990
163 38 6246
163 39 6246
163 40 6518
163 41 6774
163 42 6774
163 43 7030
163 44 7286
163 45 7286
163 46 7542
163 47 7542
163 48 7830
163 49 8118
163 50 8086
163 51 8374
163 52 8598
163 53 8630
163 54 8854
163 55 8886
163 56 9126
163 57 9414
163 58 9382
163 59 9670
163 60 9894
163 61 9926
163 62 10150
163 63 10182
163 64 10438
163 65 10598
163 66 10758
163 67 10918
163 68 11078
163 69 11238
163 70 11398
163 71 11558
163 72 11734
163 73 11894
163 74 12054
163 75 12214
163 76 12374
163 77 12534
163 78 12694
163 79 12854
163 80 13046
163 81 13174
163 82 13366
163 83 13494
163 84 13686
163 85 13814
163 86 14006
163 87 14134
163 88 14342
163 89 14470
163 90 14662
163 91 14790
163 92 14982
163 93 15110
163 94 15302
163 95 15430
163 96 15654
163 97 15782
163 98 15910
163 99 16038
163 100 16294
163 101 16422
163 102 16550
163 103 16678
163 104 16950
163 105 17078
163 106 17206
163 107 17334
163 108 17590
163 109 17718
163 110 17846
163 111 17974
163 112 18262
163 113 18422
163 114 18518
163 115 18678
163 116 18902
163 117 19062
163 118 19158
163 119 19318
163 120 19558
163 121 19718
163 122 19814
163 123 19974
163 124 20198
163 125 20358
163 126 20454
163 127 20614
163 128 20870
163 129 21030
163 130 21190
163 131 21350
163 132 21510
163 133 21670
163 134 21830
163 135 21990
163 136 22166
163 137 22326
163 138 22486
163 139 22646
163 140 22806
163 141 22966
163 142 23126
163 143 23286
163 144 23478
163 145 23606
163 146 23798
163 147 23926
163 148 24118
163 149 24246
163 150 24438
163 151 24566
163 152 24774
163 153 24902
163 154 25094
163 155 25222
163 156 25414
163 157 25542
163 158 25734
163 159 25862
163 160 26086
163 161 26214
163 162 26342
163 163 26470
163 164 26726
163 165 26854
163 166 26982
163 167 27110
163 168 27382
163 169 27510
163 170 27638
163 171 27766
163 172 28022
163 173 28150
163 174 28278
163 175 28406
163 176 28694
163 177 28854
163 178 28950
163 179 29110
163 180 29334
163 181 29494
163 182 29590
163 183 29750
163 184 29990
163 185 30150
163 186 30246
163 187 30406
163 188 30630
163 189 30790
163 190 30886
163 191 31046
163 192 31302
163 193 31462
163 194 31622
163 195 31782
163 196 31942
163 197 32102
163 198 32262
163 199 32422
163 200 32598
163 201 32758
163 202 32918
163 203 33078
163 204 33238
163 205 33398
163 206 33558
163 207 33718
163 208 33910
163 209 34038
163 210 34230
163 211 34358
163 212 34550
163 213 34678
163 214 34870
163 215 34998
163 216 35206
163 217 35334
163 218 35526
163 219 35654
163 220 35846
163 221 35974
163 222 36166
163 223 36294
163 224 36518
163 225 36646
163 226 36774
163 227 36902
163 228 37158
163 229 37286
163 230 37414
163 231 37542
163 232 37814
163 233 37942
163 234 38070
163 235 38198
163 236 38454
163 237 38582
163 238 38710
163 239 38838
163 240 39126
163 241 39286
163 242 39382
163 243 39542
163 244 39766
163 245 39926
163 246 40022
163 247 40182
163 248 40422
163 249 40582
163 250 40678
163 251 40838
163 252 41062
163 253 41222
163 254 41318
163 255 41478
164 0 6
164 1 294
164 2 326
164 3 614
164 4 790
164 5 822
164 6 1110
164 7 1142
164 8 1350
164 9 1606
164 10 1670
164 11 1926
164 12 2134
164 13 2134
164 14 2454
164 15 2454
164 16 2630
164 17 2918
164 18 2886
164 19 3174
164 20 3414
164 21 3446
164 22 3670
164 23 3702
164 24 3974
164 25 4230
164 26 4230
164 27 4486
164 28 4758
164 29 4758
164 30 5014
164 31 5014
164 32 5254
164 33 5414
164 34 5574
164 35 5734
164 36 5910
164 37 6070
164 38 6230
164 39 6390
164 40 6598
164 41 6726
164 42 6918
164 43 7046
164 44 7254
164 45 7382
164 46 7574
164 47 7702
164 48 7878
164 49 8038
164 50 8134
164 51 8294
164 52 8534
164 53 8694
164 54 8790
164 55 8950
164 56 9222
164 57 9350
164 58 9478
164 59 9606
164 60 9878
164 61 10006
164 62 10134
164 63 10262
164 64 10502
164 65 10790
164 66 10822
164 67 11110
164 68 11286
164 69 11318
164 70 11606
164 71 11638
164 72 11846
164 73 12102
164 74 12166
164 75 12422
164 76 12630
164 77 12630
164 78 12950
164 79 12950
164 80 13126
164 81 13414
164 82 13382
164 83 13670
164 84 13910
164 85 13942
164 86 14166
164 87 14198
164 88 14470
164 89 14726
164 90 14726
164 91 14982
164 92 15254
164 93 15254
164 94 15510
164 95 15510
164 96 15750
164 97 15910
164 98 16070
164 99 16230
164 100 16406
164 101 16566
164 102 16726
164 103 16886
164 104 17094
164 105 17222
164 106 17414
164 107 17542
164 108 17750
164 109 17878
164 110 18070
164 111 18198
164 112 18374
164 113 18534
164 114 18630
164 115 18790
164 116 19030
164 117 19190
164 118 19286
164 119 19446
164 120 19718
164 121 19846
164 122 19974
164 123 20102
164 124 20374
164 125 20502
164 126 20630
164 127 20758
164 128 20998
164 129 21286
164 130 21318
164 131 21606
164 132 21782
164 133 21814
164 134 22102
164 135 22134
164 136 22342
164 137 22598
164 138 22662
164 139 22918
164 140 23126
164 141 23126
164 142 23446
164 143 23446
164 144 23622
164 145 23910
164 146 23878
164 147 24166
164 148 24406
164 149 24438
164 150 24662
164 151 24694
164 152 24966
164 153 25222
164 154 25222
164 155 25478
164 156 25750
164 157 25750
164 158 26006
164 159 26006
164 160 26246
164 161 26406
164 162 26566
164 163 26726
164 164 26902
164 165 27062
164 166 27222
164 167 27382
164 168 27590
164 169 27718
164 170 27910
164 171 28038
164 172 28246
164 173 28374
164 174 28566
164 175 28694
164 176 28870
164 177 29030
164 178 29126
164 179 29286
164 180 29526
164 181 29686
164 182 29782
164 183 29942
164 184 30214
164 185 30342
164 186 30470
164 187 30598
164 188 30870
164 189 30998
164 190 31126
164 191 31254
164 192 31494
164 193 31782
164 194 31814
164 195 32102
164 196 32278
164 197 32310
164 198 32598
164 199 32630
164 200 32838
164 201 33094
164 202 33158
164 203 33414
164 204 33622
164 205 33622
164 206 33942
164 207 33942
164 208 34118
164 209 34406
164 210 34374
164 211 34662
164 212 34902
164 213 34934
164 214 35158
164 215 35190
164 216 35462
164 217 35718
164 218 35718
164 219 35974
164 220 36246
164 221 36246
164 222 36502
164 223 36502
164 224 36742
164 225 36902
164 226 37062
164 227 37222
164 228 37398
164 229 37558
164 230 37718
164 231 37878
164 232 38086
164 233 38214
164 234 38406
164 235 38534
164 236 38742
164 237 38870
164 238 39062
164 239 39190
164 240 39366
164 241 39526
164 242 39622
164 243 39782
164 244 40022
164 245 40182
164 246 40278
164 247 40438
164 248 40710
164 249 40838
164 250 40966
164 251 41094
164 252 41366
164 253 41494
164 254 41622
164 255 41750
165 0 6
165 1 294
165 2 326
165 3 614
165 4 790
165 5 822
165 6 1110
165 7 1142
165 8 1350
165 9 1606
165 10 1670
165 11 1926
165 12 2134
165 13 2134
165 14 2454
165 15 2454
165 16 2646
165 17 2934
165 18 2902
165 19 3190
165 20 3430
165 21 3462
165 22 3686
165 23 3718
165 24 3990
165 25 4246
165 26 4246
165 27 4502
165 28 4774
165 29 4774
165 30 5030
165 31 5030
165 32 5286
165 33 5414
165 34 5606
165 35 5734
165 36 5942
165 37 6070
165 38 6262
165 39 6390
165 40 6598
165 41 6726
165 42 6918
165 43 7046
165 44 7254
165 45 7382
165 46 7574
165 47 7702
165 48 7926
165 49 8054
165 50 8182
165 51 8310
165 52 8582
165 53 8710
165 54 8838
165 55 8966
165 56 9238
165 57 9366
165 58 9494
165 59 9622
165 60 9894
165 61 10022
165 62 10150
165 63 10278
165 64 10566
165 65 10854
165 66 10886
165 67 11174
165 68 11350
165 69 11382
165 70 11670
165 71 11702
165 72 11910
165 73 12166
165 74 12230
165 75 12486
165 76 12694
165 77 12694
165 78 13014
165 79 13014
165 80 13206
165 81 13494
165 82 13462
165 83 13750
165 84 13990
165 85 14022
165 86 14246
165 87 14278
165 88 14550
165 89 14806
165 90 14806
165 91 15062
165 92 15334
165 93 15334
165 94 15590
165 95 15590
165 96 15846
165 97 15974
165 98 16166
165 99 16294
165 100 16502
165 101 16630
165 102 16822
165 103 16950
165 104 17158
165 105 17286
165 106 17478
165 107 17606
165 108 17814
165 109 17942
165 110 18134
165 111 18262
165 112 18486
165 113 18614
165 114 18742
165 115 18870
165 116 19142
165 117 19270
165 118 19398
165 119 19526
165 120 19798
165 121 19926
165 122 20054
165 123 20182
165 124 20454
165 125 20582
165 126 20710
165 127 20838
165 128 21126
165 129 21286
165 130 21446
165 131 21606
165 132 21782
165 133 21942
165 134 22102
165 135 22262
165 136 22470
165 137 22598
165 138 22790
165 139 22918
165 140 23126
165 141 23254
165 142 23446
165 143 23574
165 144 23766
165 145 23926
165 146 24022
165 147 24182
165 148 24422
165 149 24582
165 150 24678
165 151 24838
165 152 25110
165 153 25238
165 154 25366
165 155 25494
165 156 25766
165 157 25894
165 158 26022
165 159 26150
165 160 26406
165 161 26534
165 162 26726
165 163 26854
165 164 27062
165 165 27190
165 166 27382
165 167 27510
165 168 27718
165 169 27846
165 170 28038
165 171 28166
165 172 28374
165 173 28502
165 174 28694
165 175 28822
165 176 29046
165 177 29174
165 178 29302
165 179 29430
165 180 29702
165 181 29830
165 182 29958
165 183 30086
165 184 30358
165 185 30486
165 186 30614
165 187 30742
165 188 31014
165 189 31142
165 190 31270
165 191 31398
165 192 31686
165 193 31846
165 194 32006
165 195 32166
165 196 32342
165 197 32502
165 198 32662
165 199 32822
165 200 33030
165 201 33158
165 202 33350
165 203 33478
165 204 33686
165 205 33814
165 206 34006
165 207 34134
165 208 34326
165 209 34486
165 210 34582
165 211 34742
165 212 34982
165 213 35142
165 214 35238
165 215 35398
165 216 35670
165 217 35798
165 218 35926
165 219 36054
165 220 36326
165 221 36454
165 222 36582
165 223 36710
165 224 36966
165 225 37094
165 226 37286
165 227 37414
165 228 37622
165 229 37750
165 230 37942
165 231 38070
165 232 38278
165 233 38406
165 234 38598
165 235 38726
165 236 38934
165 237 39062
165 238 39254
165 239 39382
165 240 39606
165 241 39734
165 242 39862
165 243 39990
165 244 40262
165 245 40390
165 246 40518
165 247 40646
165 248 40918
165 249 41046
165 250 41174
165 251 41302
165 252 41574
165 253 41702
165 254 41830
165 255 41958
166 0 6
166 1 294
166 2 326
166 3 614
166 4 790
166 5 822
166 6 1110
166 7 1142
166 8 1366
166 9 1622
166 10 1686
166 11 1942
166 12 2134
166 13 2134
166 14 2454
166 15 2454
166 16 2662
166 17 2918
166 18 2918
166 19 3174
166 20 3446
166 21 3446
166 22 3702
166 23 3702
166 24 3990
166 25 4246
166 26 4246
166 27 4502
166 28 4758
166 29 4758
166 30 5014
166 31 5014
166 32 5318
166 33 5478
166 34 5574
166 35 5734
166 36 5974
166 37 6134
166 38 6230
166 39 6390
166 40 6678
166 41 6806
166 42 6934
166 43 7062
166 44 7318
166 45 7446
166 46 7574
166 47 7702
166 48 7974
166 49 8102
166 50 8230
166 51 8358
166 52 8630
166 53 8758
166 54 8886
166 55 9014
166 56 9302
166 57 9430
166 58 9558
166 59 9686
166 60 9942
166 61 10070
166 62 10198
166 63 10326
166 64 10630
166 65 10790
166 66 10950
166 67 11110
166 68 11286
166 69 11446
166 70 11606
166 71 11766
166 72 11990
166 73 12118
166 74 12310
166 75 12438
166 76 12630
166 77 12758
166 78 12950
166 79 13078
166 80 13286
166 81 13414
166 82 13542
166 83 13670
166 84 13942
166 85 14070
166 86 14198
166 87 14326
166 88 14614
166 89 14742
166 90 14870
166 91 14998
166 92 15254
166 93 15382
166 94 15510
166 95 15638
166 96 15942
166 97 16102
166 98 16198
166 99 16358
166 100 16598
166 101 16758
166 102 16854
166 103 17014
166 104 17302
166 105 17430
166 106 17558
166 107 17686
166 108 17942
166 109 18070
166 110 18198
166 111 18326
166 112 18598
166 113 18726
166 114 18854
166 115 18982
166 116 19254
166 117 19382
166 118 19510
166 119 19638
166 120 19926
166 121 20054
166 122 20182
166 123 20310
166 124 20566
166 125 20694
166 126 20822
166 127 20950
166 128 21254
166 129 21542
166 130 21574
166 131 21862
166 132 22038
166 133 22070
166 134 22358
166 135 22390
166 136 22614
166 137 22870
166 138 22934
166 139 23190
166 140 23382
166 141 23382
166 142 23702
166 143 23702
166 144 23910
166 145 24166
166 146 24166
166 147 24422
166 148 24694
166 149 24694
166 150 24950
166 151 24950
166 152 25238
166 153 25494
166 154 25494
166 155 25750
166 156 26006
166 157 26006
166 158 26262
166 159 26262
166 160 26566
166 161 26726
166 162 26822
166 163 26982
166 164 27222
166 165 27382
166 166 27478
166 167 27638
166 168 27926
166 169 28054
166 170 28182
166 171 28310
166 172 28566
166 173 28694
166 174 28822
166 175 28950
166 176 29222
166 177 29350
166 178 29478
166 179 29606
166 180 29878
166 181 30006
166 182 30134
166 183 30262
166 184 30550
166 185 30678
166 186 30806
166 187 30934
166 188 31190
166 189 31318
166 190 31446
166 191 31574
166 192 31878
166 193 32038
166 194 32198
166 195 32358
166 196 32534
166 197 32694
166 198 32854
166 199 33014
166 200 33238
166 201 33366
166 202 33558
166 203 33686
166 204 33878
166 205 34006
166 206 34198
166 207 34326
166 208 34534
166 209 34662
166 210 34790
166 211 34918
166 212 35190
166 213 35318
166 214 35446
166 215 35574
166 216 35862
166 217 35990
166 218 36118
166 219 36246
166 220 36502
166 221 36630
166 222 36758
166 223 36886
166 224 37190
166 225 37350
166 226 37446
166 227 37606
166 228 37846
166 229 38006
166 230 38102
166 231 38262
166 232 38550
166 233 38678
166 234 38806
166 235 38934
166 236 39190
166 237 39318
166 238 39446
166 239 39574
166 240 39846
166 241 39974
166 242 40102
166 243 40230
166 244 40502
166 245 40630
166 246 40758
166 247 40886
166 248 41174
166 249 41302
166 250 41430
166 251 41558
166 252 41814
166 253 41942
166 254 42070
166 255 42198
167 0 6
167 1 294
167 2 326
167 3 614
167 4 790
167 5 822
167 6 1110
167 7 1142
167 8 1366
167 9 1622
167 10 1686
167 11 1942
167 12 2134
167 13 2134
167 14 2454
167 15 2454
167 16 2678
167 17 2934
167 18 2934
167 19 3190
167 20 3462
167 21 3462
167 22 3718
167 23 3718
167 24 4006
167 25 4262
167 26 4262
167 27 4518
167 28 4774
167 29 4774
167 30 5030
167 31 5030
167 32 5350
167 33 5478
167 34 5606
167 35 5734
167 36 6006
167 37 6134
167 38 6262
167 39 6390
167 40 6678
167 41 6806
167 42 6934
167 43 7062
167 44 7318
167 45 7446
167 46 7574
167 47 7702
167 48 8022
167 49 8182
167 50 8278
167 51 8438
167 52 8678
167 53 8838
167 54 8934
167 55 9094
167 56 9382
167 57 9510
167 58 9638
167 59 9766
167 60 10022
167 61 10150
167 62 10278
167 63 10406
167 64 10694
167 65 10854
167 66 11014
167 67 11174
167 68 11350
167 69 11510
167 70 11670
167 71 11830
167 72 12054
167 73 12182
167 74 12374
167 75 12502
167 76 12694
167 77 12822
167 78 13014
167 79 13142
167 80 13366
167 81 13494
167 82 13622
167 83 13750
167 84 14022
167 85 14150
167 86 14278
167 87 14406
167 88 14694
167 89 14822
167 90 14950
167 91 15078
167 92 15334
167 93 15462
167 94 15590
167 95 15718
167 96 16038
167 97 16166
167 98 16294
167 99 16422
167 100 16694
167 101 16822
167 102 16950
167 103 17078
167 104 17366
167 105 17494
167 106 17622
167 107 17750
167 108 18006
167 109 18134
167 110 18262
167 111 18390
167 112 18646
167 113 18806
167 114 18902
167 115 19062
167 116 19302
167 117 19462
167 118 19558
167 119 19718
167 120 20006
167 121 20134
167 122 20262
167 123 20390
167 124 20646
167 125 20774
167 126 20902
167 127 21030
167 128 21382
167 129 21542
167 130 21702
167 131 21862
167 132 22038
167 133 22198
167 134 22358
167 135 22518
167 136 22742
167 137 22870
167 138 23062
167 139 23190
167 140 23382
167 141 23510
167 142 23702
167 143 23830
167 144 24054
167 145 24182
167 146 24310
167 147 24438
167 148 24710
167 149 24838
167 150 24966
167 151 25094
167 152 25382
167 153 25510
167 154 25638
167 155 25766
167 156 26022
167 157 26150
167 158 26278
167 159 26406
167 160 26726
167 161 26854
167 162 26982
167 163 27110
167 164 27382
167 165 27510
167 166 27638
167 167 27766
167 168 28054
167 169 28182
167 170 28310
167 171 28438
167 172 28694
167 173 28822
167 174 28950
167 175 29078
167 176 29398
167 177 29558
167 178 29654
167 179 29814
167 180 30054
167 181 30214
167 182 30310
167 183 30470
167 184 30758
167 185 30886
167 186 31014
167 187 31142
167 188 31398
167 189 31526
167 190 31654
167 191 31782
167 192 32070
167 193 32230
167 194 32390
167 195 32550
167 196 32726
167 197 32886
167 198 33046
167 199 33206
167 200 33430
167 201 33558
167 202 33750
167 203 33878
167 204 34070
167 205 34198
167 206 34390
167 207 34518
167 208 34742
167 209 34870
167 210 34998
167 211 35126
167 212 35398
167 213 35526
167 214 35654
167 215 35782
167 216 36070
167 217 36198
167 218 36326
167 219 36454
167 220 36710
167 221 36838
167 222 36966
167 223 37094
167 224 37286
167 225 37414
167 226 37542
167 227 37670
167 228 37942
167 229 38070
167 230 38198
167 231 38326
167 232 38614
167 233 38742
167 234 38870
167 235 38998
167 236 39254
167 237 39382
167 238 39510
167 239 39638
167 240 39894
167 241 40054
167 242 40150
167 243 40310
167 244 40550
167 245 40710
167 246 40806
167 247 40966
167 248 41254
167 249 41382
167 250 41510
167 251 41638
167 252 41894
167 253 42022
167 254 42150
167 255 42278
168 0 6
168 1 294
168 2 390
168 3 646
168 4 838
168 5 838
168 6 1158
168 7 1190
168 8 1414
168 9 1702
168 10 1734
168 11 1990
168 12 2246
168 13 2246
168 14 2502
168 15 2534
168 16 2694
168 17 2854
168 18 3078
168 19 3206
168 20 3398
168 21 3526
168 22 3718
168 23 3878
168 24 4102
168 25 4262
168 26 4422
168 27 4550
168 28 4806
168 29 4934
168 30 5062
168 31 5222
168 32 5382
168 33 5670
168 34 5766
168 35 6022
168 36 6214
168 37 6214
168 38 6534
168 39 6566
168 40 6790
168 41 7078
168 42 7110
168 43 7366
168 44 7622
168 45 7622
168 46 7878
168 47 7910
168 48 8070
168 49 8230
168 50 8454
168 51 8582
168 52 8774
168 53 8902
168 54 9094
168 55 9254
168 56 9478
168 57 9638
168 58 9798
168 59 9926
168 60 10182
168 61 10310
168 62 10438
168 63 10598
168 64 10758
168 65 11046
168 66 11142
168 67 11398
168 68 11590
168 69 11590
168 70 11910
168 71 11942
168 72 12166
168 73 12454
168 74 12486
168 75 12742
168 76 12998
168 77 12998
168 78 13254
168 79 13286
168 80 13446
168 81 13606
168 82 13830
168 83 13958
168 84 14150
168 85 14278
168 86 14470
168 87 14630
168 88 14854
168 89 15014
168 90 15174
168 91 15302
168 92 15558
168 93 15686
168 94 15814
168 95 15974
168 96 16134
168 97 16422
168 98 16518
168 99 16774
168 100 16966
168 101 16966
168 102 17286
168 103 17318
168 104 17542
168 105 17830
168 106 17862
168 107 18118
168 108 18374
168 109 18374
168 110 18630
168 111 18662
168 112 18822
168 113 18982
168 114 19206
168 115 19334
168 116 19526
168 117 19654
168 118 19846
168 119 20006
168 120 20230
168 121 20390
168 122 20550
168 123 20678
168 124 20934
168 125 21062
168 126 21190
168 127 21350
168 128 21510
168 129 21798
168 130 21894
168 131 22150
168 132 22342
168 133 22342
168 134 22662
168 135 22694
168 136 22918
168 137 23206
168 138 23238
168 139 23494
168 140 23750
168 141 23750
168 142 24006
168 143 24038
168 144 24198
168 145 24358
168 146 24582
168 147 24710
168 148 24902
168 149 25030
168 150 25222
168 151 25382
168 152 25606
168 153 25766
168 154 25926
168 155 26054
168 156 26310
168 157 26438
168 158 26566
168 159 26726
168 160 26886
168 161 27174
168 162 27270
168 163 27526
168 164 27718
168 165 27718
168 166 28038
168 167 28070
168 168 28294
168 169 28582
168 170 28614
168 171 28870
168 172 29126
168 173 29126
168 174 29382
168 175 29414
168 176 29574
168 177 29734
168 178 29958
168 179 30086
168 180 30278
168 181 30406
168 182 30598
168 183 30758
168 184 30982
168 185 31142
168 186 31302
168 187 31430
168 188 31686
168 189 31814
168 190 31942
168 191 32102
168 192 32262
168 193 32550
168 194 32646
168 195 32902
168 196 33094
168 197 33094
168 198 33414
168 199 33446
168 200 33670
168 201 33958
168 202 33990
168 203 34246
168 204 34502
168 205 34502
168 206 34758
168 207 34790
168 208 34950
168 209 35110
168 210 35334
168 211 35462
168 212 35654
168 213 35782
168 214 35974
168 215 36134
168 216 36358
168 217 36518
168 218 36678
168 219 36806
168 220 37062
168 221 37190
168 222 37318
168 223 37478
168 224 37638
168 225 37926
168 226 38022
168 227 38278
168 228 38470
168 229 38470
168 230 38790
168 231 38822
168 232 39046
168 233 39334
168 234 39366
168 235 39622
168 236 39878
168 237 39878
168 238 40134
168 239 40166
168 240 40326
168 241 40486
168 242 40710
168 243 40838
168 244 41030
168 245 41158
168 246 41350
168 247 41510
168 248 41734
168 249 41894
168 250 42054
168 251 42182
168 252 42438
168 253 42566
168 254 42694
168 255 42854
169 0 6
169 1 294
169 2 390
169 3 646
169 4 838
169 5 838
169 6 1158
169 7 1190
169 8 1414
169 9 1702
169 10 1734
169 11 1990
169 12 2246
169 13 2246
169 14 2502
169 15 2534
169 16 2710
169 17 2870
169 18 3094
169 19 3222
169 20 3414
169 21 3542
169 22 3734
169 23 3894
169 24 4118
169 25 4278
169 26 4438
169 27 4566
169 28 4822
169 29 4950
169 30 5078
169 31 5238
169 32 5414
169 33 5670
169 34 5766
169 35 6022
169 36 6214
169 37 6214
169 38 6566
169 39 6566
169 40 6822
169 41 7078
169 42 7110
169 43 7366
169 44 7622
169 45 7622
169 46 7910
169 47 7910
169 48 8118
169 49 8246
169 50 8470
169 51 8598
169 52 8790
169 53 8918
169 54 9142
169 55 9270
169 56 9526
169 57 9654
169 58 9814
169 59 9942
169 60 10198
169 61 10326
169 62 10486
169 63 10614
169 64 10822
169 65 11110
169 66 11206
169 67 11462
169 68 11654
169 69 11654
169 70 11974
169 71 12006
169 72 12230
169 73 12518
169 74 12550
169 75 12806
169 76 13062
169 77 13062
169 78 13318
169 79 13350
169 80 13526
169 81 13686
169 82 13910
169 83 14038
169 84 14230
169 85 14358
169 86 14550
169 87 14710
169 88 14934
169 89 15094
169 90 15254
169 91 15382
169 92 15638
169 93 15766
169 94 15894
169 95 16054
169 96 16230
169 97 16486
169 98 16582
169 99 16838
169 100 17030
169 101 17030
169 102 17382
169 103 17382
169 104 17638
169 105 17894
169 106 17926
169 107 18182
169 108 18438
169 109 18438
169 110 18726
169 111 18726
169 112 18934
169 113 19062
169 114 19286
169 115 19414
169 116 19606
169 117 19734
169 118 19958
169 119 20086
169 120 20342
169 121 20470
169 122 20630
169 123 20758
169 124 21014
169 125 21142
169 126 21302
169 127 21430
169 128 21638
169 129 21798
169 130 22022
169 131 22150
169 132 22342
169 133 22470
169 134 22662
169 135 22822
169 136 23046
169 137 23206
169 138 23366
169 139 23494
169 140 23750
169 141 23878
169 142 24006
169 143 24166
169 144 24342
169 145 24502
169 146 24726
169 147 24854
169 148 25046
169 149 25174
169 150 25366
169 151 25526
169 152 25750
169 153 25910
169 154 26070
169 155 26198
169 156 26454
169 157 26582
169 158 26710
169 159 26870
169 160 27046
169 161 27174
169 162 27398
169 163 27526
169 164 27718
169 165 27846
169 166 28070
169 167 28198
169 168 28454
169 169 28582
169 170 28742
169 171 28870
169 172 29126
169 173 29254
169 174 29414
169 175 29542
169 176 29750
169 177 29878
169 178 30102
169 179 30230
169 180 30422
169 181 30550
169 182 30774
169 183 30902
169 184 31158
169 185 31286
169 186 31446
169 187 31574
169 188 31830
169 189 31958
169 190 32118
169 191 32246
169 192 32454
169 193 32614
169 194 32838
169 195 32966
169 196 33158
169 197 33286
169 198 33478
169 199 33638
169 200 33862
169 201 34022
169 202 34182
169 203 34310
169 204 34566
169 205 34694
169 206 34822
169 207 34982
169 208 35158
169 209 35318
169 210 35542
169 211 35670
169 212 35862
169 213 35990
169 214 36182
169 215 36342
169 216 36566
169 217 36726
169 218 36886
169 219 37014
169 220 37270
169 221 37398
169 222 37526
169 223 37686
169 224 37862
169 225 37990
169 226 38214
169 227 38342
169 228 38534
169 229 38662
169 230 38886
169 231 39014
169 232 39270
169 233 39398
169 234 39558
169 235 39686
169 236 39942
169 237 40070
169 238 40230
169 239 40358
169 240 40566
169 241 40694
169 242 40918
169 243 41046
169 244 41238
169 245 41366
169 246 41590
169 247 41718
169 248 41974
169 249 42102
169 250 42262
169 251 42390
169 252 42646
169 253 42774
169 254 42934
169 255 43062
170 0 6
170 1 294
170 2 390
170 3 646
170 4 838
170 5 838
170 6 1158
170 7 1190
170 8 1430
170 9 1718
170 10 1734
170 11 1990
170 12 2262
170 13 2262
170 14 2502
170 15 2534
170 16 2726
170 17 2854
170 18 3078
170 19 3206
170 20 3398
170 21 3526
170 22 3750
170 23 3878
170 24 4150
170 25 4278
170 26 4422
170 27 4550
170 28 4822
170 29 4950
170 30 5094
170 31 5222
170 32 5446
170 33 5734
170 34 5766
170 35 6022
170 36 6278
170 37 6278
170 38 6534
170 39 6566
170 40 6806
170 41 7094
170 42 7110
170 43 7366
170 44 7638
170 45 7638
170 46 7878
170 47 7910
170 48 8166
170 49 8294
170 50 8454
170 51 8582
170 52 8838
170 53 8966
170 54 9126
170 55 9254
170 56 9526
170 57 9654
170 58 9798
170 59 9926
170 60 10198
170 61 10326
170 62 10470
170 63 10598
170 64 10886
170 65 11046
170 66 11270
170 67 11398
170 68 11590
170 69 11718
170 70 11910
170 71 12070
170 72 12310
170 73 12470
170 74 12614
170 75 12742
170 76 13014
170 77 13142
170 78 13254
170 79 13414
170 80 13606
170 81 13734
170 82 13958
170 83 14086
170 84 14278
170 85 14406
170 86 14630
170 87 14758
170 88 15030
170 89 15158
170 90 15302
170 91 15430
170 92 15702
170 93 15830
170 94 15974
170 95 16102
170 96 16326
170 97 16486
170 98 16646
170 99 16774
170 100 17030
170 101 17158
170 102 17286
170 103 17446
170 104 17686
170 105 17846
170 106 17990
170 107 18118
170 108 18390
170 109 18518
170 110 18630
170 111 18790
170 112 19046
170 113 19174
170 114 19334
170 115 19462
170 116 19718
170 117 19846
170 118 20006
170 119 20134
170 120 20406
170 121 20534
170 122 20678
170 123 20806
170 124 21078
170 125 21206
170 126 21350
170 127 21478
170 128 21766
170 129 22054
170 130 22150
170 131 22406
170 132 22598
170 133 22598
170 134 22918
170 135 22950
170 136 23190
170 137 23478
170 138 23494
170 139 23750
170 140 24022
170 141 24022
170 142 24262
170 143 24294
170 144 24486
170 145 24614
170 146 24838
170 147 24966
170 148 25158
170 149 25286
170 150 25510
170 151 25638
170 152 25910
170 153 26038
170 154 26182
170 155 26310
170 156 26582
170 157 26710
170 158 26854
170 159 26982
170 160 27206
170 161 27494
170 162 27526
170 163 27782
170 164 28038
170 165 28038
170 166 28294
170 167 28326
170 168 28566
170 169 28854
170 170 28870
170 171 29126
170 172 29398
170 173 29398
170 174 29638
170 175 29670
170 176 29926
170 177 30054
170 178 30214
170 179 30342
170 180 30598
170 181 30726
170 182 30886
170 183 31014
170 184 31286
170 185 31414
170 186 31558
170 187 31686
170 188 31958
170 189 32086
170 190 32230
170 191 32358
170 192 32646
170 193 32806
170 194 33030
170 195 33158
170 196 33350
170 197 33478
170 198 33670
170 199 33830
170 200 34070
170 201 34230
170 202 34374
170 203 34502
170 204 34774
170 205 34902
170 206 35014
170 207 35174
170 208 35366
170 209 35494
170 210 35718
170 211 35846
170 212 36038
170 213 36166
170 214 36390
170 215 36518
170 216 36790
170 217 36918
170 218 37062
170 219 37190
170 220 37462
170 221 37590
170 222 37734
170 223 37862
170 224 38086
170 225 38246
170 226 38406
170 227 38534
170 228 38790
170 229 38918
170 230 39046
170 231 39206
170 232 39446
170 233 39606
170 234 39750
170 235 39878
170 236 40150
170 237 40278
170 238 40390
170 239 40550
170 240 40806
170 241 40934
170 242 41094
170 243 41222
170 244 41478
170 245 41606
170 246 41766
170 247 41894
170 248 42166
170 249 42294
170 250 42438
170 251 42566
170 252 42838
170 253 42966
170 254 43110
170 255 43238
171 0 6
171 1 294
171 2 390
171 3 646
171 4 838
171 5 838
171 6 1158
171 7 1190
171 8 1430
171 9 1718
171 10 1734
171 11 1990
171 12 2262
171 13 2262
171 14 2502
171 15 2534
171 16 2742
171 17 2870
171 18 3094
171 19 3222
171 20 3414
171 21 3542
171 22 3766
171 23 3894
171 24 4166
171 25 4294
171 26 4438
171 27 4566
171 28 4838
171 29 4966
171 30 5110
171 31 5238
171 32 5478
171 33 5734
171 34 5766
171 35 6022
171 36 6278
171 37 6278
171 38 6566
171 39 6566
171 40 6838
171 41 7094
171 42 7110
171 43 7366
171 44 7638
171 45 7638
171 46 7910
171 47 7910
171 48 8214
171 49 8374
171 50 8534
171 51 8662
171 52 8918
171 53 9046
171 54 9174
171 55 9334
171 56 9574
171 57 9734
171 58 9878
171 59 10006
171 60 10278
171 61 10406
171 62 10518
171 63 10678
171 64 10950
171 65 11110
171 66 11334
171 67 11462
171 68 11654
171 69 11782
171 70 11974
171 71 12134
171 72 12374
171 73 12534
171 74 12678
171 75 12806
171 76 13078
171 77 13206
171 78 13318
171 79 13478
171 80 13686
171 81 13814
171 82 14038
171 83 14166
171 84 14358
171 85 14486
171 86 14710
171 87 14838
171 88 15110
171 89 15238
171 90 15382
171 91 15510
171 92 15782
171 93 15910
171 94 16054
171 95 16182
171 96 16422
171 97 16550
171 98 16710
171 99 16838
171 100 17094
171 101 17222
171 102 17382
171 103 17510
171 104 17782
171 105 17910
171 106 18054
171 107 18182
171 108 18454
171 109 18582
171 110 18726
171 111 18854
171 112 19158
171 113 19318
171 114 19478
171 115 19606
171 116 19862
171 117 19990
171 118 20118
171 119 20278
171 120 20518
171 121 20678
171 122 20822
171 123 20950
171 124 21222
171 125 21350
171 126 21462
171 127 21622
171 128 21894
171 129 22054
171 130 22278
171 131 22406
171 132 22598
171 133 22726
171 134 22918
171 135 23078
171 136 23318
171 137 23478
171 138 23622
171 139 23750
171 140 24022
171 141 24150
171 142 24262
171 143 24422
171 144 24630
171 145 24758
171 146 24982
171 147 25110
171 148 25302
171 149 25430
171 150 25654
171 151 25782
171 152 26054
171 153 26182
171 154 26326
171 155 26454
171 156 26726
171 157 26854
171 158 26998
171 159 27126
171 160 27366
171 161 27494
171 162 27654
171 163 27782
171 164 28038
171 165 28166
171 166 28326
171 167 28454
171 168 28726
171 169 28854
171 170 28998
171 171 29126
171 172 29398
171 173 29526
171 174 29670
171 175 29798
171 176 30102
171 177 30262
171 178 30422
171 179 30550
171 180 30806
171 181 30934
171 182 31062
171 183 31222
171 184 31462
171 185 31622
171 186 31766
171 187 31894
171 188 32166
171 189 32294
171 190 32406
171 191 32566
171 192 32838
171 193 32998
171 194 33222
171 195 33350
171 196 33542
171 197 33670
171 198 33862
171 199 34022
171 200 34262
171 201 34422
171 202 34566
171 203 34694
171 204 34966
171 205 35094
171 206 35206
171 207 35366
171 208 35446
171 209 35574
171 210 35798
171 211 35926
171 212 36118
171 213 36246
171 214 36470
171 215 36598
171 216 36870
171 217 36998
171 218 37142
171 219 37270
171 220 37542
171 221 37670
171 222 37814
171 223 37942
171 224 38310
171 225 38438
171 226 38598
171 227 38726
171 228 38982
171 229 39110
171 230 39270
171 231 39398
171 232 39670
171 233 39798
171 234 39942
171 235 40070
171 236 40342
171 237 40470
171 238 40614
171 239 40742
171 240 40918
171 241 41078
171 242 41238
171 243 41366
171 244 41622
171 245 41750
171 246 41878
171 247 42038
171 248 42278
171 249 42438
171 250 42582
171 251 42710
171 252 42982
171 253 43110
171 254 43222
171 255 43382
172 0 6
172 1 294
172 2 390
172 3 646
172 4 854
172 5 854
172 6 1158
172 7 1190
172 8 1478
172 9 1734
172 10 1734
172 11 2022
172 12 2262
172 13 2262
172 14 2534
172 15 2534
172 16 2758
172 17 2918
172 18 3078
172 19 3206
172 20 3478
172 21 3606
172 22 3718
172 23 3878
172 24 4166
172 25 4294
172 26 4422
172 27 4582
172 28 4822
172 29 4950
172 30 5094
172 31 5222
172 32 5510
172 33 5670
172 34 5894
172 35 6022
172 36 6230
172 37 6358
172 38 6534
172 39 6694
172 40 6982
172 41 7110
172 42 7238
172 43 7398
172 44 7638
172 45 7766
172 46 7910
172 47 8038
172 48 8262
172 49 8422
172 50 8582
172 51 8710
172 52 8982
172 53 9110
172 54 9222
172 55 9382
172 56 9670
172 57 9798
172 58 9926
172 59 10086
172 60 10326
172 61 10454
172 62 10598
172 63 10726
172 64 11014
172 65 11302
172 66 11398
172 67 11654
172 68 11862
172 69 11862
172 70 12166
172 71 12198
172 72 12486
172 73 12742
172 74 12742
172 75 13030
172 76 13270
172 77 13270
172 78 13542
172 79 13542
172 80 13766
172 81 13926
172 82 14086
172 83 14214
172 84 14486
172 85 14614
172 86 14726
172 87 14886
172 88 15174
172 89 15302
172 90 15430
172 91 15590
172 92 15830
172 93 15958
172 94 16102
172 95 16230
172 96 16518
172 97 16678
172 98 16902
172 99 17030
172 100 17238
172 101 17366
172 102 17542
172 103 17702
172 104 17990
172 105 18118
172 106 18246
172 107 18406
172 108 18646
172 109 18774
172 110 18918
172 111 19046
172 112 19270
172 113 19430
172 114 19590
172 115 19718
172 116 19990
172 117 20118
172 118 20230
172 119 20390
172 120 20678
172 121 20806
172 122 20934
172 123 21094
172 124 21334
172 125 21462
172 126 21606
172 127 21734
172 128 22022
172 129 22310
172 130 22406
172 131 22662
172 132 22870
172 133 22870
172 134 23174
172 135 23206
172 136 23494
172 137 23750
172 138 23750
172 139 24038
172 140 24278
172 141 24278
172 142 24550
172 143 24550
172 144 24774
172 145 24934
172 146 25094
172 147 25222
172 148 25494
172 149 25622
172 150 25734
172 151 25894
172 152 26182
172 153 26310
172 154 26438
172 155 26598
172 156 26838
172 157 26966
172 158 27110
172 159 27238
172 160 27526
172 161 27686
172 162 27910
172 163 28038
172 164 28246
172 165 28374
172 166 28550
172 167 28710
172 168 28998
172 169 29126
172 170 29254
172 171 29414
172 172 29654
172 173 29782
172 174 29926
172 175 30054
172 176 30278
172 177 30438
172 178 30598
172 179 30726
172 180 30998
172 181 31126
172 182 31238
172 183 31398
172 184 31686
172 185 31814
172 186 31942
172 187 32102
172 188 32342
172 189 32470
172 190 32614
172 191 32742
172 192 33030
172 193 33318
172 194 33414
172 195 33670
172 196 33878
172 197 33878
172 198 34182
172 199 34214
172 200 34502
172 201 34758
172 202 34758
172 203 35046
172 204 35286
172 205 35286
172 206 35558
172 207 35558
172 208 35782
172 209 35942
172 210 36102
172 211 36230
172 212 36502
172 213 36630
172 214 36742
172 215 36902
172 216 37190
172 217 37318
172 218 37446
172 219 37606
172 220 37846
172 221 37974
172 222 38118
172 223 38246
172 224 38534
172 225 38694
172 226 38918
172 227 39046
172 228 39254
172 229 39382
172 230 39558
172 231 39718
172 232 40006
172 233 40134
172 234 40262
172 235 40422
172 236 40662
172 237 40790
172 238 40934
172 239 41062
172 240 41286
172 241 41446
172 242 41606
172 243 41734
172 244 42006
172 245 42134
172 246 42246
172 247 42406
172 248 42694
172 249 42822
172 250 42950
172 251 43110
172 252 43350
172 253 43478
172 254 43622
172 255 43750
173 0 6
173 1 294
173 2 390
173 3 646
173 4 854
173 5 854
173 6 1158
173 7 1190
173 8 1478
173 9 1734
173 10 1734
173 11 2022
173 12 2262
173 13 2262
173 14 2534
173 15 2534
173 16 2774
173 17 2934
173 18 3094
173 19 3222
173 20 3494
173 21 3622
173 22 3734
173 23 3894
173 24 4182
173 25 4310
173 26 4438
173 27 4598
173 28 4838
173 29 4966
173 30 5110
173 31 5238
173 32 5542
173 33 5670
173 34 5894
173 35 6022
173 36 6230
173 37 6358
173 38 6566
173 39 6694
173 40 6982
173 41 7110
173 42 7270
173 43 7398
173 44 7638
173 45 7766
173 46 7910
173 47 8038
173 48 8310
173 49 8438
173 50 8598
173 51 8726
173 52 8998
173 53 9126
173 54 9270
173 55 9398
173 56 9686
173 57 9814
173 58 9974
173 59 10102
173 60 10342
173 61 10470
173 62 10614
173 63 10742
173 64 11078
173 65 11366
173 66 11462
173 67 11718
173 68 11926
173 69 11926
173 70 12230
173 71 12262
173 72 12550
173 73 12806
173 74 12806
173 75 13094
173 76 13334
173 77 13334
173 78 13606
173 79 13606
173 80 13846
173 81 14006
173 82 14166
173 83 14294
173 84 14566
173 85 14694
173 86 14806
173 87 14966
173 88 15254
173 89 15382
173 90 15510
173 91 15670
173 92 15910
173 93 16038
173 94 16182
173 95 16310
173 96 16614
173 97 16742
173 98 16966
173 99 17094
173 100 17302
173 101 17430
173 102 17638
173 103 17766
173 104 18054
173 105 18182
173 106 18342
173 107 18470
173 108 18710
173 109 18838
173 110 18982
173 111 19110
173 112 19382
173 113 19510
173 114 19670
173 115 19798
173 116 20070
173 117 20198
173 118 20342
173 119 20470
173 120 20758
173 121 20886
173 122 21046
173 123 21174
173 124 21414
173 125 21542
173 126 21686
173 127 21814
173 128 22150
173 129 22310
173 130 22534
173 131 22662
173 132 22870
173 133 22998
173 134 23174
173 135 23334
173 136 23622
173 137 23750
173 138 23878
173 139 24038
173 140 24278
173 141 24406
173 142 24550
173 143 24678
173 144 24918
173 145 25078
173 146 25238
173 147 25366
173 148 25638
173 149 25766
173 150 25878
173 151 26038
173 152 26326
173 153 26454
173 154 26582
173 155 26742
173 156 26982
173 157 27110
173 158 27254
173 159 27382
173 160 27686
173 161 27814
173 162 28038
173 163 28166
173 164 28374
173 165 28502
173 166 28710
173 167 28838
173 168 29126
173 169 29254
173 170 29414
173 171 29542
173 172 29782
173 173 29910
173 174 30054
173 175 30182
173 176 30326
173 177 30454
173 178 30614
173 179 30742
173 180 31014
173 181 31142
173 182 31286
173 183 31414
173 184 31702
173 185 31830
173 186 31990
173 187 32118
173 188 32358
173 189 32486
173 190 32630
173 191 32758
173 192 33222
173 193 33382
173 194 33606
173 195 33734
173 196 33942
173 197 34070
173 198 34246
173 199 34406
173 200 34694
173 201 34822
173 202 34950
173 203 35110
173 204 35350
173 205 35478
173 206 35622
173 207 35750
173 208 35990
173 209 36150
173 210 36310
173 211 36438
173 212 36710
173 213 36838
173 214 36950
173 215 37110
173 216 37398
173 217 37526
173 218 37654
173 219 37814
173 220 38054
173 221 38182
173 222 38326
173 223 38454
173 224 38758
173 225 38886
173 226 39110
173 227 39238
173 228 39446
173 229 39574
173 230 39782
173 231 39910
173 232 40198
173 233 40326
173 234 40486
173 235 40614
173 236 40854
173 237 40982
173 238 41126
173 239 41254
173 240 41398
173 241 41526
173 242 41686
173 243 41814
173 244 42086
173 245 42214
173 246 42358
173 247 42486
173 248 42774
173 249 42902
173 250 43062
173 251 43190
173 252 43430
173 253 43558
173 254 43702
173 255 43830
174 0 6
174 1 294
174 2 390
174 3 646
174 4 854
174 5 854
174 6 1158
174 7 1190
174 8 1494
174 9 1750
174 10 1734
174 11 2022
174 12 2262
174 13 2262
174 14 2534
174 15 2534
174 16 2790
174 17 2918
174 18 3078
174 19 3206
174 20 3478
174 21 3606
174 22 3750
174 23 3878
174 24 4182
174 25 4310
174 26 4454
174 27 4582
174 28 4822
174 29 4950
174 30 5094
174 31 5222
174 32 5574
174 33 5734
174 34 5894
174 35 6022
174 36 6294
174 37 6422
174 38 6534
174 39 6694
174 40 6998
174 41 7126
174 42 7238
174 43 7398
174 44 7638
174 45 7766
174 46 7910
174 47 8038
174 48 8358
174 49 8486
174 50 8646
174 51 8774
174 52 9046
174 53 9174
174 54 9318
174 55 9446
174 56 9750
174 57 9878
174 58 10022
174 59 10150
174 60 10390
174 61 10518
174 62 10662
174 63 10790
174 64 11142
174 65 11302
174 66 11526
174 67 11654
174 68 11862
174 69 11990
174 70 12166
174 71 12326
174 72 12630
174 73 12758
174 74 12870
174 75 13030
174 76 13270
174 77 13398
174 78 13542
174 79 13670
174 80 13926
174 81 14054
174 82 14214
174 83 14342
174 84 14614
174 85 14742
174 86 14886
174 87 15014
174 88 15318
174 89 15446
174 90 15590
174 91 15718
174 92 15958
174 93 16086
174 94 16230
174 95 16358
174 96 16710
174 97 16870
174 98 17030
174 99 17158
174 100 17430
174 101 17558
174 102 17670
174 103 17830
174 104 18134
174 105 18262
174 106 18374
174 107 18534
174 108 18774
174 109 18902
174 110 19046
174 111 19174
174 112 19366
174 113 19494
174 114 19654
174 115 19782
174 116 20054
174 117 20182
174 118 20326
174 119 20454
174 120 20758
174 121 20886
174 122 21030
174 123 21158
174 124 21398
174 125 21526
174 126 21670
174 127 21798
174 128 22278
174 129 22566
174 130 22662
174 131 22918
174 132 23126
174 133 23126
174 134 23430
174 135 23462
174 136 23766
174 137 24022
174 138 24006
174 139 24294
174 140 24534
174 141 24534
174 142 24806
174 143 24806
174 144 25062
174 145 25190
174 146 25350
174 147 25478
174 148 25750
174 149 25878
174 150 26022
174 151 26150
174 152 26454
174 153 26582
174 154 26726
174 155 26854
174 156 27094
174 157 27222
174 158 27366
174 159 27494
174 160 27846
174 161 28006
174 162 28166
174 163 28294
174 164 28566
174 165 28694
174 166 28806
174 167 28966
174 168 29270
174 169 29398
174 170 29510
174 171 29670
174 172 29910
174 173 30038
174 174 30182
174 175 30310
174 176 30630
174 177 30758
174 178 30918
174 179 31046
174 180 31318
174 181 31446
174 182 31590
174 183 31718
174 184 32022
174 185 32150
174 186 32294
174 187 32422
174 188 32662
174 189 32790
174 190 32934
174 191 33062
174 192 33414
174 193 33574
174 194 33798
174 195 33926
174 196 34134
174 197 34262
174 198 34438
174 199 34598
174 200 34902
174 201 35030
174 202 35142
174 203 35302
174 204 35542
174 205 35670
174 206 35814
174 207 35942
174 208 36198
174 209 36326
174 210 36486
174 211 36614
174 212 36886
174 213 37014
174 214 37158
174 215 37286
174 216 37590
174 217 37718
174 218 37862
174 219 37990
174 220 38230
174 221 38358
174 222 38502
174 223 38630
174 224 38982
174 225 39142
174 226 39302
174 227 39430
174 228 39702
174 229 39830
174 230 39942
174 231 40102
174 232 40406
174 233 40534
174 234 40646
174 235 40806
174 236 41046
174 237 41174
174 238 41318
174 239 41446
174 240 41638
174 241 41766
174 242 41926
174 243 42054
174 244 42326
174 245 42454
174 246 42598
174 247 42726
174 248 43030
174 249 43158
174 250 43302
174 251 43430
174 252 43670
174 253 43798
174 254 43942
174 255 44070
175 0 6
175 1 294
175 2 390
175 3 646
175 4 854
175 5 854
175 6 1158
175 7 1190
175 8 1494
175 9 1750
175 10 1734
175 11 2022
175 12 2262
175 13 2262
175 14 2534
175 15 2534
175 16 2806
175 17 2934
175 18 3094
175 19 3222
175 20 3494
175 21 3622
175 22 3766
175 23 3894
175 24 4198
175 25 4326
175 26 4470
175 27 4598
175 28 4838
175 29 4966
175 30 5110
175 31 5238
175 32 5606
175 33 5734
175 34 5894
175 35 6022
175 36 6294
175 37 6422
175 38 6566
175 39 6694
175 40 6998
175 41 7126
175 42 7270
175 43 7398
175 44 7638
175 45 7766
175 46 7910
175 47 8038
175 48 8406
175 49 8566
175 50 8726
175 51 8854
175 52 9126
175 53 9254
175 54 9366
175 55 9526
175 56 9830
175 57 9958
175 58 10070
175 59 10230
175 60 10470
175 61 10598
175 62 10742
175 63 10870
175 64 11206
175 65 11366
175 66 11590
175 67 11718
175 68 11926
175 69 12054
175 70 12230
175 71 12390
175 72 12694
175 73 12822
175 74 12934
175 75 13094
175 76 13334
175 77 13462
175 78 13606
175 79 13734
175 80 14006
175 81 14134
175 82 14294
175 83 14422
175 84 14694
175 85 14822
175 86 14966
175 87 15094
175 88 15398
175 89 15526
175 90 15670
175 91 15798
175 92 16038
175 93 16166
175 94 16310
175 95 16438
175 96 16806
175 97 16934
175 98 17094
175 99 17222
175 100 17494
175 101 17622
175 102 17766
175 103 17894
175 104 18198
175 105 18326
175 106 18470
175 107 18598
175 108 18838
175 109 18966
175 110 19110
175 111 19238
175 112 19414
175 113 19574
175 114 19734
175 115 19862
175 116 20134
175 117 20262
175 118 20374
175 119 20534
175 120 20838
175 121 20966
175 122 21078
175 123 21238
175 124 21478
175 125 21606
175 126 21750
175 127 21878
175 128 22406
175 129 22566
175 130 22790
175 131 22918
175 132 23126
175 133 23254
175 134 23430
175 135 23590
175 136 23894
175 137 24022
175 138 24134
175 139 24294
175 140 24534
175 141 24662
175 142 24806
175 143 24934
175 144 25206
175 145 25334
175 146 25494
175 147 25622
175 148 25894
175 149 26022
175 150 26166
175 151 26294
175 152 26598
175 153 26726
175 154 26870
175 155 26998
175 156 27238
175 157 27366
175 158 27510
175 159 27638
175 160 28006
175 161 28134
175 162 28294
175 163 28422
175 164 28694
175 165 28822
175 166 28966
175 167 29094
175 168 29398
175 169 29526
175 170 29670
175 171 29798
175 172 30038
175 173 30166
175 174 30310
175 175 30438
175 176 30678
175 177 30838
175 178 30998
175 179 31126
175 180 31398
175 181 31526
175 182 31638
175 183 31798
175 184 32102
175 185 32230
175 186 32342
175 187 32502
175 188 32742
175 189 32870
175 190 33014
175 191 33142
175 192 33606
175 193 33766
175 194 33990
175 195 34118
175 196 34326
175 197 34454
175 198 34630
175 199 34790
175 200 35094
175 201 35222
175 202 35334
175 203 35494
175 204 35734
175 205 35862
175 206 36006
175 207 36134
175 208 36278
175 209 36406
175 210 36566
175 211 36694
175 212 36966
175 213 37094
175 214 37238
175 215 37366
175 216 37670
175 217 37798
175 218 37942
175 219 38070
175 220 38310
175 221 38438
175 222 38582
175 223 38710
175 224 39078
175 225 39206
175 226 39366
175 227 39494
175 228 39766
175 229 39894
175 230 40038
175 231 40166
175 232 40470
175 233 40598
175 234 40742
175 235 40870
175 236 41110
175 237 41238
175 238 41382
175 239 41510
175 240 41686
175 241 41846
175 242 42006
175 243 42134
175 244 42406
175 245 42534
175 246 42646
175 247 42806
175 248 43110
175 249 43238
175 250 43350
175 251 43510
175 252 43750
175 253 43878
175 254 44022
175 255 44150
176 0 6
176 1 326
176 2 358
176 3 678
176 4 902
176 5 966
176 6 1190
176 7 1254
176 8 1542
176 9 1606
176 10 1894
176 11 1958
176 12 2182
176 13 2246
176 14 2470
176 15 2534
176 16 2822
176 17 3142
176 18 3174
176 19 3494
176 20 3718
176 21 3782
176 22 4006
176 23 4070
176 24 4358
176 25 4422
176 26 4710
176 27 4774
176 28 4998
176 29 5062
176 30 5286
176 31 5350
176 32 5638
176 33 5958
176 34 5990
176 35 6310
176 36 6534
176 37 6598
176 38 6822
176 39 6886
176 40 7174
176 41 7238
176 42 7526
176 43 7590
176 44 7814
176 45 7878
176 46 8102
176 47 8166
176 48 8454
176 49 8774
176 50 8806
176 51 9126
176 52 9350
176 53 9414
176 54 9638
176 55 9702
176 56 9990
176 57 10054
176 58 10342
176 59 10406
176 60 10630
176 61 10694
176 62 10918
176 63 10982
176 64 11270
176 65 11590
176 66 11622
176 67 11942
176 68 12166
176 69 12230
176 70 12454
176 71 12518
176 72 12806
176 73 12870
176 74 13158
176 75 13222
176 76 13446
176 77 13510
176 78 13734
176 79 13798
176 80 14086
176 81 14406
176 82 14438
176 83 14758
176 84 14982
176 85 15046
176 86 15270
176 87 15334
176 88 15622
176 89 15686
176 90 15974
176 91 16038
176 92 16262
176 93 16326
176 94 16550
176 95 16614
176 96 16902
176 97 17222
176 98 17254
176 99 17574
176 100 17798
176 101 17862
176 102 18086
176 103 18150
176 104 18438
176 105 18502
176 106 18790
176 107 18854
176 108 19078
176 109 19142
176 110 19366
176 111 19430
176 112 19718
176 113 20038
176 114 20070
176 115 20390
176 116 20614
176 117 20678
176 118 20902
176 119 20966
176 120 21254
176 121 21318
176 122 21606
176 123 21670
176 124 21894
176 125 21958
176 126 22182
176 127 22246
176 128 22534
176 129 22854
176 130 22886
176 131 23206
176 132 23430
176 133 23494
176 134 23718
176 135 23782
176 136 24070
176 137 24134
176 138 24422
176 139 24486
176 140 24710
176 141 24774
176 142 24998
176 143 25062
176 144 25350
176 145 25670
176 146 25702
176 147 26022
176 148 26246
176 149 26310
176 150 26534
176 151 26598
176 152 26886
176 153 26950
176 154 27238
176 155 27302
176 156 27526
176 157 27590
176 158 27814
176 159 27878
176 160 28166
176 161 28486
176 162 28518
176 163 28838
176 164 29062
176 165 29126
176 166 29350
176 167 29414
176 168 29702
176 169 29766
176 170 30054
176 171 30118
176 172 30342
176 173 30406
176 174 30630
176 175 30694
176 176 30982
176 177 31302
176 178 31334
176 179 31654
176 180 31878
176 181 31942
176 182 32166
176 183 32230
176 184 32518
176 185 32582
176 186 32870
176 187 32934
176 188 33158
176 189 33222
176 190 33446
176 191 33510
176 192 33798
176 193 34118
176 194 34150
176 195 34470
176 196 34694
176 197 34758
176 198 34982
176 199 35046
176 200 35334
176 201 35398
176 202 35686
176 203 35750
176 204 35974
176 205 36038
176 206 36262
176 207 36326
176 208 36614
176 209 36934
176 210 36966
176 211 37286
176 212 37510
176 213 37574
176 214 37798
176 215 37862
176 216 38150
176 217 38214
176 218 38502
176 219 38566
176 220 38790
176 221 38854
176 222 39078
176 223 39142
176 224 39430
176 225 39750
176 226 39782
176 227 40102
176 228 40326
176 229 40390
176 230 40614
176 231 40678
176 232 40966
176 233 41030
176 234 41318
176 235 41382
176 236 41606
176 237 41670
176 238 41894
176 239 41958
176 240 42246
176 241 42566
176 242 42598
176 243 42918
176 244 43142
176 245 43206
176 246 43430
176 247 43494
176 248 43782
176 249 43846
176 250 44134
176 251 44198
176 252 44422
176 253 44486
176 254 44710
176 255 44774
177 0 6
177 1 326
177 2 358
177 3 678
177 4 902
177 5 966
177 6 1190
177 7 1254
177 8 1542
177 9 1606
177 10 1894
177 11 1958
177 12 2182
177 13 2246
177 14 2470
177 15 2534
177 16 2838
177 17 3158
177 18 3190
177 19 3510
177 20 3734
177 21 3798
177 22 4022
177 23 4086
177 24 4374
177 25 4438
177 26 4726
177 27 4790
177 28 5014
177 29 5078
177 30 5302
177 31 5366
177 32 5670
177 33 5958
177 34 5990
177 35 6310
177 36 6566
177 37 6598
177 38 6822
177 39 6886
177 40 7206
177 41 7238
177 42 7526
177 43 7590
177 44 7846
177 45 7878
177 46 8102
177 47 8166
177 48 8502
177 49 8790
177 50 8822
177 51 9142
177 52 9398
177 53 9430
177 54 9654
177 55 9718
177 56 10038
177 57 10070
177 58 10358
177 59 10422
177 60 10678
177 61 10710
177 62 10934
177 63 10998
177 64 11334
177 65 11654
177 66 11686
177 67 12006
177 68 12230
177 69 12294
177 70 12518
177 71 12582
177 72 12870
177 73 12934
177 74 13222
177 75 13286
177 76 13510
177 77 13574
177 78 13798
177 79 13862
177 80 14166
177 81 14486
177 82 14518
177 83 14838
177 84 15062
177 85 15126
177 86 15350
177 87 15414
177 88 15702
177 89 15766
177 90 16054
177 91 16118
177 92 16342
177 93 16406
177 94 16630
177 95 16694
177 96 16998
177 97 17286
177 98 17318
177 99 17638
177 100 17894
177 101 17926
177 102 18150
177 103 18214
177 104 18534
177 105 18566
177 106 18854
177 107 18918
177 108 19174
177 109 19206
177 110 19430
177 111 19494
177 112 19830
177 113 20118
177 114 20150
177 115 20470
177 116 20726
177 117 20758
177 118 20982
177 119 21046
177 120 21366
177 121 21398
177 122 21686
177 123 21750
177 124 22006
177 125 22038
177 126 22262
177 127 22326
177 128 22662
177 129 22854
177 130 23014
177 131 23206
177 132 23430
177 133 23622
177 134 23718
177 135 23910
177 136 24070
177 137 24262
177 138 24422
177 139 24614
177 140 24838
177 141 24902
177 142 25126
177 143 25190
177 144 25494
177 145 25686
177 146 25846
177 147 26038
177 148 26262
177 149 26454
177 150 26550
177 151 26742
177 152 26902
177 153 27094
177 154 27254
177 155 27446
177 156 27670
177 157 27734
177 158 27958
177 159 28022
177 160 28326
177 161 28486
177 162 28646
177 163 28838
177 164 29094
177 165 29254
177 166 29350
177 167 29542
177 168 29734
177 169 29894
177 170 30054
177 171 30246
177 172 30502
177 173 30534
177 174 30758
177 175 30822
177 176 31158
177 177 31318
177 178 31478
177 179 31670
177 180 31926
177 181 32086
177 182 32182
177 183 32374
177 184 32566
177 185 32726
177 186 32886
177 187 33078
177 188 33334
177 189 33366
177 190 33590
177 191 33654
177 192 33990
177 193 34182
177 194 34342
177 195 34534
177 196 34758
177 197 34950
177 198 35046
177 199 35238
177 200 35398
177 201 35590
177 202 35750
177 203 35942
177 204 36166
177 205 36230
177 206 36454
177 207 36518
177 208 36822
177 209 37014
177 210 37174
177 211 37366
177 212 37590
177 213 37782
177 214 37878
177 215 38070
177 216 38230
177 217 38422
177 218 38582
177 219 38774
177 220 38998
177 221 39062
177 222 39286
177 223 39350
177 224 39654
177 225 39814
177 226 39974
177 227 40166
177 228 40422
177 229 40582
177 230 40678
177 231 40870
177 232 41062
177 233 41222
177 234 41382
177 235 41574
177 236 41830
177 237 41862
177 238 42086
177 239 42150
177 240 42486
177 241 42646
177 242 42806
177 243 42998
177 244 43254
177 245 43414
177 246 43510
177 247 43702
177 248 43894
177 249 44054
177 250 44214
177 251 44406
177 252 44662
177 253 44694
177 254 44918
177 255 44982
178 0 6
178 1 326
178 2 358
178 3 678
178 4 902
178 5 966
178 6 1190
178 7 1254
178 8 1558
178 9 1606
178 10 1910
178 11 1958
178 12 2198
178 13 2246
178 14 2486
178 15 2534
178 16 2854
178 17 3142
178 18 3174
178 19 3494
178 20 3750
178 21 3782
178 22 4006
178 23 4070
178 24 4406
178 25 4422
178 26 4726
178 27 4774
178 28 5046
178 29 5062
178 30 5302
178 31 5350
178 32 5702
178 33 6022
178 34 5990
178 35 6310
178 36 6534
178 37 6598
178 38 6822
178 39 6886
178 40 7254
178 41 7302
178 42 7542
178 43 7590
178 44 7830
178 45 7878
178 46 8118
178 47 8166
178 48 8550
178 49 8838
178 50 8806
178 51 9126
178 52 9382
178 53 9414
178 54 9638
178 55 9702
178 56 10102
178 57 10118
178 58 10358
178 59 10406
178 60 10678
178 61 10694
178 62 10934
178 63 10982
178 64 11398
178 65 11590
178 66 11750
178 67 11942
178 68 12166
178 69 12358
178 70 12454
178 71 12646
178 72 12822
178 73 12998
178 74 13174
178 75 13350
178 76 13590
178 77 13638
178 78 13878
178 79 13926
178 80 14246
178 81 14406
178 82 14566
178 83 14758
178 84 15014
178 85 15174
178 86 15270
178 87 15462
178 88 15670
178 89 15814
178 90 15990
178 91 16166
178 92 16438
178 93 16454
178 94 16694
178 95 16742
178 96 17094
178 97 17286
178 98 17382
178 99 17574
178 100 17798
178 101 17990
178 102 18086
178 103 18278
178 104 18518
178 105 18694
178 106 18806
178 107 18982
178 108 19222
178 109 19270
178 110 19510
178 111 19558
178 112 19942
178 113 20102
178 114 20198
178 115 20390
178 116 20646
178 117 20806
178 118 20902
178 119 21094
178 120 21366
178 121 21510
178 122 21622
178 123 21798
178 124 22070
178 125 22086
178 126 22326
178 127 22374
178 128 22790
178 129 23110
178 130 23142
178 131 23462
178 132 23686
178 133 23750
178 134 23974
178 135 24038
178 136 24342
178 137 24390
178 138 24694
178 139 24742
178 140 24982
178 141 25030
178 142 25270
178 143 25318
178 144 25638
178 145 25926
178 146 25958
178 147 26278
178 148 26534
178 149 26566
178 150 26790
178 151 26854
178 152 27190
178 153 27206
178 154 27510
178 155 27558
178 156 27830
178 157 27846
178 158 28086
178 159 28134
178 160 28486
178 161 28806
178 162 28774
178 163 29094
178 164 29318
178 165 29382
178 166 29606
178 167 29670
178 168 30038
178 169 30086
178 170 30326
178 171 30374
178 172 30614
178 173 30662
178 174 30902
178 175 30950
178 176 31334
178 177 31622
178 178 31590
178 179 31910
178 180 32166
178 181 32198
178 182 32422
178 183 32486
178 184 32886
178 185 32902
178 186 33142
178 187 33190
178 188 33462
178 189 33478
178 190 33718
178 191 33766
178 192 34182
178 193 34374
178 194 34534
178 195 34726
178 196 34950
178 197 35142
178 198 35238
178 199 35430
178 200 35606
178 201 35782
178 202 35958
178 203 36134
178 204 36374
178 205 36422
178 206 36662
178 207 36710
178 208 37030
178 209 37190
178 210 37350
178 211 37542
178 212 37798
178 213 37958
178 214 38054
178 215 38246
178 216 38454
178 217 38598
178 218 38774
178 219 38950
178 220 39222
178 221 39238
178 222 39478
178 223 39526
178 224 39878
178 225 40070
178 226 40166
178 227 40358
178 228 40582
178 229 40774
178 230 40870
178 231 41062
178 232 41302
178 233 41478
178 234 41590
178 235 41766
178 236 42006
178 237 42054
178 238 42294
178 239 42342
178 240 42726
178 241 42886
178 242 42982
178 243 43174
178 244 43430
178 245 43590
178 246 43686
178 247 43878
178 248 44150
178 249 44294
178 250 44406
178 251 44582
178 252 44854
178 253 44870
178 254 45110
178 255 45158
179 0 6
179 1 326
179 2 358
179 3 678
179 4 902
179 5 966
179 6 1190
179 7 1254
179 8 1558
179 9 1606
179 10 1910
179 11 1958
179 12 2198
179 13 2246
179 14 2486
179 15 2534
179 16 2870
179 17 3158
179 18 3190
179 19 3510
179 20 3766
179 21 3798
179 22 4022
179 23 4086
179 24 4422
179 25 4438
179 26 4742
179 27 4790
179 28 5062
179 29 5078
179 30 5318
179 31 5366
179 32 5734
179 33 6022
179 34 5990
179 35 6310
179 36 6566
179 37 6598
179 38 6822
179 39 6886
179 40 7286
179 41 7302
179 42 7542
179 43 7590
179 44 7862
179 45 7878
179 46 8118
179 47 8166
179 48 8598
179 49 8918
179 50 8886
179 51 9206
179 52 9430
179 53 9494
179 54 9718
179 55 9782
179 56 10150
179 57 10198
179 58 10438
179 59 10486
179 60 10726
179 61 10774
179 62 11014
179 63 11062
179 64 11462
179 65 11654
179 66 11814
179 67 12006
179 68 12230
179 69 12422
179 70 12518
179 71 12710
179 72 12886
179 73 13062
179 74 13238
179 75 13414
179 76 13654
179 77 13702
179 78 13942
179 79 13990
179 80 14326
179 81 14486
179 82 14646
179 83 14838
179 84 15094
179 85 15254
179 86 15350
179 87 15542
179 88 15750
179 89 15894
179 90 16070
179 91 16246
179 92 16518
179 93 16534
179 94 16774
179 95 16822
179 96 17190
179 97 17350
179 98 17446
179 99 17638
179 100 17894
179 101 18054
179 102 18150
179 103 18342
179 104 18614
179 105 18758
179 106 18870
179 107 19046
179 108 19318
179 109 19334
179 110 19574
179 111 19622
179 112 20054
179 113 20246
179 114 20342
179 115 20534
179 116 20758
179 117 20950
179 118 21046
179 119 21238
179 120 21478
179 121 21654
179 122 21766
179 123 21942
179 124 22182
179 125 22230
179 126 22470
179 127 22518
179 128 22918
179 129 23110
179 130 23270
179 131 23462
179 132 23686
179 133 23878
179 134 23974
179 135 24166
179 136 24342
179 137 24518
179 138 24694
179 139 24870
179 140 25110
179 141 25158
179 142 25398
179 143 25446
179 144 25782
179 145 25942
179 146 26102
179 147 26294
179 148 26550
179 149 26710
179 150 26806
179 151 26998
179 152 27206
179 153 27350
179 154 27526
179 155 27702
179 156 27974
179 157 27990
179 158 28230
179 159 28278
179 160 28646
179 161 28806
179 162 28902
179 163 29094
179 164 29350
179 165 29510
179 166 29606
179 167 29798
179 168 30070
179 169 30214
179 170 30326
179 171 30502
179 172 30774
179 173 30790
179 174 31030
179 175 31078
179 176 31510
179 177 31702
179 178 31798
179 179 31990
179 180 32214
179 181 32406
179 182 32502
179 183 32694
179 184 32934
179 185 33110
179 186 33222
179 187 33398
179 188 33638
179 189 33686
179 190 33926
179 191 33974
179 192 34374
179 193 34566
179 194 34726
179 195 34918
179 196 35142
179 197 35334
179 198 35430
179 199 35622
179 200 35798
179 201 35974
179 202 36150
179 203 36326
179 204 36566
179 205 36614
179 206 36854
179 207 36902
179 208 37238
179 209 37398
179 210 37558
179 211 37750
179 212 38006
179 213 38166
179 214 38262
179 215 38454
179 216 38662
179 217 38806
179 218 38982
179 219 39158
179 220 39430
179 221 39446
179 222 39686
179 223 39734
179 224 40102
179 225 40262
179 226 40358
179 227 40550
179 228 40806
179 229 40966
179 230 41062
179 231 41254
179 232 41526
179 233 41670
179 234 41782
179 235 41958
179 236 42230
179 237 42246
179 238 42486
179 239 42534
179 240 42966
179 241 43158
179 242 43254
179 243 43446
179 244 43670
179 245 43862
179 246 43958
179 247 44150
179 248 44390
179 249 44566
179 250 44678
179 251 44854
179 252 45094
179 253 45142
179 254 45382
179 255 45430
180 0 6
180 1 326
180 2 358
180 3 678
180 4 918
180 5 966
180 6 1206
180 7 1254
180 8 1606
180 9 1638
180 10 1926
180 11 1958
180 12 2262
180 13 2278
180 14 2518
180 15 2534
180 16 2886
180 17 3206
180 18 3174
180 19 3494
180 20 3734
180 21 3782
180 22 4022
180 23 4070
180 24 4486
180 25 4518
180 26 4742
180 27 4774
180 28 5078
180 29 5094
180 30 5334
180 31 5350
180 32 5766
180 33 5958
180 34 6118
180 35 6310
180 36 6550
180 37 6726
180 38 6838
180 39 7014
180 40 7238
180 41 7398
180 42 7558
180 43 7718
180 44 8022
180 45 8038
180 46 8278
180 47 8294
180 48 8646
180 49 8838
180 50 8934
180 51 9126
180 52 9366
180 53 9542
180 54 9654
180 55 9830
180 56 10118
180 57 10278
180 58 10374
180 59 10534
180 60 10838
180 61 10854
180 62 11094
180 63 11110
180 64 11526
180 65 11846
180 66 11878
180 67 12198
180 68 12438
180 69 12486
180 70 12726
180 71 12774
180 72 13126
180 73 13158
180 74 13446
180 75 13478
180 76 13782
180 77 13798
180 78 14038
180 79 14054
180 80 14406
180 81 14726
180 82 14694
180 83 15014
180 84 15254
180 85 15302
180 86 15542
180 87 15590
180 88 16006
180 89 16038
180 90 16262
180 91 16294
180 92 16598
180 93 16614
180 94 16854
180 95 16870
180 96 17286
180 97 17478
180 98 17638
180 99 17830
180 100 18070
180 101 18246
180 102 18358
180 103 18534
180 104 18758
180 105 18918
180 106 19078
180 107 19238
180 108 19542
180 109 19558
180 110 19798
180 111 19814
180 112 20166
180 113 20358
180 114 20454
180 115 20646
180 116 20886
180 117 21062
180 118 21174
180 119 21350
180 120 21638
180 121 21798
180 122 21894
180 123 22054
180 124 22358
180 125 22374
180 126 22614
180 127 22630
180 128 23046
180 129 23366
180 130 23398
180 131 23718
180 132 23958
180 133 24006
180 134 24246
180 135 24294
180 136 24646
180 137 24678
180 138 24966
180 139 24998
180 140 25302
180 141 25318
180 142 25558
180 143 25574
180 144 25926
180 145 26246
180 146 26214
180 147 26534
180 148 26774
180 149 26822
180 150 27062
180 151 27110
180 152 27526
180 153 27558
180 154 27782
180 155 27814
180 156 28118
180 157 28134
180 158 28374
180 159 28390
180 160 28806
180 161 28998
180 162 29158
180 163 29350
180 164 29590
180 165 29766
180 166 29878
180 167 30054
180 168 30278
180 169 30438
180 170 30598
180 171 30758
180 172 31062
180 173 31078
180 174 31318
180 175 31334
180 176 31686
180 177 31878
180 178 31974
180 179 32166
180 180 32406
180 181 32582
180 182 32694
180 183 32870
180 184 33158
180 185 33318
180 186 33414
180 187 33574
180 188 33878
180 189 33894
180 190 34134
180 191 34150
180 192 34566
180 193 34886
180 194 34918
180 195 35238
180 196 35478
180 197 35526
180 198 35766
180 199 35814
180 200 36166
180 201 36198
180 202 36486
180 203 36518
180 204 36822
180 205 36838
180 206 37078
180 207 37094
180 208 37446
180 209 37766
180 210 37734
180 211 38054
180 212 38294
180 213 38342
180 214 38582
180 215 38630
180 216 39046
180 217 39078
180 218 39302
180 219 39334
180 220 39638
180 221 39654
180 222 39894
180 223 39910
180 224 40326
180 225 40518
180 226 40678
180 227 40870
180 228 41110
180 229 41286
180 230 41398
180 231 41574
180 232 41798
180 233 41958
180 234 42118
180 235 42278
180 236 42582
180 237 42598
180 238 42838
180 239 42854
180 240 43206
180 241 43398
180 242 43494
180 243 43686
180 244 43926
180 245 44102
180 246 44214
180 247 44390
180 248 44678
180 249 44838
180 250 44934
180 251 45094
180 252 45398
180 253 45414
180 254 45654
180 255 45670
181 0 6
181 1 326
181 2 358
181 3 678
181 4 918
181 5 966
181 6 1206
181 7 1254
181 8 1606
181 9 1638
181 10 1926
181 11 1958
181 12 2262
181 13 2278
181 14 2518
181 15 2534
181 16 2902
181 17 3222
181 18 3190
181 19 3510
181 20 3750
181 21 3798
181 22 4038
181 23 4086
181 24 4502
181 25 4534
181 26 4758
181 27 4790
181 28 5094
181 29 5110
181 30 5350
181 31 5366
181 32 5798
181 33 5958
181 34 6118
181 35 6310
181 36 6582
181 37 6726
181 38 6838
181 39 7014
181 40 7238
181 41 7398
181 42 7558
181 43 7718
181 44 8022
181 45 8038
181 46 8278
181 47 8294
181 48 8694
181 49 8854
181 50 8950
181 51 9142
181 52 9414
181 53 9558
181 54 9670
181 55 9846
181 56 10134
181 57 10294
181 58 10390
181 59 10550
181 60 10854
181 61 10870
181 62 11110
181 63 11126
181 64 11590
181 65 11910
181 66 11942
181 67 12262
181 68 12502
181 69 12550
181 70 12790
181 71 12838
181 72 13190
181 73 13222
181 74 13510
181 75 13542
181 76 13846
181 77 13862
181 78 14102
181 79 14118
181 80 14486
181 81 14806
181 82 14774
181 83 15094
181 84 15334
181 85 15382
181 86 15622
181 87 15670
181 88 16086
181 89 16118
181 90 16342
181 91 16374
181 92 16678
181 93 16694
181 94 16934
181 95 16950
181 96 17382
181 97 17542
181 98 17702
181 99 17894
181 100 18166
181 101 18310
181 102 18422
181 103 18598
181 104 18822
181 105 18982
181 106 19142
181 107 19302
181 108 19606
181 109 19622
181 110 19862
181 111 19878
181 112 20278
181 113 20438
181 114 20534
181 115 20726
181 116 20998
181 117 21142
181 118 21254
181 119 21430
181 120 21718
181 121 21878
181 122 21974
181 123 22134
181 124 22438
181 125 22454
181 126 22694
181 127 22710
181 128 23174
181 129 23366
181 130 23526
181 131 23718
181 132 23958
181 133 24134
181 134 24246
181 135 24422
181 136 24646
181 137 24806
181 138 24966
181 139 25126
181 140 25430
181 141 25446
181 142 25686
181 143 25702
181 144 26070
181 145 26262
181 146 26358
181 147 26550
181 148 26790
181 149 26966
181 150 27078
181 151 27254
181 152 27542
181 153 27702
181 154 27798
181 155 27958
181 156 28262
181 157 28278
181 158 28518
181 159 28534
181 160 28966
181 161 29126
181 162 29286
181 163 29478
181 164 29750
181 165 29894
181 166 30006
181 167 30182
181 168 30406
181 169 30566
181 170 30726
181 171 30886
181 172 31190
181 173 31206
181 174 31446
181 175 31462
181 176 31862
181 177 32022
181 178 32118
181 179 32310
181 180 32582
181 181 32726
181 182 32838
181 183 33014
181 184 33302
181 185 33462
181 186 33558
181 187 33718
181 188 34022
181 189 34038
181 190 34278
181 191 34294
181 192 34758
181 193 34950
181 194 35110
181 195 35302
181 196 35542
181 197 35718
181 198 35830
181 199 36006
181 200 36230
181 201 36390
181 202 36550
181 203 36710
181 204 37014
181 205 37030
181 206 37270
181 207 37286
181 208 37654
181 209 37846
181 210 37942
181 211 38134
181 212 38374
181 213 38550
181 214 38662
181 215 38838
181 216 39126
181 217 39286
181 218 39382
181 219 39542
181 220 39846
181 221 39862
181 222 40102
181 223 40118
181 224 40550
181 225 40710
181 226 40870
181 227 41062
181 228 41334
181 229 41478
181 230 41590
181 231 41766
181 232 41990
181 233 42150
181 234 42310
181 235 42470
181 236 42774
181 237 42790
181 238 43030
181 239 43046
181 240 43446
181 241 43606
181 242 43702
181 243 43894
181 244 44166
181 245 44310
181 246 44422
181 247 44598
181 248 44886
181 249 45046
181 250 45142
181 251 45302
181 252 45606
181 253 45622
181 254 45862
181 255 45878
182 0 6
182 1 326
182 2 358
182 3 678
182 4 918
182 5 966
182 6 1206
182 7 1254
182 8 1622
182 9 1638
182 10 1942
182 11 1958
182 12 2262
182 13 2278
182 14 2518
182 15 2534
182 16 2918
182 17 3206
182 18 3174
182 19 3494
182 20 3766
182 21 3782
182 22 4022
182 23 4070
182 24 4502
182 25 4518
182 26 4758
182 27 4774
182 28 5078
182 29 5094
182 30 5334
182 31 5350
182 32 5830
182 33 6022
182 34 6118
182 35 6310
182 36 6550
182 37 6726
182 38 6838
182 39 7014
182 40 7318
182 41 7462
182 42 7574
182 43 7718
182 44 8022
182 45 8038
182 46 8278
182 47 8294
182 48 8742
182 49 8902
182 50 8998
182 51 9190
182 52 9462
182 53 9606
182 54 9718
182 55 9894
182 56 10198
182 57 10342
182 58 10454
182 59 10598
182 60 10902
182 61 10918
182 62 11158
182 63 11174
182 64 11654
182 65 11846
182 66 12006
182 67 12198
182 68 12438
182 69 12614
182 70 12726
182 71 12902
182 72 13142
182 73 13286
182 74 13462
182 75 13606
182 76 13910
182 77 13926
182 78 14166
182 79 14182
182 80 14566
182 81 14726
182 82 14822
182 83 15014
182 84 15286
182 85 15430
182 86 15542
182 87 15718
182 88 16022
182 89 16166
182 90 16278
182 91 16422
182 92 16726
182 93 16742
182 94 16982
182 95 16998
182 96 17478
182 97 17670
182 98 17766
182 99 17958
182 100 18198
182 101 18374
182 102 18486
182 103 18662
182 104 18966
182 105 19110
182 106 19222
182 107 19366
182 108 19670
182 109 19686
182 110 19926
182 111 19942
182 112 20390
182 113 20550
182 114 20646
182 115 20838
182 116 21110
182 117 21254
182 118 21366
182 119 21542
182 120 21846
182 121 21990
182 122 22102
182 123 22246
182 124 22550
182 125 22566
182 126 22806
182 127 22822
182 128 23302
182 129 23622
182 130 23654
182 131 23974
182 132 24214
182 133 24262
182 134 24502
182 135 24550
182 136 24918
182 137 24934
182 138 25238
182 139 25254
182 140 25558
182 141 25574
182 142 25814
182 143 25830
182 144 26214
182 145 26502
182 146 26470
182 147 26790
182 148 27062
182 149 27078
182 150 27318
182 151 27366
182 152 27798
182 153 27814
182 154 28054
182 155 28070
182 156 28374
182 157 28390
182 158 28630
182 159 28646
182 160 29126
182 161 29318
182 162 29414
182 163 29606
182 164 29846
182 165 30022
182 166 30134
182 167 30310
182 168 30614
182 169 30758
182 170 30870
182 171 31014
182 172 31318
182 173 31334
182 174 31574
182 175 31590
182 176 32038
182 177 32198
182 178 32294
182 179 32486
182 180 32758
182 181 32902
182 182 33014
182 183 33190
182 184 33494
182 185 33638
182 186 33750
182 187 33894
182 188 34198
182 189 34214
182 190 34454
182 191 34470
182 192 34950
182 193 35142
182 194 35302
182 195 35494
182 196 35734
182 197 35910
182 198 36022
182 199 36198
182 200 36438
182 201 36582
182 202 36758
182 203 36902
182 204 37206
182 205 37222
182 206 37462
182 207 37478
182 208 37862
182 209 38022
182 210 38118
182 211 38310
182 212 38582
182 213 38726
182 214 38838
182 215 39014
182 216 39318
182 217 39462
182 218 39574
182 219 39718
182 220 40022
182 221 40038
182 222 40278
182 223 40294
182 224 40774
182 225 40966
182 226 41062
182 227 41254
182 228 41494
182 229 41670
182 230 41782
182 231 41958
182 232 42262
182 233 42406
182 234 42518
182 235 42662
182 236 42966
182 237 42982
182 238 43222
182 239 43238
182 240 43686
182 241 43846
182 242 43942
182 243 44134
182 244 44406
182 245 44550
182 246 44662
182 247 44838
182 248 45142
182 249 45286
182 250 45398
182 251 45542
182 252 45846
182 253 45862
182 254 46102
182 255 46118
183 0 6
183 1 326
183 2 358
183 3 678
183 4 918
183 5 966
183 6 1206
183 7 1254
183 8 1622
183 9 1638
183 10 1942
183 11 1958
183 12 2262
183 13 2278
183 14 2518
183 15 2534
183 16 2934
183 17 3222
183 18 3190
183 19 3510
183 20 3782
183 21 3798
183 22 4038
183 23 4086
183 24 4518
183 25 4534
183 26 4774
183 27 4790
183 28 5094
183 29 5110
183 30 5350
183 31 5366
183 32 5862
183 33 6022
183 34 6118
183 35 6310
183 36 6582
183 37 6726
183 38 6838
183 39 7014
183 40 7318
183 41 7462
183 42 7574
183 43 7718
183 44 8022
183 45 8038
183 46 8278
183 47 8294
183 48 8790
183 49 8982
183 50 9078
183 51 9270
183 52 9510
183 53 9686
183 54 9798
183 55 9974
183 56 10278
183 57 10422
183 58 10534
183 59 10678
183 60 10982
183 61 10998
183 62 11238
183 63 11254
183 64 11718
183 65 11910
183 66 12070
183 67 12262
183 68 12502
183 69 12678
183 70 12790
183 71 12966
183 72 13206
183 73 13350
183 74 13526
183 75 13670
183 76 13974
183 77 13990
183 78 14230
183 79 14246
183 80 14646
183 81 14806
183 82 14902
183 83 15094
183 84 15366
183 85 15510
183 86 15622
183 87 15798
183 88 16102
183 89 16246
183 90 16358
183 91 16502
183 92 16806
183 93 16822
183 94 17062
183 95 17078
183 96 17574
183 97 17734
183 98 17830
183 99 18022
183 100 18294
183 101 18438
183 102 18550
183 103 18726
183 104 19030
183 105 19174
183 106 19286
183 107 19430
183 108 19734
183 109 19750
183 110 19990
183 111 20006
183 112 20438
183 113 20630
183 114 20726
183 115 20918
183 116 21158
183 117 21334
183 118 21446
183 119 21622
183 120 21926
183 121 22070
183 122 22182
183 123 22326
183 124 22630
183 125 22646
183 126 22886
183 127 22902
183 128 23430
183 129 23622
183 130 23782
183 131 23974
183 132 24214
183 133 24390
183 134 24502
183 135 24678
183 136 24918
183 137 25062
183 138 25238
183 139 25382
183 140 25686
183 141 25702
183 142 25942
183 143 25958
183 144 26358
183 145 26518
183 146 26614
183 147 26806
183 148 27078
183 149 27222
183 150 27334
183 151 27510
183 152 27814
183 153 27958
183 154 28070
183 155 28214
183 156 28518
183 157 28534
183 158 28774
183 159 28790
183 160 29286
183 161 29446
183 162 29542
183 163 29734
183 164 30006
183 165 30150
183 166 30262
183 167 30438
183 168 30742
183 169 30886
183 170 30998
183 171 31142
183 172 31446
183 173 31462
183 174 31702
183 175 31718
183 176 32214
183 177 32406
183 178 32502
183 179 32694
183 180 32934
183 181 33110
183 182 33222
183 183 33398
183 184 33702
183 185 33846
183 186 33958
183 187 34102
183 188 34406
183 189 34422
183 190 34662
183 191 34678
183 192 35142
183 193 35334
183 194 35494
183 195 35686
183 196 35926
183 197 36102
183 198 36214
183 199 36390
183 200 36630
183 201 36774
183 202 36950
183 203 37094
183 204 37398
183 205 37414
183 206 37654
183 207 37670
183 208 38070
183 209 38230
183 210 38326
183 211 38518
183 212 38790
183 213 38934
183 214 39046
183 215 39222
183 216 39526
183 217 39670
183 218 39782
183 219 39926
183 220 40230
183 221 40246
183 222 40486
183 223 40502
183 224 40870
183 225 41030
183 226 41126
183 227 41318
183 228 41590
183 229 41734
183 230 41846
183 231 42022
183 232 42326
183 233 42470
183 234 42582
183 235 42726
183 236 43030
183 237 43046
183 238 43286
183 239 43302
183 240 43734
183 241 43926
183 242 44022
183 243 44214
183 244 44454
183 245 44630
183 246 44742
183 247 44918
183 248 45222
183 249 45366
183 250 45478
183 251 45622
183 252 45926
183 253 45942
183 254 46182
183 255 46198
184 0 6
184 1 326
184 2 390
184 3 678
184 4 966
184 5 998
184 6 1254
184 7 1254
184 8 1670
184 9 1734
184 10 1990
184 11 2022
184 12 2246
184 13 2278
184 14 2534
184 15 2534
184 16 2950
184 17 3142
184 18 3334
184 19 3494
184 20 3782
184 21 3942
184 22 4070
184 23 4198
184 24 4486
184 25 4678
184 26 4806
184 27 4966
184 28 5190
184 29 5222
184 30 5478
184 31 5478
184 32 5894
184 33 6214
184 34 6278
184 35 6566
184 36 6854
184 37 6886
184 38 7142
184 39 7142
184 40 7558
184 41 7622
184 42 7878
184 43 7910
184 44 8134
184 45 8166
184 46 8422
184 47 8422
184 48 8838
184 49 9030
184 50 9222
184 51 9382
184 52 9670
184 53 9830
184 54 9958
184 55 10086
184 56 10374
184 57 10566
184 58 10694
184 59 10854
184 60 11078
184 61 11110
184 62 11366
184 63 11366
184 64 11782
184 65 12102
184 66 12166
184 67 12454
184 68 12742
184 69 12774
184 70 13030
184 71 13030
184 72 13446
184 73 13510
184 74 13766
184 75 13798
184 76 14022
184 77 14054
184 78 14310
184 79 14310
184 80 14726
184 81 14918
184 82 15110
184 83 15270
184 84 15558
184 85 15718
184 86 15846
184 87 15974
184 88 16262
184 89 16454
184 90 16582
184 91 16742
184 92 16966
184 93 16998
184 94 17254
184 95 17254
184 96 17670
184 97 17990
184 98 18054
184 99 18342
184 100 18630
184 101 18662
184 102 18918
184 103 18918
184 104 19334
184 105 19398
184 106 19654
184 107 19686
184 108 19910
184 109 19942
184 110 20198
184 111 20198
184 112 20614
184 113 20806
184 114 20998
184 115 21158
184 116 21446
184 117 21606
184 118 21734
184 119 21862
184 120 22150
184 121 22342
184 122 22470
184 123 22630
184 124 22854
184 125 22886
184 126 23142
184 127 23142
184 128 23558
184 129 23878
184 130 23942
184 131 24230
184 132 24518
184 133 24550
184 134 24806
184 135 24806
184 136 25222
184 137 25286
184 138 25542
184 139 25574
184 140 25798
184 141 25830
184 142 26086
184 143 26086
184 144 26502
184 145 26694
184 146 26886
184 147 27046
184 148 27334
184 149 27494
184 150 27622
184 151 27750
184 152 28038
184 153 28230
184 154 28358
184 155 28518
184 156 28742
184 157 28774
184 158 29030
184 159 29030
184 160 29446
184 161 29766
184 162 29830
184 163 30118
184 164 30406
184 165 30438
184 166 30694
184 167 30694
184 168 31110
184 169 31174
184 170 31430
184 171 31462
184 172 31686
184 173 31718
184 174 31974
184 175 31974
184 176 32390
184 177 32582
184 178 32774
184 179 32934
184 180 33222
184 181 33382
184 182 33510
184 183 33638
184 184 33926
184 185 34118
184 186 34246
184 187 34406
184 188 34630
184 189 34662
184 190 34918
184 191 34918
184 192 35334
184 193 35654
184 194 35718
184 195 36006
184 196 36294
184 197 36326
184 198 36582
184 199 36582
184 200 36998
184 201 37062
184 202 37318
184 203 37350
184 204 37574
184 205 37606
184 206 37862
184 207 37862
184 208 38278
184 209 38470
184 210 38662
184 211 38822
184 212 39110
184 213 39270
184 214 39398
184 215 39526
184 216 39814
184 217 40006
184 218 40134
184 219 40294
184 220 40518
184 221 40550
184 222 40806
184 223 40806
184 224 41222
184 225 41542
184 226 41606
184 227 41894
184 228 42182
184 229 42214
184 230 42470
184 231 42470
184 232 42886
184 233 42950
184 234 43206
184 235 43238
184 236 43462
184 237 43494
184 238 43750
184 239 43750
184 240 44166
184 241 44358
184 242 44550
184 243 44710
184 244 44998
184 245 45158
184 246 45286
184 247 45414
184 248 45702
184 249 45894
184 250 46022
184 251 46182
184 252 46406
184 253 46438
184 254 46694
184 255 46694
185 0 6
185 1 326
185 2 390
185 3 678
185 4 966
185 5 998
185 6 1254
185 7 1254
185 8 1670
185 9 1734
185 10 1990
185 11 2022
185 12 2246
185 13 2278
185 14 2534
185 15 2534
185 16 2966
185 17 3158
185 18 3350
185 19 3510
185 20 3798
185 21 3958
185 22 4086
185 23 4214
185 24 4502
185 25 4694
185 26 4822
185 27 4982
185 28 5206
185 29 5238
185 30 5494
185 31 5494
185 32 5926
185 33 6214
185 34 6278
185 35 6566
185 36 6854
185 37 6886
185 38 7142
185 39 7142
185 40 7590
185 41 7622
185 42 7878
185 43 7910
185 44 8134
185 45 8166
185 46 8422
185 47 8422
185 48 8886
185 49 9046
185 50 9238
185 51 9398
185 52 9686
185 53 9846
185 54 9974
185 55 10102
185 56 10422
185 57 10582
185 58 10710
185 59 10870
185 60 11094
185 61 11126
185 62 11382
185 63 11382
185 64 11846
185 65 12166
185 66 12230
185 67 12518
185 68 12806
185 69 12838
185 70 13094
185 71 13094
185 72 13510
185 73 13574
185 74 13830
185 75 13862
185 76 14086
185 77 14118
185 78 14374
185 79 14374
185 80 14806
185 81 14998
185 82 15190
185 83 15350
185 84 15638
185 85 15798
185 86 15926
185 87 16054
185 88 16342
185 89 16534
185 90 16662
185 91 16822
185 92 17046
185 93 17078
185 94 17334
185 95 17334
185 96 17766
185 97 18054
185 98 18118
185 99 18406
185 100 18694
185 101 18726
185 102 18982
185 103 18982
185 104 19430
185 105 19462
185 106 19718
185 107 19750
185 108 19974
185 109 20006
185 110 20262
185 111 20262
185 112 20726
185 113 20886
185 114 21078
185 115 21238
185 116 21526
185 117 21686
185 118 21814
185 119 21942
185 120 22262
185 121 22422
185 122 22550
185 123 22710
185 124 22934
185 125 22966
185 126 23222
185 127 23222
185 128 23686
185 129 23878
185 130 24070
185 131 24230
185 132 24518
185 133 24678
185 134 24806
185 135 24934
185 136 25222
185 137 25414
185 138 25542
185 139 25702
185 140 25926
185 141 25958
185 142 26214
185 143 26214
185 144 26646
185 145 26838
185 146 27030
185 147 27190
185 148 27478
185 149 27638
185 150 27766
185 151 27894
185 152 28182
185 153 28374
185 154 28502
185 155 28662
185 156 28886
185 157 28918
185 158 29174
185 159 29174
185 160 29606
185 161 29766
185 162 29958
185 163 30118
185 164 30406
185 165 30566
185 166 30694
185 167 30822
185 168 31142
185 169 31302
185 170 31430
185 171 31590
185 172 31814
185 173 31846
185 174 32102
185 175 32102
185 176 32566
185 177 32726
185 178 32918
185 179 33078
185 180 33366
185 181 33526
185 182 33654
185 183 33782
185 184 34102
185 185 34262
185 186 34390
185 187 34550
185 188 34774
185 189 34806
185 190 35062
185 191 35062
185 192 35526
185 193 35718
185 194 35910
185 195 36070
185 196 36358
185 197 36518
185 198 36646
185 199 36774
185 200 37062
185 201 37254
185 202 37382
185 203 37542
185 204 37766
185 205 37798
185 206 38054
185 207 38054
185 208 38486
185 209 38678
185 210 38870
185 211 39030
185 212 39318
185 213 39478
185 214 39606
185 215 39734
185 216 40022
185 217 40214
185 218 40342
185 219 40502
185 220 40726
185 221 40758
185 222 41014
185 223 41014
185 224 41446
185 225 41606
185 226 41798
185 227 41958
185 228 42246
185 229 42406
185 230 42534
185 231 42662
185 232 42982
185 233 43142
185 234 43270
185 235 43430
185 236 43654
185 237 43686
185 238 43942
185 239 43942
185 240 44406
185 241 44566
185 242 44758
185 243 44918
185 244 45206
185 245 45366
185 246 45494
185 247 45622
185 248 45942
185 249 46102
185 250 46230
185 251 46390
185 252 46614
185 253 46646
185 254 46902
185 255 46902
186 0 6
186 1 326
186 2 390
186 3 678
186 4 966
186 5 998
186 6 1254
186 7 1254
186 8 1686
186 9 1734
186 10 1990
186 11 2038
186 12 2262
186 13 2278
186 14 2534
186 15 2550
186 16 2982
186 17 3142
186 18 3334
186 19 3494
186 20 3782
186 21 3942
186 22 4070
186 23 4198
186 24 4534
186 25 4678
186 26 4806
186 27 4982
186 28 5206
186 29 5222
186 30 5478
186 31 5494
186 32 5958
186 33 6278
186 34 6278
186 35 6566
186 36 6854
186 37 6886
186 38 7142
186 39 7142
186 40 7574
186 41 7622
186 42 7878
186 43 7926
186 44 8150
186 45 8166
186 46 8422
186 47 8438
186 48 8934
186 49 9094
186 50 9222
186 51 9382
186 52 9670
186 53 9830
186 54 9958
186 55 10086
186 56 10422
186 57 10566
186 58 10694
186 59 10870
186 60 11094
186 61 11110
186 62 11366
186 63 11382
186 64 11910
186 65 12102
186 66 12294
186 67 12454
186 68 12742
186 69 12902
186 70 13030
186 71 13158
186 72 13462
186 73 13638
186 74 13766
186 75 13942
186 76 14166
186 77 14182
186 78 14438
186 79 14454
186 80 14886
186 81 15046
186 82 15238
186 83 15398
186 84 15686
186 85 15846
186 86 15974
186 87 16102
186 88 16438
186 89 16582
186 90 16710
186 91 16886
186 92 17110
186 93 17126
186 94 17382
186 95 17398
186 96 17862
186 97 18054
186 98 18182
186 99 18342
186 100 18630
186 101 18790
186 102 18918
186 103 19046
186 104 19350
186 105 19526
186 106 19654
186 107 19830
186 108 20054
186 109 20070
186 110 20326
186 111 20342
186 112 20838
186 113 20998
186 114 21126
186 115 21286
186 116 21574
186 117 21734
186 118 21862
186 119 21990
186 120 22326
186 121 22470
186 122 22598
186 123 22774
186 124 22998
186 125 23014
186 126 23270
186 127 23286
186 128 23814
186 129 24134
186 130 24198
186 131 24486
186 132 24774
186 133 24806
186 134 25062
186 135 25062
186 136 25494
186 137 25542
186 138 25798
186 139 25846
186 140 26070
186 141 26086
186 142 26342
186 143 26358
186 144 26790
186 145 26950
186 146 27142
186 147 27302
186 148 27590
186 149 27750
186 150 27878
186 151 28006
186 152 28342
186 153 28486
186 154 28614
186 155 28790
186 156 29014
186 157 29030
186 158 29286
186 159 29302
186 160 29766
186 161 30086
186 162 30086
186 163 30374
186 164 30662
186 165 30694
186 166 30950
186 167 30950
186 168 31382
186 169 31430
186 170 31686
186 171 31734
186 172 31958
186 173 31974
186 174 32230
186 175 32246
186 176 32742
186 177 32902
186 178 33030
186 179 33190
186 180 33478
186 181 33638
186 182 33766
186 183 33894
186 184 34230
186 185 34374
186 186 34502
186 187 34678
186 188 34902
186 189 34918
186 190 35174
186 191 35190
186 192 35718
186 193 35910
186 194 36102
186 195 36262
186 196 36550
186 197 36710
186 198 36838
186 199 36966
186 200 37270
186 201 37446
186 202 37574
186 203 37750
186 204 37974
186 205 37990
186 206 38246
186 207 38262
186 208 38694
186 209 38854
186 210 39046
186 211 39206
186 212 39494
186 213 39654
186 214 39782
186 215 39910
186 216 40246
186 217 40390
186 218 40518
186 219 40694
186 220 40918
186 221 40934
186 222 41190
186 223 41206
186 224 41670
186 225 41862
186 226 41990
186 227 42150
186 228 42438
186 229 42598
186 230 42726
186 231 42854
186 232 43158
186 233 43334
186 234 43462
186 235 43638
186 236 43862
186 237 43878
186 238 44134
186 239 44150
186 240 44646
186 241 44806
186 242 44934
186 243 45094
186 244 45382
186 245 45542
186 246 45670
186 247 45798
186 248 46134
186 249 46278
186 250 46406
186 251 46582
186 252 46806
186 253 46822
186 254 47078
186 255 47094
187 0 6
187 1 326
187 2 390
187 3 678
187 4 966
187 5 998
187 6 1254
187 7 1254
187 8 1686
187 9 1734
187 10 1990
187 11 2038
187 12 2262
187 13 2278
187 14 2534
187 15 2550
187 16 2998
187 17 3158
187 18 3350
187 19 3510
187 20 3798
187 21 3958
187 22 4086
187 23 4214
187 24 4550
187 25 4694
187 26 4822
187 27 4998
187 28 5222
187 29 5238
187 30 5494
187 31 5510
187 32 5990
187 33 6278
187 34 6278
187 35 6566
187 36 6854
187 37 6886
187 38 7142
187 39 7142
187 40 7606
187 41 7622
187 42 7878
187 43 7926
187 44 8150
187 45 8166
187 46 8422
187 47 8438
187 48 8982
187 49 9174
187 50 9302
187 51 9462
187 52 9750
187 53 9910
187 54 10038
187 55 10166
187 56 10470
187 57 10646
187 58 10774
187 59 10950
187 60 11174
187 61 11190
187 62 11446
187 63 11462
187 64 11974
187 65 12166
187 66 12358
187 67 12518
187 68 12806
187 69 12966
187 70 13094
187 71 13222
187 72 13526
187 73 13702
187 74 13830
187 75 14006
187 76 14230
187 77 14246
187 78 14502
187 79 14518
187 80 14966
187 81 15126
187 82 15318
187 83 15478
187 84 15766
187 85 15926
187 86 16054
187 87 16182
187 88 16518
187 89 16662
187 90 16790
187 91 16966
187 92 17190
187 93 17206
187 94 17462
187 95 17478
187 96 17958
187 97 18118
187 98 18246
187 99 18406
187 100 18694
187 101 18854
187 102 18982
187 103 19110
187 104 19446
187 105 19590
187 106 19718
187 107 19894
187 108 20118
187 109 20134
187 110 20390
187 111 20406
187 112 20950
187 113 21142
187 114 21270
187 115 21430
187 116 21718
187 117 21878
187 118 22006
187 119 22134
187 120 22438
187 121 22614
187 122 22742
187 123 22918
187 124 23142
187 125 23158
187 126 23414
187 127 23430
187 128 23942
187 129 24134
187 130 24326
187 131 24486
187 132 24774
187 133 24934
187 134 25062
187 135 25190
187 136 25494
187 137 25670
187 138 25798
187 139 25974
187 140 26198
187 141 26214
187 142 26470
187 143 26486
187 144 26934
187 145 27094
187 146 27286
187 147 27446
187 148 27734
187 149 27894
187 150 28022
187 151 28150
187 152 28486
187 153 28630
187 154 28758
187 155 28934
187 156 29158
187 157 29174
187 158 29430
187 159 29446
187 160 29926
187 161 30086
187 162 30214
187 163 30374
187 164 30662
187 165 30822
187 166 30950
187 167 31078
187 168 31414
187 169 31558
187 170 31686
187 171 31862
187 172 32086
187 173 32102
187 174 32358
187 175 32374
187 176 32918
187 177 33110
187 178 33238
187 179 33398
187 180 33686
187 181 33846
187 182 33974
187 183 34102
187 184 34406
187 185 34582
187 186 34710
187 187 34886
187 188 35110
187 189 35126
187 190 35382
187 191 35398
187 192 35910
187 193 36102
187 194 36294
187 195 36454
187 196 36742
187 197 36902
187 198 37030
187 199 37158
187 200 37462
187 201 37638
187 202 37766
187 203 37942
187 204 38166
187 205 38182
187 206 38438
187 207 38454
187 208 38774
187 209 38934
187 210 39126
187 211 39286
187 212 39574
187 213 39734
187 214 39862
187 215 39990
187 216 40326
187 217 40470
187 218 40598
187 219 40774
187 220 40998
187 221 41014
187 222 41270
187 223 41286
187 224 41894
187 225 42054
187 226 42182
187 227 42342
187 228 42630
187 229 42790
187 230 42918
187 231 43046
187 232 43382
187 233 43526
187 234 43654
187 235 43830
187 236 44054
187 237 44070
187 238 44326
187 239 44342
187 240 44758
187 241 44950
187 242 45078
187 243 45238
187 244 45526
187 245 45686
187 246 45814
187 247 45942
187 248 46246
187 249 46422
187 250 46550
187 251 46726
187 252 46950
187 253 46966
187 254 47222
187 255 47238
188 0 6
188 1 326
188 2 390
188 3 678
188 4 982
188 5 998
188 6 1254
188 7 1270
188 8 1734
188 9 1766
188 10 2022
188 11 2022
188 12 2262
188 13 2278
188 14 2534
188 15 2550
188 16 3014
188 17 3206
188 18 3334
188 19 3494
188 20 3798
188 21 3942
188 22 4070
188 23 4214
188 24 4550
188 25 4710
188 26 4838
188 27 4966
188 28 5206
188 29 5222
188 30 5478
188 31 5494
188 32 6022
188 33 6214
188 34 6406
188 35 6566
188 36 6870
188 37 7014
188 38 7142
188 39 7286
188 40 7622
188 41 7782
188 42 7910
188 43 8038
188 44 8278
188 45 8294
188 46 8550
188 47 8566
188 48 9030
188 49 9222
188 50 9350
188 51 9510
188 52 9814
188 53 9958
188 54 10086
188 55 10230
188 56 10566
188 57 10726
188 58 10854
188 59 10982
188 60 11222
188 61 11238
188 62 11494
188 63 11510
188 64 12038
188 65 12358
188 66 12422
188 67 12710
188 68 13014
188 69 13030
188 70 13286
188 71 13302
188 72 13766
188 73 13798
188 74 14054
188 75 14054
188 76 14294
188 77 14310
188 78 14566
188 79 14582
188 80 15046
188 81 15238
188 82 15366
188 83 15526
188 84 15830
188 85 15974
188 86 16102
188 87 16246
188 88 16582
188 89 16742
188 90 16870
188 91 16998
188 92 17238
188 93 17254
188 94 17510
188 95 17526
188 96 18054
188 97 18246
188 98 18438
188 99 18598
188 100 18902
188 101 19046
188 102 19174
188 103 19318
188 104 19654
188 105 19814
188 106 19942
188 107 20070
188 108 20310
188 109 20326
188 110 20582
188 111 20598
188 112 21062
188 113 21254
188 114 21382
188 115 21542
188 116 21846
188 117 21990
188 118 22118
188 119 22262
188 120 22598
188 121 22758
188 122 22886
188 123 23014
188 124 23254
188 125 23270
188 126 23526
188 127 23542
188 128 24070
188 129 24390
188 130 24454
188 131 24742
188 132 25046
188 133 25062
188 134 25318
188 135 25334
188 136 25798
188 137 25830
188 138 26086
188 139 26086
188 140 26326
188 141 26342
188 142 26598
188 143 26614
188 144 27078
188 145 27270
188 146 27398
188 147 27558
188 148 27862
188 149 28006
188 150 28134
188 151 28278
188 152 28614
188 153 28774
188 154 28902
188 155 29030
188 156 29270
188 157 29286
188 158 29542
188 159 29558
188 160 30086
188 161 30278
188 162 30470
188 163 30630
188 164 30934
188 165 31078
188 166 31206
188 167 31350
188 168 31686
188 169 31846
188 170 31974
188 171 32102
188 172 32342
188 173 32358
188 174 32614
188 175 32630
188 176 33094
188 177 33286
188 178 33414
188 179 33574
188 180 33878
188 181 34022
188 182 34150
188 183 34294
188 184 34630
188 185 34790
188 186 34918
188 187 35046
188 188 35286
188 189 35302
188 190 35558
188 191 35574
188 192 36102
188 193 36422
188 194 36486
188 195 36774
188 196 37078
188 197 37094
188 198 37350
188 199 37366
188 200 37830
188 201 37862
188 202 38118
188 203 38118
188 204 38358
188 205 38374
188 206 38630
188 207 38646
188 208 39110
188 209 39302
188 210 39430
188 211 39590
188 212 39894
188 213 40038
188 214 40166
188 215 40310
188 216 40646
188 217 40806
188 218 40934
188 219 41062
188 220 41302
188 221 41318
188 222 41574
188 223 41590
188 224 42118
188 225 42310
188 226 42502
188 227 42662
188 228 42966
188 229 43110
188 230 43238
188 231 43382
188 232 43718
188 233 43878
188 234 44006
188 235 44134
188 236 44374
188 237 44390
188 238 44646
188 239 44662
188 240 45126
188 241 45318
188 242 45446
188 243 45606
188 244 45910
188 245 46054
188 246 46182
188 247 46326
188 248 46662
188 249 46822
188 250 46950
188 251 47078
188 252 47318
188 253 47334
188 254 47590
188 255 47606
189 0 6
189 1 326
189 2 390
189 3 678
189 4 982
189 5 998
189 6 1254
189 7 1270
189 8 1734
189 9 1766
189 10 2022
189 11 2022
189 12 2262
189 13 2278
189 14 2534
189 15 2550
189 16 3030
189 17 3222
189 18 3350
189 19 3510
189 20 3814
189 21 3958
189 22 4086
189 23 4230
189 24 4566
189 25 4726
189 26 4854
189 27 4982
189 28 5222
189 29 5238
189 30 5494
189 31 5510
189 32 6054
189 33 6214
189 34 6406
189 35 6566
189 36 6870
189 37 7014
189 38 7142
189 39 7286
189 40 7622
189 41 7782
189 42 7910
189 43 8038
189 44 8278
189 45 8294
189 46 8550
189 47 8566
189 48 9078
189 49 9238
189 50 9366
189 51 9526
189 52 9830
189 53 9974
189 54 10102
189 55 10246
189 56 10582
189 57 10742
189 58 10870
189 59 10998
189 60 11238
189 61 11254
189 62 11510
189 63 11526
189 64 12102
189 65 12422
189 66 12486
189 67 12774
189 68 13078
189 69 13094
189 70 13350
189 71 13366
189 72 13830
189 73 13862
189 74 14118
189 75 14118
189 76 14358
189 77 14374
189 78 14630
189 79 14646
189 80 15126
189 81 15318
189 82 15446
189 83 15606
189 84 15910
189 85 16054
189 86 16182
189 87 16326
189 88 16662
189 89 16822
189 90 16950
189 91 17078
189 92 17318
189 93 17334
189 94 17590
189 95 17606
189 96 18150
189 97 18310
189 98 18502
189 99 18662
189 100 18966
189 101 19110
189 102 19238
189 103 19382
189 104 19718
189 105 19878
189 106 20006
189 107 20134
189 108 20374
189 109 20390
189 110 20646
189 111 20662
189 112 21174
189 113 21334
189 114 21462
189 115 21622
189 116 21926
189 117 22070
189 118 22198
189 119 22342
189 120 22678
189 121 22838
189 122 22966
189 123 23094
189 124 23334
189 125 23350
189 126 23606
189 127 23622
189 128 24198
189 129 24390
189 130 24582
189 131 24742
189 132 25046
189 133 25190
189 134 25318
189 135 25462
189 136 25798
189 137 25958
189 138 26086
189 139 26214
189 140 26454
189 141 26470
189 142 26726
189 143 26742
189 144 27222
189 145 27414
189 146 27542
189 147 27702
189 148 28006
189 149 28150
189 150 28278
189 151 28422
189 152 28758
189 153 28918
189 154 29046
189 155 29174
189 156 29414
189 157 29430
189 158 29686
189 159 29702
189 160 30246
189 161 30406
189 162 30598
189 163 30758
189 164 31062
189 165 31206
189 166 31334
189 167 31478
189 168 31814
189 169 31974
189 170 32102
189 171 32230
189 172 32470
189 173 32486
189 174 32742
189 175 32758
189 176 33142
189 177 33302
189 178 33430
189 179 33590
189 180 33894
189 181 34038
189 182 34166
189 183 34310
189 184 34646
189 185 34806
189 186 34934
189 187 35062
189 188 35302
189 189 35318
189 190 35574
189 191 35590
189 192 36294
189 193 36486
189 194 36678
189 195 36838
189 196 37142
189 197 37286
189 198 37414
189 199 37558
189 200 37894
189 201 38054
189 202 38182
189 203 38310
189 204 38550
189 205 38566
189 206 38822
189 207 38838
189 208 39318
189 209 39510
189 210 39638
189 211 39798
189 212 40102
189 213 40246
189 214 40374
189 215 40518
189 216 40854
189 217 41014
189 218 41142
189 219 41270
189 220 41510
189 221 41526
189 222 41782
189 223 41798
189 224 42342
189 225 42502
189 226 42694
189 227 42854
189 228 43158
189 229 43302
189 230 43430
189 231 43574
189 232 43910
189 233 44070
189 234 44198
189 235 44326
189 236 44566
189 237 44582
189 238 44838
189 239 44854
189 240 45238
189 241 45398
189 242 45526
189 243 45686
189 244 45990
189 245 46134
189 246 46262
189 247 46406
189 248 46742
189 249 46902
189 250 47030
189 251 47158
189 252 47398
189 253 47414
189 254 47670
189 255 47686
190 0 6
190 1 326
190 2 390
190 3 678
190 4 982
190 5 998
190 6 1254
190 7 1270
190 8 1750
190 9 1766
190 10 2022
190 11 2038
190 12 2262
190 13 2278
190 14 2534
190 15 2550
190 16 3046
190 17 3206
190 18 3334
190 19 3494
190 20 3798
190 21 3942
190 22 4070
190 23 4214
190 24 4566
190 25 4710
190 26 4838
190 27 4982
190 28 5206
190 29 5222
190 30 5478
190 31 5494
190 32 6086
190 33 6278
190 34 6406
190 35 6566
190 36 6870
190 37 7014
190 38 7142
190 39 7286
190 40 7638
190 41 7782
190 42 7910
190 43 8054
190 44 8278
190 45 8294
190 46 8550
190 47 8566
190 48 9126
190 49 9286
190 50 9414
190 51 9574
190 52 9878
190 53 10022
190 54 10150
190 55 10294
190 56 10646
190 57 10790
190 58 10918
190 59 11062
190 60 11286
190 61 11302
190 62 11558
190 63 11574
190 64 12166
190 65 12358
190 66 12550
190 67 12710
190 68 13014
190 69 13158
190 70 13286
190 71 13430
190 72 13782
190 73 13926
190 74 14054
190 75 14198
190 76 14422
190 77 14438
190 78 14694
190 79 14710
190 80 15206
190 81 15366
190 82 15494
190 83 15654
190 84 15958
190 85 16102
190 86 16230
190 87 16374
190 88 16726
190 89 16870
190 90 16998
190 91 17142
190 92 17366
190 93 17382
190 94 17638
190 95 17654
190 96 18246
190 97 18438
190 98 18566
190 99 18726
190 100 19030
190 101 19174
190 102 19302
190 103 19446
190 104 19798
190 105 19942
190 106 20070
190 107 20214
190 108 20438
190 109 20454
190 110 20710
190 111 20726
190 112 21158
190 113 21318
190 114 21446
190 115 21606
190 116 21910
190 117 22054
190 118 22182
190 119 22326
190 120 22678
190 121 22822
190 122 22950
190 123 23094
190 124 23318
190 125 23334
190 126 23590
190 127 23606
190 128 24326
190 129 24646
190 130 24710
190 131 24998
190 132 25302
190 133 25318
190 134 25574
190 135 25590
190 136 26070
190 137 26086
190 138 26342
190 139 26358
190 140 26582
190 141 26598
190 142 26854
190 143 26870
190 144 27366
190 145 27526
190 146 27654
190 147 27814
190 148 28118
190 149 28262
190 150 28390
190 151 28534
190 152 28886
190 153 29030
190 154 29158
190 155 29302
190 156 29526
190 157 29542
190 158 29798
190 159 29814
190 160 30406
190 161 30598
190 162 30726
190 163 30886
190 164 31190
190 165 31334
190 166 31462
190 167 31606
190 168 31958
190 169 32102
190 170 32230
190 171 32374
190 172 32598
190 173 32614
190 174 32870
190 175 32886
190 176 33446
190 177 33606
190 178 33734
190 179 33894
190 180 34198
190 181 34342
190 182 34470
190 183 34614
190 184 34966
190 185 35110
190 186 35238
190 187 35382
190 188 35606
190 189 35622
190 190 35878
190 191 35894
190 192 36486
190 193 36678
190 194 36870
190 195 37030
190 196 37334
190 197 37478
190 198 37606
190 199 37750
190 200 38102
190 201 38246
190 202 38374
190 203 38518
190 204 38742
190 205 38758
190 206 39014
190 207 39030
190 208 39526
190 209 39686
190 210 39814
190 211 39974
190 212 40278
190 213 40422
190 214 40550
190 215 40694
190 216 41046
190 217 41190
190 218 41318
190 219 41462
190 220 41686
190 221 41702
190 222 41958
190 223 41974
190 224 42566
190 225 42758
190 226 42886
190 227 43046
190 228 43350
190 229 43494
190 230 43622
190 231 43766
190 232 44118
190 233 44262
190 234 44390
190 235 44534
190 236 44758
190 237 44774
190 238 45030
190 239 45046
190 240 45478
190 241 45638
190 242 45766
190 243 45926
190 244 46230
190 245 46374
190 246 46502
190 247 46646
190 248 46998
190 249 47142
190 250 47270
190 251 47414
190 252 47638
190 253 47654
190 254 47910
190 255 47926
191 0 6
191 1 326
191 2 390
191 3 678
191 4 982
191 5 998
191 6 1254
191 7 1270
191 8 1750
191 9 1766
191 10 2022
191 11 2038
191 12 2262
191 13 2278
191 14 2534
191 15 2550
191 16 3062
191 17 3222
191 18 3350
191 19 3510
191 20 3814
191 21 3958
191 22 4086
191 23 4230
191 24 4582
191 25 4726
191 26 4854
191 27 4998
191 28 5222
191 29 5238
191 30 5494
191 31 5510
191 32 6118
191 33 6278
191 34 6406
191 35 6566
191 36 6870
191 37 7014
191 38 7142
191 39 7286
191 40 7638
191 41 7782
191 42 7910
191 43 8054
191 44 8278
191 45 8294
191 46 8550
191 47 8566
191 48 9174
191 49 9366
191 50 9494
191 51 9654
191 52 9958
191 53 10102
191 54 10230
191 55 10374
191 56 10726
191 57 10870
191 58 10998
191 59 11142
191 60 11366
191 61 11382
191 62 11638
191 63 11654
191 64 12230
191 65 12422
191 66 12614
191 67 12774
191 68 13078
191 69 13222
191 70 13350
191 71 13494
191 72 13846
191 73 13990
191 74 14118
191 75 14262
191 76 14486
191 77 14502
191 78 14758
191 79 14774
191 80 15286
191 81 15446
191 82 15574
191 83 15734
191 84 16038
191 85 16182
191 86 16310
191 87 16454
191 88 16806
191 89 16950
191 90 17078
191 91 17222
191 92 17446
191 93 17462
191 94 17718
191 95 17734
191 96 18342
191 97 18502
191 98 18630
191 99 18790
191 100 19094
191 101 19238
191 102 19366
191 103 19510
191 104 19862
191 105 20006
191 106 20134
191 107 20278
191 108 20502
191 109 20518
191 110 20774
191 111 20790
191 112 21206
191 113 21398
191 114 21526
191 115 21686
191 116 21990
191 117 22134
191 118 22262
191 119 22406
191 120 22758
191 121 22902
191 122 23030
191 123 23174
191 124 23398
191 125 23414
191 126 23670
191 127 23686
191 128 24454
191 129 24646
191 130 24838
191 131 24998
191 132 25302
191 133 25446
191 134 25574
191 135 25718
191 136 26070
191 137 26214
191 138 26342
191 139 26486
191 140 26710
191 141 26726
191 142 26982
191 143 26998
191 144 27510
191 145 27670
191 146 27798
191 147 27958
191 148 28262
191 149 28406
191 150 28534
191 151 28678
191 152 29030
191 153 29174
191 154 29302
191 155 29446
191 156 29670
191 157 29686
191 158 29942
191 159 29958
191 160 30566
191 161 30726
191 162 30854
191 163 31014
191 164 31318
191 165 31462
191 166 31590
191 167 31734
191 168 32086
191 169 32230
191 170 32358
191 171 32502
191 172 32726
191 173 32742
191 174 32998
191 175 33014
191 176 33494
191 177 33686
191 178 33814
191 179 33974
191 180 34278
191 181 34422
191 182 34550
191 183 34694
191 184 35046
191 185 35190
191 186 35318
191 187 35462
191 188 35686
191 189 35702
191 190 35958
191 191 35974
191 192 36678
191 193 36870
191 194 37062
191 195 37222
191 196 37526
191 197 37670
191 198 37798
191 199 37942
191 200 38294
191 201 38438
191 202 38566
191 203 38710
191 204 38934
191 205 38950
191 206 39206
191 207 39222
191 208 39606
191 209 39766
191 210 39894
191 211 40054
191 212 40358
191 213 40502
191 214 40630
191 215 40774
191 216 41126
191 217 41270
191 218 41398
191 219 41542
191 220 41766
191 221 41782
191 222 42038
191 223 42054
191 224 42662
191 225 42822
191 226 42950
191 227 43110
191 228 43414
191 229 43558
191 230 43686
191 231 43830
191 232 44182
191 233 44326
191 234 44454
191 235 44598
191 236 44822
191 237 44838
191 238 45094
191 239 45110
191 240 45526
191 241 45718
191 242 45846
191 243 46006
191 244 46310
191 245 46454
191 246 46582
191 247 46726
191 248 47078
191 249 47222
191 250 47350
191 251 47494
191 252 47718
191 253 47734
191 254 47990
191 255 48006
192 0 6
192 1 326
192 2 518
192 3 582
192 4 774
192 5 1094
192 6 1286
192 7 1350
192 8 1542
192 9 1862
192 10 2054
192 11 2118
192 12 2310
192 13 2630
192 14 2822
192 15 2886
192 16 3078
192 17 3398
192 18 3590
192 19 3654
192 20 3846
192 21 4166
192 22 4358
192 23 4422
192 24 4614
192 25 4934
192 26 5126
192 27 5190
192 28 5382
192 29 5702
192 30 5894
192 31 5958
192 32 6150
192 33 6470
192 34 6662
192 35 6726
192 36 6918
192 37 7238
192 38 7430
192 39 7494
192 40 7686
192 41 8006
192 42 8198
192 43 8262
192 44 8454
192 45 8774
192 46 8966
192 47 9030
192 48 9222
192 49 9542
192 50 9734
192 51 9798
192 52 9990
192 53 10310
192 54 10502
192 55 10566
192 56 10758
192 57 11078
192 58 11270
192 59 11334
192 60 11526
192 61 11846
192 62 12038
192 63 12102
192 64 12294
192 65 12614
192 66 12806
192 67 12870
192 68 13062
192 69 13382
192 70 13574
192 71 13638
192 72 13830
192 73 14150
192 74 14342
192 75 14406
192 76 14598
192 77 14918
192 78 15110
192 79 15174
192 80 15366
192 81 15686
192 82 15878
192 83 15942
192 84 16134
192 85 16454
192 86 16646
192 87 16710
192 88 16902
192 89 17222
192 90 17414
192 91 17478
192 92 17670
192 93 17990
192 94 18182
192 95 18246
192 96 18438
192 97 18758
192 98 18950
192 99 19014
192 100 19206
192 101 19526
192 102 19718
192 103 19782
192 104 19974
192 105 20294
192 106 20486
192 107 20550
192 108 20742
192 109 21062
192 110 21254
192 111 21318
192 112 21510
192 113 21830
192 114 22022
192 115 22086
192 116 22278
192 117 22598
192 118 22790
192 119 22854
192 120 23046
192 121 23366
192 122 23558
192 123 23622
192 124 23814
192 125 24134
192 126 24326
192 127 24390
192 128 24582
192 129 24902
192 130 25094
192 131 25158
192 132 25350
192 133 25670
192 134 25862
192 135 25926
192 136 26118
192 137 26438
192 138 26630
192 139 26694
192 140 26886
192 141 27206
192 142 27398
192 143 27462
192 144 27654
192 145 27974
192 146 28166
192 147 28230
192 148 28422
192 149 28742
192 150 28934
192 151 28998
192 152 29190
192 153 29510
192 154 29702
192 155 29766
192 156 29958
192 157 30278
192 158 30470
192 159 30534
192 160 30726
192 161 31046
192 162 31238
192 163 31302
192 164 31494
192 165 31814
192 166 32006
192 167 32070
192 168 32262
192 169 32582
192 170 32774
192 171 32838
192 172 33030
192 173 33350
192 174 33542
192 175 33606
192 176 33798
192 177 34118
192 178 34310
192 179 34374
192 180 34566
192 181 34886
192 182 35078
192 183 35142
192 184 35334
192 185 35654
192 186 35846
192 187 35910
192 188 36102
192 189 36422
192 190 36614
192 191 36678
192 192 36870
192 193 37190
192 194 37382
192 195 37446
192 196 37638
192 197 37958
192 198 38150
192 199 38214
192 200 38406
192 201 38726
192 202 38918
192 203 38982
192 204 39174
192 205 39494
192 206 39686
192 207 39750
192 208 39942
192 209 40262
192 210 40454
192 211 40518
192 212 40710
192 213 41030
192 214 41222
192 215 41286
192 216 41478
192 217 41798
192 218 41990
192 219 42054
192 220 42246
192 221 42566
192 222 42758
192 223 42822
192 224 43014
192 225 43334
192 226 43526
192 227 43590
192 228 43782
192 229 44102
192 230 44294
192 231 44358
192 232 44550
192 233 44870
192 234 45062
192 235 45126
192 236 45318
192 237 45638
192 238 45830
192 239 45894
192 240 46086
192 241 46406
192 242 46598
192 243 46662
192 244 46854
192 245 47174
192 246 47366
192 247 47430
192 248 47622
192 249 47942
192 250 48134
192 251 48198
192 252 48390
192 253 48710
192 254 48902
192 255 48966
193 0 6
193 1 326
193 2 518
193 3 582
193 4 774
193 5 1094
193 6 1286
193 7 1350
193 8 1542
193 9 1862
193 10 2054
193 11 2118
193 12 2310
193 13 2630
193 14 2822
193 15 2886
193 16 3094
193 17 3414
193 18 3606
193 19 3670
193 20 3862
193 21 4182
193 22 4374
193 23 4438
193 24 4630
193 25 4950
193 26 5142
193 27 5206
193 28 5398
193 29 5718
193 30 5910
193 31 5974
193 32 6182
193 33 6502
193 34 6694
193 35 6758
193 36 6950
193 37 7270
193 38 7462
193 39 7526
193 40 7718
193 41 8038
193 42 8230
193 43 8294
193 44 8486
193 45 8806
193 46 8998
193 47 9062
193 48 9270
193 49 9590
193 50 9782
193 51 9846
193 52 10038
193 53 10358
193 54 10550
193 55 10614
193 56 10806
193 57 11126
193 58 11318
193 59 11382
193 60 11574
193 61 11894
193 62 12086
193 63 12150
193 64 12358
193 65 12678
193 66 12870
193 67 12934
193 68 13126
193 69 13446
193 70 13638
193 71 13702
193 72 13894
193 73 14214
193 74 14406
193 75 14470
193 76 14662
193 77 14982
193 78 15174
193 79 15238
193 80 15446
193 81 15766
193 82 15958
193 83 16022
193 84 16214
193 85 16534
193 86 16726
193 87 16790
193 88 16982
193 89 17302
193 90 17494
193 91 17558
193 92 17750
193 93 18070
193 94 18262
193 95 18326
193 96 18534
193 97 18854
193 98 19046
193 99 19110
193 100 19302
193 101 19622
193 102 19814
193 103 19878
193 104 20070
193 105 20390
193 106 20582
193 107 20646
193 108 20838
193 109 21158
193 110 21350
193 111 21414
193 112 21622
193 113 21942
193 114 22134
193 115 22198
193 116 22390
193 117 22710
193 118 22902
193 119 22966
193 120 23158
193 121 23478
193 122 23670
193 123 23734
193 124 23926
193 125 24246
193 126 24438
193 127 24502
193 128 24710
193 129 24902
193 130 25094
193 131 25286
193 132 25478
193 133 25670
193 134 25862
193 135 26054
193 136 26246
193 137 26438
193 138 26630
193 139 26822
193 140 27014
193 141 27206
193 142 27398
193 143 27590
193 144 27798
193 145 27990
193 146 28182
193 147 28374
193 148 28566
193 149 28758
193 150 28950
193 151 29142
193 152 29334
193 153 29526
193 154 29718
193 155 29910
193 156 30102
193 157 30294
193 158 30486
193 159 30678
193 160 30886
193 161 31078
193 162 31270
193 163 31462
193 164 31654
193 165 31846
193 166 32038
193 167 32230
193 168 32422
193 169 32614
193 170 32806
193 171 32998
193 172 33190
193 173 33382
193 174 33574
193 175 33766
193 176 33974
193 177 34166
193 178 34358
193 179 34550
193 180 34742
193 181 34934
193 182 35126
193 183 35318
193 184 35510
193 185 35702
193 186 35894
193 187 36086
193 188 36278
193 189 36470
193 190 36662
193 191 36854
193 192 37062
193 193 37254
193 194 37446
193 195 37638
193 196 37830
193 197 38022
193 198 38214
193 199 38406
193 200 38598
193 201 38790
193 202 38982
193 203 39174
193 204 39366
193 205 39558
193 206 39750
193 207 39942
193 208 40150
193 209 40342
193 210 40534
193 211 40726
193 212 40918
193 213 41110
193 214 41302
193 215 41494
193 216 41686
193 217 41878
193 218 42070
193 219 42262
193 220 42454
193 221 42646
193 222 42838
193 223 43030
193 224 43238
193 225 43430
193 226 43622
193 227 43814
193 228 44006
193 229 44198
193 230 44390
193 231 44582
193 232 44774
193 233 44966
193 234 45158
193 235 45350
193 236 45542
193 237 45734
193 238 45926
193 239 46118
193 240 46326
193 241 46518
193 242 46710
193 243 46902
193 244 47094
193 245 47286
193 246 47478
193 247 47670
193 248 47862
193 249 48054
193 250 48246
193 251 48438
193 252 48630
193 253 48822
193 254 49014
193 255 49206
194 0 6
194 1 326
194 2 518
194 3 582
194 4 774
194 5 1094
194 6 1286
194 7 1350
194 8 1558
194 9 1878
194 10 2070
194 11 2134
194 12 2326
194 13 2646
194 14 2838
194 15 2902
194 16 3110
194 17 3430
194 18 3622
194 19 3686
194 20 3878
194 21 4198
194 22 4390
194 23 4454
194 24 4662
194 25 4982
194 26 5174
194 27 5238
194 28 5430
194 29 5750
194 30 5942
194 31 6006
194 32 6214
194 33 6470
194 34 6726
194 35 6726
194 36 6982
194 37 7238
194 38 7494
194 39 7494
194 40 7766
194 41 8022
194 42 8278
194 43 8278
194 44 8534
194 45 8790
194 46 9046
194 47 9046
194 48 9318
194 49 9574
194 50 9830
194 51 9830
194 52 10086
194 53 10342
194 54 10598
194 55 10598
194 56 10870
194 57 11126
194 58 11382
194 59 11382
194 60 11638
194 61 11894
194 62 12150
194 63 12150
194 64 12422
194 65 12614
194 66 12806
194 67 12998
194 68 13190
194 69 13382
194 70 13574
194 71 13766
194 72 13974
194 73 14166
194 74 14358
194 75 14550
194 76 14742
194 77 14934
194 78 15126
194 79 15318
194 80 15526
194 81 15718
194 82 15910
194 83 16102
194 84 16294
194 85 16486
194 86 16678
194 87 16870
194 88 17078
194 89 17270
194 90 17462
194 91 17654
194 92 17846
194 93 18038
194 94 18230
194 95 18422
194 96 18630
194 97 18758
194 98 19014
194 99 19142
194 100 19398
194 101 19526
194 102 19782
194 103 19910
194 104 20182
194 105 20310
194 106 20566
194 107 20694
194 108 20950
194 109 21078
194 110 21334
194 111 21462
194 112 21734
194 113 21862
194 114 22118
194 115 22246
194 116 22502
194 117 22630
194 118 22886
194 119 23014
194 120 23286
194 121 23414
194 122 23670
194 123 23798
194 124 24054
194 125 24182
194 126 24438
194 127 24566
194 128 24838
194 129 25158
194 130 25350
194 131 25414
194 132 25606
194 133 25926
194 134 26118
194 135 26182
194 136 26390
194 137 26710
194 138 26902
194 139 26966
194 140 27158
194 141 27478
194 142 27670
194 143 27734
194 144 27942
194 145 28262
194 146 28454
194 147 28518
194 148 28710
194 149 29030
194 150 29222
194 151 29286
194 152 29494
194 153 29814
194 154 30006
194 155 30070
194 156 30262
194 157 30582
194 158 30774
194 159 30838
194 160 31046
194 161 31302
194 162 31558
194 163 31558
194 164 31814
194 165 32070
194 166 32326
194 167 32326
194 168 32598
194 169 32854
194 170 33110
194 171 33110
194 172 33366
194 173 33622
194 174 33878
194 175 33878
194 176 34150
194 177 34406
194 178 34662
194 179 34662
194 180 34918
194 181 35174
194 182 35430
194 183 35430
194 184 35702
194 185 35958
194 186 36214
194 187 36214
194 188 36470
194 189 36726
194 190 36982
194 191 36982
194 192 37254
194 193 37446
194 194 37638
194 195 37830
194 196 38022
194 197 38214
194 198 38406
194 199 38598
194 200 38806
194 201 38998
194 202 39190
194 203 39382
194 204 39574
194 205 39766
194 206 39958
194 207 40150
194 208 40358
194 209 40550
194 210 40742
194 211 40934
194 212 41126
194 213 41318
194 214 41510
194 215 41702
194 216 41910
194 217 42102
194 218 42294
194 219 42486
194 220 42678
194 221 42870
194 222 43062
194 223 43254
194 224 43462
194 225 43590
194 226 43846
194 227 43974
194 228 44230
194 229 44358
194 230 44614
194 231 44742
194 232 45014
194 233 45142
194 234 45398
194 235 45526
194 236 45782
194 237 45910
194 238 46166
194 239 46294
194 240 46566
194 241 46694
194 242 46950
194 243 47078
194 244 47334
194 245 47462
194 246 47718
194 247 47846
194 248 48118
194 249 48246
194 250 48502
194 251 48630
194 252 48886
194 253 49014
194 254 49270
194 255 49398
195 0 6
195 1 326
195 2 518
195 3 582
195 4 774
195 5 1094
195 6 1286
195 7 1350
195 8 1558
195 9 1878
195 10 2070
195 11 2134
195 12 2326
195 13 2646
195 14 2838
195 15 2902
195 16 3126
195 17 3446
195 18 3638
195 19 3702
195 20 3894
195 21 4214
195 22 4406
195 23 4470
195 24 4678
195 25 4998
195 26 5190
195 27 5254
195 28 5446
195 29 5766
195 30 5958
195 31 6022
195 32 6246
195 33 6502
195 34 6758
195 35 6758
195 36 7014
195 37 7270
195 38 7526
195 39 7526
195 40 7798
195 41 8054
195 42 8310
195 43 8310
195 44 8566
195 45 8822
195 46 9078
195 47 9078
195 48 9366
195 49 9622
195 50 9878
195 51 9878
195 52 10134
195 53 10390
195 54 10646
195 55 10646
195 56 10918
195 57 11174
195 58 11430
195 59 11430
195 60 11686
195 61 11942
195 62 12198
195 63 12198
195 64 12486
195 65 12678
195 66 12870
195 67 13062
195 68 13254
195 69 13446
195 70 13638
195 71 13830
195 72 14038
195 73 14230
195 74 14422
195 75 14614
195 76 14806
195 77 14998
195 78 15190
195 79 15382
195 80 15606
195 81 15798
195 82 15990
195 83 16182
195 84 16374
195 85 16566
195 86 16758
195 87 16950
195 88 17158
195 89 17350
195 90 17542
195 91 17734
195 92 17926
195 93 18118
195 94 18310
195 95 18502
195 96 18726
195 97 18854
195 98 19110
195 99 19238
195 100 19494
195 101 19622
195 102 19878
195 103 20006
195 104 20278
195 105 20406
195 106 20662
195 107 20790
195 108 21046
195 109 21174
195 110 21430
195 111 21558
195 112 21846
195 113 21974
195 114 22230
195 115 22358
195 116 22614
195 117 22742
195 118 22998
195 119 23126
195 120 23398
195 121 23526
195 122 23782
195 123 23910
195 124 24166
195 125 24294
195 126 24550
195 127 24678
195 128 24966
195 129 25158
195 130 25350
195 131 25542
195 132 25734
195 133 25926
195 134 26118
195 135 26310
195 136 26518
195 137 26710
195 138 26902
195 139 27094
195 140 27286
195 141 27478
195 142 27670
195 143 27862
195 144 28086
195 145 28278
195 146 28470
195 147 28662
195 148 28854
195 149 29046
195 150 29238
195 151 29430
195 152 29638
195 153 29830
195 154 30022
195 155 30214
195 156 30406
195 157 30598
195 158 30790
195 159 30982
195 160 31206
195 161 31334
195 162 31590
195 163 31718
195 164 31974
195 165 32102
195 166 32358
195 167 32486
195 168 32758
195 169 32886
195 170 33142
195 171 33270
195 172 33526
195 173 33654
195 174 33910
195 175 34038
195 176 34326
195 177 34454
195 178 34710
195 179 34838
195 180 35094
195 181 35222
195 182 35478
195 183 35606
195 184 35878
195 185 36006
195 186 36262
195 187 36390
195 188 36646
195 189 36774
195 190 37030
195 191 37158
195 192 37446
195 193 37638
195 194 37830
195 195 38022
195 196 38214
195 197 38406
195 198 38598
195 199 38790
195 200 38998
195 201 39190
195 202 39382
195 203 39574
195 204 39766
195 205 39958
195 206 40150
195 207 40342
195 208 40566
195 209 40758
195 210 40950
195 211 41142
195 212 41334
195 213 41526
195 214 41718
195 215 41910
195 216 42118
195 217 42310
195 218 42502
195 219 42694
195 220 42886
195 221 43078
195 222 43270
195 223 43462
195 224 43686
195 225 43814
195 226 44070
195 227 44198
195 228 44454
195 229 44582
195 230 44838
195 231 44966
195 232 45238
195 233 45366
195 234 45622
195 235 45750
195 236 46006
195 237 46134
195 238 46390
195 239 46518
195 240 46806
195 241 46934
195 242 47190
195 243 47318
195 244 47574
195 245 47702
195 246 47958
195 247 48086
195 248 48358
195 249 48486
195 250 48742
195 251 48870
195 252 49126
195 253 49254
195 254 49510
195 255 49638
196 0 6
196 1 326
196 2 518
196 3 582
196 4 790
196 5 1110
196 6 1302
196 7 1366
196 8 1606
196 9 1926
196 10 2118
196 11 2182
196 12 2390
196 13 2710
196 14 2902
196 15 2966
196 16 3142
196 17 3398
196 18 3654
196 19 3654
196 20 3926
196 21 4182
196 22 4438
196 23 4438
196 24 4742
196 25 4998
196 26 5254
196 27 5254
196 28 5526
196 29 5782
196 30 6038
196 31 6038
196 32 6278
196 33 6470
196 34 6662
196 35 6854
196 36 7062
196 37 7254
196 38 7446
196 39 7638
196 40 7878
196 41 8070
196 42 8262
196 43 8454
196 44 8662
196 45 8854
196 46 9046
196 47 9238
196 48 9414
196 49 9542
196 50 9798
196 51 9926
196 52 10198
196 53 10326
196 54 10582
196 55 10710
196 56 11014
196 57 11142
196 58 11398
196 59 11526
196 60 11798
196 61 11926
196 62 12182
196 63 12310
196 64 12550
196 65 12870
196 66 13062
196 67 13126
196 68 13334
196 69 13654
196 70 13846
196 71 13910
196 72 14150
196 73 14470
196 74 14662
196 75 14726
196 76 14934
196 77 15254
196 78 15446
196 79 15510
196 80 15686
196 81 15942
196 82 16198
196 83 16198
196 84 16470
196 85 16726
196 86 16982
196 87 16982
196 88 17286
196 89 17542
196 90 17798
196 91 17798
196 92 18070
196 93 18326
196 94 18582
196 95 18582
196 96 18822
196 97 19014
196 98 19206
196 99 19398
196 100 19606
196 101 19798
196 102 19990
196 103 20182
196 104 20422
196 105 20614
196 106 20806
196 107 20998
196 108 21206
196 109 21398
196 110 21590
196 111 21782
196 112 21958
196 113 22086
196 114 22342
196 115 22470
196 116 22742
196 117 22870
196 118 23126
196 119 23254
196 120 23558
196 121 23686
196 122 23942
196 123 24070
196 124 24342
196 125 24470
196 126 24726
196 127 24854
196 128 25094
196 129 25414
196 130 25606
196 131 25670
196 132 25878
196 133 26198
196 134 26390
196 135 26454
196 136 26694
196 137 27014
196 138 27206
196 139 27270
196 140 27478
196 141 27798
196 142 27990
196 143 28054
196 144 28230
196 145 28486
196 146 28742
196 147 28742
196 148 29014
196 149 29270
196 150 29526
196 151 29526
196 152 29830
196 153 30086
196 154 30342
196 155 30342
196 156 30614
196 157 30870
196 158 31126
196 159 31126
196 160 31366
196 161 31558
196 162 31750
196 163 31942
196 164 32150
196 165 32342
196 166 32534
196 167 32726
196 168 32966
196 169 33158
196 170 33350
196 171 33542
196 172 33750
196 173 33942
196 174 34134
196 175 34326
196 176 34502
196 177 34630
196 178 34886
196 179 35014
196 180 35286
196 181 35414
196 182 35670
196 183 35798
196 184 36102
196 185 36230
196 186 36486
196 187 36614
196 188 36886
196 189 37014
196 190 37270
196 191 37398
196 192 37638
196 193 37958
196 194 38150
196 195 38214
196 196 38422
196 197 38742
196 198 38934
196 199 38998
196 200 39238
196 201 39558
196 202 39750
196 203 39814
196 204 40022
196 205 40342
196 206 40534
196 207 40598
196 208 40774
196 209 41030
196 210 41286
196 211 41286
196 212 41558
196 213 41814
196 214 42070
196 215 42070
196 216 42374
196 217 42630
196 218 42886
196 219 42886
196 220 43158
196 221 43414
196 222 43670
196 223 43670
196 224 43910
196 225 44102
196 226 44294
196 227 44486
196 228 44694
196 229 44886
196 230 45078
196 231 45270
196 232 45510
196 233 45702
196 234 45894
196 235 46086
196 236 46294
196 237 46486
196 238 46678
196 239 46870
196 240 47046
196 241 47174
196 242 47430
196 243 47558
196 244 47830
196 245 47958
196 246 48214
196 247 48342
196 248 48646
196 249 48774
196 250 49030
196 251 49158
196 252 49430
196 253 49558
196 254 49814
196 255 49942
197 0 6
197 1 326
197 2 518
197 3 582
197 4 790
197 5 1110
197 6 1302
197 7 1366
197 8 1606
197 9 1926
197 10 2118
197 11 2182
197 12 2390
197 13 2710
197 14 2902
197 15 2966
197 16 3158
197 17 3414
197 18 3670
197 19 3670
197 20 3942
197 21 4198
197 22 4454
197 23 4454
197 24 4758
197 25 5014
197 26 5270
197 27 5270
197 28 5542
197 29 5798
197 30 6054
197 31 6054
197 32 6310
197 33 6502
197 34 6694
197 35 6886
197 36 7094
197 37 7286
197 38 7478
197 39 7670
197 40 7878
197 41 8070
197 42 8262
197 43 8454
197 44 8662
197 45 8854
197 46 9046
197 47 9238
197 48 9462
197 49 9590
197 50 9846
197 51 9974
197 52 10246
197 53 10374
197 54 10630
197 55 10758
197 56 11030
197 57 11158
197 58 11414
197 59 11542
197 60 11814
197 61 11942
197 62 12198
197 63 12326
197 64 12614
197 65 12934
197 66 13126
197 67 13190
197 68 13398
197 69 13718
197 70 13910
197 71 13974
197 72 14214
197 73 14534
197 74 14726
197 75 14790
197 76 14998
197 77 15318
197 78 15510
197 79 15574
197 80 15766
197 81 16022
197 82 16278
197 83 16278
197 84 16550
197 85 16806
197 86 17062
197 87 17062
197 88 17366
197 89 17622
197 90 17878
197 91 17878
197 92 18150
197 93 18406
197 94 18662
197 95 18662
197 96 18918
197 97 19110
197 98 19302
197 99 19494
197 100 19702
197 101 19894
197 102 20086
197 103 20278
197 104 20486
197 105 20678
197 106 20870
197 107 21062
197 108 21270
197 109 21462
197 110 21654
197 111 21846
197 112 22070
197 113 22198
197 114 22454
197 115 22582
197 116 22854
197 117 22982
197 118 23238
197 119 23366
197 120 23638
197 121 23766
197 122 24022
197 123 24150
197 124 24422
197 125 24550
197 126 24806
197 127 24934
197 128 25222
197 129 25414
197 130 25606
197 131 25798
197 132 26006
197 133 26198
197 134 26390
197 135 26582
197 136 26822
197 137 27014
197 138 27206
197 139 27398
197 140 27606
197 141 27798
197 142 27990
197 143 28182
197 144 28374
197 145 28502
197 146 28758
197 147 28886
197 148 29158
197 149 29286
197 150 29542
197 151 29670
197 152 29974
197 153 30102
197 154 30358
197 155 30486
197 156 30758
197 157 30886
197 158 31142
197 159 31270
197 160 31526
197 161 31718
197 162 31910
197 163 32102
197 164 32310
197 165 32502
197 166 32694
197 167 32886
197 168 33094
197 169 33286
197 170 33478
197 171 33670
197 172 33878
197 173 34070
197 174 34262
197 175 34454
197 176 34678
197 177 34806
197 178 35062
197 179 35190
197 180 35462
197 181 35590
197 182 35846
197 183 35974
197 184 36246
197 185 36374
197 186 36630
197 187 36758
197 188 37030
197 189 37158
197 190 37414
197 191 37542
197 192 37830
197 193 38022
197 194 38214
197 195 38406
197 196 38614
197 197 38806
197 198 38998
197 199 39190
197 200 39430
197 201 39622
197 202 39814
197 203 40006
197 204 40214
197 205 40406
197 206 40598
197 207 40790
197 208 40982
197 209 41110
197 210 41366
197 211 41494
197 212 41766
197 213 41894
197 214 42150
197 215 42278
197 216 42582
197 217 42710
197 218 42966
197 219 43094
197 220 43366
197 221 43494
197 222 43750
197 223 43878
197 224 44134
197 225 44326
197 226 44518
197 227 44710
197 228 44918
197 229 45110
197 230 45302
197 231 45494
197 232 45702
197 233 45894
197 234 46086
197 235 46278
197 236 46486
197 237 46678
197 238 46870
197 239 47062
197 240 47286
197 241 47414
197 242 47670
197 243 47798
197 244 48070
197 245 48198
197 246 48454
197 247 48582
197 248 48854
197 249 48982
197 250 49238
197 251 49366
197 252 49638
197 253 49766
197 254 50022
197 255 50150
198 0 6
198 1 326
198 2 518
198 3 582
198 4 790
198 5 1110
198 6 1302
198 7 1366
198 8 1622
198 9 1942
198 10 2134
198 11 2198
198 12 2390
198 13 2710
198 14 2902
198 15 2966
198 16 3174
198 17 3430
198 18 3686
198 19 3686
198 20 3958
198 21 4214
198 22 4470
198 23 4470
198 24 4758
198 25 5014
198 26 5270
198 27 5270
198 28 5526
198 29 5782
198 30 6038
198 31 6038
198 32 6342
198 33 6470
198 34 6726
198 35 6854
198 36 7126
198 37 7254
198 38 7510
198 39 7638
198 40 7958
198 41 8086
198 42 8342
198 43 8470
198 44 8726
198 45 8854
198 46 9110
198 47 9238
198 48 9510
198 49 9638
198 50 9894
198 51 10022
198 52 10294
198 53 10422
198 54 10678
198 55 10806
198 56 11094
198 57 11222
198 58 11478
198 59 11606
198 60 11862
198 61 11990
198 62 12246
198 63 12374
198 64 12678
198 65 12870
198 66 13062
198 67 13254
198 68 13462
198 69 13654
198 70 13846
198 71 14038
198 72 14294
198 73 14486
198 74 14678
198 75 14870
198 76 15062
198 77 15254
198 78 15446
198 79 15638
198 80 15846
198 81 15974
198 82 16230
198 83 16358
198 84 16630
198 85 16758
198 86 17014
198 87 17142
198 88 17430
198 89 17558
198 90 17814
198 91 17942
198 92 18198
198 93 18326
198 94 18582
198 95 18710
198 96 19014
198 97 19142
198 98 19398
198 99 19526
198 100 19798
198 101 19926
198 102 20182
198 103 20310
198 104 20630
198 105 20758
198 106 21014
198 107 21142
198 108 21398
198 109 21526
198 110 21782
198 111 21910
198 112 22182
198 113 22310
198 114 22566
198 115 22694
198 116 22966
198 117 23094
198 118 23350
198 119 23478
198 120 23766
198 121 23894
198 122 24150
198 123 24278
198 124 24534
198 125 24662
198 126 24918
198 127 25046
198 128 25350
198 129 25670
198 130 25862
198 131 25926
198 132 26134
198 133 26454
198 134 26646
198 135 26710
198 136 26966
198 137 27286
198 138 27478
198 139 27542
198 140 27734
198 141 28054
198 142 28246
198 143 28310
198 144 28518
198 145 28774
198 146 29030
198 147 29030
198 148 29302
198 149 29558
198 150 29814
198 151 29814
198 152 30102
198 153 30358
198 154 30614
198 155 30614
198 156 30870
198 157 31126
198 158 31382
198 159 31382
198 160 31686
198 161 31814
198 162 32070
198 163 32198
198 164 32470
198 165 32598
198 166 32854
198 167 32982
198 168 33302
198 169 33430
198 170 33686
198 171 33814
198 172 34070
198 173 34198
198 174 34454
198 175 34582
198 176 34854
198 177 34982
198 178 35238
198 179 35366
198 180 35638
198 181 35766
198 182 36022
198 183 36150
198 184 36438
198 185 36566
198 186 36822
198 187 36950
198 188 37206
198 189 37334
198 190 37590
198 191 37718
198 192 38022
198 193 38214
198 194 38406
198 195 38598
198 196 38806
198 197 38998
198 198 39190
198 199 39382
198 200 39638
198 201 39830
198 202 40022
198 203 40214
198 204 40406
198 205 40598
198 206 40790
198 207 40982
198 208 41190
198 209 41318
198 210 41574
198 211 41702
198 212 41974
198 213 42102
198 214 42358
198 215 42486
198 216 42774
198 217 42902
198 218 43158
198 219 43286
198 220 43542
198 221 43670
198 222 43926
198 223 44054
198 224 44358
198 225 44486
198 226 44742
198 227 44870
198 228 45142
198 229 45270
198 230 45526
198 231 45654
198 232 45974
198 233 46102
198 234 46358
198 235 46486
198 236 46742
198 237 46870
198 238 47126
198 239 47254
198 240 47526
198 241 47654
198 242 47910
198 243 48038
198 244 48310
198 245 48438
198 246 48694
198 247 48822
198 248 49110
198 249 49238
198 250 49494
198 251 49622
198 252 49878
198 253 50006
198 254 50262
198 255 50390
199 0 6
199 1 326
199 2 518
199 3 582
199 4 790
199 5 1110
199 6 1302
199 7 1366
199 8 1622
199 9 1942
199 10 2134
199 11 2198
199 12 2390
199 13 2710
199 14 2902
199 15 2966
199 16 3190
199 17 3446
199 18 3702
199 19 3702
199 20 3974
199 21 4230
199 22 4486
199 23 4486
199 24 4774
199 25 5030
199 26 5286
199 27 5286
199 28 5542
199 29 5798
199 30 6054
199 31 6054
199 32 6374
199 33 6502
199 34 6758
199 35 6886
199 36 7158
199 37 7286
199 38 7542
199 39 7670
199 40 7958
199 41 8086
199 42 8342
199 43 8470
199 44 8726
199 45 8854
199 46 9110
199 47 9238
199 48 9558
199 49 9686
199 50 9942
199 51 10070
199 52 10342
199 53 10470
199 54 10726
199 55 10854
199 56 11174
199 57 11302
199 58 11558
199 59 11686
199 60 11942
199 61 12070
199 62 12326
199 63 12454
199 64 12742
199 65 12934
199 66 13126
199 67 13318
199 68 13526
199 69 13718
199 70 13910
199 71 14102
199 72 14358
199 73 14550
199 74 14742
199 75 14934
199 76 15126
199 77 15318
199 78 15510
199 79 15702
199 80 15926
199 81 16054
199 82 16310
199 83 16438
199 84 16710
199 85 16838
199 86 17094
199 87 17222
199 88 17510
199 89 17638
199 90 17894
199 91 18022
199 92 18278
199 93 18406
199 94 18662
199 95 18790
199 96 19110
199 97 19238
199 98 19494
199 99 19622
199 100 19894
199 101 20022
199 102 20278
199 103 20406
199 104 20694
199 105 20822
199 106 21078
199 107 21206
199 108 21462
199 109 21590
199 110 21846
199 111 21974
199 112 22230
199 113 22358
199 114 22614
199 115 22742
199 116 23014
199 117 23142
199 118 23398
199 119 23526
199 120 23846
199 121 23974
199 122 24230
199 123 24358
199 124 24614
199 125 24742
199 126 24998
199 127 25126
199 128 25478
199 129 25670
199 130 25862
199 131 26054
199 132 26262
199 133 26454
199 134 26646
199 135 26838
199 136 27094
199 137 27286
199 138 27478
199 139 27670
199 140 27862
199 141 28054
199 142 28246
199 143 28438
199 144 28662
199 145 28790
199 146 29046
199 147 29174
199 148 29446
199 149 29574
199 150 29830
199 151 29958
199 152 30246
199 153 30374
199 154 30630
199 155 30758
199 156 31014
199 157 31142
199 158 31398
199 159 31526
199 160 31846
199 161 31974
199 162 32230
199 163 32358
199 164 32630
199 165 32758
199 166 33014
199 167 33142
199 168 33430
199 169 33558
199 170 33814
199 171 33942
199 172 34198
199 173 34326
199 174 34582
199 175 34710
199 176 35030
199 177 35158
199 178 35414
199 179 35542
199 180 35814
199 181 35942
199 182 36198
199 183 36326
199 184 36646
199 185 36774
199 186 37030
199 187 37158
199 188 37414
199 189 37542
199 190 37798
199 191 37926
199 192 38214
199 193 38406
199 194 38598
199 195 38790
199 196 38998
199 197 39190
199 198 39382
199 199 39574
199 200 39830
199 201 40022
199 202 40214
199 203 40406
199 204 40598
199 205 40790
199 206 40982
199 207 41174
199 208 41398
199 209 41526
199 210 41782
199 211 41910
199 212 42182
199 213 42310
199 214 42566
199 215 42694
199 216 42982
199 217 43110
199 218 43366
199 219 43494
199 220 43750
199 221 43878
199 222 44134
199 223 44262
199 224 44454
199 225 44582
199 226 44838
199 227 44966
199 228 45238
199 229 45366
199 230 45622
199 231 45750
199 232 46038
199 233 46166
199 234 46422
199 235 46550
199 236 46806
199 237 46934
199 238 47190
199 239 47318
199 240 47574
199 241 47702
199 242 47958
199 243 48086
199 244 48358
199 245 48486
199 246 48742
199 247 48870
199 248 49190
199 249 49318
199 250 49574
199 251 49702
199 252 49958
199 253 50086
199 254 50342
199 255 50470
200 0 6
200 1 326
200 2 582
200 3 646
200 4 838
200 5 1158
200 6 1350
200 7 1414
200 8 1670
200 9 1926
200 10 2246
200 11 2246
200 12 2502
200 13 2758
200 14 3014
200 15 3014
200 16 3206
200 17 3398
200 18 3654
200 19 3846
200 20 4038
200 21 4230
200 22 4422
200 23 4614
200 24 4870
200 25 4998
200 26 5318
200 27 5446
200 28 5702
200 29 5830
200 30 6086
200 31 6214
200 32 6406
200 33 6726
200 34 6982
200 35 7046
200 36 7238
200 37 7558
200 38 7750
200 39 7814
200 40 8070
200 41 8326
200 42 8646
200 43 8646
200 44 8902
200 45 9158
200 46 9414
200 47 9414
200 48 9606
200 49 9798
200 50 10054
200 51 10246
200 52 10438
200 53 10630
200 54 10822
200 55 11014
200 56 11270
200 57 11398
200 58 11718
200 59 11846
200 60 12102
200 61 12230
200 62 12486
200 63 12614
200 64 12806
200 65 13126
200 66 13382
200 67 13446
200 68 13638
200 69 13958
200 70 14150
200 71 14214
200 72 14470
200 73 14726
200 74 15046
200 75 15046
200 76 15302
200 77 15558
200 78 15814
200 79 15814
200 80 16006
200 81 16198
200 82 16454
200 83 16646
200 84 16838
200 85 17030
200 86 17222
200 87 17414
200 88 17670
200 89 17798
200 90 18118
200 91 18246
200 92 18502
200 93 18630
200 94 18886
200 95 19014
200 96 19206
200 97 19526
200 98 19782
200 99 19846
200 100 20038
200 101 20358
200 102 20550
200 103 20614
200 104 20870
200 105 21126
200 106 21446
200 107 21446
200 108 21702
200 109 21958
200 110 22214
200 111 22214
200 112 22406
200 113 22598
200 114 22854
200 115 23046
200 116 23238
200 117 23430
200 118 23622
200 119 23814
200 120 24070
200 121 24198
200 122 24518
200 123 24646
200 124 24902
200 125 25030
200 126 25286
200 127 25414
200 128 25606
200 129 25926
200 130 26182
200 131 26246
200 132 26438
200 133 26758
200 134 26950
200 135 27014
200 136 27270
200 137 27526
200 138 27846
200 139 27846
200 140 28102
200 141 28358
200 142 28614
200 143 28614
200 144 28806
200 145 28998
200 146 29254
200 147 29446
200 148 29638
200 149 29830
200 150 30022
200 151 30214
200 152 30470
200 153 30598
200 154 30918
200 155 31046
200 156 31302
200 157 31430
200 158 31686
200 159 31814
200 160 32006
200 161 32326
200 162 32582
200 163 32646
200 164 32838
200 165 33158
200 166 33350
200 167 33414
200 168 33670
200 169 33926
200 170 34246
200 171 34246
200 172 34502
200 173 34758
200 174 35014
200 175 35014
200 176 35206
200 177 35398
200 178 35654
200 179 35846
200 180 36038
200 181 36230
200 182 36422
200 183 36614
200 184 36870
200 185 36998
200 186 37318
200 187 37446
200 188 37702
200 189 37830
200 190 38086
200 191 38214
200 192 38406
200 193 38726
200 194 38982
200 195 39046
200 196 39238
200 197 39558
200 198 39750
200 199 39814
200 200 40070
200 201 40326
200 202 40646
200 203 40646
200 204 40902
200 205 41158
200 206 41414
200 207 41414
200 208 41606
200 209 41798
200 210 42054
200 211 42246
200 212 42438
200 213 42630
200 214 42822
200 215 43014
200 216 43270
200 217 43398
200 218 43718
200 219 43846
200 220 44102
200 221 44230
200 222 44486
200 223 44614
200 224 44806
200 225 45126
200 226 45382
200 227 45446
200 228 45638
200 229 45958
200 230 46150
200 231 46214
200 232 46470
200 233 46726
200 234 47046
200 235 47046
200 236 47302
200 237 47558
200 238 47814
200 239 47814
200 240 48006
200 241 48198
200 242 48454
200 243 48646
200 244 48838
200 245 49030
200 246 49222
200 247 49414
200 248 49670
200 249 49798
200 250 50118
200 251 50246
200 252 50502
200 253 50630
200 254 50886
200 255 51014
201 0 6
201 1 326
201 2 582
201 3 646
201 4 838
201 5 1158
201 6 1350
201 7 1414
201 8 1670
201 9 1926
201 10 2246
201 11 2246
201 12 2502
201 13 2758
201 14 3014
201 15 3014
201 16 3222
201 17 3414
201 18 3670
201 19 3862
201 20 4054
201 21 4246
201 22 4438
201 23 4630
201 24 4886
201 25 5014
201 26 5334
201 27 5462
201 28 5718
201 29 5846
201 30 6102
201 31 6230
201 32 6438
201 33 6758
201 34 6982
201 35 7046
201 36 7238
201 37 7558
201 38 7782
201 39 7846
201 40 8102
201 41 8358
201 42 8646
201 43 8646
201 44 8902
201 45 9158
201 46 9446
201 47 9446
201 48 9654
201 49 9846
201 50 10070
201 51 10262
201 52 10454
201 53 10646
201 54 10870
201 55 11062
201 56 11318
201 57 11446
201 58 11734
201 59 11862
201 60 12118
201 61 12246
201 62 12534
201 63 12662
201 64 12870
201 65 13190
201 66 13446
201 67 13510
201 68 13702
201 69 14022
201 70 14214
201 71 14278
201 72 14534
201 73 14790
201 74 15110
201 75 15110
201 76 15366
201 77 15622
201 78 15878
201 79 15878
201 80 16086
201 81 16278
201 82 16534
201 83 16726
201 84 16918
201 85 17110
201 86 17302
201 87 17494
201 88 17750
201 89 17878
201 90 18198
201 91 18326
201 92 18582
201 93 18710
201 94 18966
201 95 19094
201 96 19302
201 97 19622
201 98 19846
201 99 19910
201 100 20102
201 101 20422
201 102 20646
201 103 20710
201 104 20966
201 105 21222
201 106 21510
201 107 21510
201 108 21766
201 109 22022
201 110 22310
201 111 22310
201 112 22518
201 113 22710
201 114 22934
201 115 23126
201 116 23318
201 117 23510
201 118 23734
201 119 23926
201 120 24182
201 121 24310
201 122 24598
201 123 24726
201 124 24982
201 125 25110
201 126 25398
201 127 25526
201 128 25734
201 129 25926
201 130 26182
201 131 26374
201 132 26566
201 133 26758
201 134 26950
201 135 27142
201 136 27398
201 137 27526
201 138 27846
201 139 27974
201 140 28230
201 141 28358
201 142 28614
201 143 28742
201 144 28950
201 145 29142
201 146 29398
201 147 29590
201 148 29782
201 149 29974
201 150 30166
201 151 30358
201 152 30614
201 153 30742
201 154 31062
201 155 31190
201 156 31446
201 157 31574
201 158 31830
201 159 31958
201 160 32166
201 161 32358
201 162 32582
201 163 32774
201 164 32966
201 165 33158
201 166 33382
201 167 33574
201 168 33830
201 169 33958
201 170 34246
201 171 34374
201 172 34630
201 173 34758
201 174 35046
201 175 35174
201 176 35382
201 177 35574
201 178 35798
201 179 35990
201 180 36182
201 181 36374
201 182 36598
201 183 36790
201 184 37046
201 185 37174
201 186 37462
201 187 37590
201 188 37846
201 189 37974
201 190 38262
201 191 38390
201 192 38598
201 193 38790
201 194 39046
201 195 39238
201 196 39430
201 197 39622
201 198 39814
201 199 40006
201 200 40262
201 201 40390
201 202 40710
201 203 40838
201 204 41094
201 205 41222
201 206 41478
201 207 41606
201 208 41814
201 209 42006
201 210 42262
201 211 42454
201 212 42646
201 213 42838
201 214 43030
201 215 43222
201 216 43478
201 217 43606
201 218 43926
201 219 44054
201 220 44310
201 221 44438
201 222 44694
201 223 44822
201 224 45030
201 225 45222
201 226 45446
201 227 45638
201 228 45830
201 229 46022
201 230 46246
201 231 46438
201 232 46694
201 233 46822
201 234 47110
201 235 47238
201 236 47494
201 237 47622
201 238 47910
201 239 48038
201 240 48246
201 241 48438
201 242 48662
201 243 48854
201 244 49046
201 245 49238
201 246 49462
201 247 49654
201 248 49910
201 249 50038
201 250 50326
201 251 50454
201 252 50710
201 253 50838
201 254 51126
201 255 51254
202 0 6
202 1 326
202 2 582
202 3 646
202 4 838
202 5 1158
202 6 1350
202 7 1414
202 8 1686
202 9 1942
202 10 2246
202 11 2246
202 12 2518
202 13 2774
202 14 3014
202 15 3014
202 16 3238
202 17 3430
202 18 3654
202 19 3846
202 20 4038
202 21 4230
202 22 4454
202 23 4646
202 24 4918
202 25 5046
202 26 5318
202 27 5446
202 28 5718
202 29 5846
202 30 6118
202 31 6246
202 32 6470
202 33 6726
202 34 7046
202 35 7046
202 36 7302
202 37 7558
202 38 7814
202 39 7814
202 40 8086
202 41 8342
202 42 8646
202 43 8646
202 44 8918
202 45 9174
202 46 9414
202 47 9414
202 48 9702
202 49 9830
202 50 10118
202 51 10246
202 52 10502
202 53 10630
202 54 10918
202 55 11046
202 56 11318
202 57 11446
202 58 11718
202 59 11846
202 60 12118
202 61 12246
202 62 12518
202 63 12646
202 64 12934
202 65 13126
202 66 13382
202 67 13574
202 68 13766
202 69 13958
202 70 14150
202 71 14342
202 72 14614
202 73 14742
202 74 15046
202 75 15174
202 76 15446
202 77 15574
202 78 15814
202 79 15942
202 80 16166
202 81 16358
202 82 16582
202 83 16774
202 84 16966
202 85 17158
202 86 17382
202 87 17574
202 88 17846
202 89 17974
202 90 18246
202 91 18374
202 92 18646
202 93 18774
202 94 19046
202 95 19174
202 96 19398
202 97 19526
202 98 19846
202 99 19974
202 100 20230
202 101 20358
202 102 20614
202 103 20742
202 104 21014
202 105 21142
202 106 21446
202 107 21574
202 108 21846
202 109 21974
202 110 22214
202 111 22342
202 112 22630
202 113 22758
202 114 23046
202 115 23174
202 116 23430
202 117 23558
202 118 23846
202 119 23974
202 120 24246
202 121 24374
202 122 24646
202 123 24774
202 124 25046
202 125 25174
202 126 25446
202 127 25574
202 128 25862
202 129 26182
202 130 26438
202 131 26502
202 132 26694
202 133 27014
202 134 27206
202 135 27270
202 136 27542
202 137 27798
202 138 28102
202 139 28102
202 140 28374
202 141 28630
202 142 28870
202 143 28870
202 144 29094
202 145 29286
202 146 29510
202 147 29702
202 148 29894
202 149 30086
202 150 30310
202 151 30502
202 152 30774
202 153 30902
202 154 31174
202 155 31302
202 156 31574
202 157 31702
202 158 31974
202 159 32102
202 160 32326
202 161 32582
202 162 32902
202 163 32902
202 164 33158
202 165 33414
202 166 33670
202 167 33670
202 168 33942
202 169 34198
202 170 34502
202 171 34502
202 172 34774
202 173 35030
202 174 35270
202 175 35270
202 176 35558
202 177 35686
202 178 35974
202 179 36102
202 180 36358
202 181 36486
202 182 36774
202 183 36902
202 184 37174
202 185 37302
202 186 37574
202 187 37702
202 188 37974
202 189 38102
202 190 38374
202 191 38502
202 192 38790
202 193 38982
202 194 39238
202 195 39430
202 196 39622
202 197 39814
202 198 40006
202 199 40198
202 200 40470
202 201 40598
202 202 40902
202 203 41030
202 204 41302
202 205 41430
202 206 41670
202 207 41798
202 208 42022
202 209 42214
202 210 42438
202 211 42630
202 212 42822
202 213 43014
202 214 43238
202 215 43430
202 216 43702
202 217 43830
202 218 44102
202 219 44230
202 220 44502
202 221 44630
202 222 44902
202 223 45030
202 224 45254
202 225 45382
202 226 45702
202 227 45830
202 228 46086
202 229 46214
202 230 46470
202 231 46598
202 232 46870
202 233 46998
202 234 47302
202 235 47430
202 236 47702
202 237 47830
202 238 48070
202 239 48198
202 240 48486
202 241 48614
202 242 48902
202 243 49030
202 244 49286
202 245 49414
202 246 49702
202 247 49830
202 248 50102
202 249 50230
202 250 50502
202 251 50630
202 252 50902
202 253 51030
202 254 51302
202 255 51430
203 0 6
203 1 326
203 2 582
203 3 646
203 4 838
203 5 1158
203 6 1350
203 7 1414
203 8 1686
203 9 1942
203 10 2246
203 11 2246
203 12 2518
203 13 2774
203 14 3014
203 15 3014
203 16 3254
203 17 3446
203 18 3670
203 19 3862
203 20 4054
203 21 4246
203 22 4470
203 23 4662
203 24 4934
203 25 5062
203 26 5334
203 27 5462
203 28 5734
203 29 5862
203 30 6134
203 31 6262
203 32 6502
203 33 6758
203 34 7046
203 35 7046
203 36 7302
203 37 7558
203 38 7846
203 39 7846
203 40 8118
203 41 8374
203 42 8646
203 43 8646
203 44 8918
203 45 9174
203 46 9446
203 47 9446
203 48 9750
203 49 9878
203 50 10198
203 51 10326
203 52 10582
203 53 10710
203 54 10966
203 55 11094
203 56 11366
203 57 11494
203 58 11798
203 59 11926
203 60 12198
203 61 12326
203 62 12566
203 63 12694
203 64 12998
203 65 13190
203 66 13446
203 67 13638
203 68 13830
203 69 14022
203 70 14214
203 71 14406
203 72 14678
203 73 14806
203 74 15110
203 75 15238
203 76 15510
203 77 15638
203 78 15878
203 79 16006
203 80 16246
203 81 16438
203 82 16662
203 83 16854
203 84 17046
203 85 17238
203 86 17462
203 87 17654
203 88 17926
203 89 18054
203 90 18326
203 91 18454
203 92 18726
203 93 18854
203 94 19126
203 95 19254
203 96 19494
203 97 19622
203 98 19910
203 99 20038
203 100 20294
203 101 20422
203 102 20710
203 103 20838
203 104 21110
203 105 21238
203 106 21510
203 107 21638
203 108 21910
203 109 22038
203 110 22310
203 111 22438
203 112 22742
203 113 22870
203 114 23190
203 115 23318
203 116 23574
203 117 23702
203 118 23958
203 119 24086
203 120 24358
203 121 24486
203 122 24790
203 123 24918
203 124 25190
203 125 25318
203 126 25558
203 127 25686
203 128 25990
203 129 26182
203 130 26438
203 131 26630
203 132 26822
203 133 27014
203 134 27206
203 135 27398
203 136 27670
203 137 27798
203 138 28102
203 139 28230
203 140 28502
203 141 28630
203 142 28870
203 143 28998
203 144 29238
203 145 29430
203 146 29654
203 147 29846
203 148 30038
203 149 30230
203 150 30454
203 151 30646
203 152 30918
203 153 31046
203 154 31318
203 155 31446
203 156 31718
203 157 31846
203 158 32118
203 159 32246
203 160 32486
203 161 32614
203 162 32902
203 163 33030
203 164 33286
203 165 33414
203 166 33702
203 167 33830
203 168 34102
203 169 34230
203 170 34502
203 171 34630
203 172 34902
203 173 35030
203 174 35302
203 175 35430
203 176 35734
203 177 35862
203 178 36182
203 179 36310
203 180 36566
203 181 36694
203 182 36950
203 183 37078
203 184 37350
203 185 37478
203 186 37782
203 187 37910
203 188 38182
203 189 38310
203 190 38550
203 191 38678
203 192 38982
203 193 39174
203 194 39430
203 195 39622
203 196 39814
203 197 40006
203 198 40198
203 199 40390
203 200 40662
203 201 40790
203 202 41094
203 203 41222
203 204 41494
203 205 41622
203 206 41862
203 207 41990
203 208 42102
203 209 42294
203 210 42518
203 211 42710
203 212 42902
203 213 43094
203 214 43318
203 215 43510
203 216 43782
203 217 43910
203 218 44182
203 219 44310
203 220 44582
203 221 44710
203 222 44982
203 223 45110
203 224 45478
203 225 45606
203 226 45894
203 227 46022
203 228 46278
203 229 46406
203 230 46694
203 231 46822
203 232 47094
203 233 47222
203 234 47494
203 235 47622
203 236 47894
203 237 48022
203 238 48294
203 239 48422
203 240 48598
203 241 48726
203 242 49046
203 243 49174
203 244 49430
203 245 49558
203 246 49814
203 247 49942
203 248 50214
203 249 50342
203 250 50646
203 251 50774
203 252 51046
203 253 51174
203 254 51414
203 255 51542
204 0 6
204 1 326
204 2 582
204 3 646
204 4 854
204 5 1174
204 6 1350
204 7 1414
204 8 1734
204 9 1990
204 10 2246
204 11 2246
204 12 2518
204 13 2774
204 14 3046
204 15 3046
204 16 3270
204 17 3398
204 18 3718
204 19 3846
204 20 4118
204 21 4246
204 22 4486
204 23 4614
204 24 4934
204 25 5062
204 26 5318
204 27 5446
204 28 5718
204 29 5846
204 30 6118
204 31 6246
204 32 6534
204 33 6726
204 34 6982
204 35 7174
204 36 7382
204 37 7574
204 38 7750
204 39 7942
204 40 8262
204 41 8390
204 42 8646
204 43 8774
204 44 9046
204 45 9174
204 46 9446
204 47 9574
204 48 9798
204 49 9926
204 50 10246
204 51 10374
204 52 10646
204 53 10774
204 54 11014
204 55 11142
204 56 11462
204 57 11590
204 58 11846
204 59 11974
204 60 12246
204 61 12374
204 62 12646
204 63 12774
204 64 13062
204 65 13382
204 66 13638
204 67 13702
204 68 13910
204 69 14230
204 70 14406
204 71 14470
204 72 14790
204 73 15046
204 74 15302
204 75 15302
204 76 15574
204 77 15830
204 78 16102
204 79 16102
204 80 16326
204 81 16454
204 82 16774
204 83 16902
204 84 17174
204 85 17302
204 86 17542
204 87 17670
204 88 17990
204 89 18118
204 90 18374
204 91 18502
204 92 18774
204 93 18902
204 94 19174
204 95 19302
204 96 19590
204 97 19782
204 98 20038
204 99 20230
204 100 20438
204 101 20630
204 102 20806
204 103 20998
204 104 21318
204 105 21446
204 106 21702
204 107 21830
204 108 22102
204 109 22230
204 110 22502
204 111 22630
204 112 22854
204 113 22982
204 114 23302
204 115 23430
204 116 23702
204 117 23830
204 118 24070
204 119 24198
204 120 24518
204 121 24646
204 122 24902
204 123 25030
204 124 25302
204 125 25430
204 126 25702
204 127 25830
204 128 26118
204 129 26438
204 130 26694
204 131 26758
204 132 26966
204 133 27286
204 134 27462
204 135 27526
204 136 27846
204 137 28102
204 138 28358
204 139 28358
204 140 28630
204 141 28886
204 142 29158
204 143 29158
204 144 29382
204 145 29510
204 146 29830
204 147 29958
204 148 30230
204 149 30358
204 150 30598
204 151 30726
204 152 31046
204 153 31174
204 154 31430
204 155 31558
204 156 31830
204 157 31958
204 158 32230
204 159 32358
204 160 32646
204 161 32838
204 162 33094
204 163 33286
204 164 33494
204 165 33686
204 166 33862
204 167 34054
204 168 34374
204 169 34502
204 170 34758
204 171 34886
204 172 35158
204 173 35286
204 174 35558
204 175 35686
204 176 35910
204 177 36038
204 178 36358
204 179 36486
204 180 36758
204 181 36886
204 182 37126
204 183 37254
204 184 37574
204 185 37702
204 186 37958
204 187 38086
204 188 38358
204 189 38486
204 190 38758
204 191 38886
204 192 39174
204 193 39494
204 194 39750
204 195 39814
204 196 40022
204 197 40342
204 198 40518
204 199 40582
204 200 40902
204 201 41158
204 202 41414
204 203 41414
204 204 41686
204 205 41942
204 206 42214
204 207 42214
204 208 42438
204 209 42566
204 210 42886
204 211 43014
204 212 43286
204 213 43414
204 214 43654
204 215 43782
204 216 44102
204 217 44230
204 218 44486
204 219 44614
204 220 44886
204 221 45014
204 222 45286
204 223 45414
204 224 45702
204 225 45894
204 226 46150
204 227 46342
204 228 46550
204 229 46742
204 230 46918
204 231 47110
204 232 47430
204 233 47558
204 234 47814
204 235 47942
204 236 48214
204 237 48342
204 238 48614
204 239 48742
204 240 48966
204 241 49094
204 242 49414
204 243 49542
204 244 49814
204 245 49942
204 246 50182
204 247 50310
204 248 50630
204 249 50758
204 250 51014
204 251 51142
204 252 51414
204 253 51542
204 254 51814
204 255 51942
205 0 6
205 1 326
205 2 582
205 3 646
205 4 854
205 5 1174
205 6 1350
205 7 1414
205 8 1734
205 9 1990
205 10 2246
205 11 2246
205 12 2518
205 13 2774
205 14 3046
205 15 3046
205 16 3286
205 17 3414
205 18 3734
205 19 3862
205 20 4134
205 21 4262
205 22 4502
205 23 4630
205 24 4950
205 25 5078
205 26 5334
205 27 5462
205 28 5734
205 29 5862
205 30 6134
205 31 6262
205 32 6566
205 33 6758
205 34 6982
205 35 7174
205 36 7382
205 37 7574
205 38 7782
205 39 7974
205 40 8262
205 41 8390
205 42 8678
205 43 8806
205 44 9046
205 45 9174
205 46 9446
205 47 9574
205 48 9846
205 49 9974
205 50 10262
205 51 10390
205 52 10662
205 53 10790
205 54 11062
205 55 11190
205 56 11478
205 57 11606
205 58 11894
205 59 12022
205 60 12262
205 61 12390
205 62 12662
205 63 12790
205 64 13126
205 65 13446
205 66 13702
205 67 13766
205 68 13974
205 69 14294
205 70 14470
205 71 14534
205 72 14854
205 73 15110
205 74 15366
205 75 15366
205 76 15638
205 77 15894
205 78 16166
205 79 16166
205 80 16406
205 81 16534
205 82 16854
205 83 16982
205 84 17254
205 85 17382
205 86 17622
205 87 17750
205 88 18070
205 89 18198
205 90 18454
205 91 18582
205 92 18854
205 93 18982
205 94 19254
205 95 19382
205 96 19686
205 97 19878
205 98 20102
205 99 20294
205 100 20502
205 101 20694
205 102 20902
205 103 21094
205 104 21382
205 105 21510
205 106 21798
205 107 21926
205 108 22166
205 109 22294
205 110 22566
205 111 22694
205 112 22966
205 113 23094
205 114 23382
205 115 23510
205 116 23782
205 117 23910
205 118 24182
205 119 24310
205 120 24598
205 121 24726
205 122 25014
205 123 25142
205 124 25382
205 125 25510
205 126 25782
205 127 25910
205 128 26246
205 129 26438
205 130 26694
205 131 26886
205 132 27094
205 133 27286
205 134 27462
205 135 27654
205 136 27974
205 137 28102
205 138 28358
205 139 28486
205 140 28758
205 141 28886
205 142 29158
205 143 29286
205 144 29526
205 145 29654
205 146 29974
205 147 30102
205 148 30374
205 149 30502
205 150 30742
205 151 30870
205 152 31190
205 153 31318
205 154 31574
205 155 31702
205 156 31974
205 157 32102
205 158 32374
205 159 32502
205 160 32806
205 161 32998
205 162 33222
205 163 33414
205 164 33622
205 165 33814
205 166 34022
205 167 34214
205 168 34502
205 169 34630
205 170 34918
205 171 35046
205 172 35286
205 173 35414
205 174 35686
205 175 35814
205 176 35958
205 177 36086
205 178 36374
205 179 36502
205 180 36774
205 181 36902
205 182 37174
205 183 37302
205 184 37590
205 185 37718
205 186 38006
205 187 38134
205 188 38374
205 189 38502
205 190 38774
205 191 38902
205 192 39366
205 193 39558
205 194 39814
205 195 40006
205 196 40214
205 197 40406
205 198 40582
205 199 40774
205 200 41094
205 201 41222
205 202 41478
205 203 41606
205 204 41878
205 205 42006
205 206 42278
205 207 42406
205 208 42646
205 209 42774
205 210 43094
205 211 43222
205 212 43494
205 213 43622
205 214 43862
205 215 43990
205 216 44310
205 217 44438
205 218 44694
205 219 44822
205 220 45094
205 221 45222
205 222 45494
205 223 45622
205 224 45926
205 225 46118
205 226 46342
205 227 46534
205 228 46742
205 229 46934
205 230 47142
205 231 47334
205 232 47622
205 233 47750
205 234 48038
205 235 48166
205 236 48406
205 237 48534
205 238 48806
205 239 48934
205 240 49078
205 241 49206
205 242 49494
205 243 49622
205 244 49894
205 245 50022
205 246 50294
205 247 50422
205 248 50710
205 249 50838
205 250 51126
205 251 51254
205 252 51494
205 253 51622
205 254 51894
205 255 52022
206 0 6
206 1 326
206 2 582
206 3 646
206 4 854
206 5 1174
206 6 1350
206 7 1414
206 8 1750
206 9 2006
206 10 2246
206 11 2246
206 12 2518
206 13 2774
206 14 3046
206 15 3046
206 16 3302
206 17 3430
206 18 3718
206 19 3846
206 20 4118
206 21 4246
206 22 4518
206 23 4646
206 24 4950
206 25 5078
206 26 5350
206 27 5478
206 28 5718
206 29 5846
206 30 6118
206 31 6246
206 32 6598
206 33 6726
206 34 7046
206 35 7174
206 36 7446
206 37 7574
206 38 7814
206 39 7942
206 40 8278
206 41 8406
206 42 8646
206 43 8774
206 44 9046
206 45 9174
206 46 9446
206 47 9574
206 48 9894
206 49 10022
206 50 10310
206 51 10438
206 52 10710
206 53 10838
206 54 11110
206 55 11238
206 56 11542
206 57 11670
206 58 11942
206 59 12070
206 60 12310
206 61 12438
206 62 12710
206 63 12838
206 64 13190
206 65 13382
206 66 13638
206 67 13830
206 68 14038
206 69 14230
206 70 14406
206 71 14598
206 72 14934
206 73 15062
206 74 15302
206 75 15430
206 76 15702
206 77 15830
206 78 16102
206 79 16230
206 80 16486
206 81 16614
206 82 16902
206 83 17030
206 84 17302
206 85 17430
206 86 17702
206 87 17830
206 88 18134
206 89 18262
206 90 18534
206 91 18662
206 92 18902
206 93 19030
206 94 19302
206 95 19430
206 96 19782
206 97 19910
206 98 20230
206 99 20358
206 100 20630
206 101 20758
206 102 20998
206 103 21126
206 104 21462
206 105 21590
206 106 21830
206 107 21958
206 108 22230
206 109 22358
206 110 22630
206 111 22758
206 112 22950
206 113 23078
206 114 23366
206 115 23494
206 116 23766
206 117 23894
206 118 24166
206 119 24294
206 120 24598
206 121 24726
206 122 24998
206 123 25126
206 124 25366
206 125 25494
206 126 25766
206 127 25894
206 128 26374
206 129 26694
206 130 26950
206 131 27014
206 132 27222
206 133 27542
206 134 27718
206 135 27782
206 136 28118
206 137 28374
206 138 28614
206 139 28614
206 140 28886
206 141 29142
206 142 29414
206 143 29414
206 144 29670
206 145 29798
206 146 30086
206 147 30214
206 148 30486
206 149 30614
206 150 30886
206 151 31014
206 152 31318
206 153 31446
206 154 31718
206 155 31846
206 156 32086
206 157 32214
206 158 32486
206 159 32614
206 160 32966
206 161 33094
206 162 33414
206 163 33542
206 164 33814
206 165 33942
206 166 34182
206 167 34310
206 168 34646
206 169 34774
206 170 35014
206 171 35142
206 172 35414
206 173 35542
206 174 35814
206 175 35942
206 176 36262
206 177 36390
206 178 36678
206 179 36806
206 180 37078
206 181 37206
206 182 37478
206 183 37606
206 184 37910
206 185 38038
206 186 38310
206 187 38438
206 188 38678
206 189 38806
206 190 39078
206 191 39206
206 192 39558
206 193 39750
206 194 40006
206 195 40198
206 196 40406
206 197 40598
206 198 40774
206 199 40966
206 200 41302
206 201 41430
206 202 41670
206 203 41798
206 204 42070
206 205 42198
206 206 42470
206 207 42598
206 208 42854
206 209 42982
206 210 43270
206 211 43398
206 212 43670
206 213 43798
206 214 44070
206 215 44198
206 216 44502
206 217 44630
206 218 44902
206 219 45030
206 220 45270
206 221 45398
206 222 45670
206 223 45798
206 224 46150
206 225 46278
206 226 46598
206 227 46726
206 228 46998
206 229 47126
206 230 47366
206 231 47494
206 232 47830
206 233 47958
206 234 48198
206 235 48326
206 236 48598
206 237 48726
206 238 48998
206 239 49126
206 240 49318
206 241 49446
206 242 49734
206 243 49862
206 244 50134
206 245 50262
206 246 50534
206 247 50662
206 248 50966
206 249 51094
206 250 51366
206 251 51494
206 252 51734
206 253 51862
206 254 52134
206 255 52262
207 0 6
207 1 326
207 2 582
207 3 646
207 4 854
207 5 1174
207 6 1350
207 7 1414
207 8 1750
207 9 2006
207 10 2246
207 11 2246
207 12 2518
207 13 2774
207 14 3046
207 15 3046
207 16 3318
207 17 3446
207 18 3734
207 19 3862
207 20 4134
207 21 4262
207 22 4534
207 23 4662
207 24 4966
207 25 5094
207 26 5366
207 27 5494
207 28 5734
207 29 5862
207 30 6134
207 31 6262
207 32 6630
207 33 6758
207 34 7046
207 35 7174
207 36 7446
207 37 7574
207 38 7846
207 39 7974
207 40 8278
207 41 8406
207 42 8678
207 43 8806
207 44 9046
207 45 9174
207 46 9446
207 47 9574
207 48 9942
207 49 10070
207 50 10390
207 51 10518
207 52 10790
207 53 10918
207 54 11158
207 55 11286
207 56 11622
207 57 11750
207 58 11990
207 59 12118
207 60 12390
207 61 12518
207 62 12790
207 63 12918
207 64 13254
207 65 13446
207 66 13702
207 67 13894
207 68 14102
207 69 14294
207 70 14470
207 71 14662
207 72 14998
207 73 15126
207 74 15366
207 75 15494
207 76 15766
207 77 15894
207 78 16166
207 79 16294
207 80 16566
207 81 16694
207 82 16982
207 83 17110
207 84 17382
207 85 17510
207 86 17782
207 87 17910
207 88 18214
207 89 18342
207 90 18614
207 91 18742
207 92 18982
207 93 19110
207 94 19382
207 95 19510
207 96 19878
207 97 20006
207 98 20294
207 99 20422
207 100 20694
207 101 20822
207 102 21094
207 103 21222
207 104 21526
207 105 21654
207 106 21926
207 107 22054
207 108 22294
207 109 22422
207 110 22694
207 111 22822
207 112 22998
207 113 23126
207 114 23446
207 115 23574
207 116 23846
207 117 23974
207 118 24214
207 119 24342
207 120 24678
207 121 24806
207 122 25046
207 123 25174
207 124 25446
207 125 25574
207 126 25846
207 127 25974
207 128 26502
207 129 26694
207 130 26950
207 131 27142
207 132 27350
207 133 27542
207 134 27718
207 135 27910
207 136 28246
207 137 28374
207 138 28614
207 139 28742
207 140 29014
207 141 29142
207 142 29414
207 143 29542
207 144 29814
207 145 29942
207 146 30230
207 147 30358
207 148 30630
207 149 30758
207 150 31030
207 151 31158
207 152 31462
207 153 31590
207 154 31862
207 155 31990
207 156 32230
207 157 32358
207 158 32630
207 159 32758
207 160 33126
207 161 33254
207 162 33542
207 163 33670
207 164 33942
207 165 34070
207 166 34342
207 167 34470
207 168 34774
207 169 34902
207 170 35174
207 171 35302
207 172 35542
207 173 35670
207 174 35942
207 175 36070
207 176 36310
207 177 36438
207 178 36758
207 179 36886
207 180 37158
207 181 37286
207 182 37526
207 183 37654
207 184 37990
207 185 38118
207 186 38358
207 187 38486
207 188 38758
207 189 38886
207 190 39158
207 191 39286
207 192 39750
207 193 39942
207 194 40198
207 195 40390
207 196 40598
207 197 40790
207 198 40966
207 199 41158
207 200 41494
207 201 41622
207 202 41862
207 203 41990
207 204 42262
207 205 42390
207 206 42662
207 207 42790
207 208 42934
207 209 43062
207 210 43350
207 211 43478
207 212 43750
207 213 43878
207 214 44150
207 215 44278
207 216 44582
207 217 44710
207 218 44982
207 219 45110
207 220 45350
207 221 45478
207 222 45750
207 223 45878
207 224 46246
207 225 46374
207 226 46662
207 227 46790
207 228 47062
207 229 47190
207 230 47462
207 231 47590
207 232 47894
207 233 48022
207 234 48294
207 235 48422
207 236 48662
207 237 48790
207 238 49062
207 239 49190
207 240 49366
207 241 49494
207 242 49814
207 243 49942
207 244 50214
207 245 50342
207 246 50582
207 247 50710
207 248 51046
207 249 51174
207 250 51414
207 251 51542
207 252 51814
207 253 51942
207 254 52214
207 255 52342
208 0 6
208 1 390
208 2 550
208 3 646
208 4 902
208 5 1222
208 6 1446
208 7 1478
208 8 1798
208 9 1926
208 10 2086
208 11 2182
208 12 2694
208 13 2758
208 14 2982
208 15 3014
208 16 3334
208 17 3718
208 18 3878
208 19 3974
208 20 4230
208 21 4550
208 22 4774
208 23 4806
208 24 5126
208 25 5254
208 26 5414
208 27 5510
208 28 6022
208 29 6086
208 30 6310
208 31 6342
208 32 6662
208 33 7046
208 34 7206
208 35 7302
208 36 7558
208 37 7878
208 38 8102
208 39 8134
208 40 8454
208 41 8582
208 42 8742
208 43 8838
208 44 9350
208 45 9414
208 46 9638
208 47 9670
208 48 9990
208 49 10374
208 50 10534
208 51 10630
208 52 10886
208 53 11206
208 54 11430
208 55 11462
208 56 11782
208 57 11910
208 58 12070
208 59 12166
208 60 12678
208 61 12742
208 62 12966
208 63 12998
208 64 13318
208 65 13702
208 66 13862
208 67 13958
208 68 14214
208 69 14534
208 70 14758
208 71 14790
208 72 15110
208 73 15238
208 74 15398
208 75 15494
208 76 16006
208 77 16070
208 78 16294
208 79 16326
208 80 16646
208 81 17030
208 82 17190
208 83 17286
208 84 17542
208 85 17862
208 86 18086
208 87 18118
208 88 18438
208 89 18566
208 90 18726
208 91 18822
208 92 19334
208 93 19398
208 94 19622
208 95 19654
208 96 19974
208 97 20358
208 98 20518
208 99 20614
208 100 20870
208 101 21190
208 102 21414
208 103 21446
208 104 21766
208 105 21894
208 106 22054
208 107 22150
208 108 22662
208 109 22726
208 110 22950
208 111 22982
208 112 23302
208 113 23686
208 114 23846
208 115 23942
208 116 24198
208 117 24518
208 118 24742
208 119 24774
208 120 25094
208 121 25222
208 122 25382
208 123 25478
208 124 25990
208 125 26054
208 126 26278
208 127 26310
208 128 26630
208 129 27014
208 130 27174
208 131 27270
208 132 27526
208 133 27846
208 134 28070
208 135 28102
208 136 28422
208 137 28550
208 138 28710
208 139 28806
208 140 29318
208 141 29382
208 142 29606
208 143 29638
208 144 29958
208 145 30342
208 146 30502
208 147 30598
208 148 30854
208 149 31174
208 150 31398
208 151 31430
208 152 31750
208 153 31878
208 154 32038
208 155 32134
208 156 32646
208 157 32710
208 158 32934
208 159 32966
208 160 33286
208 161 33670
208 162 33830
208 163 33926
208 164 34182
208 165 34502
208 166 34726
208 167 34758
208 168 35078
208 169 35206
208 170 35366
208 171 35462
208 172 35974
208 173 36038
208 174 36262
208 175 36294
208 176 36614
208 177 36998
208 178 37158
208 179 37254
208 180 37510
208 181 37830
208 182 38054
208 183 38086
208 184 38406
208 185 38534
208 186 38694
208 187 38790
208 188 39302
208 189 39366
208 190 39590
208 191 39622
208 192 39942
208 193 40326
208 194 40486
208 195 40582
208 196 40838
208 197 41158
208 198 41382
208 199 41414
208 200 41734
208 201 41862
208 202 42022
208 203 42118
208 204 42630
208 205 42694
208 206 42918
208 207 42950
208 208 43270
208 209 43654
208 210 43814
208 211 43910
208 212 44166
208 213 44486
208 214 44710
208 215 44742
208 216 45062
208 217 45190
208 218 45350
208 219 45446
208 220 45958
208 221 46022
208 222 46246
208 223 46278
208 224 46598
208 225 46982
208 226 47142
208 227 47238
208 228 47494
208 229 47814
208 230 48038
208 231 48070
208 232 48390
208 233 48518
208 234 48678
208 235 48774
208 236 49286
208 237 49350
208 238 49574
208 239 49606
208 240 49926
208 241 50310
208 242 50470
208 243 50566
208 244 50822
208 245 51142
208 246 51366
208 247 51398
208 248 51718
208 249 51846
208 250 52006
208 251 52102
208 252 52614
208 253 52678
208 254 52902
208 255 52934
209 0 6
209 1 390
209 2 550
209 3 646
209 4 902
209 5 1222
209 6 1446
209 7 1478
209 8 1798
209 9 1926
209 10 2086
209 11 2182
209 12 2694
209 13 2758
209 14 2982
209 15 3014
209 16 3350
209 17 3734
209 18 3894
209 19 3990
209 20 4246
209 21 4566
209 22 4790
209 23 4822
209 24 5142
209 25 5270
209 26 5430
209 27 5526
209 28 6038
209 29 6102
209 30 6326
209 31 6358
209 32 6694
209 33 7046
209 34 7206
209 35 7302
209 36 7590
209 37 7878
209 38 8102
209 39 8134
209 40 8486
209 41 8582
209 42 8742
209 43 8838
209 44 9382
209 45 9414
209 46 9638
209 47 9670
209 48 10038
209 49 10390
209 50 10550
209 51 10646
209 52 10934
209 53 11222
209 54 11446
209 55 11478
209 56 11830
209 57 11926
209 58 12086
209 59 12182
209 60 12726
209 61 12758
209 62 12982
209 63 13014
209 64 13382
209 65 13766
209 66 13926
209 67 14022
209 68 14278
209 69 14598
209 70 14822
209 71 14854
209 72 15174
209 73 15302
209 74 15462
209 75 15558
209 76 16070
209 77 16134
209 78 16358
209 79 16390
209 80 16726
209 81 17110
209 82 17270
209 83 17366
209 84 17622
209 85 17942
209 86 18166
209 87 18198
209 88 18518
209 89 18646
209 90 18806
209 91 18902
209 92 19414
209 93 19478
209 94 19702
209 95 19734
209 96 20070
209 97 20422
209 98 20582
209 99 20678
209 100 20966
209 101 21254
209 102 21478
209 103 21510
209 104 21862
209 105 21958
209 106 22118
209 107 22214
209 108 22758
209 109 22790
209 110 23014
209 111 23046
209 112 23414
209 113 23766
209 114 23926
209 115 24022
209 116 24310
209 117 24598
209 118 24822
209 119 24854
209 120 25206
209 121 25302
209 122 25462
209 123 25558
209 124 26102
209 125 26134
209 126 26358
209 127 26390
209 128 26758
209 129 27014
209 130 27174
209 131 27398
209 132 27654
209 133 27846
209 134 28070
209 135 28230
209 136 28422
209 137 28678
209 138 28838
209 139 28934
209 140 29318
209 141 29510
209 142 29734
209 143 29766
209 144 30102
209 145 30358
209 146 30518
209 147 30742
209 148 30998
209 149 31190
209 150 31414
209 151 31574
209 152 31766
209 153 32022
209 154 32182
209 155 32278
209 156 32662
209 157 32854
209 158 33078
209 159 33110
209 160 33446
209 161 33670
209 162 33830
209 163 34054
209 164 34342
209 165 34502
209 166 34726
209 167 34886
209 168 35110
209 169 35334
209 170 35494
209 171 35590
209 172 36006
209 173 36166
209 174 36390
209 175 36422
209 176 36790
209 177 37014
209 178 37174
209 179 37398
209 180 37686
209 181 37846
209 182 38070
209 183 38230
209 184 38454
209 185 38678
209 186 38838
209 187 38934
209 188 39350
209 189 39510
209 190 39734
209 191 39766
209 192 40134
209 193 40390
209 194 40550
209 195 40774
209 196 41030
209 197 41222
209 198 41446
209 199 41606
209 200 41798
209 201 42054
209 202 42214
209 203 42310
209 204 42694
209 205 42886
209 206 43110
209 207 43142
209 208 43478
209 209 43734
209 210 43894
209 211 44118
209 212 44374
209 213 44566
209 214 44790
209 215 44950
209 216 45142
209 217 45398
209 218 45558
209 219 45654
209 220 46038
209 221 46230
209 222 46454
209 223 46486
209 224 46822
209 225 47046
209 226 47206
209 227 47430
209 228 47718
209 229 47878
209 230 48102
209 231 48262
209 232 48486
209 233 48710
209 234 48870
209 235 48966
209 236 49382
209 237 49542
209 238 49766
209 239 49798
209 240 50166
209 241 50390
209 242 50550
209 243 50774
209 244 51062
209 245 51222
209 246 51446
209 247 51606
209 248 51830
209 249 52054
209 250 52214
209 251 52310
209 252 52726
209 253 52886
209 254 53110
209 255 53142
210 0 6
210 1 390
210 2 550
210 3 646
210 4 902
210 5 1222
210 6 1446
210 7 1478
210 8 1814
210 9 1926
210 10 2102
210 11 2182
210 12 2710
210 13 2758
210 14 2998
210 15 3014
210 16 3366
210 17 3718
210 18 3878
210 19 3974
210 20 4262
210 21 4550
210 22 4774
210 23 4806
210 24 5174
210 25 5254
210 26 5430
210 27 5510
210 28 6070
210 29 6086
210 30 6326
210 31 6342
210 32 6726
210 33 7046
210 34 7270
210 35 7302
210 36 7558
210 37 7878
210 38 8102
210 39 8134
210 40 8534
210 41 8582
210 42 8822
210 43 8838
210 44 9366
210 45 9414
210 46 9654
210 47 9670
210 48 10086
210 49 10374
210 50 10598
210 51 10630
210 52 10918
210 53 11206
210 54 11430
210 55 11462
210 56 11894
210 57 11910
210 58 12150
210 59 12166
210 60 12726
210 61 12742
210 62 12982
210 63 12998
210 64 13446
210 65 13702
210 66 13862
210 67 14086
210 68 14342
210 69 14534
210 70 14758
210 71 14918
210 72 15126
210 73 15366
210 74 15542
210 75 15622
210 76 16022
210 77 16198
210 78 16438
210 79 16454
210 80 16806
210 81 17030
210 82 17190
210 83 17414
210 84 17702
210 85 17862
210 86 18086
210 87 18246
210 88 18486
210 89 18694
210 90 18870
210 91 18950
210 92 19382
210 93 19526
210 94 19766
210 95 19782
210 96 20166
210 97 20358
210 98 20582
210 99 20742
210 100 20998
210 101 21190
210 102 21414
210 103 21574
210 104 21846
210 105 22022
210 106 22262
210 107 22278
210 108 22678
210 109 22854
210 110 23094
210 111 23110
210 112 23526
210 113 23686
210 114 23910
210 115 24070
210 116 24358
210 117 24518
210 118 24742
210 119 24902
210 120 25206
210 121 25350
210 122 25590
210 123 25606
210 124 26038
210 125 26182
210 126 26422
210 127 26438
210 128 26886
210 129 27270
210 130 27430
210 131 27526
210 132 27782
210 133 28102
210 134 28326
210 135 28358
210 136 28694
210 137 28806
210 138 28982
210 139 29062
210 140 29590
210 141 29638
210 142 29878
210 143 29894
210 144 30246
210 145 30598
210 146 30758
210 147 30854
210 148 31142
210 149 31430
210 150 31654
210 151 31686
210 152 32054
210 153 32134
210 154 32310
210 155 32390
210 156 32950
210 157 32966
210 158 33206
210 159 33222
210 160 33606
210 161 33926
210 162 34150
210 163 34182
210 164 34438
210 165 34758
210 166 34982
210 167 35014
210 168 35414
210 169 35462
210 170 35702
210 171 35718
210 172 36246
210 173 36294
210 174 36534
210 175 36550
210 176 36966
210 177 37254
210 178 37478
210 179 37510
210 180 37798
210 181 38086
210 182 38310
210 183 38342
210 184 38774
210 185 38790
210 186 39030
210 187 39046
210 188 39606
210 189 39622
210 190 39862
210 191 39878
210 192 40326
210 193 40582
210 194 40742
210 195 40966
210 196 41222
210 197 41414
210 198 41638
210 199 41798
210 200 42006
210 201 42246
210 202 42422
210 203 42502
210 204 42902
210 205 43078
210 206 43318
210 207 43334
210 208 43686
210 209 43910
210 210 44070
210 211 44294
210 212 44582
210 213 44742
210 214 44966
210 215 45126
210 216 45366
210 217 45574
210 218 45750
210 219 45830
210 220 46262
210 221 46406
210 222 46646
210 223 46662
210 224 47046
210 225 47238
210 226 47462
210 227 47622
210 228 47878
210 229 48070
210 230 48294
210 231 48454
210 232 48726
210 233 48902
210 234 49142
210 235 49158
210 236 49558
210 237 49734
210 238 49974
210 239 49990
210 240 50406
210 241 50566
210 242 50790
210 243 50950
210 244 51238
210 245 51398
210 246 51622
210 247 51782
210 248 52086
210 249 52230
210 250 52470
210 251 52486
210 252 52918
210 253 53062
210 254 53302
210 255 53318
211 0 6
211 1 390
211 2 550
211 3 646
211 4 902
211 5 1222
211 6 1446
211 7 1478
211 8 1814
211 9 1926
211 10 2102
211 11 2182
211 12 2710
211 13 2758
211 14 2998
211 15 3014
211 16 3382
211 17 3734
211 18 3894
211 19 3990
211 20 4278
211 21 4566
211 22 4790
211 23 4822
211 24 5190
211 25 5270
211 26 5446
211 27 5526
211 28 6086
211 29 6102
211 30 6342
211 31 6358
211 32 6758
211 33 7046
211 34 7270
211 35 7302
211 36 7590
211 37 7878
211 38 8102
211 39 8134
211 40 8566
211 41 8582
211 42 8822
211 43 8838
211 44 9398
211 45 9414
211 46 9654
211 47 9670
211 48 10134
211 49 10454
211 50 10678
211 51 10710
211 52 10966
211 53 11286
211 54 11510
211 55 11542
211 56 11942
211 57 11990
211 58 12230
211 59 12246
211 60 12774
211 61 12822
211 62 13062
211 63 13078
211 64 13510
211 65 13766
211 66 13926
211 67 14150
211 68 14406
211 69 14598
211 70 14822
211 71 14982
211 72 15190
211 73 15430
211 74 15606
211 75 15686
211 76 16086
211 77 16262
211 78 16502
211 79 16518
211 80 16886
211 81 17110
211 82 17270
211 83 17494
211 84 17782
211 85 17942
211 86 18166
211 87 18326
211 88 18566
211 89 18774
211 90 18950
211 91 19030
211 92 19462
211 93 19606
211 94 19846
211 95 19862
211 96 20262
211 97 20422
211 98 20646
211 99 20806
211 100 21094
211 101 21254
211 102 21478
211 103 21638
211 104 21942
211 105 22086
211 106 22326
211 107 22342
211 108 22774
211 109 22918
211 110 23158
211 111 23174
211 112 23638
211 113 23830
211 114 24054
211 115 24214
211 116 24470
211 117 24662
211 118 24886
211 119 25046
211 120 25318
211 121 25494
211 122 25734
211 123 25750
211 124 26150
211 125 26326
211 126 26566
211 127 26582
211 128 27014
211 129 27270
211 130 27430
211 131 27654
211 132 27910
211 133 28102
211 134 28326
211 135 28486
211 136 28694
211 137 28934
211 138 29110
211 139 29190
211 140 29590
211 141 29766
211 142 30006
211 143 30022
211 144 30390
211 145 30614
211 146 30774
211 147 30998
211 148 31286
211 149 31446
211 150 31670
211 151 31830
211 152 32070
211 153 32278
211 154 32454
211 155 32534
211 156 32966
211 157 33110
211 158 33350
211 159 33366
211 160 33766
211 161 33926
211 162 34150
211 163 34310
211 164 34598
211 165 34758
211 166 34982
211 167 35142
211 168 35446
211 169 35590
211 170 35830
211 171 35846
211 172 36278
211 173 36422
211 174 36662
211 175 36678
211 176 37142
211 177 37334
211 178 37558
211 179 37718
211 180 37974
211 181 38166
211 182 38390
211 183 38550
211 184 38822
211 185 38998
211 186 39238
211 187 39254
211 188 39654
211 189 39830
211 190 40070
211 191 40086
211 192 40518
211 193 40774
211 194 40934
211 195 41158
211 196 41414
211 197 41606
211 198 41830
211 199 41990
211 200 42198
211 201 42438
211 202 42614
211 203 42694
211 204 43094
211 205 43270
211 206 43510
211 207 43526
211 208 43894
211 209 44118
211 210 44278
211 211 44502
211 212 44790
211 213 44950
211 214 45174
211 215 45334
211 216 45574
211 217 45782
211 218 45958
211 219 46038
211 220 46470
211 221 46614
211 222 46854
211 223 46870
211 224 47270
211 225 47430
211 226 47654
211 227 47814
211 228 48102
211 229 48262
211 230 48486
211 231 48646
211 232 48950
211 233 49094
211 234 49334
211 235 49350
211 236 49782
211 237 49926
211 238 50166
211 239 50182
211 240 50646
211 241 50838
211 242 51062
211 243 51222
211 244 51478
211 245 51670
211 246 51894
211 247 52054
211 248 52326
211 249 52502
211 250 52742
211 251 52758
211 252 53158
211 253 53334
211 254 53574
211 255 53590
212 0 6
212 1 390
212 2 550
212 3 646
212 4 918
212 5 1222
212 6 1462
212 7 1478
212 8 1862
212 9 1926
212 10 2118
212 11 2214
212 12 2774
212 13 2758
212 14 3030
212 15 3046
212 16 3398
212 17 3718
212 18 3942
212 19 3974
212 20 4246
212 21 4550
212 22 4790
212 23 4806
212 24 5254
212 25 5254
212 26 5510
212 27 5542
212 28 6102
212 29 6086
212 30 6358
212 31 6374
212 32 6790
212 33 7046
212 34 7206
212 35 7430
212 36 7702
212 37 7878
212 38 8118
212 39 8262
212 40 8518
212 41 8710
212 42 8902
212 43 8998
212 44 9430
212 45 9542
212 46 9814
212 47 9830
212 48 10182
212 49 10374
212 50 10598
212 51 10758
212 52 11030
212 53 11206
212 54 11446
212 55 11590
212 56 11910
212 57 12038
212 58 12294
212 59 12326
212 60 12758
212 61 12870
212 62 13142
212 63 13158
212 64 13574
212 65 13958
212 66 14118
212 67 14214
212 68 14486
212 69 14790
212 70 15030
212 71 15046
212 72 15430
212 73 15494
212 74 15686
212 75 15782
212 76 16342
212 77 16326
212 78 16598
212 79 16614
212 80 16966
212 81 17286
212 82 17510
212 83 17542
212 84 17814
212 85 18118
212 86 18358
212 87 18374
212 88 18822
212 89 18822
212 90 19078
212 91 19110
212 92 19670
212 93 19654
212 94 19926
212 95 19942
212 96 20358
212 97 20614
212 98 20774
212 99 20998
212 100 21270
212 101 21446
212 102 21686
212 103 21830
212 104 22086
212 105 22278
212 106 22470
212 107 22566
212 108 22998
212 109 23110
212 110 23382
212 111 23398
212 112 23750
212 113 23942
212 114 24166
212 115 24326
212 116 24598
212 117 24774
212 118 25014
212 119 25158
212 120 25478
212 121 25606
212 122 25862
212 123 25894
212 124 26326
212 125 26438
212 126 26710
212 127 26726
212 128 27142
212 129 27526
212 130 27686
212 131 27782
212 132 28054
212 133 28358
212 134 28598
212 135 28614
212 136 28998
212 137 29062
212 138 29254
212 139 29350
212 140 29910
212 141 29894
212 142 30166
212 143 30182
212 144 30534
212 145 30854
212 146 31078
212 147 31110
212 148 31382
212 149 31686
212 150 31926
212 151 31942
212 152 32390
212 153 32390
212 154 32646
212 155 32678
212 156 33238
212 157 33222
212 158 33494
212 159 33510
212 160 33926
212 161 34182
212 162 34342
212 163 34566
212 164 34838
212 165 35014
212 166 35254
212 167 35398
212 168 35654
212 169 35846
212 170 36038
212 171 36134
212 172 36566
212 173 36678
212 174 36950
212 175 36966
212 176 37318
212 177 37510
212 178 37734
212 179 37894
212 180 38166
212 181 38342
212 182 38582
212 183 38726
212 184 39046
212 185 39174
212 186 39430
212 187 39462
212 188 39894
212 189 40006
212 190 40278
212 191 40294
212 192 40710
212 193 41094
212 194 41254
212 195 41350
212 196 41622
212 197 41926
212 198 42166
212 199 42182
212 200 42566
212 201 42630
212 202 42822
212 203 42918
212 204 43478
212 205 43462
212 206 43734
212 207 43750
212 208 44102
212 209 44422
212 210 44646
212 211 44678
212 212 44950
212 213 45254
212 214 45494
212 215 45510
212 216 45958
212 217 45958
212 218 46214
212 219 46246
212 220 46806
212 221 46790
212 222 47062
212 223 47078
212 224 47494
212 225 47750
212 226 47910
212 227 48134
212 228 48406
212 229 48582
212 230 48822
212 231 48966
212 232 49222
212 233 49414
212 234 49606
212 235 49702
212 236 50134
212 237 50246
212 238 50518
212 239 50534
212 240 50886
212 241 51078
212 242 51302
212 243 51462
212 244 51734
212 245 51910
212 246 52150
212 247 52294
212 248 52614
212 249 52742
212 250 52998
212 251 53030
212 252 53462
212 253 53574
212 254 53846
212 255 53862
213 0 6
213 1 390
213 2 550
213 3 646
213 4 918
213 5 1222
213 6 1462
213 7 1478
213 8 1862
213 9 1926
213 10 2118
213 11 2214
213 12 2774
213 13 2758
213 14 3030
213 15 3046
213 16 3414
213 17 3734
213 18 3958
213 19 3990
213 20 4262
213 21 4566
213 22 4806
213 23 4822
213 24 5270
213 25 5270
213 26 5526
213 27 5558
213 28 6118
213 29 6102
213 30 6374
213 31 6390
213 32 6822
213 33 7046
213 34 7206
213 35 7430
213 36 7734
213 37 7878
213 38 8118
213 39 8262
213 40 8518
213 41 8742
213 42 8902
213 43 8998
213 44 9430
213 45 9574
213 46 9814
213 47 9830
213 48 10230
213 49 10390
213 50 10614
213 51 10774
213 52 11078
213 53 11222
213 54 11462
213 55 11606
213 56 11926
213 57 12086
213 58 12310
213 59 12342
213 60 12774
213 61 12918
213 62 13158
213 63 13174
213 64 13638
213 65 14022
213 66 14182
213 67 14278
213 68 14550
213 69 14854
213 70 15094
213 71 15110
213 72 15494
213 73 15558
213 74 15750
213 75 15846
213 76 16406
213 77 16390
213 78 16662
213 79 16678
213 80 17046
213 81 17366
213 82 17590
213 83 17622
213 84 17894
213 85 18198
213 86 18438
213 87 18454
213 88 18902
213 89 18902
213 90 19158
213 91 19190
213 92 19750
213 93 19734
213 94 20006
213 95 20022
213 96 20454
213 97 20678
213 98 20838
213 99 21062
213 100 21366
213 101 21510
213 102 21750
213 103 21894
213 104 22150
213 105 22374
213 106 22534
213 107 22630
213 108 23062
213 109 23206
213 110 23446
213 111 23462
213 112 23862
213 113 24022
213 114 24246
213 115 24406
213 116 24710
213 117 24854
213 118 25094
213 119 25238
213 120 25558
213 121 25718
213 122 25942
213 123 25974
213 124 26406
213 125 26550
213 126 26790
213 127 26806
213 128 27270
213 129 27526
213 130 27686
213 131 27910
213 132 28182
213 133 28358
213 134 28598
213 135 28742
213 136 28998
213 137 29190
213 138 29382
213 139 29478
213 140 29910
213 141 30022
213 142 30294
213 143 30310
213 144 30678
213 145 30870
213 146 31094
213 147 31254
213 148 31526
213 149 31702
213 150 31942
213 151 32086
213 152 32406
213 153 32534
213 154 32790
213 155 32822
213 156 33254
213 157 33366
213 158 33638
213 159 33654
213 160 34086
213 161 34310
213 162 34470
213 163 34694
213 164 34998
213 165 35142
213 166 35382
213 167 35526
213 168 35782
213 169 36006
213 170 36166
213 171 36262
213 172 36694
213 173 36838
213 174 37078
213 175 37094
213 176 37494
213 177 37654
213 178 37878
213 179 38038
213 180 38342
213 181 38486
213 182 38726
213 183 38870
213 184 39190
213 185 39350
213 186 39574
213 187 39606
213 188 40038
213 189 40182
213 190 40422
213 191 40438
213 192 40902
213 193 41158
213 194 41318
213 195 41542
213 196 41814
213 197 41990
213 198 42230
213 199 42374
213 200 42630
213 201 42822
213 202 43014
213 203 43110
213 204 43542
213 205 43654
213 206 43926
213 207 43942
213 208 44310
213 209 44502
213 210 44726
213 211 44886
213 212 45158
213 213 45334
213 214 45574
213 215 45718
213 216 46038
213 217 46166
213 218 46422
213 219 46454
213 220 46886
213 221 46998
213 222 47270
213 223 47286
213 224 47718
213 225 47942
213 226 48102
213 227 48326
213 228 48630
213 229 48774
213 230 49014
213 231 49158
213 232 49414
213 233 49638
213 234 49798
213 235 49894
213 236 50326
213 237 50470
213 238 50710
213 239 50726
213 240 51126
213 241 51286
213 242 51510
213 243 51670
213 244 51974
213 245 52118
213 246 52358
213 247 52502
213 248 52822
213 249 52982
213 250 53206
213 251 53238
213 252 53670
213 253 53814
213 254 54054
213 255 54070
214 0 6
214 1 390
214 2 550
214 3 646
214 4 918
214 5 1222
214 6 1462
214 7 1478
214 8 1878
214 9 1926
214 10 2134
214 11 2214
214 12 2774
214 13 2758
214 14 3030
214 15 3046
214 16 3430
214 17 3718
214 18 3942
214 19 3974
214 20 4278
214 21 4550
214 22 4790
214 23 4806
214 24 5270
214 25 5286
214 26 5526
214 27 5542
214 28 6102
214 29 6118
214 30 6358
214 31 6374
214 32 6854
214 33 7046
214 34 7270
214 35 7430
214 36 7702
214 37 7878
214 38 8118
214 39 8262
214 40 8598
214 41 8710
214 42 8982
214 43 8998
214 44 9430
214 45 9542
214 46 9814
214 47 9830
214 48 10278
214 49 10438
214 50 10662
214 51 10822
214 52 11126
214 53 11270
214 54 11510
214 55 11654
214 56 11990
214 57 12134
214 58 12374
214 59 12390
214 60 12822
214 61 12966
214 62 13206
214 63 13222
214 64 13702
214 65 13958
214 66 14118
214 67 14342
214 68 14614
214 69 14790
214 70 15030
214 71 15174
214 72 15446
214 73 15622
214 74 15830
214 75 15910
214 76 16342
214 77 16454
214 78 16726
214 79 16742
214 80 17126
214 81 17286
214 82 17510
214 83 17670
214 84 17974
214 85 18118
214 86 18358
214 87 18502
214 88 18838
214 89 18982
214 90 19222
214 91 19238
214 92 19670
214 93 19814
214 94 20054
214 95 20070
214 96 20550
214 97 20742
214 98 20966
214 99 21126
214 100 21398
214 101 21574
214 102 21814
214 103 21958
214 104 22294
214 105 22406
214 106 22678
214 107 22694
214 108 23126
214 109 23238
214 110 23510
214 111 23526
214 112 23974
214 113 24134
214 114 24358
214 115 24518
214 116 24822
214 117 24966
214 118 25206
214 119 25350
214 120 25686
214 121 25830
214 122 26070
214 123 26086
214 124 26518
214 125 26662
214 126 26902
214 127 26918
214 128 27398
214 129 27782
214 130 27942
214 131 28038
214 132 28310
214 133 28614
214 134 28854
214 135 28870
214 136 29270
214 137 29318
214 138 29526
214 139 29606
214 140 30166
214 141 30150
214 142 30422
214 143 30438
214 144 30822
214 145 31110
214 146 31334
214 147 31366
214 148 31670
214 149 31942
214 150 32182
214 151 32198
214 152 32662
214 153 32678
214 154 32918
214 155 32934
214 156 33494
214 157 33510
214 158 33750
214 159 33766
214 160 34246
214 161 34438
214 162 34662
214 163 34822
214 164 35094
214 165 35270
214 166 35510
214 167 35654
214 168 35990
214 169 36102
214 170 36374
214 171 36390
214 172 36822
214 173 36934
214 174 37206
214 175 37222
214 176 37670
214 177 37830
214 178 38054
214 179 38214
214 180 38518
214 181 38662
214 182 38902
214 183 39046
214 184 39382
214 185 39526
214 186 39766
214 187 39782
214 188 40214
214 189 40358
214 190 40598
214 191 40614
214 192 41094
214 193 41350
214 194 41510
214 195 41734
214 196 42006
214 197 42182
214 198 42422
214 199 42566
214 200 42838
214 201 43014
214 202 43222
214 203 43302
214 204 43734
214 205 43846
214 206 44118
214 207 44134
214 208 44518
214 209 44678
214 210 44902
214 211 45062
214 212 45366
214 213 45510
214 214 45750
214 215 45894
214 216 46230
214 217 46374
214 218 46614
214 219 46630
214 220 47062
214 221 47206
214 222 47446
214 223 47462
214 224 47942
214 225 48134
214 226 48358
214 227 48518
214 228 48790
214 229 48966
214 230 49206
214 231 49350
214 232 49686
214 233 49798
214 234 50070
214 235 50086
214 236 50518
214 237 50630
214 238 50902
214 239 50918
214 240 51366
214 241 51526
214 242 51750
214 243 51910
214 244 52214
214 245 52358
214 246 52598
214 247 52742
214 248 53078
214 249 53222
214 250 53462
214 251 53478
214 252 53910
214 253 54054
214 254 54294
214 255 54310
215 0 6
215 1 390
215 2 550
215 3 646
215 4 918
215 5 1222
215 6 1462
215 7 1478
215 8 1878
215 9 1926
215 10 2134
215 11 2214
215 12 2774
215 13 2758
215 14 3030
215 15 3046
215 16 3446
215 17 3734
215 18 3958
215 19 3990
215 20 4294
215 21 4566
215 22 4806
215 23 4822
215 24 5286
215 25 5302
215 26 5542
215 27 5558
215 28 6118
215 29 6134
215 30 6374
215 31 6390
215 32 6886
215 33 7046
215 34 7270
215 35 7430
215 36 7734
215 37 7878
215 38 8118
215 39 8262
215 40 8598
215 41 8742
215 42 8982
215 43 8998
215 44 9430
215 45 9574
215 46 9814
215 47 9830
215 48 10326
215 49 10518
215 50 10742
215 51 10902
215 52 11174
215 53 11350
215 54 11590
215 55 11734
215 56 12070
215 57 12182
215 58 12454
215 59 12470
215 60 12902
215 61 13014
215 62 13286
215 63 13302
215 64 13766
215 65 14022
215 66 14182
215 67 14406
215 68 14678
215 69 14854
215 70 15094
215 71 15238
215 72 15510
215 73 15686
215 74 15894
215 75 15974
215 76 16406
215 77 16518
215 78 16790
215 79 16806
215 80 17206
215 81 17366
215 82 17590
215 83 17750
215 84 18054
215 85 18198
215 86 18438
215 87 18582
215 88 18918
215 89 19062
215 90 19302
215 91 19318
215 92 19750
215 93 19894
215 94 20134
215 95 20150
215 96 20646
215 97 20806
215 98 21030
215 99 21190
215 100 21494
215 101 21638
215 102 21878
215 103 22022
215 104 22358
215 105 22502
215 106 22742
215 107 22758
215 108 23190
215 109 23334
215 110 23574
215 111 23590
215 112 24022
215 113 24214
215 114 24438
215 115 24598
215 116 24870
215 117 25046
215 118 25286
215 119 25430
215 120 25766
215 121 25878
215 122 26150
215 123 26166
215 124 26598
215 125 26710
215 126 26982
215 127 26998
215 128 27526
215 129 27782
215 130 27942
215 131 28166
215 132 28438
215 133 28614
215 134 28854
215 135 28998
215 136 29270
215 137 29446
215 138 29654
215 139 29734
215 140 30166
215 141 30278
215 142 30550
215 143 30566
215 144 30966
215 145 31126
215 146 31350
215 147 31510
215 148 31814
215 149 31958
215 150 32198
215 151 32342
215 152 32678
215 153 32822
215 154 33062
215 155 33078
215 156 33510
215 157 33654
215 158 33894
215 159 33910
215 160 34406
215 161 34566
215 162 34790
215 163 34950
215 164 35254
215 165 35398
215 166 35638
215 167 35782
215 168 36118
215 169 36262
215 170 36502
215 171 36518
215 172 36950
215 173 37094
215 174 37334
215 175 37350
215 176 37846
215 177 38038
215 178 38262
215 179 38422
215 180 38694
215 181 38870
215 182 39110
215 183 39254
215 184 39590
215 185 39702
215 186 39974
215 187 39990
215 188 40422
215 189 40534
215 190 40806
215 191 40822
215 192 41286
215 193 41542
215 194 41702
215 195 41926
215 196 42198
215 197 42374
215 198 42614
215 199 42758
215 200 43030
215 201 43206
215 202 43414
215 203 43494
215 204 43926
215 205 44038
215 206 44310
215 207 44326
215 208 44726
215 209 44886
215 210 45110
215 211 45270
215 212 45574
215 213 45718
215 214 45958
215 215 46102
215 216 46438
215 217 46582
215 218 46822
215 219 46838
215 220 47270
215 221 47414
215 222 47654
215 223 47670
215 224 48038
215 225 48198
215 226 48422
215 227 48582
215 228 48886
215 229 49030
215 230 49270
215 231 49414
215 232 49750
215 233 49894
215 234 50134
215 235 50150
215 236 50582
215 237 50726
215 238 50966
215 239 50982
215 240 51414
215 241 51606
215 242 51830
215 243 51990
215 244 52262
215 245 52438
215 246 52678
215 247 52822
215 248 53158
215 249 53270
215 250 53542
215 251 53558
215 252 53990
215 253 54102
215 254 54374
215 255 54390
216 0 6
216 1 390
216 2 582
216 3 646
216 4 966
216 5 1222
216 6 1510
216 7 1510
216 8 1926
216 9 1990
216 10 2246
216 11 2246
216 12 2758
216 13 2758
216 14 3046
216 15 3046
216 16 3462
216 17 3718
216 18 3910
216 19 4102
216 20 4422
216 21 4550
216 22 4838
216 23 4966
216 24 5254
216 25 5446
216 26 5702
216 27 5702
216 28 6086
216 29 6214
216 30 6502
216 31 6502
216 32 6918
216 33 7302
216 34 7494
216 35 7558
216 36 7878
216 37 8134
216 38 8422
216 39 8422
216 40 8838
216 41 8902
216 42 9158
216 43 9158
216 44 9670
216 45 9670
216 46 9958
216 47 9958
216 48 10374
216 49 10630
216 50 10822
216 51 11014
216 52 11334
216 53 11462
216 54 11750
216 55 11878
216 56 12166
216 57 12358
216 58 12614
216 59 12614
216 60 12998
216 61 13126
216 62 13414
216 63 13414
216 64 13830
216 65 14214
216 66 14406
216 67 14470
216 68 14790
216 69 15046
216 70 15334
216 71 15334
216 72 15750
216 73 15814
216 74 16070
216 75 16070
216 76 16582
216 77 16582
216 78 16870
216 79 16870
216 80 17286
216 81 17542
216 82 17734
216 83 17926
216 84 18246
216 85 18374
216 86 18662
216 87 18790
216 88 19078
216 89 19270
216 90 19526
216 91 19526
216 92 19910
216 93 20038
216 94 20326
216 95 20326
216 96 20742
216 97 21126
216 98 21318
216 99 21382
216 100 21702
216 101 21958
216 102 22246
216 103 22246
216 104 22662
216 105 22726
216 106 22982
216 107 22982
216 108 23494
216 109 23494
216 110 23782
216 111 23782
216 112 24198
216 113 24454
216 114 24646
216 115 24838
216 116 25158
216 117 25286
216 118 25574
216 119 25702
216 120 25990
216 121 26182
216 122 26438
216 123 26438
216 124 26822
216 125 26950
216 126 27238
216 127 27238
216 128 27654
216 129 28038
216 130 28230
216 131 28294
216 132 28614
216 133 28870
216 134 29158
216 135 29158
216 136 29574
216 137 29638
216 138 29894
216 139 29894
216 140 30406
216 141 30406
216 142 30694
216 143 30694
216 144 31110
216 145 31366
216 146 31558
216 147 31750
216 148 32070
216 149 32198
216 150 32486
216 151 32614
216 152 32902
216 153 33094
216 154 33350
216 155 33350
216 156 33734
216 157 33862
216 158 34150
216 159 34150
216 160 34566
216 161 34950
216 162 35142
216 163 35206
216 164 35526
216 165 35782
216 166 36070
216 167 36070
216 168 36486
216 169 36550
216 170 36806
216 171 36806
216 172 37318
216 173 37318
216 174 37606
216 175 37606
216 176 38022
216 177 38278
216 178 38470
216 179 38662
216 180 38982
216 181 39110
216 182 39398
216 183 39526
216 184 39814
216 185 40006
216 186 40262
216 187 40262
216 188 40646
216 189 40774
216 190 41062
216 191 41062
216 192 41478
216 193 41862
216 194 42054
216 195 42118
216 196 42438
216 197 42694
216 198 42982
216 199 42982
216 200 43398
216 201 43462
216 202 43718
216 203 43718
216 204 44230
216 205 44230
216 206 44518
216 207 44518
216 208 44934
216 209 45190
216 210 45382
216 211 45574
216 212 45894
216 213 46022
216 214 46310
216 215 46438
216 216 46726
216 217 46918
216 218 47174
216 219 47174
216 220 47558
216 221 47686
216 222 47974
216 223 47974
216 224 48390
216 225 48774
216 226 48966
216 227 49030
216 228 49350
216 229 49606
216 230 49894
216 231 49894
216 232 50310
216 233 50374
216 234 50630
216 235 50630
216 236 51142
216 237 51142
216 238 51430
216 239 51430
216 240 51846
216 241 52102
216 242 52294
216 243 52486
216 244 52806
216 245 52934
216 246 53222
216 247 53350
216 248 53638
216 249 53830
216 250 54086
216 251 54086
216 252 54470
216 253 54598
216 254 54886
216 255 54886
217 0 6
217 1 390
217 2 582
217 3 646
217 4 966
217 5 1222
217 6 1510
217 7 1510
217 8 1926
217 9 1990
217 10 2246
217 11 2246
217 12 2758
217 13 2758
217 14 3046
217 15 3046
217 16 3478
217 17 3734
217 18 3926
217 19 4118
217 20 4438
217 21 4566
217 22 4854
217 23 4982
217 24 5270
217 25 5462
217 26 5718
217 27 5718
217 28 6102
217 29 6230
217 30 6518
217 31 6518
217 32 6950
217 33 7302
217 34 7494
217 35 7558
217 36 7878
217 37 8166
217 38 8422
217 39 8422
217 40 8870
217 41 8902
217 42 9158
217 43 9158
217 44 9670
217 45 9702
217 46 9958
217 47 9958
217 48 10422
217 49 10646
217 50 10838
217 51 11030
217 52 11350
217 53 11510
217 54 11766
217 55 11894
217 56 12214
217 57 12374
217 58 12630
217 59 12630
217 60 13014
217 61 13174
217 62 13430
217 63 13430
217 64 13894
217 65 14278
217 66 14470
217 67 14534
217 68 14854
217 69 15110
217 70 15398
217 71 15398
217 72 15814
217 73 15878
217 74 16134
217 75 16134
217 76 16646
217 77 16646
217 78 16934
217 79 16934
217 80 17366
217 81 17622
217 82 17814
217 83 18006
217 84 18326
217 85 18454
217 86 18742
217 87 18870
217 88 19158
217 89 19350
217 90 19606
217 91 19606
217 92 19990
217 93 20118
217 94 20406
217 95 20406
217 96 20838
217 97 21190
217 98 21382
217 99 21446
217 100 21766
217 101 22054
217 102 22310
217 103 22310
217 104 22758
217 105 22790
217 106 23046
217 107 23046
217 108 23558
217 109 23590
217 110 23846
217 111 23846
217 112 24310
217 113 24534
217 114 24726
217 115 24918
217 116 25238
217 117 25398
217 118 25654
217 119 25782
217 120 26102
217 121 26262
217 122 26518
217 123 26518
217 124 26902
217 125 27062
217 126 27318
217 127 27318
217 128 27782
217 129 28038
217 130 28230
217 131 28422
217 132 28742
217 133 28870
217 134 29158
217 135 29286
217 136 29574
217 137 29766
217 138 30022
217 139 30022
217 140 30406
217 141 30534
217 142 30822
217 143 30822
217 144 31254
217 145 31510
217 146 31702
217 147 31894
217 148 32214
217 149 32342
217 150 32630
217 151 32758
217 152 33046
217 153 33238
217 154 33494
217 155 33494
217 156 33878
217 157 34006
217 158 34294
217 159 34294
217 160 34726
217 161 34950
217 162 35142
217 163 35334
217 164 35654
217 165 35814
217 166 36070
217 167 36198
217 168 36518
217 169 36678
217 170 36934
217 171 36934
217 172 37318
217 173 37478
217 174 37734
217 175 37734
217 176 38198
217 177 38422
217 178 38614
217 179 38806
217 180 39126
217 181 39286
217 182 39542
217 183 39670
217 184 39990
217 185 40150
217 186 40406
217 187 40406
217 188 40790
217 189 40950
217 190 41206
217 191 41206
217 192 41670
217 193 41926
217 194 42118
217 195 42310
217 196 42630
217 197 42758
217 198 43046
217 199 43174
217 200 43462
217 201 43654
217 202 43910
217 203 43910
217 204 44294
217 205 44422
217 206 44710
217 207 44710
217 208 45142
217 209 45398
217 210 45590
217 211 45782
217 212 46102
217 213 46230
217 214 46518
217 215 46646
217 216 46934
217 217 47126
217 218 47382
217 219 47382
217 220 47766
217 221 47894
217 222 48182
217 223 48182
217 224 48614
217 225 48838
217 226 49030
217 227 49222
217 228 49542
217 229 49702
217 230 49958
217 231 50086
217 232 50406
217 233 50566
217 234 50822
217 235 50822
217 236 51206
217 237 51366
217 238 51622
217 239 51622
217 240 52086
217 241 52310
217 242 52502
217 243 52694
217 244 53014
217 245 53174
217 246 53430
217 247 53558
217 248 53878
217 249 54038
217 250 54294
217 251 54294
217 252 54678
217 253 54838
217 254 55094
217 255 55094
218 0 6
218 1 390
218 2 582
218 3 646
218 4 966
218 5 1222
218 6 1510
218 7 1510
218 8 1942
218 9 1990
218 10 2246
218 11 2262
218 12 2774
218 13 2758
218 14 3046
218 15 3062
218 16 3494
218 17 3718
218 18 3910
218 19 4102
218 20 4422
218 21 4582
218 22 4838
218 23 4966
218 24 5302
218 25 5446
218 26 5702
218 27 5718
218 28 6102
218 29 6246
218 30 6502
218 31 6518
218 32 6982
218 33 7302
218 34 7558
218 35 7558
218 36 7878
218 37 8134
218 38 8422
218 39 8422
218 40 8854
218 41 8902
218 42 9158
218 43 9174
218 44 9686
218 45 9670
218 46 9958
218 47 9974
218 48 10470
218 49 10630
218 50 10886
218 51 11014
218 52 11334
218 53 11494
218 54 11750
218 55 11878
218 56 12214
218 57 12358
218 58 12614
218 59 12630
218 60 13014
218 61 13158
218 62 13414
218 63 13430
218 64 13958
218 65 14214
218 66 14406
218 67 14598
218 68 14918
218 69 15046
218 70 15334
218 71 15462
218 72 15766
218 73 15942
218 74 16198
218 75 16214
218 76 16598
218 77 16710
218 78 16998
218 79 17014
218 80 17446
218 81 17670
218 82 17862
218 83 18054
218 84 18374
218 85 18534
218 86 18790
218 87 18918
218 88 19254
218 89 19398
218 90 19654
218 91 19670
218 92 20054
218 93 20198
218 94 20454
218 95 20470
218 96 20934
218 97 21126
218 98 21382
218 99 21510
218 100 21830
218 101 21958
218 102 22246
218 103 22374
218 104 22678
218 105 22854
218 106 23110
218 107 23126
218 108 23510
218 109 23622
218 110 23910
218 111 23926
218 112 24422
218 113 24582
218 114 24838
218 115 24966
218 116 25286
218 117 25446
218 118 25702
218 119 25830
218 120 26166
218 121 26310
218 122 26566
218 123 26582
218 124 26966
218 125 27110
218 126 27366
218 127 27382
218 128 27910
218 129 28294
218 130 28486
218 131 28550
218 132 28870
218 133 29126
218 134 29414
218 135 29414
218 136 29846
218 137 29894
218 138 30150
218 139 30166
218 140 30678
218 141 30662
218 142 30950
218 143 30966
218 144 31398
218 145 31622
218 146 31814
218 147 32006
218 148 32326
218 149 32486
218 150 32742
218 151 32870
218 152 33206
218 153 33350
218 154 33606
218 155 33622
218 156 34006
218 157 34150
218 158 34406
218 159 34422
218 160 34886
218 161 35206
218 162 35462
218 163 35462
218 164 35782
218 165 36038
218 166 36326
218 167 36326
218 168 36758
218 169 36806
218 170 37062
218 171 37078
218 172 37590
218 173 37574
218 174 37862
218 175 37878
218 176 38374
218 177 38534
218 178 38790
218 179 38918
218 180 39238
218 181 39398
218 182 39654
218 183 39782
218 184 40118
218 185 40262
218 186 40518
218 187 40534
218 188 40918
218 189 41062
218 190 41318
218 191 41334
218 192 41862
218 193 42118
218 194 42310
218 195 42502
218 196 42822
218 197 42950
218 198 43238
218 199 43366
218 200 43670
218 201 43846
218 202 44102
218 203 44118
218 204 44502
218 205 44614
218 206 44902
218 207 44918
218 208 45350
218 209 45574
218 210 45766
218 211 45958
218 212 46278
218 213 46438
218 214 46694
218 215 46822
218 216 47158
218 217 47302
218 218 47558
218 219 47574
218 220 47958
218 221 48102
218 222 48358
218 223 48374
218 224 48838
218 225 49030
218 226 49286
218 227 49414
218 228 49734
218 229 49862
218 230 50150
218 231 50278
218 232 50582
218 233 50758
218 234 51014
218 235 51030
218 236 51414
218 237 51526
218 238 51814
218 239 51830
218 240 52326
218 241 52486
218 242 52742
218 243 52870
218 244 53190
218 245 53350
218 246 53606
218 247 53734
218 248 54070
218 249 54214
218 250 54470
218 251 54486
218 252 54870
218 253 55014
218 254 55270
218 255 55286
219 0 6
219 1 390
219 2 582
219 3 646
219 4 966
219 5 1222
219 6 1510
219 7 1510
219 8 1942
219 9 1990
219 10 2246
219 11 2262
219 12 2774
219 13 2758
219 14 3046
219 15 3062
219 16 3510
219 17 3734
219 18 3926
219 19 4118
219 20 4438
219 21 4598
219 22 4854
219 23 4982
219 24 5318
219 25 5462
219 26 5718
219 27 5734
219 28 6118
219 29 6262
219 30 6518
219 31 6534
219 32 7014
219 33 7302
219 34 7558
219 35 7558
219 36 7878
219 37 8166
219 38 8422
219 39 8422
219 40 8886
219 41 8902
219 42 9158
219 43 9174
219 44 9686
219 45 9702
219 46 9958
219 47 9974
219 48 10518
219 49 10710
219 50 10966
219 51 11094
219 52 11414
219 53 11542
219 54 11830
219 55 11958
219 56 12262
219 57 12438
219 58 12694
219 59 12710
219 60 13094
219 61 13206
219 62 13494
219 63 13510
219 64 14022
219 65 14278
219 66 14470
219 67 14662
219 68 14982
219 69 15110
219 70 15398
219 71 15526
219 72 15830
219 73 16006
219 74 16262
219 75 16278
219 76 16662
219 77 16774
219 78 17062
219 79 17078
219 80 17526
219 81 17750
219 82 17942
219 83 18134
219 84 18454
219 85 18614
219 86 18870
219 87 18998
219 88 19334
219 89 19478
219 90 19734
219 91 19750
219 92 20134
219 93 20278
219 94 20534
219 95 20550
219 96 21030
219 97 21190
219 98 21446
219 99 21574
219 100 21894
219 101 22054
219 102 22310
219 103 22438
219 104 22774
219 105 22918
219 106 23174
219 107 23190
219 108 23574
219 109 23718
219 110 23974
219 111 23990
219 112 24534
219 113 24726
219 114 24982
219 115 25110
219 116 25430
219 117 25558
219 118 25846
219 119 25974
219 120 26278
219 121 26454
219 122 26710
219 123 26726
219 124 27110
219 125 27222
219 126 27510
219 127 27526
219 128 28038
219 129 28294
219 130 28486
219 131 28678
219 132 28998
219 133 29126
219 134 29414
219 135 29542
219 136 29846
219 137 30022
219 138 30278
219 139 30294
219 140 30678
219 141 30790
219 142 31078
219 143 31094
219 144 31542
219 145 31766
219 146 31958
219 147 32150
219 148 32470
219 149 32630
219 150 32886
219 151 33014
219 152 33350
219 153 33494
219 154 33750
219 155 33766
219 156 34150
219 157 34294
219 158 34550
219 159 34566
219 160 35046
219 161 35206
219 162 35462
219 163 35590
219 164 35910
219 165 36070
219 166 36326
219 167 36454
219 168 36790
219 169 36934
219 170 37190
219 171 37206
219 172 37590
219 173 37734
219 174 37990
219 175 38006
219 176 38550
219 177 38742
219 178 38998
219 179 39126
219 180 39446
219 181 39574
219 182 39862
219 183 39990
219 184 40294
219 185 40470
219 186 40726
219 187 40742
219 188 41126
219 189 41238
219 190 41526
219 191 41542
219 192 42054
219 193 42310
219 194 42502
219 195 42694
219 196 43014
219 197 43142
219 198 43430
219 199 43558
219 200 43862
219 201 44038
219 202 44294
219 203 44310
219 204 44694
219 205 44806
219 206 45094
219 207 45110
219 208 45430
219 209 45654
219 210 45846
219 211 46038
219 212 46358
219 213 46518
219 214 46774
219 215 46902
219 216 47238
219 217 47382
219 218 47638
219 219 47654
219 220 48038
219 221 48182
219 222 48438
219 223 48454
219 224 49062
219 225 49222
219 226 49478
219 227 49606
219 228 49926
219 229 50086
219 230 50342
219 231 50470
219 232 50806
219 233 50950
219 234 51206
219 235 51222
219 236 51606
219 237 51750
219 238 52006
219 239 52022
219 240 52438
219 241 52630
219 242 52886
219 243 53014
219 244 53334
219 245 53462
219 246 53750
219 247 53878
219 248 54182
219 249 54358
219 250 54614
219 251 54630
219 252 55014
219 253 55126
219 254 55414
219 255 55430
220 0 6
220 1 390
220 2 582
220 3 646
220 4 982
220 5 1222
220 6 1510
220 7 1526
220 8 1990
220 9 1990
220 10 2278
220 11 2278
220 12 2774
220 13 2790
220 14 3046
220 15 3062
220 16 3526
220 17 3718
220 18 3974
220 19 4102
220 20 4438
220 21 4550
220 22 4838
220 23 4982
220 24 5318
220 25 5446
220 26 5734
220 27 5734
220 28 6102
220 29 6246
220 30 6502
220 31 6518
220 32 7046
220 33 7302
220 34 7494
220 35 7686
220 36 8022
220 37 8134
220 38 8422
220 39 8566
220 40 8902
220 41 9030
220 42 9318
220 43 9318
220 44 9686
220 45 9830
220 46 10086
220 47 10102
220 48 10566
220 49 10758
220 50 11014
220 51 11142
220 52 11478
220 53 11590
220 54 11878
220 55 12022
220 56 12358
220 57 12486
220 58 12774
220 59 12774
220 60 13142
220 61 13286
220 62 13542
220 63 13558
220 64 14086
220 65 14470
220 66 14662
220 67 14726
220 68 15062
220 69 15302
220 70 15590
220 71 15606
220 72 16070
220 73 16070
220 74 16358
220 75 16358
220 76 16854
220 77 16870
220 78 17126
220 79 17142
220 80 17606
220 81 17798
220 82 18054
220 83 18182
220 84 18518
220 85 18630
220 86 18918
220 87 19062
220 88 19398
220 89 19526
220 90 19814
220 91 19814
220 92 20182
220 93 20326
220 94 20582
220 95 20598
220 96 21126
220 97 21382
220 98 21574
220 99 21766
220 100 22102
220 101 22214
220 102 22502
220 103 22646
220 104 22982
220 105 23110
220 106 23398
220 107 23398
220 108 23766
220 109 23910
220 110 24166
220 111 24182
220 112 24646
220 113 24838
220 114 25094
220 115 25222
220 116 25558
220 117 25670
220 118 25958
220 119 26102
220 120 26438
220 121 26566
220 122 26854
220 123 26854
220 124 27222
220 125 27366
220 126 27622
220 127 27638
220 128 28166
220 129 28550
220 130 28742
220 131 28806
220 132 29142
220 133 29382
220 134 29670
220 135 29686
220 136 30150
220 137 30150
220 138 30438
220 139 30438
220 140 30934
220 141 30950
220 142 31206
220 143 31222
220 144 31686
220 145 31878
220 146 32134
220 147 32262
220 148 32598
220 149 32710
220 150 32998
220 151 33142
220 152 33478
220 153 33606
220 154 33894
220 155 33894
220 156 34262
220 157 34406
220 158 34662
220 159 34678
220 160 35206
220 161 35462
220 162 35654
220 163 35846
220 164 36182
220 165 36294
220 166 36582
220 167 36726
220 168 37062
220 169 37190
220 170 37478
220 171 37478
220 172 37846
220 173 37990
220 174 38246
220 175 38262
220 176 38726
220 177 38918
220 178 39174
220 179 39302
220 180 39638
220 181 39750
220 182 40038
220 183 40182
220 184 40518
220 185 40646
220 186 40934
220 187 40934
220 188 41302
220 189 41446
220 190 41702
220 191 41718
220 192 42246
220 193 42630
220 194 42822
220 195 42886
220 196 43222
220 197 43462
220 198 43750
220 199 43766
220 200 44230
220 201 44230
220 202 44518
220 203 44518
220 204 45014
220 205 45030
220 206 45286
220 207 45302
220 208 45766
220 209 45958
220 210 46214
220 211 46342
220 212 46678
220 213 46790
220 214 47078
220 215 47222
220 216 47558
220 217 47686
220 218 47974
220 219 47974
220 220 48342
220 221 48486
220 222 48742
220 223 48758
220 224 49286
220 225 49542
220 226 49734
220 227 49926
220 228 50262
220 229 50374
220 230 50662
220 231 50806
220 232 51142
220 233 51270
220 234 51558
220 235 51558
220 236 51926
220 237 52070
220 238 52326
220 239 52342
220 240 52806
220 241 52998
220 242 53254
220 243 53382
220 244 53718
220 245 53830
220 246 54118
220 247 54262
220 248 54598
220 249 54726
220 250 55014
220 251 55014
220 252 55382
220 253 55526
220 254 55782
220 255 55798
221 0 6
221 1 390
221 2 582
221 3 646
221 4 982
221 5 1222
221 6 1510
221 7 1526
221 8 1990
221 9 1990
221 10 2278
221 11 2278
221 12 2774
221 13 2790
221 14 3046
221 15 3062
221 16 3542
221 17 3734
221 18 3990
221 19 4118
221 20 4454
221 21 4566
221 22 4854
221 23 4998
221 24 5334
221 25 5462
221 26 5750
221 27 5750
221 28 6118
221 29 6262
221 30 6518
221 31 6534
221 32 7078
221 33 7302
221 34 7494
221 35 7686
221 36 8022
221 37 8166
221 38 8422
221 39 8566
221 40 8902
221 41 9062
221 42 9318
221 43 9318
221 44 9686
221 45 9830
221 46 10086
221 47 10102
221 48 10614
221 49 10774
221 50 11030
221 51 11158
221 52 11494
221 53 11638
221 54 11894
221 55 12038
221 56 12374
221 57 12534
221 58 12790
221 59 12790
221 60 13158
221 61 13302
221 62 13558
221 63 13574
221 64 14150
221 65 14534
221 66 14726
221 67 14790
221 68 15126
221 69 15366
221 70 15654
221 71 15670
221 72 16134
221 73 16134
221 74 16422
221 75 16422
221 76 16918
221 77 16934
221 78 17190
221 79 17206
221 80 17686
221 81 17878
221 82 18134
221 83 18262
221 84 18598
221 85 18710
221 86 18998
221 87 19142
221 88 19478
221 89 19606
221 90 19894
221 91 19894
221 92 20262
221 93 20406
221 94 20662
221 95 20678
221 96 21222
221 97 21446
221 98 21638
221 99 21830
221 100 22166
221 101 22310
221 102 22566
221 103 22710
221 104 23046
221 105 23206
221 106 23462
221 107 23462
221 108 23830
221 109 23974
221 110 24230
221 111 24246
221 112 24758
221 113 24918
221 114 25174
221 115 25302
221 116 25638
221 117 25782
221 118 26038
221 119 26182
221 120 26518
221 121 26678
221 122 26934
221 123 26934
221 124 27302
221 125 27446
221 126 27702
221 127 27718
221 128 28294
221 129 28550
221 130 28742
221 131 28934
221 132 29270
221 133 29382
221 134 29670
221 135 29814
221 136 30150
221 137 30278
221 138 30566
221 139 30566
221 140 30934
221 141 31078
221 142 31334
221 143 31350
221 144 31830
221 145 32022
221 146 32278
221 147 32406
221 148 32742
221 149 32854
221 150 33142
221 151 33286
221 152 33622
221 153 33750
221 154 34038
221 155 34038
221 156 34406
221 157 34550
221 158 34806
221 159 34822
221 160 35366
221 161 35590
221 162 35782
221 163 35974
221 164 36310
221 165 36454
221 166 36710
221 167 36854
221 168 37190
221 169 37350
221 170 37606
221 171 37606
221 172 37974
221 173 38118
221 174 38374
221 175 38390
221 176 38774
221 177 38934
221 178 39190
221 179 39318
221 180 39654
221 181 39798
221 182 40054
221 183 40198
221 184 40534
221 185 40694
221 186 40950
221 187 40950
221 188 41318
221 189 41462
221 190 41718
221 191 41734
221 192 42438
221 193 42694
221 194 42886
221 195 43078
221 196 43414
221 197 43526
221 198 43814
221 199 43958
221 200 44294
221 201 44422
221 202 44710
221 203 44710
221 204 45078
221 205 45222
221 206 45478
221 207 45494
221 208 45974
221 209 46166
221 210 46422
221 211 46550
221 212 46886
221 213 46998
221 214 47286
221 215 47430
221 216 47766
221 217 47894
221 218 48182
221 219 48182
221 220 48550
221 221 48694
221 222 48950
221 223 48966
221 224 49510
221 225 49734
221 226 49926
221 227 50118
221 228 50454
221 229 50598
221 230 50854
221 231 50998
221 232 51334
221 233 51494
221 234 51750
221 235 51750
221 236 52118
221 237 52262
221 238 52518
221 239 52534
221 240 52918
221 241 53078
221 242 53334
221 243 53462
221 244 53798
221 245 53942
221 246 54198
221 247 54342
221 248 54678
221 249 54838
221 250 55094
221 251 55094
221 252 55462
221 253 55606
221 254 55862
221 255 55878
222 0 6
222 1 390
222 2 582
222 3 646
222 4 982
222 5 1222
222 6 1510
222 7 1526
222 8 2006
222 9 1990
222 10 2278
222 11 2294
222 12 2774
222 13 2790
222 14 3046
222 15 3062
222 16 3558
222 17 3718
222 18 3974
222 19 4102
222 20 4438
222 21 4582
222 22 4838
222 23 4982
222 24 5334
222 25 5478
222 26 5734
222 27 5750
222 28 6102
222 29 6246
222 30 6502
222 31 6518
222 32 7110
222 33 7302
222 34 7558
222 35 7686
222 36 8022
222 37 8134
222 38 8422
222 39 8566
222 40 8918
222 41 9030
222 42 9318
222 43 9334
222 44 9686
222 45 9830
222 46 10086
222 47 10102
222 48 10662
222 49 10822
222 50 11078
222 51 11206
222 52 11542
222 53 11686
222 54 11942
222 55 12086
222 56 12438
222 57 12582
222 58 12838
222 59 12854
222 60 13206
222 61 13350
222 62 13606
222 63 13622
222 64 14214
222 65 14470
222 66 14662
222 67 14854
222 68 15190
222 69 15302
222 70 15590
222 71 15734
222 72 16086
222 73 16198
222 74 16486
222 75 16502
222 76 16854
222 77 16998
222 78 17254
222 79 17270
222 80 17766
222 81 17926
222 82 18182
222 83 18310
222 84 18646
222 85 18790
222 86 19046
222 87 19190
222 88 19542
222 89 19686
222 90 19942
222 91 19958
222 92 20310
222 93 20454
222 94 20710
222 95 20726
222 96 21318
222 97 21510
222 98 21766
222 99 21894
222 100 22230
222 101 22342
222 102 22630
222 103 22774
222 104 23126
222 105 23238
222 106 23526
222 107 23542
222 108 23894
222 109 24038
222 110 24294
222 111 24310
222 112 24742
222 113 24902
222 114 25158
222 115 25286
222 116 25622
222 117 25766
222 118 26022
222 119 26166
222 120 26518
222 121 26662
222 122 26918
222 123 26934
222 124 27286
222 125 27430
222 126 27686
222 127 27702
222 128 28422
222 129 28806
222 130 28998
222 131 29062
222 132 29398
222 133 29638
222 134 29926
222 135 29942
222 136 30422
222 137 30406
222 138 30694
222 139 30710
222 140 31190
222 141 31206
222 142 31462
222 143 31478
222 144 31974
222 145 32134
222 146 32390
222 147 32518
222 148 32854
222 149 32998
222 150 33254
222 151 33398
222 152 33750
222 153 33894
222 154 34150
222 155 34166
222 156 34518
222 157 34662
222 158 34918
222 159 34934
222 160 35526
222 161 35718
222 162 35974
222 163 36102
222 164 36438
222 165 36550
222 166 36838
222 167 36982
222 168 37334
222 169 37446
222 170 37734
222 171 37750
222 172 38102
222 173 38246
222 174 38502
222 175 38518
222 176 39078
222 177 39238
222 178 39494
222 179 39622
222 180 39958
222 181 40102
222 182 40358
222 183 40502
222 184 40854
222 185 40998
222 186 41254
222 187 41270
222 188 41622
222 189 41766
222 190 42022
222 191 42038
222 192 42630
222 193 42886
222 194 43078
222 195 43270
222 196 43606
222 197 43718
222 198 44006
222 199 44150
222 200 44502
222 201 44614
222 202 44902
222 203 44918
222 204 45270
222 205 45414
222 206 45670
222 207 45686
222 208 46182
222 209 46342
222 210 46598
222 211 46726
222 212 47062
222 213 47206
222 214 47462
222 215 47606
222 216 47958
222 217 48102
222 218 48358
222 219 48374
222 220 48726
222 221 48870
222 222 49126
222 223 49142
222 224 49734
222 225 49926
222 226 50182
222 227 50310
222 228 50646
222 229 50758
222 230 51046
222 231 51190
222 232 51542
222 233 51654
222 234 51942
222 235 51958
222 236 52310
222 237 52454
222 238 52710
222 239 52726
222 240 53158
222 241 53318
222 242 53574
222 243 53702
222 244 54038
222 245 54182
222 246 54438
222 247 54582
222 248 54934
222 249 55078
222 250 55334
222 251 55350
222 252 55702
222 253 55846
222 254 56102
222 255 56118
223 0 6
223 1 390
223 2 582
223 3 646
223 4 982
223 5 1222
223 6 1510
223 7 1526
223 8 2006
223 9 1990
223 10 2278
223 11 2294
223 12 2774
223 13 2790
223 14 3046
223 15 3062
223 16 3574
223 17 3734
223 18 3990
223 19 4118
223 20 4454
223 21 4598
223 22 4854
223 23 4998
223 24 5350
223 25 5494
223 26 5750
223 27 5766
223 28 6118
223 29 6262
223 30 6518
223 31 6534
223 32 7142
223 33 7302
223 34 7558
223 35 7686
223 36 8022
223 37 8166
223 38 8422
223 39 8566
223 40 8918
223 41 9062
223 42 9318
223 43 9334
223 44 9686
223 45 9830
223 46 10086
223 47 10102
223 48 10710
223 49 10902
223 50 11158
223 51 11286
223 52 11622
223 53 11734
223 54 12022
223 55 12166
223 56 12518
223 57 12630
223 58 12918
223 59 12934
223 60 13286
223 61 13430
223 62 13686
223 63 13702
223 64 14278
223 65 14534
223 66 14726
223 67 14918
223 68 15254
223 69 15366
223 70 15654
223 71 15798
223 72 16150
223 73 16262
223 74 16550
223 75 16566
223 76 16918
223 77 17062
223 78 17318
223 79 17334
223 80 17846
223 81 18006
223 82 18262
223 83 18390
223 84 18726
223 85 18870
223 86 19126
223 87 19270
223 88 19622
223 89 19766
223 90 20022
223 91 20038
223 92 20390
223 93 20534
223 94 20790
223 95 20806
223 96 21414
223 97 21574
223 98 21830
223 99 21958
223 100 22294
223 101 22438
223 102 22694
223 103 22838
223 104 23190
223 105 23334
223 106 23590
223 107 23606
223 108 23958
223 109 24102
223 110 24358
223 111 24374
223 112 24790
223 113 24982
223 114 25238
223 115 25366
223 116 25702
223 117 25814
223 118 26102
223 119 26246
223 120 26598
223 121 26710
223 122 26998
223 123 27014
223 124 27366
223 125 27510
223 126 27766
223 127 27782
223 128 28550
223 129 28806
223 130 28998
223 131 29190
223 132 29526
223 133 29638
223 134 29926
223 135 30070
223 136 30422
223 137 30534
223 138 30822
223 139 30838
223 140 31190
223 141 31334
223 142 31590
223 143 31606
223 144 32118
223 145 32278
223 146 32534
223 147 32662
223 148 32998
223 149 33142
223 150 33398
223 151 33542
223 152 33894
223 153 34038
223 154 34294
223 155 34310
223 156 34662
223 157 34806
223 158 35062
223 159 35078
223 160 35686
223 161 35846
223 162 36102
223 163 36230
223 164 36566
223 165 36710
223 166 36966
223 167 37110
223 168 37462
223 169 37606
223 170 37862
223 171 37878
223 172 38230
223 173 38374
223 174 38630
223 175 38646
223 176 39126
223 177 39318
223 178 39574
223 179 39702
223 180 40038
223 181 40150
223 182 40438
223 183 40582
223 184 40934
223 185 41046
223 186 41334
223 187 41350
223 188 41702
223 189 41846
223 190 42102
223 191 42118
223 192 42822
223 193 43078
223 194 43270
223 195 43462
223 196 43798
223 197 43910
223 198 44198
223 199 44342
223 200 44694
223 201 44806
223 202 45094
223 203 45110
223 204 45462
223 205 45606
223 206 45862
223 207 45878
223 208 46262
223 209 46422
223 210 46678
223 211 46806
223 212 47142
223 213 47286
223 214 47542
223 215 47686
223 216 48038
223 217 48182
223 218 48438
223 219 48454
223 220 48806
223 221 48950
223 222 49206
223 223 49222
223 224 49830
223 225 49990
223 226 50246
223 227 50374
223 228 50710
223 229 50854
223 230 51110
223 231 51254
223 232 51606
223 233 51750
223 234 52006
223 235 52022
223 236 52374
223 237 52518
223 238 52774
223 239 52790
223 240 53206
223 241 53398
223 242 53654
223 243 53782
223 244 54118
223 245 54230
223 246 54518
223 247 54662
223 248 55014
223 249 55126
223 250 55414
223 251 55430
223 252 55782
223 253 55926
223 254 56182
223 255 56198
224 0 6
224 1 358
224 2 582
224 3 678
224 4 1030
224 5 1126
224 6 1350
224 7 1446
224 8 1798
224 9 2150
224 10 2374
224 11 2470
224 12 2822
224 13 2918
224 14 3142
224 15 3238
224 16 3590
224 17 3942
224 18 4166
224 19 4262
224 20 4614
224 21 4710
224 22 4934
224 23 5030
224 24 5382
224 25 5734
224 26 5958
224 27 6054
224 28 6406
224 29 6502
224 30 6726
224 31 6822
224 32 7174
224 33 7526
224 34 7750
224 35 7846
224 36 8198
224 37 8294
224 38 8518
224 39 8614
224 40 8966
224 41 9318
224 42 9542
224 43 9638
224 44 9990
224 45 10086
224 46 10310
224 47 10406
224 48 10758
224 49 11110
224 50 11334
224 51 11430
224 52 11782
224 53 11878
224 54 12102
224 55 12198
224 56 12550
224 57 12902
224 58 13126
224 59 13222
224 60 13574
224 61 13670
224 62 13894
224 63 13990
224 64 14342
224 65 14694
224 66 14918
224 67 15014
224 68 15366
224 69 15462
224 70 15686
224 71 15782
224 72 16134
224 73 16486
224 74 16710
224 75 16806
224 76 17158
224 77 17254
224 78 17478
224 79 17574
224 80 17926
224 81 18278
224 82 18502
224 83 18598
224 84 18950
224 85 19046
224 86 19270
224 87 19366
224 88 19718
224 89 20070
224 90 20294
224 91 20390
224 92 20742
224 93 20838
224 94 21062
224 95 21158
224 96 21510
224 97 21862
224 98 22086
224 99 22182
224 100 22534
224 101 22630
224 102 22854
224 103 22950
224 104 23302
224 105 23654
224 106 23878
224 107 23974
224 108 24326
224 109 24422
224 110 24646
224 111 24742
224 112 25094
224 113 25446
224 114 25670
224 115 25766
224 116 26118
224 117 26214
224 118 26438
224 119 26534
224 120 26886
224 121 27238
224 122 27462
224 123 27558
224 124 27910
224 125 28006
224 126 28230
224 127 28326
224 128 28678
224 129 29030
224 130 29254
224 131 29350
224 132 29702
224 133 29798
224 134 30022
224 135 30118
224 136 30470
224 137 30822
224 138 31046
224 139 31142
224 140 31494
224 141 31590
224 142 31814
224 143 31910
224 144 32262
224 145 32614
224 146 32838
224 147 32934
224 148 33286
224 149 33382
224 150 33606
224 151 33702
224 152 34054
224 153 34406
224 154 34630
224 155 34726
224 156 35078
224 157 35174
224 158 35398
224 159 35494
224 160 35846
224 161 36198
224 162 36422
224 163 36518
224 164 36870
224 165 36966
224 166 37190
224 167 37286
224 168 37638
224 169 37990
224 170 38214
224 171 38310
224 172 38662
224 173 38758
224 174 38982
224 175 39078
224 176 39430
224 177 39782
224 178 40006
224 179 40102
224 180 40454
224 181 40550
224 182 40774
224 183 40870
224 184 41222
224 185 41574
224 186 41798
224 187 41894
224 188 42246
224 189 42342
224 190 42566
224 191 42662
224 192 43014
224 193 43366
224 194 43590
224 195 43686
224 196 44038
224 197 44134
224 198 44358
224 199 44454
224 200 44806
224 201 45158
224 202 45382
224 203 45478
224 204 45830
224 205 45926
224 206 46150
224 207 46246
224 208 46598
224 209 46950
224 210 47174
224 211 47270
224 212 47622
224 213 47718
224 214 47942
224 215 48038
224 216 48390
224 217 48742
224 218 48966
224 219 49062
224 220 49414
224 221 49510
224 222 49734
224 223 49830
224 224 50182
224 225 50534
224 226 50758
224 227 50854
224 228 51206
224 229 51302
224 230 51526
224 231 51622
224 232 51974
224 233 52326
224 234 52550
224 235 52646
224 236 52998
224 237 53094
224 238 53318
224 239 53414
224 240 53766
224 241 54118
224 242 54342
224 243 54438
224 244 54790
224 245 54886
224 246 55110
224 247 55206
224 248 55558
224 249 55910
224 250 56134
224 251 56230
224 252 56582
224 253 56678
224 254 56902
224 255 56998
225 0 6
225 1 358
225 2 582
225 3 678
225 4 1030
225 5 1126
225 6 1350
225 7 1446
225 8 1798
225 9 2150
225 10 2374
225 11 2470
225 12 2822
225 13 2918
225 14 3142
225 15 3238
225 16 3606
225 17 3958
225 18 4182
225 19 4278
225 20 4630
225 21 4726
225 22 4950
225 23 5046
225 24 5398
225 25 5750
225 26 5974
225 27 6070
225 28 6422
225 29 6518
225 30 6742
225 31 6838
225 32 7206
225 33 7526
225 34 7782
225 35 7846
225 36 8230
225 37 8294
225 38 8550
225 39 8614
225 40 8998
225 41 9318
225 42 9574
225 43 9638
225 44 10022
225 45 10086
225 46 10342
225 47 10406
225 48 10806
225 49 11126
225 50 11382
225 51 11446
225 52 11830
225 53 11894
225 54 12150
225 55 12214
225 56 12598
225 57 12918
225 58 13174
225 59 13238
225 60 13622
225 61 13686
225 62 13942
225 63 14006
225 64 14406
225 65 14758
225 66 14982
225 67 15078
225 68 15430
225 69 15526
225 70 15750
225 71 15846
225 72 16198
225 73 16550
225 74 16774
225 75 16870
225 76 17222
225 77 17318
225 78 17542
225 79 17638
225 80 18006
225 81 18358
225 82 18582
225 83 18678
225 84 19030
225 85 19126
225 86 19350
225 87 19446
225 88 19798
225 89 20150
225 90 20374
225 91 20470
225 92 20822
225 93 20918
225 94 21142
225 95 21238
225 96 21606
225 97 21926
225 98 22182
225 99 22246
225 100 22630
225 101 22694
225 102 22950
225 103 23014
225 104 23398
225 105 23718
225 106 23974
225 107 24038
225 108 24422
225 109 24486
225 110 24742
225 111 24806
225 112 25206
225 113 25526
225 114 25782
225 115 25846
225 116 26230
225 117 26294
225 118 26550
225 119 26614
225 120 26998
225 121 27318
225 122 27574
225 123 27638
225 124 28022
225 125 28086
225 126 28342
225 127 28406
225 128 28806
225 129 29030
225 130 29254
225 131 29478
225 132 29702
225 133 29926
225 134 30150
225 135 30246
225 136 30598
225 137 30822
225 138 31046
225 139 31270
225 140 31494
225 141 31718
225 142 31942
225 143 32038
225 144 32406
225 145 32630
225 146 32854
225 147 33078
225 148 33302
225 149 33526
225 150 33750
225 151 33846
225 152 34198
225 153 34422
225 154 34646
225 155 34870
225 156 35094
225 157 35318
225 158 35542
225 159 35638
225 160 36006
225 161 36198
225 162 36454
225 163 36646
225 164 36902
225 165 37094
225 166 37350
225 167 37414
225 168 37798
225 169 37990
225 170 38246
225 171 38438
225 172 38694
225 173 38886
225 174 39142
225 175 39206
225 176 39606
225 177 39798
225 178 40054
225 179 40246
225 180 40502
225 181 40694
225 182 40950
225 183 41014
225 184 41398
225 185 41590
225 186 41846
225 187 42038
225 188 42294
225 189 42486
225 190 42742
225 191 42806
225 192 43206
225 193 43430
225 194 43654
225 195 43878
225 196 44102
225 197 44326
225 198 44550
225 199 44646
225 200 44998
225 201 45222
225 202 45446
225 203 45670
225 204 45894
225 205 46118
225 206 46342
225 207 46438
225 208 46806
225 209 47030
225 210 47254
225 211 47478
225 212 47702
225 213 47926
225 214 48150
225 215 48246
225 216 48598
225 217 48822
225 218 49046
225 219 49270
225 220 49494
225 221 49718
225 222 49942
225 223 50038
225 224 50406
225 225 50598
225 226 50854
225 227 51046
225 228 51302
225 229 51494
225 230 51750
225 231 51814
225 232 52198
225 233 52390
225 234 52646
225 235 52838
225 236 53094
225 237 53286
225 238 53542
225 239 53606
225 240 54006
225 241 54198
225 242 54454
225 243 54646
225 244 54902
225 245 55094
225 246 55350
225 247 55414
225 248 55798
225 249 55990
225 250 56246
225 251 56438
225 252 56694
225 253 56886
225 254 57142
225 255 57206
226 0 6
226 1 358
226 2 582
226 3 678
226 4 1030
226 5 1126
226 6 1350
226 7 1446
226 8 1814
226 9 2166
226 10 2390
226 11 2486
226 12 2838
226 13 2934
226 14 3158
226 15 3254
226 16 3622
226 17 3942
226 18 4198
226 19 4262
226 20 4646
226 21 4710
226 22 4966
226 23 5030
226 24 5430
226 25 5750
226 26 6006
226 27 6070
226 28 6454
226 29 6518
226 30 6774
226 31 6838
226 32 7238
226 33 7526
226 34 7750
226 35 7846
226 36 8262
226 37 8294
226 38 8518
226 39 8614
226 40 9046
226 41 9334
226 42 9558
226 43 9654
226 44 10070
226 45 10102
226 46 10326
226 47 10422
226 48 10854
226 49 11110
226 50 11366
226 51 11430
226 52 11878
226 53 11878
226 54 12134
226 55 12198
226 56 12662
226 57 12918
226 58 13174
226 59 13238
226 60 13686
226 61 13686
226 62 13942
226 63 14006
226 64 14470
226 65 14694
226 66 14918
226 67 15142
226 68 15366
226 69 15590
226 70 15814
226 71 15910
226 72 16278
226 73 16502
226 74 16726
226 75 16950
226 76 17174
226 77 17398
226 78 17622
226 79 17718
226 80 18086
226 81 18278
226 82 18534
226 83 18726
226 84 18982
226 85 19174
226 86 19430
226 87 19494
226 88 19894
226 89 20086
226 90 20342
226 91 20534
226 92 20790
226 93 20982
226 94 21238
226 95 21302
226 96 21702
226 97 21862
226 98 22086
226 99 22310
226 100 22598
226 101 22758
226 102 22982
226 103 23078
226 104 23510
226 105 23670
226 106 23894
226 107 24118
226 108 24406
226 109 24566
226 110 24790
226 111 24886
226 112 25318
226 113 25446
226 114 25702
226 115 25894
226 116 26214
226 117 26342
226 118 26598
226 119 26662
226 120 27126
226 121 27254
226 122 27510
226 123 27702
226 124 28022
226 125 28150
226 126 28406
226 127 28470
226 128 28934
226 129 29286
226 130 29510
226 131 29606
226 132 29958
226 133 30054
226 134 30278
226 135 30374
226 136 30742
226 137 31094
226 138 31318
226 139 31414
226 140 31766
226 141 31862
226 142 32086
226 143 32182
226 144 32550
226 145 32870
226 146 33126
226 147 33190
226 148 33574
226 149 33638
226 150 33894
226 151 33958
226 152 34358
226 153 34678
226 154 34934
226 155 34998
226 156 35382
226 157 35446
226 158 35702
226 159 35766
226 160 36166
226 161 36454
226 162 36678
226 163 36774
226 164 37190
226 165 37222
226 166 37446
226 167 37542
226 168 37974
226 169 38262
226 170 38486
226 171 38582
226 172 38998
226 173 39030
226 174 39254
226 175 39350
226 176 39782
226 177 40038
226 178 40294
226 179 40358
226 180 40806
226 181 40806
226 182 41062
226 183 41126
226 184 41590
226 185 41846
226 186 42102
226 187 42166
226 188 42614
226 189 42614
226 190 42870
226 191 42934
226 192 43398
226 193 43622
226 194 43846
226 195 44070
226 196 44294
226 197 44518
226 198 44742
226 199 44838
226 200 45206
226 201 45430
226 202 45654
226 203 45878
226 204 46102
226 205 46326
226 206 46550
226 207 46646
226 208 47014
226 209 47206
226 210 47462
226 211 47654
226 212 47910
226 213 48102
226 214 48358
226 215 48422
226 216 48822
226 217 49014
226 218 49270
226 219 49462
226 220 49718
226 221 49910
226 222 50166
226 223 50230
226 224 50630
226 225 50790
226 226 51014
226 227 51238
226 228 51526
226 229 51686
226 230 51910
226 231 52006
226 232 52438
226 233 52598
226 234 52822
226 235 53046
226 236 53334
226 237 53494
226 238 53718
226 239 53814
226 240 54246
226 241 54374
226 242 54630
226 243 54822
226 244 55142
226 245 55270
226 246 55526
226 247 55590
226 248 56054
226 249 56182
226 250 56438
226 251 56630
226 252 56950
226 253 57078
226 254 57334
226 255 57398
227 0 6
227 1 358
227 2 582
227 3 678
227 4 1030
227 5 1126
227 6 1350
227 7 1446
227 8 1814
227 9 2166
227 10 2390
227 11 2486
227 12 2838
227 13 2934
227 14 3158
227 15 3254
227 16 3638
227 17 3958
227 18 4214
227 19 4278
227 20 4662
227 21 4726
227 22 4982
227 23 5046
227 24 5446
227 25 5766
227 26 6022
227 27 6086
227 28 6470
227 29 6534
227 30 6790
227 31 6854
227 32 7270
227 33 7526
227 34 7782
227 35 7846
227 36 8294
227 37 8294
227 38 8550
227 39 8614
227 40 9078
227 41 9334
227 42 9590
227 43 9654
227 44 10102
227 45 10102
227 46 10358
227 47 10422
227 48 10902
227 49 11190
227 50 11414
227 51 11510
227 52 11926
227 53 11958
227 54 12182
227 55 12278
227 56 12710
227 57 12998
227 58 13222
227 59 13318
227 60 13734
227 61 13766
227 62 13990
227 63 14086
227 64 14534
227 65 14758
227 66 14982
227 67 15206
227 68 15430
227 69 15654
227 70 15878
227 71 15974
227 72 16342
227 73 16566
227 74 16790
227 75 17014
227 76 17238
227 77 17462
227 78 17686
227 79 17782
227 80 18166
227 81 18358
227 82 18614
227 83 18806
227 84 19062
227 85 19254
227 86 19510
227 87 19574
227 88 19974
227 89 20166
227 90 20422
227 91 20614
227 92 20870
227 93 21062
227 94 21318
227 95 21382
227 96 21798
227 97 21926
227 98 22182
227 99 22374
227 100 22694
227 101 22822
227 102 23078
227 103 23142
227 104 23606
227 105 23734
227 106 23990
227 107 24182
227 108 24502
227 109 24630
227 110 24886
227 111 24950
227 112 25430
227 113 25590
227 114 25814
227 115 26038
227 116 26326
227 117 26486
227 118 26710
227 119 26806
227 120 27238
227 121 27398
227 122 27622
227 123 27846
227 124 28134
227 125 28294
227 126 28518
227 127 28614
227 128 29062
227 129 29286
227 130 29510
227 131 29734
227 132 29958
227 133 30182
227 134 30406
227 135 30502
227 136 30870
227 137 31094
227 138 31318
227 139 31542
227 140 31766
227 141 31990
227 142 32214
227 143 32310
227 144 32694
227 145 32886
227 146 33142
227 147 33334
227 148 33590
227 149 33782
227 150 34038
227 151 34102
227 152 34502
227 153 34694
227 154 34950
227 155 35142
227 156 35398
227 157 35590
227 158 35846
227 159 35910
227 160 36326
227 161 36454
227 162 36710
227 163 36902
227 164 37222
227 165 37350
227 166 37606
227 167 37670
227 168 38134
227 169 38262
227 170 38518
227 171 38710
227 172 39030
227 173 39158
227 174 39414
227 175 39478
227 176 39958
227 177 40118
227 178 40342
227 179 40566
227 180 40854
227 181 41014
227 182 41238
227 183 41334
227 184 41766
227 185 41926
227 186 42150
227 187 42374
227 188 42662
227 189 42822
227 190 43046
227 191 43142
227 192 43590
227 193 43814
227 194 44038
227 195 44262
227 196 44486
227 197 44710
227 198 44934
227 199 45030
227 200 45398
227 201 45622
227 202 45846
227 203 46070
227 204 46294
227 205 46518
227 206 46742
227 207 46838
227 208 47222
227 209 47414
227 210 47670
227 211 47862
227 212 48118
227 213 48310
227 214 48566
227 215 48630
227 216 49030
227 217 49222
227 218 49478
227 219 49670
227 220 49926
227 221 50118
227 222 50374
227 223 50438
227 224 50854
227 225 50982
227 226 51238
227 227 51430
227 228 51750
227 229 51878
227 230 52134
227 231 52198
227 232 52662
227 233 52790
227 234 53046
227 235 53238
227 236 53558
227 237 53686
227 238 53942
227 239 54006
227 240 54486
227 241 54646
227 242 54870
227 243 55094
227 244 55382
227 245 55542
227 246 55766
227 247 55862
227 248 56294
227 249 56454
227 250 56678
227 251 56902
227 252 57190
227 253 57350
227 254 57574
227 255 57670
228 0 6
228 1 358
228 2 582
228 3 678
228 4 1046
228 5 1142
228 6 1366
228 7 1462
228 8 1862
228 9 2182
228 10 2438
228 11 2502
228 12 2902
228 13 2966
228 14 3222
228 15 3286
228 16 3654
228 17 3942
228 18 4166
228 19 4262
228 20 4694
228 21 4726
228 22 4950
228 23 5046
228 24 5510
228 25 5766
228 26 6022
228 27 6086
228 28 6550
228 29 6550
228 30 6806
228 31 6870
228 32 7302
228 33 7526
228 34 7750
228 35 7974
228 36 8214
228 37 8438
228 38 8662
228 39 8758
228 40 9158
228 41 9350
228 42 9606
228 43 9798
228 44 10070
228 45 10262
228 46 10518
228 47 10582
228 48 10950
228 49 11110
228 50 11334
228 51 11558
228 52 11862
228 53 12022
228 54 12246
228 55 12342
228 56 12806
228 57 12934
228 58 13190
228 59 13382
228 60 13718
228 61 13846
228 62 14102
228 63 14166
228 64 14598
228 65 14950
228 66 15174
228 67 15270
228 68 15638
228 69 15734
228 70 15958
228 71 16054
228 72 16454
228 73 16774
228 74 17030
228 75 17094
228 76 17494
228 77 17558
228 78 17814
228 79 17878
228 80 18246
228 81 18534
228 82 18758
228 83 18854
228 84 19286
228 85 19318
228 86 19542
228 87 19638
228 88 20102
228 89 20358
228 90 20614
228 91 20678
228 92 21142
228 93 21142
228 94 21398
228 95 21462
228 96 21894
228 97 22118
228 98 22342
228 99 22566
228 100 22806
228 101 23030
228 102 23254
228 103 23350
228 104 23750
228 105 23942
228 106 24198
228 107 24390
228 108 24662
228 109 24854
228 110 25110
228 111 25174
228 112 25542
228 113 25702
228 114 25926
228 115 26150
228 116 26454
228 117 26614
228 118 26838
228 119 26934
228 120 27398
228 121 27526
228 122 27782
228 123 27974
228 124 28310
228 125 28438
228 126 28694
228 127 28758
228 128 29190
228 129 29542
228 130 29766
228 131 29862
228 132 30230
228 133 30326
228 134 30550
228 135 30646
228 136 31046
228 137 31366
228 138 31622
228 139 31686
228 140 32086
228 141 32150
228 142 32406
228 143 32470
228 144 32838
228 145 33126
228 146 33350
228 147 33446
228 148 33878
228 149 33910
228 150 34134
228 151 34230
228 152 34694
228 153 34950
228 154 35206
228 155 35270
228 156 35734
228 157 35734
228 158 35990
228 159 36054
228 160 36486
228 161 36710
228 162 36934
228 163 37158
228 164 37398
228 165 37622
228 166 37846
228 167 37942
228 168 38342
228 169 38534
228 170 38790
228 171 38982
228 172 39254
228 173 39446
228 174 39702
228 175 39766
228 176 40134
228 177 40294
228 178 40518
228 179 40742
228 180 41046
228 181 41206
228 182 41430
228 183 41526
228 184 41990
228 185 42118
228 186 42374
228 187 42566
228 188 42902
228 189 43030
228 190 43286
228 191 43350
228 192 43782
228 193 44134
228 194 44358
228 195 44454
228 196 44822
228 197 44918
228 198 45142
228 199 45238
228 200 45638
228 201 45958
228 202 46214
228 203 46278
228 204 46678
228 205 46742
228 206 46998
228 207 47062
228 208 47430
228 209 47718
228 210 47942
228 211 48038
228 212 48470
228 213 48502
228 214 48726
228 215 48822
228 216 49286
228 217 49542
228 218 49798
228 219 49862
228 220 50326
228 221 50326
228 222 50582
228 223 50646
228 224 51078
228 225 51302
228 226 51526
228 227 51750
228 228 51990
228 229 52214
228 230 52438
228 231 52534
228 232 52934
228 233 53126
228 234 53382
228 235 53574
228 236 53846
228 237 54038
228 238 54294
228 239 54358
228 240 54726
228 241 54886
228 242 55110
228 243 55334
228 244 55638
228 245 55798
228 246 56022
228 247 56118
228 248 56582
228 249 56710
228 250 56966
228 251 57158
228 252 57494
228 253 57622
228 254 57878
228 255 57942
229 0 6
229 1 358
229 2 582
229 3 678
229 4 1046
229 5 1142
229 6 1366
229 7 1462
229 8 1862
229 9 2182
229 10 2438
229 11 2502
229 12 2902
229 13 2966
229 14 3222
229 15 3286
229 16 3670
229 17 3958
229 18 4182
229 19 4278
229 20 4710
229 21 4742
229 22 4966
229 23 5062
229 24 5526
229 25 5782
229 26 6038
229 27 6102
229 28 6566
229 29 6566
229 30 6822
229 31 6886
229 32 7334
229 33 7526
229 34 7782
229 35 7974
229 36 8246
229 37 8438
229 38 8694
229 39 8758
229 40 9158
229 41 9350
229 42 9606
229 43 9798
229 44 10070
229 45 10262
229 46 10518
229 47 10582
229 48 10998
229 49 11126
229 50 11382
229 51 11574
229 52 11910
229 53 12038
229 54 12294
229 55 12358
229 56 12822
229 57 12950
229 58 13206
229 59 13398
229 60 13734
229 61 13862
229 62 14118
229 63 14182
229 64 14662
229 65 15014
229 66 15238
229 67 15334
229 68 15702
229 69 15798
229 70 16022
229 71 16118
229 72 16518
229 73 16838
229 74 17094
229 75 17158
229 76 17558
229 77 17622
229 78 17878
229 79 17942
229 80 18326
229 81 18614
229 82 18838
229 83 18934
229 84 19366
229 85 19398
229 86 19622
229 87 19718
229 88 20182
229 89 20438
229 90 20694
229 91 20758
229 92 21222
229 93 21222
229 94 21478
229 95 21542
229 96 21990
229 97 22182
229 98 22438
229 99 22630
229 100 22902
229 101 23094
229 102 23350
229 103 23414
229 104 23814
229 105 24006
229 106 24262
229 107 24454
229 108 24726
229 109 24918
229 110 25174
229 111 25238
229 112 25654
229 113 25782
229 114 26038
229 115 26230
229 116 26566
229 117 26694
229 118 26950
229 119 27014
229 120 27478
229 121 27606
229 122 27862
229 123 28054
229 124 28390
229 125 28518
229 126 28774
229 127 28838
229 128 29318
229 129 29542
229 130 29766
229 131 29990
229 132 30230
229 133 30454
229 134 30678
229 135 30774
229 136 31174
229 137 31366
229 138 31622
229 139 31814
229 140 32086
229 141 32278
229 142 32534
229 143 32598
229 144 32982
229 145 33142
229 146 33366
229 147 33590
229 148 33894
229 149 34054
229 150 34278
229 151 34374
229 152 34838
229 153 34966
229 154 35222
229 155 35414
229 156 35750
229 157 35878
229 158 36134
229 159 36198
229 160 36646
229 161 36838
229 162 37094
229 163 37286
229 164 37558
229 165 37750
229 166 38006
229 167 38070
229 168 38470
229 169 38662
229 170 38918
229 171 39110
229 172 39382
229 173 39574
229 174 39830
229 175 39894
229 176 40310
229 177 40438
229 178 40694
229 179 40886
229 180 41222
229 181 41350
229 182 41606
229 183 41670
229 184 42134
229 185 42262
229 186 42518
229 187 42710
229 188 43046
229 189 43174
229 190 43430
229 191 43494
229 192 43974
229 193 44198
229 194 44422
229 195 44646
229 196 44886
229 197 45110
229 198 45334
229 199 45430
229 200 45830
229 201 46022
229 202 46278
229 203 46470
229 204 46742
229 205 46934
229 206 47190
229 207 47254
229 208 47638
229 209 47798
229 210 48022
229 211 48246
229 212 48550
229 213 48710
229 214 48934
229 215 49030
229 216 49494
229 217 49622
229 218 49878
229 219 50070
229 220 50406
229 221 50534
229 222 50790
229 223 50854
229 224 51302
229 225 51494
229 226 51750
229 227 51942
229 228 52214
229 229 52406
229 230 52662
229 231 52726
229 232 53126
229 233 53318
229 234 53574
229 235 53766
229 236 54038
229 237 54230
229 238 54486
229 239 54550
229 240 54966
229 241 55094
229 242 55350
229 243 55542
229 244 55878
229 245 56006
229 246 56262
229 247 56326
229 248 56790
229 249 56918
229 250 57174
229 251 57366
229 252 57702
229 253 57830
229 254 58086
229 255 58150
230 0 6
230 1 358
230 2 582
230 3 678
230 4 1046
230 5 1142
230 6 1366
230 7 1462
230 8 1878
230 9 2198
230 10 2454
230 11 2518
230 12 2902
230 13 2966
230 14 3222
230 15 3286
230 16 3686
230 17 3942
230 18 4198
230 19 4262
230 20 4726
230 21 4726
230 22 4982
230 23 5046
230 24 5526
230 25 5782
230 26 6038
230 27 6102
230 28 6550
230 29 6550
230 30 6806
230 31 6870
230 32 7366
230 33 7526
230 34 7750
230 35 7974
230 36 8278
230 37 8438
230 38 8662
230 39 8758
230 40 9238
230 41 9366
230 42 9622
230 43 9814
230 44 10134
230 45 10262
230 46 10518
230 47 10582
230 48 11046
230 49 11174
230 50 11430
230 51 11622
230 52 11958
230 53 12086
230 54 12342
230 55 12406
230 56 12886
230 57 13014
230 58 13270
230 59 13462
230 60 13782
230 61 13910
230 62 14166
230 63 14230
230 64 14726
230 65 14950
230 66 15174
230 67 15398
230 68 15638
230 69 15862
230 70 16086
230 71 16182
230 72 16598
230 73 16790
230 74 17046
230 75 17238
230 76 17494
230 77 17686
230 78 17942
230 79 18006
230 80 18406
230 81 18534
230 82 18790
230 83 18982
230 84 19318
230 85 19446
230 86 19702
230 87 19766
230 88 20246
230 89 20374
230 90 20630
230 91 20822
230 92 21142
230 93 21270
230 94 21526
230 95 21590
230 96 22086
230 97 22246
230 98 22470
230 99 22694
230 100 22998
230 101 23158
230 102 23382
230 103 23478
230 104 23958
230 105 24086
230 106 24342
230 107 24534
230 108 24854
230 109 24982
230 110 25238
230 111 25302
230 112 25766
230 113 25894
230 114 26150
230 115 26342
230 116 26678
230 117 26806
230 118 27062
230 119 27126
230 120 27606
230 121 27734
230 122 27990
230 123 28182
230 124 28502
230 125 28630
230 126 28886
230 127 28950
230 128 29446
230 129 29798
230 130 30022
230 131 30118
230 132 30486
230 133 30582
230 134 30806
230 135 30902
230 136 31318
230 137 31638
230 138 31894
230 139 31958
230 140 32342
230 141 32406
230 142 32662
230 143 32726
230 144 33126
230 145 33382
230 146 33638
230 147 33702
230 148 34166
230 149 34166
230 150 34422
230 151 34486
230 152 34966
230 153 35222
230 154 35478
230 155 35542
230 156 35990
230 157 35990
230 158 36246
230 159 36310
230 160 36806
230 161 36966
230 162 37190
230 163 37414
230 164 37718
230 165 37878
230 166 38102
230 167 38198
230 168 38678
230 169 38806
230 170 39062
230 171 39254
230 172 39574
230 173 39702
230 174 39958
230 175 40022
230 176 40486
230 177 40614
230 178 40870
230 179 41062
230 180 41398
230 181 41526
230 182 41782
230 183 41846
230 184 42326
230 185 42454
230 186 42710
230 187 42902
230 188 43222
230 189 43350
230 190 43606
230 191 43670
230 192 44166
230 193 44390
230 194 44614
230 195 44838
230 196 45078
230 197 45302
230 198 45526
230 199 45622
230 200 46038
230 201 46230
230 202 46486
230 203 46678
230 204 46934
230 205 47126
230 206 47382
230 207 47446
230 208 47846
230 209 47974
230 210 48230
230 211 48422
230 212 48758
230 213 48886
230 214 49142
230 215 49206
230 216 49686
230 217 49814
230 218 50070
230 219 50262
230 220 50582
230 221 50710
230 222 50966
230 223 51030
230 224 51526
230 225 51686
230 226 51910
230 227 52134
230 228 52438
230 229 52598
230 230 52822
230 231 52918
230 232 53398
230 233 53526
230 234 53782
230 235 53974
230 236 54294
230 237 54422
230 238 54678
230 239 54742
230 240 55206
230 241 55334
230 242 55590
230 243 55782
230 244 56118
230 245 56246
230 246 56502
230 247 56566
230 248 57046
230 249 57174
230 250 57430
230 251 57622
230 252 57942
230 253 58070
230 254 58326
230 255 58390
231 0 6
231 1 358
231 2 582
231 3 678
231 4 1046
231 5 1142
231 6 1366
231 7 1462
231 8 1878
231 9 2198
231 10 2454
231 11 2518
231 12 2902
231 13 2966
231 14 3222
231 15 3286
231 16 3702
231 17 3958
231 18 4214
231 19 4278
231 20 4742
231 21 4742
231 22 4998
231 23 5062
231 24 5542
231 25 5798
231 26 6054
231 27 6118
231 28 6566
231 29 6566
231 30 6822
231 31 6886
231 32 7398
231 33 7526
231 34 7782
231 35 7974
231 36 8310
231 37 8438
231 38 8694
231 39 8758
231 40 9238
231 41 9366
231 42 9622
231 43 9814
231 44 10134
231 45 10262
231 46 10518
231 47 10582
231 48 11094
231 49 11254
231 50 11478
231 51 11702
231 52 12006
231 53 12166
231 54 12390
231 55 12486
231 56 12966
231 57 13094
231 58 13350
231 59 13542
231 60 13862
231 61 13990
231 62 14246
231 63 14310
231 64 14790
231 65 15014
231 66 15238
231 67 15462
231 68 15702
231 69 15926
231 70 16150
231 71 16246
231 72 16662
231 73 16854
231 74 17110
231 75 17302
231 76 17558
231 77 17750
231 78 18006
231 79 18070
231 80 18486
231 81 18614
231 82 18870
231 83 19062
231 84 19398
231 85 19526
231 86 19782
231 87 19846
231 88 20326
231 89 20454
231 90 20710
231 91 20902
231 92 21222
231 93 21350
231 94 21606
231 95 21670
231 96 22182
231 97 22310
231 98 22566
231 99 22758
231 100 23094
231 101 23222
231 102 23478
231 103 23542
231 104 24022
231 105 24150
231 106 24406
231 107 24598
231 108 24918
231 109 25046
231 110 25302
231 111 25366
231 112 25814
231 113 25974
231 114 26198
231 115 26422
231 116 26726
231 117 26886
231 118 27110
231 119 27206
231 120 27686
231 121 27814
231 122 28070
231 123 28262
231 124 28582
231 125 28710
231 126 28966
231 127 29030
231 128 29574
231 129 29798
231 130 30022
231 131 30246
231 132 30486
231 133 30710
231 134 30934
231 135 31030
231 136 31446
231 137 31638
231 138 31894
231 139 32086
231 140 32342
231 141 32534
231 142 32790
231 143 32854
231 144 33270
231 145 33398
231 146 33654
231 147 33846
231 148 34182
231 149 34310
231 150 34566
231 151 34630
231 152 35110
231 153 35238
231 154 35494
231 155 35686
231 156 36006
231 157 36134
231 158 36390
231 159 36454
231 160 36966
231 161 37094
231 162 37350
231 163 37542
231 164 37878
231 165 38006
231 166 38262
231 167 38326
231 168 38806
231 169 38934
231 170 39190
231 171 39382
231 172 39702
231 173 39830
231 174 40086
231 175 40150
231 176 40662
231 177 40822
231 178 41046
231 179 41270
231 180 41574
231 181 41734
231 182 41958
231 183 42054
231 184 42534
231 185 42662
231 186 42918
231 187 43110
231 188 43430
231 189 43558
231 190 43814
231 191 43878
231 192 44358
231 193 44582
231 194 44806
231 195 45030
231 196 45270
231 197 45494
231 198 45718
231 199 45814
231 200 46230
231 201 46422
231 202 46678
231 203 46870
231 204 47126
231 205 47318
231 206 47574
231 207 47638
231 208 48054
231 209 48182
231 210 48438
231 211 48630
231 212 48966
231 213 49094
231 214 49350
231 215 49414
231 216 49894
231 217 50022
231 218 50278
231 219 50470
231 220 50790
231 221 50918
231 222 51174
231 223 51238
231 224 51622
231 225 51750
231 226 52006
231 227 52198
231 228 52534
231 229 52662
231 230 52918
231 231 52982
231 232 53462
231 233 53590
231 234 53846
231 235 54038
231 236 54358
231 237 54486
231 238 54742
231 239 54806
231 240 55254
231 241 55414
231 242 55638
231 243 55862
231 244 56166
231 245 56326
231 246 56550
231 247 56646
231 248 57126
231 249 57254
231 250 57510
231 251 57702
231 252 58022
231 253 58150
231 254 58406
231 255 58470
232 0 6
232 1 358
232 2 646
232 3 710
232 4 1094
232 5 1158
232 6 1414
232 7 1510
232 8 1926
232 9 2214
232 10 2502
232 11 2502
232 12 3014
232 13 3014
232 14 3270
232 15 3302
232 16 3718
232 17 3942
232 18 4230
232 19 4422
232 20 4678
232 21 4870
232 22 5126
232 23 5222
232 24 5638
232 25 5798
232 26 6086
232 27 6214
232 28 6598
232 29 6726
232 30 6982
232 31 7014
232 32 7430
232 33 7782
232 34 8070
232 35 8134
232 36 8518
232 37 8582
232 38 8838
232 39 8934
232 40 9350
232 41 9638
232 42 9926
232 43 9926
232 44 10438
232 45 10438
232 46 10694
232 47 10726
232 48 11142
232 49 11366
232 50 11654
232 51 11846
232 52 12102
232 53 12294
232 54 12550
232 55 12646
232 56 13062
232 57 13222
232 58 13510
232 59 13638
232 60 14022
232 61 14150
232 62 14406
232 63 14438
232 64 14854
232 65 15206
232 66 15494
232 67 15558
232 68 15942
232 69 16006
232 70 16262
232 71 16358
232 72 16774
232 73 17062
232 74 17350
232 75 17350
232 76 17862
232 77 17862
232 78 18118
232 79 18150
232 80 18566
232 81 18790
232 82 19078
232 83 19270
232 84 19526
232 85 19718
232 86 19974
232 87 20070
232 88 20486
232 89 20646
232 90 20934
232 91 21062
232 92 21446
232 93 21574
232 94 21830
232 95 21862
232 96 22278
232 97 22630
232 98 22918
232 99 22982
232 100 23366
232 101 23430
232 102 23686
232 103 23782
232 104 24198
232 105 24486
232 106 24774
232 107 24774
232 108 25286
232 109 25286
232 110 25542
232 111 25574
232 112 25990
232 113 26214
232 114 26502
232 115 26694
232 116 26950
232 117 27142
232 118 27398
232 119 27494
232 120 27910
232 121 28070
232 122 28358
232 123 28486
232 124 28870
232 125 28998
232 126 29254
232 127 29286
232 128 29702
232 129 30054
232 130 30342
232 131 30406
232 132 30790
232 133 30854
232 134 31110
232 135 31206
232 136 31622
232 137 31910
232 138 32198
232 139 32198
232 140 32710
232 141 32710
232 142 32966
232 143 32998
232 144 33414
232 145 33638
232 146 33926
232 147 34118
232 148 34374
232 149 34566
232 150 34822
232 151 34918
232 152 35334
232 153 35494
232 154 35782
232 155 35910
232 156 36294
232 157 36422
232 158 36678
232 159 36710
232 160 37126
232 161 37478
232 162 37766
232 163 37830
232 164 38214
232 165 38278
232 166 38534
232 167 38630
232 168 39046
232 169 39334
232 170 39622
232 171 39622
232 172 40134
232 173 40134
232 174 40390
232 175 40422
232 176 40838
232 177 41062
232 178 41350
232 179 41542
232 180 41798
232 181 41990
232 182 42246
232 183 42342
232 184 42758
232 185 42918
232 186 43206
232 187 43334
232 188 43718
232 189 43846
232 190 44102
232 191 44134
232 192 44550
232 193 44902
232 194 45190
232 195 45254
232 196 45638
232 197 45702
232 198 45958
232 199 46054
232 200 46470
232 201 46758
232 202 47046
232 203 47046
232 204 47558
232 205 47558
232 206 47814
232 207 47846
232 208 48262
232 209 48486
232 210 48774
232 211 48966
232 212 49222
232 213 49414
232 214 49670
232 215 49766
232 216 50182
232 217 50342
232 218 50630
232 219 50758
232 220 51142
232 221 51270
232 222 51526
232 223 51558
232 224 51974
232 225 52326
232 226 52614
232 227 52678
232 228 53062
232 229 53126
232 230 53382
232 231 53478
232 232 53894
232 233 54182
232 234 54470
232 235 54470
232 236 54982
232 237 54982
232 238 55238
232 239 55270
232 240 55686
232 241 55910
232 242 56198
232 243 56390
232 244 56646
232 245 56838
232 246 57094
232 247 57190
232 248 57606
232 249 57766
232 250 58054
232 251 58182
232 252 58566
232 253 58694
232 254 58950
232 255 58982
233 0 6
233 1 358
233 2 646
233 3 710
233 4 1094
233 5 1158
233 6 1414
233 7 1510
233 8 1926
233 9 2214
233 10 2502
233 11 2502
233 12 3014
233 13 3014
233 14 3270
233 15 3302
233 16 3734
233 17 3958
233 18 4246
233 19 4438
233 20 4694
233 21 4886
233 22 5142
233 23 5238
233 24 5654
233 25 5814
233 26 6102
233 27 6230
233 28 6614
233 29 6742
233 30 6998
233 31 7030
233 32 7462
233 33 7782
233 34 8070
233 35 8134
233 36 8518
233 37 8582
233 38 8870
233 39 8934
233 40 9382
233 41 9638
233 42 9926
233 43 9926
233 44 10438
233 45 10438
233 46 10726
233 47 10726
233 48 11190
233 49 11382
233 50 11670
233 51 11862
233 52 12118
233 53 12310
233 54 12598
233 55 12662
233 56 13110
233 57 13238
233 58 13526
233 59 13654
233 60 14038
233 61 14166
233 62 14454
233 63 14454
233 64 14918
233 65 15270
233 66 15558
233 67 15622
233 68 16006
233 69 16070
233 70 16326
233 71 16422
233 72 16838
233 73 17126
233 74 17414
233 75 17414
233 76 17926
233 77 17926
233 78 18182
233 79 18214
233 80 18646
233 81 18870
233 82 19158
233 83 19350
233 84 19606
233 85 19798
233 86 20054
233 87 20150
233 88 20566
233 89 20726
233 90 21014
233 91 21142
233 92 21526
233 93 21654
233 94 21910
233 95 21942
233 96 22374
233 97 22694
233 98 22982
233 99 23046
233 100 23430
233 101 23494
233 102 23782
233 103 23846
233 104 24294
233 105 24550
233 106 24838
233 107 24838
233 108 25350
233 109 25350
233 110 25638
233 111 25638
233 112 26102
233 113 26294
233 114 26582
233 115 26774
233 116 27030
233 117 27222
233 118 27510
233 119 27574
233 120 28022
233 121 28150
233 122 28438
233 123 28566
233 124 28950
233 125 29078
233 126 29366
233 127 29366
233 128 29830
233 129 30054
233 130 30342
233 131 30534
233 132 30790
233 133 30982
233 134 31238
233 135 31334
233 136 31750
233 137 31910
233 138 32198
233 139 32326
233 140 32710
233 141 32838
233 142 33094
233 143 33126
233 144 33558
233 145 33782
233 146 34070
233 147 34262
233 148 34518
233 149 34710
233 150 34966
233 151 35062
233 152 35478
233 153 35638
233 154 35926
233 155 36054
233 156 36438
233 157 36566
233 158 36822
233 159 36854
233 160 37286
233 161 37478
233 162 37766
233 163 37958
233 164 38214
233 165 38406
233 166 38694
233 167 38758
233 168 39206
233 169 39334
233 170 39622
233 171 39750
233 172 40134
233 173 40262
233 174 40550
233 175 40550
233 176 41014
233 177 41206
233 178 41494
233 179 41686
233 180 41942
233 181 42134
233 182 42422
233 183 42486
233 184 42934
233 185 43062
233 186 43350
233 187 43478
233 188 43862
233 189 43990
233 190 44278
233 191 44278
233 192 44742
233 193 44966
233 194 45254
233 195 45446
233 196 45702
233 197 45894
233 198 46150
233 199 46246
233 200 46662
233 201 46822
233 202 47110
233 203 47238
233 204 47622
233 205 47750
233 206 48006
233 207 48038
233 208 48470
233 209 48694
233 210 48982
233 211 49174
233 212 49430
233 213 49622
233 214 49878
233 215 49974
233 216 50390
233 217 50550
233 218 50838
233 219 50966
233 220 51350
233 221 51478
233 222 51734
233 223 51766
233 224 52198
233 225 52390
233 226 52678
233 227 52870
233 228 53126
233 229 53318
233 230 53606
233 231 53670
233 232 54118
233 233 54246
233 234 54534
233 235 54662
233 236 55046
233 237 55174
233 238 55462
233 239 55462
233 240 55926
233 241 56118
233 242 56406
233 243 56598
233 244 56854
233 245 57046
233 246 57334
233 247 57398
233 248 57846
233 249 57974
233 250 58262
233 251 58390
233 252 58774
233 253 58902
233 254 59190
233 255 59190
234 0 6
234 1 358
234 2 646
234 3 710
234 4 1094
234 5 1158
234 6 1414
234 7 1510
234 8 1942
234 9 2230
234 10 2502
234 11 2502
234 12 3030
234 13 3030
234 14 3270
234 15 3302
234 16 3750
234 17 3942
234 18 4230
234 19 4422
234 20 4678
234 21 4870
234 22 5158
234 23 5222
234 24 5686
234 25 5814
234 26 6086
234 27 6214
234 28 6614
234 29 6742
234 30 7014
234 31 7014
234 32 7494
234 33 7782
234 34 8070
234 35 8134
234 36 8582
234 37 8582
234 38 8838
234 39 8934
234 40 9366
234 41 9654
234 42 9926
234 43 9926
234 44 10454
234 45 10454
234 46 10694
234 47 10726
234 48 11238
234 49 11366
234 50 11654
234 51 11846
234 52 12166
234 53 12294
234 54 12582
234 55 12646
234 56 13110
234 57 13238
234 58 13510
234 59 13638
234 60 14038
234 61 14166
234 62 14438
234 63 14438
234 64 14982
234 65 15206
234 66 15494
234 67 15686
234 68 15942
234 69 16134
234 70 16390
234 71 16486
234 72 16918
234 73 17078
234 74 17350
234 75 17478
234 76 17878
234 77 18006
234 78 18246
234 79 18278
234 80 18726
234 81 18918
234 82 19206
234 83 19398
234 84 19654
234 85 19846
234 86 20134
234 87 20198
234 88 20662
234 89 20790
234 90 21062
234 91 21190
234 92 21590
234 93 21718
234 94 21990
234 95 21990
234 96 22470
234 97 22630
234 98 22918
234 99 23110
234 100 23430
234 101 23558
234 102 23814
234 103 23910
234 104 24342
234 105 24502
234 106 24774
234 107 24902
234 108 25302
234 109 25430
234 110 25670
234 111 25702
234 112 26214
234 113 26342
234 114 26630
234 115 26822
234 116 27142
234 117 27270
234 118 27558
234 119 27622
234 120 28086
234 121 28214
234 122 28486
234 123 28614
234 124 29014
234 125 29142
234 126 29414
234 127 29414
234 128 29958
234 129 30310
234 130 30598
234 131 30662
234 132 31046
234 133 31110
234 134 31366
234 135 31462
234 136 31894
234 137 32182
234 138 32454
234 139 32454
234 140 32982
234 141 32982
234 142 33222
234 143 33254
234 144 33702
234 145 33894
234 146 34182
234 147 34374
234 148 34630
234 149 34822
234 150 35110
234 151 35174
234 152 35638
234 153 35766
234 154 36038
234 155 36166
234 156 36566
234 157 36694
234 158 36966
234 159 36966
234 160 37446
234 161 37734
234 162 38022
234 163 38086
234 164 38534
234 165 38534
234 166 38790
234 167 38886
234 168 39318
234 169 39606
234 170 39878
234 171 39878
234 172 40406
234 173 40406
234 174 40646
234 175 40678
234 176 41190
234 177 41318
234 178 41606
234 179 41798
234 180 42118
234 181 42246
234 182 42534
234 183 42598
234 184 43062
234 185 43190
234 186 43462
234 187 43590
234 188 43990
234 189 44118
234 190 44390
234 191 44390
234 192 44934
234 193 45158
234 194 45446
234 195 45638
234 196 45894
234 197 46086
234 198 46342
234 199 46438
234 200 46870
234 201 47030
234 202 47302
234 203 47430
234 204 47830
234 205 47958
234 206 48198
234 207 48230
234 208 48678
234 209 48870
234 210 49158
234 211 49350
234 212 49606
234 213 49798
234 214 50086
234 215 50150
234 216 50614
234 217 50742
234 218 51014
234 219 51142
234 220 51542
234 221 51670
234 222 51942
234 223 51942
234 224 52422
234 225 52582
234 226 52870
234 227 53062
234 228 53382
234 229 53510
234 230 53766
234 231 53862
234 232 54294
234 233 54454
234 234 54726
234 235 54854
234 236 55254
234 237 55382
234 238 55622
234 239 55654
234 240 56166
234 241 56294
234 242 56582
234 243 56774
234 244 57094
234 245 57222
234 246 57510
234 247 57574
234 248 58038
234 249 58166
234 250 58438
234 251 58566
234 252 58966
234 253 59094
234 254 59366
234 255 59366
235 0 6
235 1 358
235 2 646
235 3 710
235 4 1094
235 5 1158
235 6 1414
235 7 1510
235 8 1942
235 9 2230
235 10 2502
235 11 2502
235 12 3030
235 13 3030
235 14 3270
235 15 3302
235 16 3766
235 17 3958
235 18 4246
235 19 4438
235 20 4694
235 21 4886
235 22 5174
235 23 5238
235 24 5702
235 25 5830
235 26 6102
235 27 6230
235 28 6630
235 29 6758
235 30 7030
235 31 7030
235 32 7526
235 33 7782
235 34 8070
235 35 8134
235 36 8582
235 37 8582
235 38 8870
235 39 8934
235 40 9398
235 41 9654
235 42 9926
235 43 9926
235 44 10454
235 45 10454
235 46 10726
235 47 10726
235 48 11286
235 49 11446
235 50 11734
235 51 11926
235 52 12246
235 53 12374
235 54 12630
235 55 12726
235 56 13158
235 57 13318
235 58 13590
235 59 13718
235 60 14118
235 61 14246
235 62 14486
235 63 14518
235 64 15046
235 65 15270
235 66 15558
235 67 15750
235 68 16006
235 69 16198
235 70 16454
235 71 16550
235 72 16982
235 73 17142
235 74 17414
235 75 17542
235 76 17942
235 77 18070
235 78 18310
235 79 18342
235 80 18806
235 81 18998
235 82 19286
235 83 19478
235 84 19734
235 85 19926
235 86 20214
235 87 20278
235 88 20742
235 89 20870
235 90 21142
235 91 21270
235 92 21670
235 93 21798
235 94 22070
235 95 22070
235 96 22566
235 97 22694
235 98 22982
235 99 23174
235 100 23494
235 101 23622
235 102 23910
235 103 23974
235 104 24438
235 105 24566
235 106 24838
235 107 24966
235 108 25366
235 109 25494
235 110 25766
235 111 25766
235 112 26326
235 113 26486
235 114 26774
235 115 26966
235 116 27286
235 117 27414
235 118 27670
235 119 27766
235 120 28198
235 121 28358
235 122 28630
235 123 28758
235 124 29158
235 125 29286
235 126 29526
235 127 29558
235 128 30086
235 129 30310
235 130 30598
235 131 30790
235 132 31046
235 133 31238
235 134 31494
235 135 31590
235 136 32022
235 137 32182
235 138 32454
235 139 32582
235 140 32982
235 141 33110
235 142 33350
235 143 33382
235 144 33846
235 145 34038
235 146 34326
235 147 34518
235 148 34774
235 149 34966
235 150 35254
235 151 35318
235 152 35782
235 153 35910
235 154 36182
235 155 36310
235 156 36710
235 157 36838
235 158 37110
235 159 37110
235 160 37606
235 161 37734
235 162 38022
235 163 38214
235 164 38534
235 165 38662
235 166 38950
235 167 39014
235 168 39478
235 169 39606
235 170 39878
235 171 40006
235 172 40406
235 173 40534
235 174 40806
235 175 40806
235 176 41366
235 177 41526
235 178 41814
235 179 42006
235 180 42326
235 181 42454
235 182 42710
235 183 42806
235 184 43238
235 185 43398
235 186 43670
235 187 43798
235 188 44198
235 189 44326
235 190 44566
235 191 44598
235 192 45126
235 193 45350
235 194 45638
235 195 45830
235 196 46086
235 197 46278
235 198 46534
235 199 46630
235 200 47062
235 201 47222
235 202 47494
235 203 47622
235 204 48022
235 205 48150
235 206 48390
235 207 48422
235 208 48758
235 209 48950
235 210 49238
235 211 49430
235 212 49686
235 213 49878
235 214 50166
235 215 50230
235 216 50694
235 217 50822
235 218 51094
235 219 51222
235 220 51622
235 221 51750
235 222 52022
235 223 52022
235 224 52646
235 225 52774
235 226 53062
235 227 53254
235 228 53574
235 229 53702
235 230 53990
235 231 54054
235 232 54518
235 233 54646
235 234 54918
235 235 55046
235 236 55446
235 237 55574
235 238 55846
235 239 55846
235 240 56278
235 241 56438
235 242 56726
235 243 56918
235 244 57238
235 245 57366
235 246 57622
235 247 57718
235 248 58150
235 249 58310
235 250 58582
235 251 58710
235 252 59110
235 253 59238
235 254 59478
235 255 59510
236 0 6
236 1 358
236 2 646
236 3 710
236 4 1110
236 5 1174
236 6 1414
236 7 1510
236 8 1990
236 9 2246
236 10 2502
236 11 2534
236 12 3030
236 13 3030
236 14 3302
236 15 3302
236 16 3782
236 17 3942
236 18 4230
236 19 4422
236 20 4758
236 21 4886
236 22 5126
236 23 5222
236 24 5702
236 25 5830
236 26 6086
236 27 6246
236 28 6614
236 29 6742
236 30 7014
236 31 7014
236 32 7558
236 33 7782
236 34 8070
236 35 8262
236 36 8534
236 37 8726
236 38 8966
236 39 9062
236 40 9542
236 41 9670
236 42 9926
236 43 10086
236 44 10454
236 45 10582
236 46 10854
236 47 10854
236 48 11334
236 49 11494
236 50 11782
236 51 11974
236 52 12310
236 53 12438
236 54 12678
236 55 12774
236 56 13254
236 57 13382
236 58 13638
236 59 13798
236 60 14166
236 61 14294
236 62 14566
236 63 14566
236 64 15110
236 65 15462
236 66 15750
236 67 15814
236 68 16214
236 69 16278
236 70 16518
236 71 16614
236 72 17094
236 73 17350
236 74 17606
236 75 17638
236 76 18134
236 77 18134
236 78 18406
236 79 18406
236 80 18886
236 81 19046
236 82 19334
236 83 19526
236 84 19862
236 85 19990
236 86 20230
236 87 20326
236 88 20806
236 89 20934
236 90 21190
236 91 21350
236 92 21718
236 93 21846
236 94 22118
236 95 22118
236 96 22662
236 97 22886
236 98 23174
236 99 23366
236 100 23638
236 101 23830
236 102 24070
236 103 24166
236 104 24646
236 105 24774
236 106 25030
236 107 25190
236 108 25558
236 109 25686
236 110 25958
236 111 25958
236 112 26438
236 113 26598
236 114 26886
236 115 27078
236 116 27414
236 117 27542
236 118 27782
236 119 27878
236 120 28358
236 121 28486
236 122 28742
236 123 28902
236 124 29270
236 125 29398
236 126 29670
236 127 29670
236 128 30214
236 129 30566
236 130 30854
236 131 30918
236 132 31318
236 133 31382
236 134 31622
236 135 31718
236 136 32198
236 137 32454
236 138 32710
236 139 32742
236 140 33238
236 141 33238
236 142 33510
236 143 33510
236 144 33990
236 145 34150
236 146 34438
236 147 34630
236 148 34966
236 149 35094
236 150 35334
236 151 35430
236 152 35910
236 153 36038
236 154 36294
236 155 36454
236 156 36822
236 157 36950
236 158 37222
236 159 37222
236 160 37766
236 161 37990
236 162 38278
236 163 38470
236 164 38742
236 165 38934
236 166 39174
236 167 39270
236 168 39750
236 169 39878
236 170 40134
236 171 40294
236 172 40662
236 173 40790
236 174 41062
236 175 41062
236 176 41542
236 177 41702
236 178 41990
236 179 42182
236 180 42518
236 181 42646
236 182 42886
236 183 42982
236 184 43462
236 185 43590
236 186 43846
236 187 44006
236 188 44374
236 189 44502
236 190 44774
236 191 44774
236 192 45318
236 193 45670
236 194 45958
236 195 46022
236 196 46422
236 197 46486
236 198 46726
236 199 46822
236 200 47302
236 201 47558
236 202 47814
236 203 47846
236 204 48342
236 205 48342
236 206 48614
236 207 48614
236 208 49094
236 209 49254
236 210 49542
236 211 49734
236 212 50070
236 213 50198
236 214 50438
236 215 50534
236 216 51014
236 217 51142
236 218 51398
236 219 51558
236 220 51926
236 221 52054
236 222 52326
236 223 52326
236 224 52870
236 225 53094
236 226 53382
236 227 53574
236 228 53846
236 229 54038
236 230 54278
236 231 54374
236 232 54854
236 233 54982
236 234 55238
236 235 55398
236 236 55766
236 237 55894
236 238 56166
236 239 56166
236 240 56646
236 241 56806
236 242 57094
236 243 57286
236 244 57622
236 245 57750
236 246 57990
236 247 58086
236 248 58566
236 249 58694
236 250 58950
236 251 59110
236 252 59478
236 253 59606
236 254 59878
236 255 59878
237 0 6
237 1 358
237 2 646
237 3 710
237 4 1110
237 5 1174
237 6 1414
237 7 1510
237 8 1990
237 9 2246
237 10 2502
237 11 2534
237 12 3030
237 13 3030
237 14 3302
237 15 3302
237 16 3798
237 17 3958
237 18 4246
237 19 4438
237 20 4774
237 21 4902
237 22 5142
237 23 5238
237 24 5718
237 25 5846
237 26 6102
237 27 6262
237 28 6630
237 29 6758
237 30 7030
237 31 7030
237 32 7590
237 33 7782
237 34 8070
237 35 8262
237 36 8534
237 37 8726
237 38 8998
237 39 9062
237 40 9542
237 41 9670
237 42 9958
237 43 10086
237 44 10454
237 45 10582
237 46 10854
237 47 10854
237 48 11382
237 49 11510
237 50 11798
237 51 11990
237 52 12326
237 53 12454
237 54 12726
237 55 12790
237 56 13270
237 57 13398
237 58 13686
237 59 13814
237 60 14182
237 61 14310
237 62 14582
237 63 14582
237 64 15174
237 65 15526
237 66 15814
237 67 15878
237 68 16278
237 69 16342
237 70 16582
237 71 16678
237 72 17158
237 73 17414
237 74 17670
237 75 17702
237 76 18198
237 77 18198
237 78 18470
237 79 18470
237 80 18966
237 81 19126
237 82 19414
237 83 19606
237 84 19942
237 85 20070
237 86 20310
237 87 20406
237 88 20886
237 89 21014
237 90 21270
237 91 21430
237 92 21798
237 93 21926
237 94 22198
237 95 22198
237 96 22758
237 97 22950
237 98 23238
237 99 23430
237 100 23702
237 101 23894
237 102 24166
237 103 24230
237 104 24710
237 105 24838
237 106 25126
237 107 25254
237 108 25622
237 109 25750
237 110 26022
237 111 26022
237 112 26550
237 113 26678
237 114 26966
237 115 27158
237 116 27494
237 117 27622
237 118 27894
237 119 27958
237 120 28438
237 121 28566
237 122 28854
237 123 28982
237 124 29350
237 125 29478
237 126 29750
237 127 29750
237 128 30342
237 129 30566
237 130 30854
237 131 31046
237 132 31318
237 133 31510
237 134 31750
237 135 31846
237 136 32326
237 137 32454
237 138 32710
237 139 32870
237 140 33238
237 141 33366
237 142 33638
237 143 33638
237 144 34134
237 145 34294
237 146 34582
237 147 34774
237 148 35110
237 149 35238
237 150 35478
237 151 35574
237 152 36054
237 153 36182
237 154 36438
237 155 36598
237 156 36966
237 157 37094
237 158 37366
237 159 37366
237 160 37926
237 161 38118
237 162 38406
237 163 38598
237 164 38870
237 165 39062
237 166 39334
237 167 39398
237 168 39878
237 169 40006
237 170 40294
237 171 40422
237 172 40790
237 173 40918
237 174 41190
237 175 41190
237 176 41590
237 177 41718
237 178 42006
237 179 42198
237 180 42534
237 181 42662
237 182 42934
237 183 42998
237 184 43478
237 185 43606
237 186 43894
237 187 44022
237 188 44390
237 189 44518
237 190 44790
237 191 44790
237 192 45510
237 193 45734
237 194 46022
237 195 46214
237 196 46486
237 197 46678
237 198 46918
237 199 47014
237 200 47494
237 201 47622
237 202 47878
237 203 48038
237 204 48406
237 205 48534
237 206 48806
237 207 48806
237 208 49302
237 209 49462
237 210 49750
237 211 49942
237 212 50278
237 213 50406
237 214 50646
237 215 50742
237 216 51222
237 217 51350
237 218 51606
237 219 51766
237 220 52134
237 221 52262
237 222 52534
237 223 52534
237 224 53094
237 225 53286
237 226 53574
237 227 53766
237 228 54038
237 229 54230
237 230 54502
237 231 54566
237 232 55046
237 233 55174
237 234 55462
237 235 55590
237 236 55958
237 237 56086
237 238 56358
237 239 56358
237 240 56758
237 241 56886
237 242 57174
237 243 57366
237 244 57702
237 245 57830
237 246 58102
237 247 58166
237 248 58646
237 249 58774
237 250 59062
237 251 59190
237 252 59558
237 253 59686
237 254 59958
237 255 59958
238 0 6
238 1 358
238 2 646
238 3 710
238 4 1110
238 5 1174
238 6 1414
238 7 1510
238 8 2006
238 9 2262
238 10 2502
238 11 2534
238 12 3030
238 13 3030
238 14 3302
238 15 3302
238 16 3814
238 17 3942
238 18 4230
238 19 4422
238 20 4758
238 21 4886
238 22 5158
238 23 5222
238 24 5718
238 25 5846
238 26 6118
238 27 6246
238 28 6614
238 29 6742
238 30 7014
238 31 7014
238 32 7622
238 33 7782
238 34 8070
238 35 8262
238 36 8598
238 37 8726
238 38 8966
238 39 9062
238 40 9558
238 41 9686
238 42 9926
238 43 10086
238 44 10454
238 45 10582
238 46 10854
238 47 10854
238 48 11430
238 49 11558
238 50 11846
238 51 12038
238 52 12374
238 53 12502
238 54 12774
238 55 12838
238 56 13334
238 57 13462
238 58 13734
238 59 13862
238 60 14230
238 61 14358
238 62 14630
238 63 14630
238 64 15238
238 65 15462
238 66 15750
238 67 15942
238 68 16214
238 69 16406
238 70 16646
238 71 16742
238 72 17238
238 73 17366
238 74 17606
238 75 17766
238 76 18134
238 77 18262
238 78 18534
238 79 18534
238 80 19046
238 81 19174
238 82 19462
238 83 19654
238 84 19990
238 85 20118
238 86 20390
238 87 20454
238 88 20950
238 89 21078
238 90 21350
238 91 21478
238 92 21846
238 93 21974
238 94 22246
238 95 22246
238 96 22854
238 97 23014
238 98 23302
238 99 23494
238 100 23830
238 101 23958
238 102 24198
238 103 24294
238 104 24790
238 105 24918
238 106 25158
238 107 25318
238 108 25686
238 109 25814
238 110 26086
238 111 26086
238 112 26534
238 113 26662
238 114 26950
238 115 27142
238 116 27478
238 117 27606
238 118 27878
238 119 27942
238 120 28438
238 121 28566
238 122 28838
238 123 28966
238 124 29334
238 125 29462
238 126 29734
238 127 29734
238 128 30470
238 129 30822
238 130 31110
238 131 31174
238 132 31574
238 133 31638
238 134 31878
238 135 31974
238 136 32470
238 137 32726
238 138 32966
238 139 32998
238 140 33494
238 141 33494
238 142 33766
238 143 33766
238 144 34278
238 145 34406
238 146 34694
238 147 34886
238 148 35222
238 149 35350
238 150 35622
238 151 35686
238 152 36182
238 153 36310
238 154 36582
238 155 36710
238 156 37078
238 157 37206
238 158 37478
238 159 37478
238 160 38086
238 161 38246
238 162 38534
238 163 38726
238 164 39062
238 165 39190
238 166 39430
238 167 39526
238 168 40022
238 169 40150
238 170 40390
238 171 40550
238 172 40918
238 173 41046
238 174 41318
238 175 41318
238 176 41894
238 177 42022
238 178 42310
238 179 42502
238 180 42838
238 181 42966
238 182 43238
238 183 43302
238 184 43798
238 185 43926
238 186 44198
238 187 44326
238 188 44694
238 189 44822
238 190 45094
238 191 45094
238 192 45702
238 193 45926
238 194 46214
238 195 46406
238 196 46678
238 197 46870
238 198 47110
238 199 47206
238 200 47702
238 201 47830
238 202 48070
238 203 48230
238 204 48598
238 205 48726
238 206 48998
238 207 48998
238 208 49510
238 209 49638
238 210 49926
238 211 50118
238 212 50454
238 213 50582
238 214 50854
238 215 50918
238 216 51414
238 217 51542
238 218 51814
238 219 51942
238 220 52310
238 221 52438
238 222 52710
238 223 52710
238 224 53318
238 225 53478
238 226 53766
238 227 53958
238 228 54294
238 229 54422
238 230 54662
238 231 54758
238 232 55254
238 233 55382
238 234 55622
238 235 55782
238 236 56150
238 237 56278
238 238 56550
238 239 56550
238 240 56998
238 241 57126
238 242 57414
238 243 57606
238 244 57942
238 245 58070
238 246 58342
238 247 58406
238 248 58902
238 249 59030
238 250 59302
238 251 59430
238 252 59798
238 253 59926
238 254 60198
238 255 60198
239 0 6
239 1 358
239 2 646
239 3 710
239 4 1110
239 5 1174
239 6 1414
239 7 1510
239 8 2006
239 9 2262
239 10 2502
239 11 2534
239 12 3030
239 13 3030
239 14 3302
239 15 3302
239 16 3830
239 17 3958
239 18 4246
239 19 4438
239 20 4774
239 21 4902
239 22 5174
239 23 5238
239 24 5734
239 25 5862
239 26 6134
239 27 6262
239 28 6630
239 29 6758
239 30 7030
239 31 7030
239 32 7654
239 33 7782
239 34 8070
239 35 8262
239 36 8598
239 37 8726
239 38 8998
239 39 9062
239 40 9558
239 41 9686
239 42 9958
239 43 10086
239 44 10454
239 45 10582
239 46 10854
239 47 10854
239 48 11478
239 49 11638
239 50 11926
239 51 12118
239 52 12454
239 53 12582
239 54 12822
239 55 12918
239 56 13414
239 57 13542
239 58 13782
239 59 13942
239 60 14310
239 61 14438
239 62 14710
239 63 14710
239 64 15302
239 65 15526
239 66 15814
239 67 16006
239 68 16278
239 69 16470
239 70 16710
239 71 16806
239 72 17302
239 73 17430
239 74 17670
239 75 17830
239 76 18198
239 77 18326
239 78 18598
239 79 18598
239 80 19126
239 81 19254
239 82 19542
239 83 19734
239 84 20070
239 85 20198
239 86 20470
239 87 20534
239 88 21030
239 89 21158
239 90 21430
239 91 21558
239 92 21926
239 93 22054
239 94 22326
239 95 22326
239 96 22950
239 97 23078
239 98 23366
239 99 23558
239 100 23894
239 101 24022
239 102 24294
239 103 24358
239 104 24854
239 105 24982
239 106 25254
239 107 25382
239 108 25750
239 109 25878
239 110 26150
239 111 26150
239 112 26582
239 113 26742
239 114 27030
239 115 27222
239 116 27558
239 117 27686
239 118 27926
239 119 28022
239 120 28518
239 121 28646
239 122 28886
239 123 29046
239 124 29414
239 125 29542
239 126 29814
239 127 29814
239 128 30598
239 129 30822
239 130 31110
239 131 31302
239 132 31574
239 133 31766
239 134 32006
239 135 32102
239 136 32598
239 137 32726
239 138 32966
239 139 33126
239 140 33494
239 141 33622
239 142 33894
239 143 33894
239 144 34422
239 145 34550
239 146 34838
239 147 35030
239 148 35366
239 149 35494
239 150 35766
239 151 35830
239 152 36326
239 153 36454
239 154 36726
239 155 36854
239 156 37222
239 157 37350
239 158 37622
239 159 37622
239 160 38246
239 161 38374
239 162 38662
239 163 38854
239 164 39190
239 165 39318
239 166 39590
239 167 39654
239 168 40150
239 169 40278
239 170 40550
239 171 40678
239 172 41046
239 173 41174
239 174 41446
239 175 41446
239 176 41942
239 177 42102
239 178 42390
239 179 42582
239 180 42918
239 181 43046
239 182 43286
239 183 43382
239 184 43878
239 185 44006
239 186 44246
239 187 44406
239 188 44774
239 189 44902
239 190 45174
239 191 45174
239 192 45894
239 193 46118
239 194 46406
239 195 46598
239 196 46870
239 197 47062
239 198 47302
239 199 47398
239 200 47894
239 201 48022
239 202 48262
239 203 48422
239 204 48790
239 205 48918
239 206 49190
239 207 49190
239 208 49590
239 209 49718
239 210 50006
239 211 50198
239 212 50534
239 213 50662
239 214 50934
239 215 50998
239 216 51494
239 217 51622
239 218 51894
239 219 52022
239 220 52390
239 221 52518
239 222 52790
239 223 52790
239 224 53414
239 225 53542
239 226 53830
239 227 54022
239 228 54358
239 229 54486
239 230 54758
239 231 54822
239 232 55318
239 233 55446
239 234 55718
239 235 55846
239 236 56214
239 237 56342
239 238 56614
239 239 56614
239 240 57046
239 241 57206
239 242 57494
239 243 57686
239 244 58022
239 245 58150
239 246 58390
239 247 58486
239 248 58982
239 249 59110
239 250 59350
239 251 59510
239 252 59878
239 253 60006
239 254 60278
239 255 60278
240 0 6
240 1 390
240 2 614
240 3 742
240 4 1158
240 5 1222
240 6 1446
240 7 1510
240 8 2054
240 9 2182
240 10 2406
240 11 2534
240 12 2950
240 13 3014
240 14 3238
240 15 3302
240 16 3846
240 17 4230
240 18 4454
240 19 4582
240 20 4998
240 21 5062
240 22 5286
240 23 5350
240 24 5894
240 25 6022
240 26 6246
240 27 6374
240 28 6790
240 29 6854
240 30 7078
240 31 7142
240 32 7686
240 33 8070
240 34 8294
240 35 8422
240 36 8838
240 37 8902
240 38 9126
240 39 9190
240 40 9734
240 41 9862
240 42 10086
240 43 10214
240 44 10630
240 45 10694
240 46 10918
240 47 10982
240 48 11526
240 49 11910
240 50 12134
240 51 12262
240 52 12678
240 53 12742
240 54 12966
240 55 13030
240 56 13574
240 57 13702
240 58 13926
240 59 14054
240 60 14470
240 61 14534
240 62 14758
240 63 14822
240 64 15366
240 65 15750
240 66 15974
240 67 16102
240 68 16518
240 69 16582
240 70 16806
240 71 16870
240 72 17414
240 73 17542
240 74 17766
240 75 17894
240 76 18310
240 77 18374
240 78 18598
240 79 18662
240 80 19206
240 81 19590
240 82 19814
240 83 19942
240 84 20358
240 85 20422
240 86 20646
240 87 20710
240 88 21254
240 89 21382
240 90 21606
240 91 21734
240 92 22150
240 93 22214
240 94 22438
240 95 22502
240 96 23046
240 97 23430
240 98 23654
240 99 23782
240 100 24198
240 101 24262
240 102 24486
240 103 24550
240 104 25094
240 105 25222
240 106 25446
240 107 25574
240 108 25990
240 109 26054
240 110 26278
240 111 26342
240 112 26886
240 113 27270
240 114 27494
240 115 27622
240 116 28038
240 117 28102
240 118 28326
240 119 28390
240 120 28934
240 121 29062
240 122 29286
240 123 29414
240 124 29830
240 125 29894
240 126 30118
240 127 30182
240 128 30726
240 129 31110
240 130 31334
240 131 31462
240 132 31878
240 133 31942
240 134 32166
240 135 32230
240 136 32774
240 137 32902
240 138 33126
240 139 33254
240 140 33670
240 141 33734
240 142 33958
240 143 34022
240 144 34566
240 145 34950
240 146 35174
240 147 35302
240 148 35718
240 149 35782
240 150 36006
240 151 36070
240 152 36614
240 153 36742
240 154 36966
240 155 37094
240 156 37510
240 157 37574
240 158 37798
240 159 37862
240 160 38406
240 161 38790
240 162 39014
240 163 39142
240 164 39558
240 165 39622
240 166 39846
240 167 39910
240 168 40454
240 169 40582
240 170 40806
240 171 40934
240 172 41350
240 173 41414
240 174 41638
240 175 41702
240 176 42246
240 177 42630
240 178 42854
240 179 42982
240 180 43398
240 181 43462
240 182 43686
240 183 43750
240 184 44294
240 185 44422
240 186 44646
240 187 44774
240 188 45190
240 189 45254
240 190 45478
240 191 45542
240 192 46086
240 193 46470
240 194 46694
240 195 46822
240 196 47238
240 197 47302
240 198 47526
240 199 47590
240 200 48134
240 201 48262
240 202 48486
240 203 48614
240 204 49030
240 205 49094
240 206 49318
240 207 49382
240 208 49926
240 209 50310
240 210 50534
240 211 50662
240 212 51078
240 213 51142
240 214 51366
240 215 51430
240 216 51974
240 217 52102
240 218 52326
240 219 52454
240 220 52870
240 221 52934
240 222 53158
240 223 53222
240 224 53766
240 225 54150
240 226 54374
240 227 54502
240 228 54918
240 229 54982
240 230 55206
240 231 55270
240 232 55814
240 233 55942
240 234 56166
240 235 56294
240 236 56710
240 237 56774
240 238 56998
240 239 57062
240 240 57606
240 241 57990
240 242 58214
240 243 58342
240 244 58758
240 245 58822
240 246 59046
240 247 59110
240 248 59654
240 249 59782
240 250 60006
240 251 60134
240 252 60550
240 253 60614
240 254 60838
240 255 60902
241 0 6
241 1 390
241 2 614
241 3 742
241 4 1158
241 5 1222
241 6 1446
241 7 1510
241 8 2054
241 9 2182
241 10 2406
241 11 2534
241 12 2950
241 13 3014
241 14 3238
241 15 3302
241 16 3862
241 17 4246
241 18 4470
241 19 4598
241 20 5014
241 21 5078
241 22 5302
241 23 5366
241 24 5910
241 25 6038
241 26 6262
241 27 6390
241 28 6806
241 29 6870
241 30 7094
241 31 7158
241 32 7718
241 33 8070
241 34 8294
241 35 8422
241 36 8870
241 37 8902
241 38 9126
241 39 9190
241 40 9766
241 41 9862
241 42 10086
241 43 10214
241 44 10662
241 45 10694
241 46 10918
241 47 10982
241 48 11574
241 49 11926
241 50 12150
241 51 12278
241 52 12726
241 53 12758
241 54 12982
241 55 13046
241 56 13622
241 57 13718
241 58 13942
241 59 14070
241 60 14518
241 61 14550
241 62 14774
241 63 14838
241 64 15430
241 65 15814
241 66 16038
241 67 16166
241 68 16582
241 69 16646
241 70 16870
241 71 16934
241 72 17478
241 73 17606
241 74 17830
241 75 17958
241 76 18374
241 77 18438
241 78 18662
241 79 18726
241 80 19286
241 81 19670
241 82 19894
241 83 20022
241 84 20438
241 85 20502
241 86 20726
241 87 20790
241 88 21334
241 89 21462
241 90 21686
241 91 21814
241 92 22230
241 93 22294
241 94 22518
241 95 22582
241 96 23142
241 97 23494
241 98 23718
241 99 23846
241 100 24294
241 101 24326
241 102 24550
241 103 24614
241 104 25190
241 105 25286
241 106 25510
241 107 25638
241 108 26086
241 109 26118
241 110 26342
241 111 26406
241 112 26998
241 113 27350
241 114 27574
241 115 27702
241 116 28150
241 117 28182
241 118 28406
241 119 28470
241 120 29046
241 121 29142
241 122 29366
241 123 29494
241 124 29942
241 125 29974
241 126 30198
241 127 30262
241 128 30854
241 129 31110
241 130 31334
241 131 31590
241 132 31878
241 133 32070
241 134 32294
241 135 32358
241 136 32774
241 137 33030
241 138 33254
241 139 33382
241 140 33798
241 141 33862
241 142 34086
241 143 34150
241 144 34710
241 145 34966
241 146 35190
241 147 35446
241 148 35734
241 149 35926
241 150 36150
241 151 36214
241 152 36630
241 153 36886
241 154 37110
241 155 37238
241 156 37654
241 157 37718
241 158 37942
241 159 38006
241 160 38566
241 161 38790
241 162 39014
241 163 39270
241 164 39590
241 165 39750
241 166 39974
241 167 40038
241 168 40486
241 169 40710
241 170 40934
241 171 41062
241 172 41510
241 173 41542
241 174 41766
241 175 41830
241 176 42422
241 177 42646
241 178 42870
241 179 43126
241 180 43446
241 181 43606
241 182 43830
241 183 43894
241 184 44342
241 185 44566
241 186 44790
241 187 44918
241 188 45366
241 189 45398
241 190 45622
241 191 45686
241 192 46278
241 193 46534
241 194 46758
241 195 47014
241 196 47302
241 197 47494
241 198 47718
241 199 47782
241 200 48198
241 201 48454
241 202 48678
241 203 48806
241 204 49222
241 205 49286
241 206 49510
241 207 49574
241 208 50134
241 209 50390
241 210 50614
241 211 50870
241 212 51158
241 213 51350
241 214 51574
241 215 51638
241 216 52054
241 217 52310
241 218 52534
241 219 52662
241 220 53078
241 221 53142
241 222 53366
241 223 53430
241 224 53990
241 225 54214
241 226 54438
241 227 54694
241 228 55014
241 229 55174
241 230 55398
241 231 55462
241 232 55910
241 233 56134
241 234 56358
241 235 56486
241 236 56934
241 237 56966
241 238 57190
241 239 57254
241 240 57846
241 241 58070
241 242 58294
241 243 58550
241 244 58870
241 245 59030
241 246 59254
241 247 59318
241 248 59766
241 249 59990
241 250 60214
241 251 60342
241 252 60790
241 253 60822
241 254 61046
241 255 61110
242 0 6
242 1 390
242 2 614
242 3 742
242 4 1158
242 5 1222
242 6 1446
242 7 1510
242 8 2070
242 9 2182
242 10 2422
242 11 2534
242 12 2966
242 13 3014
242 14 3254
242 15 3302
242 16 3878
242 17 4230
242 18 4454
242 19 4582
242 20 5030
242 21 5062
242 22 5286
242 23 5350
242 24 5942
242 25 6022
242 26 6262
242 27 6374
242 28 6838
242 29 6854
242 30 7094
242 31 7142
242 32 7750
242 33 8070
242 34 8294
242 35 8422
242 36 8838
242 37 8902
242 38 9126
242 39 9190
242 40 9814
242 41 9862
242 42 10102
242 43 10214
242 44 10646
242 45 10694
242 46 10934
242 47 10982
242 48 11622
242 49 11910
242 50 12134
242 51 12262
242 52 12710
242 53 12742
242 54 12966
242 55 13030
242 56 13686
242 57 13702
242 58 13942
242 59 14054
242 60 14518
242 61 14534
242 62 14774
242 63 14822
242 64 15494
242 65 15750
242 66 15974
242 67 16230
242 68 16518
242 69 16710
242 70 16934
242 71 16998
242 72 17430
242 73 17670
242 74 17910
242 75 18022
242 76 18454
242 77 18502
242 78 18742
242 79 18790
242 80 19366
242 81 19590
242 82 19814
242 83 20070
242 84 20390
242 85 20550
242 86 20774
242 87 20838
242 88 21302
242 89 21510
242 90 21750
242 91 21862
242 92 22326
242 93 22342
242 94 22582
242 95 22630
242 96 23238
242 97 23430
242 98 23654
242 99 23910
242 100 24198
242 101 24390
242 102 24614
242 103 24678
242 104 25174
242 105 25350
242 106 25590
242 107 25702
242 108 26134
242 109 26182
242 110 26422
242 111 26470
242 112 27110
242 113 27270
242 114 27494
242 115 27750
242 116 28070
242 117 28230
242 118 28454
242 119 28518
242 120 29046
242 121 29190
242 122 29430
242 123 29542
242 124 30006
242 125 30022
242 126 30262
242 127 30310
242 128 30982
242 129 31366
242 130 31590
242 131 31718
242 132 32134
242 133 32198
242 134 32422
242 135 32486
242 136 33046
242 137 33158
242 138 33398
242 139 33510
242 140 33942
242 141 33990
242 142 34230
242 143 34278
242 144 34854
242 145 35206
242 146 35430
242 147 35558
242 148 36006
242 149 36038
242 150 36262
242 151 36326
242 152 36918
242 153 36998
242 154 37238
242 155 37350
242 156 37814
242 157 37830
242 158 38070
242 159 38118
242 160 38726
242 161 39046
242 162 39270
242 163 39398
242 164 39814
242 165 39878
242 166 40102
242 167 40166
242 168 40790
242 169 40838
242 170 41078
242 171 41190
242 172 41622
242 173 41670
242 174 41910
242 175 41958
242 176 42598
242 177 42886
242 178 43110
242 179 43238
242 180 43686
242 181 43718
242 182 43942
242 183 44006
242 184 44662
242 185 44678
242 186 44918
242 187 45030
242 188 45494
242 189 45510
242 190 45750
242 191 45798
242 192 46470
242 193 46726
242 194 46950
242 195 47206
242 196 47494
242 197 47686
242 198 47910
242 199 47974
242 200 48406
242 201 48646
242 202 48886
242 203 48998
242 204 49430
242 205 49478
242 206 49718
242 207 49766
242 208 50342
242 209 50566
242 210 50790
242 211 51046
242 212 51366
242 213 51526
242 214 51750
242 215 51814
242 216 52278
242 217 52486
242 218 52726
242 219 52838
242 220 53302
242 221 53318
242 222 53558
242 223 53606
242 224 54214
242 225 54406
242 226 54630
242 227 54886
242 228 55174
242 229 55366
242 230 55590
242 231 55654
242 232 56150
242 233 56326
242 234 56566
242 235 56678
242 236 57110
242 237 57158
242 238 57398
242 239 57446
242 240 58086
242 241 58246
242 242 58470
242 243 58726
242 244 59046
242 245 59206
242 246 59430
242 247 59494
242 248 60022
242 249 60166
242 250 60406
242 251 60518
242 252 60982
242 253 60998
242 254 61238
242 255 61286
243 0 6
243 1 390
243 2 614
243 3 742
243 4 1158
243 5 1222
243 6 1446
243 7 1510
243 8 2070
243 9 2182
243 10 2422
243 11 2534
243 12 2966
243 13 3014
243 14 3254
243 15 3302
243 16 3894
243 17 4246
243 18 4470
243 19 4598
243 20 5046
243 21 5078
243 22 5302
243 23 5366
243 24 5958
243 25 6038
243 26 6278
243 27 6390
243 28 6854
243 29 6870
243 30 7110
243 31 7158
243 32 7782
243 33 8070
243 34 8294
243 35 8422
243 36 8870
243 37 8902
243 38 9126
243 39 9190
243 40 9846
243 41 9862
243 42 10102
243 43 10214
243 44 10678
243 45 10694
243 46 10934
243 47 10982
243 48 11670
243 49 11990
243 50 12214
243 51 12342
243 52 12758
243 53 12822
243 54 13046
243 55 13110
243 56 13734
243 57 13782
243 58 14022
243 59 14134
243 60 14566
243 61 14614
243 62 14854
243 63 14902
243 64 15558
243 65 15814
243 66 16038
243 67 16294
243 68 16582
243 69 16774
243 70 16998
243 71 17062
243 72 17494
243 73 17734
243 74 17974
243 75 18086
243 76 18518
243 77 18566
243 78 18806
243 79 18854
243 80 19446
243 81 19670
243 82 19894
243 83 20150
243 84 20470
243 85 20630
243 86 20854
243 87 20918
243 88 21382
243 89 21590
243 90 21830
243 91 21942
243 92 22406
243 93 22422
243 94 22662
243 95 22710
243 96 23334
243 97 23494
243 98 23718
243 99 23974
243 100 24294
243 101 24454
243 102 24678
243 103 24742
243 104 25270
243 105 25414
243 106 25654
243 107 25766
243 108 26230
243 109 26246
243 110 26486
243 111 26534
243 112 27222
243 113 27414
243 114 27638
243 115 27894
243 116 28182
243 117 28374
243 118 28598
243 119 28662
243 120 29158
243 121 29334
243 122 29574
243 123 29686
243 124 30118
243 125 30166
243 126 30406
243 127 30454
243 128 31110
243 129 31366
243 130 31590
243 131 31846
243 132 32134
243 133 32326
243 134 32550
243 135 32614
243 136 33046
243 137 33286
243 138 33526
243 139 33638
243 140 34070
243 141 34118
243 142 34358
243 143 34406
243 144 34998
243 145 35222
243 146 35446
243 147 35702
243 148 36022
243 149 36182
243 150 36406
243 151 36470
243 152 36934
243 153 37142
243 154 37382
243 155 37494
243 156 37958
243 157 37974
243 158 38214
243 159 38262
243 160 38886
243 161 39046
243 162 39270
243 163 39526
243 164 39846
243 165 40006
243 166 40230
243 167 40294
243 168 40822
243 169 40966
243 170 41206
243 171 41318
243 172 41782
243 173 41798
243 174 42038
243 175 42086
243 176 42774
243 177 42966
243 178 43190
243 179 43446
243 180 43734
243 181 43926
243 182 44150
243 183 44214
243 184 44710
243 185 44886
243 186 45126
243 187 45238
243 188 45670
243 189 45718
243 190 45958
243 191 46006
243 192 46662
243 193 46918
243 194 47142
243 195 47398
243 196 47686
243 197 47878
243 198 48102
243 199 48166
243 200 48598
243 201 48838
243 202 49078
243 203 49190
243 204 49622
243 205 49670
243 206 49910
243 207 49958
243 208 50550
243 209 50774
243 210 50998
243 211 51254
243 212 51574
243 213 51734
243 214 51958
243 215 52022
243 216 52486
243 217 52694
243 218 52934
243 219 53046
243 220 53510
243 221 53526
243 222 53766
243 223 53814
243 224 54438
243 225 54598
243 226 54822
243 227 55078
243 228 55398
243 229 55558
243 230 55782
243 231 55846
243 232 56374
243 233 56518
243 234 56758
243 235 56870
243 236 57334
243 237 57350
243 238 57590
243 239 57638
243 240 58326
243 241 58518
243 242 58742
243 243 58998
243 244 59286
243 245 59478
243 246 59702
243 247 59766
243 248 60262
243 249 60438
243 250 60678
243 251 60790
243 252 61222
243 253 61270
243 254 61510
243 255 61558
244 0 6
244 1 390
244 2 614
244 3 742
244 4 1174
244 5 1222
244 6 1462
244 7 1510
244 8 2118
244 9 2214
244 10 2438
244 11 2534
244 12 3030
244 13 3046
244 14 3286
244 15 3302
244 16 3910
244 17 4230
244 18 4454
244 19 4582
244 20 5014
244 21 5062
244 22 5302
244 23 5350
244 24 6022
244 25 6054
244 26 6278
244 27 6374
244 28 6870
244 29 6886
244 30 7126
244 31 7142
244 32 7814
244 33 8070
244 34 8294
244 35 8550
244 36 8854
244 37 9030
244 38 9270
244 39 9318
244 40 9798
244 41 10022
244 42 10246
244 43 10342
244 44 10838
244 45 10854
244 46 11094
244 47 11110
244 48 11718
244 49 11910
244 50 12134
244 51 12390
244 52 12694
244 53 12870
244 54 13110
244 55 13158
244 56 13702
244 57 13862
244 58 14086
244 59 14182
244 60 14678
244 61 14694
244 62 14934
244 63 14950
244 64 15622
244 65 16006
244 66 16230
244 67 16358
244 68 16790
244 69 16838
244 70 17078
244 71 17126
244 72 17734
244 73 17830
244 74 18054
244 75 18150
244 76 18646
244 77 18662
244 78 18902
244 79 18918
244 80 19526
244 81 19846
244 82 20070
244 83 20198
244 84 20630
244 85 20678
244 86 20918
244 87 20966
244 88 21638
244 89 21670
244 90 21894
244 91 21990
244 92 22486
244 93 22502
244 94 22742
244 95 22758
244 96 23430
244 97 23686
244 98 23910
244 99 24166
244 100 24470
244 101 24646
244 102 24886
244 103 24934
244 104 25414
244 105 25638
244 106 25862
244 107 25958
244 108 26454
244 109 26470
244 110 26710
244 111 26726
244 112 27334
244 113 27526
244 114 27750
244 115 28006
244 116 28310
244 117 28486
244 118 28726
244 119 28774
244 120 29318
244 121 29478
244 122 29702
244 123 29798
244 124 30294
244 125 30310
244 126 30550
244 127 30566
244 128 31238
244 129 31622
244 130 31846
244 131 31974
244 132 32406
244 133 32454
244 134 32694
244 135 32742
244 136 33350
244 137 33446
244 138 33670
244 139 33766
244 140 34262
244 141 34278
244 142 34518
244 143 34534
244 144 35142
244 145 35462
244 146 35686
244 147 35814
244 148 36246
244 149 36294
244 150 36534
244 151 36582
244 152 37254
244 153 37286
244 154 37510
244 155 37606
244 156 38102
244 157 38118
244 158 38358
244 159 38374
244 160 39046
244 161 39302
244 162 39526
244 163 39782
244 164 40086
244 165 40262
244 166 40502
244 167 40550
244 168 41030
244 169 41254
244 170 41478
244 171 41574
244 172 42070
244 173 42086
244 174 42326
244 175 42342
244 176 42950
244 177 43142
244 178 43366
244 179 43622
244 180 43926
244 181 44102
244 182 44342
244 183 44390
244 184 44934
244 185 45094
244 186 45318
244 187 45414
244 188 45910
244 189 45926
244 190 46166
244 191 46182
244 192 46854
244 193 47238
244 194 47462
244 195 47590
244 196 48022
244 197 48070
244 198 48310
244 199 48358
244 200 48966
244 201 49062
244 202 49286
244 203 49382
244 204 49878
244 205 49894
244 206 50134
244 207 50150
244 208 50758
244 209 51078
244 210 51302
244 211 51430
244 212 51862
244 213 51910
244 214 52150
244 215 52198
244 216 52870
244 217 52902
244 218 53126
244 219 53222
244 220 53718
244 221 53734
244 222 53974
244 223 53990
244 224 54662
244 225 54918
244 226 55142
244 227 55398
244 228 55702
244 229 55878
244 230 56118
244 231 56166
244 232 56646
244 233 56870
244 234 57094
244 235 57190
244 236 57686
244 237 57702
244 238 57942
244 239 57958
244 240 58566
244 241 58758
244 242 58982
244 243 59238
244 244 59542
244 245 59718
244 246 59958
244 247 60006
244 248 60550
244 249 60710
244 250 60934
244 251 61030
244 252 61526
244 253 61542
244 254 61782
244 255 61798
245 0 6
245 1 390
245 2 614
245 3 742
245 4 1174
245 5 1222
245 6 1462
245 7 1510
245 8 2118
245 9 2214
245 10 2438
245 11 2534
245 12 3030
245 13 3046
245 14 3286
245 15 3302
245 16 3926
245 17 4246
245 18 4470
245 19 4598
245 20 5030
245 21 5078
245 22 5318
245 23 5366
245 24 6038
245 25 6070
245 26 6294
245 27 6390
245 28 6886
245 29 6902
245 30 7142
245 31 7158
245 32 7846
245 33 8070
245 34 8294
245 35 8550
245 36 8886
245 37 9030
245 38 9270
245 39 9318
245 40 9798
245 41 10022
245 42 10246
245 43 10342
245 44 10838
245 45 10854
245 46 11094
245 47 11110
245 48 11766
245 49 11926
245 50 12150
245 51 12406
245 52 12742
245 53 12886
245 54 13126
245 55 13174
245 56 13718
245 57 13878
245 58 14102
245 59 14198
245 60 14694
245 61 14710
245 62 14950
245 63 14966
245 64 15686
245 65 16070
245 66 16294
245 67 16422
245 68 16854
245 69 16902
245 70 17142
245 71 17190
245 72 17798
245 73 17894
245 74 18118
245 75 18214
245 76 18710
245 77 18726
245 78 18966
245 79 18982
245 80 19606
245 81 19926
245 82 20150
245 83 20278
245 84 20710
245 85 20758
245 86 20998
245 87 21046
245 88 21718
245 89 21750
245 90 21974
245 91 22070
245 92 22566
245 93 22582
245 94 22822
245 95 22838
245 96 23526
245 97 23750
245 98 23974
245 99 24230
245 100 24566
245 101 24710
245 102 24950
245 103 24998
245 104 25478
245 105 25702
245 106 25926
245 107 26022
245 108 26518
245 109 26534
245 110 26774
245 111 26790
245 112 27446
245 113 27606
245 114 27830
245 115 28086
245 116 28422
245 117 28566
245 118 28806
245 119 28854
245 120 29398
245 121 29558
245 122 29782
245 123 29878
245 124 30374
245 125 30390
245 126 30630
245 127 30646
245 128 31366
245 129 31622
245 130 31846
245 131 32102
245 132 32406
245 133 32582
245 134 32822
245 135 32870
245 136 33350
245 137 33574
245 138 33798
245 139 33894
245 140 34390
245 141 34406
245 142 34646
245 143 34662
245 144 35286
245 145 35478
245 146 35702
245 147 35958
245 148 36262
245 149 36438
245 150 36678
245 151 36726
245 152 37270
245 153 37430
245 154 37654
245 155 37750
245 156 38246
245 157 38262
245 158 38502
245 159 38518
245 160 39206
245 161 39430
245 162 39654
245 163 39910
245 164 40246
245 165 40390
245 166 40630
245 167 40678
245 168 41158
245 169 41382
245 170 41606
245 171 41702
245 172 42198
245 173 42214
245 174 42454
245 175 42470
245 176 43126
245 177 43286
245 178 43510
245 179 43766
245 180 44102
245 181 44246
245 182 44486
245 183 44534
245 184 45078
245 185 45238
245 186 45462
245 187 45558
245 188 46054
245 189 46070
245 190 46310
245 191 46326
245 192 47046
245 193 47302
245 194 47526
245 195 47782
245 196 48086
245 197 48262
245 198 48502
245 199 48550
245 200 49030
245 201 49254
245 202 49478
245 203 49574
245 204 50070
245 205 50086
245 206 50326
245 207 50342
245 208 50966
245 209 51158
245 210 51382
245 211 51638
245 212 51942
245 213 52118
245 214 52358
245 215 52406
245 216 52950
245 217 53110
245 218 53334
245 219 53430
245 220 53926
245 221 53942
245 222 54182
245 223 54198
245 224 54886
245 225 55110
245 226 55334
245 227 55590
245 228 55926
245 229 56070
245 230 56310
245 231 56358
245 232 56838
245 233 57062
245 234 57286
245 235 57382
245 236 57878
245 237 57894
245 238 58134
245 239 58150
245 240 58806
245 241 58966
245 242 59190
245 243 59446
245 244 59782
245 245 59926
245 246 60166
245 247 60214
245 248 60758
245 249 60918
245 250 61142
245 251 61238
245 252 61734
245 253 61750
245 254 61990
245 255 62006
246 0 6
246 1 390
246 2 614
246 3 742
246 4 1174
246 5 1222
246 6 1462
246 7 1510
246 8 2134
246 9 2214
246 10 2454
246 11 2534
246 12 3030
246 13 3046
246 14 3286
246 15 3302
246 16 3942
246 17 4230
246 18 4454
246 19 4582
246 20 5046
246 21 5062
246 22 5302
246 23 5350
246 24 6038
246 25 6054
246 26 6294
246 27 6374
246 28 6870
246 29 6886
246 30 7126
246 31 7142
246 32 7878
246 33 8070
246 34 8294
246 35 8550
246 36 8854
246 37 9030
246 38 9270
246 39 9318
246 40 9878
246 41 10022
246 42 10262
246 43 10342
246 44 10838
246 45 10854
246 46 11094
246 47 11110
246 48 11814
246 49 11974
246 50 12198
246 51 12454
246 52 12790
246 53 12934
246 54 13174
246 55 13222
246 56 13782
246 57 13926
246 58 14166
246 59 14246
246 60 14742
246 61 14758
246 62 14998
246 63 15014
246 64 15750
246 65 16006
246 66 16230
246 67 16486
246 68 16790
246 69 16966
246 70 17206
246 71 17254
246 72 17750
246 73 17958
246 74 18198
246 75 18278
246 76 18774
246 77 18790
246 78 19030
246 79 19046
246 80 19686
246 81 19846
246 82 20070
246 83 20326
246 84 20662
246 85 20806
246 86 21046
246 87 21094
246 88 21654
246 89 21798
246 90 22038
246 91 22118
246 92 22614
246 93 22630
246 94 22870
246 95 22886
246 96 23622
246 97 23814
246 98 24038
246 99 24294
246 100 24598
246 101 24774
246 102 25014
246 103 25062
246 104 25622
246 105 25766
246 106 26006
246 107 26086
246 108 26582
246 109 26598
246 110 26838
246 111 26854
246 112 27558
246 113 27718
246 114 27942
246 115 28198
246 116 28534
246 117 28678
246 118 28918
246 119 28966
246 120 29526
246 121 29670
246 122 29910
246 123 29990
246 124 30486
246 125 30502
246 126 30742
246 127 30758
246 128 31494
246 129 31878
246 130 32102
246 131 32230
246 132 32662
246 133 32710
246 134 32950
246 135 32998
246 136 33622
246 137 33702
246 138 33942
246 139 34022
246 140 34518
246 141 34534
246 142 34774
246 143 34790
246 144 35430
246 145 35718
246 146 35942
246 147 36070
246 148 36534
246 149 36550
246 150 36790
246 151 36838
246 152 37526
246 153 37542
246 154 37782
246 155 37862
246 156 38358
246 157 38374
246 158 38614
246 159 38630
246 160 39366
246 161 39558
246 162 39782
246 163 40038
246 164 40342
246 165 40518
246 166 40758
246 167 40806
246 168 41366
246 169 41510
246 170 41750
246 171 41830
246 172 42326
246 173 42342
246 174 42582
246 175 42598
246 176 43302
246 177 43462
246 178 43686
246 179 43942
246 180 44278
246 181 44422
246 182 44662
246 183 44710
246 184 45270
246 185 45414
246 186 45654
246 187 45734
246 188 46230
246 189 46246
246 190 46486
246 191 46502
246 192 47238
246 193 47494
246 194 47718
246 195 47974
246 196 48278
246 197 48454
246 198 48694
246 199 48742
246 200 49238
246 201 49446
246 202 49686
246 203 49766
246 204 50262
246 205 50278
246 206 50518
246 207 50534
246 208 51174
246 209 51334
246 210 51558
246 211 51814
246 212 52150
246 213 52294
246 214 52534
246 215 52582
246 216 53142
246 217 53286
246 218 53526
246 219 53606
246 220 54102
246 221 54118
246 222 54358
246 223 54374
246 224 55110
246 225 55302
246 226 55526
246 227 55782
246 228 56086
246 229 56262
246 230 56502
246 231 56550
246 232 57110
246 233 57254
246 234 57494
246 235 57574
246 236 58070
246 237 58086
246 238 58326
246 239 58342
246 240 59046
246 241 59206
246 242 59430
246 243 59686
246 244 60022
246 245 60166
246 246 60406
246 247 60454
246 248 61014
246 249 61158
246 250 61398
246 251 61478
246 252 61974
246 253 61990
246 254 62230
246 255 62246
247 0 6
247 1 390
247 2 614
247 3 742
247 4 1174
247 5 1222
247 6 1462
247 7 1510
247 8 2134
247 9 2214
247 10 2454
247 11 2534
247 12 3030
247 13 3046
247 14 3286
247 15 3302
247 16 3958
247 17 4246
247 18 4470
247 19 4598
247 20 5062
247 21 5078
247 22 5318
247 23 5366
247 24 6054
247 25 6070
247 26 6310
247 27 6390
247 28 6886
247 29 6902
247 30 7142
247 31 7158
247 32 7910
247 33 8070
247 34 8294
247 35 8550
247 36 8886
247 37 9030
247 38 9270
247 39 9318
247 40 9878
247 41 10022
247 42 10262
247 43 10342
247 44 10838
247 45 10854
247 46 11094
247 47 11110
247 48 11862
247 49 12054
247 50 12278
247 51 12534
247 52 12838
247 53 13014
247 54 13254
247 55 13302
247 56 13862
247 57 14006
247 58 14246
247 59 14326
247 60 14822
247 61 14838
247 62 15078
247 63 15094
247 64 15814
247 65 16070
247 66 16294
247 67 16550
247 68 16854
247 69 17030
247 70 17270
247 71 17318
247 72 17814
247 73 18022
247 74 18262
247 75 18342
247 76 18838
247 77 18854
247 78 19094
247 79 19110
247 80 19766
247 81 19926
247 82 20150
247 83 20406
247 84 20742
247 85 20886
247 86 21126
247 87 21174
247 88 21734
247 89 21878
247 90 22118
247 91 22198
247 92 22694
247 93 22710
247 94 22950
247 95 22966
247 96 23718
247 97 23878
247 98 24102
247 99 24358
247 100 24694
247 101 24838
247 102 25078
247 103 25126
247 104 25686
247 105 25830
247 106 26070
247 107 26150
247 108 26646
247 109 26662
247 110 26902
247 111 26918
247 112 27606
247 113 27798
247 114 28022
247 115 28278
247 116 28582
247 117 28758
247 118 28998
247 119 29046
247 120 29606
247 121 29750
247 122 29990
247 123 30070
247 124 30566
247 125 30582
247 126 30822
247 127 30838
247 128 31622
247 129 31878
247 130 32102
247 131 32358
247 132 32662
247 133 32838
247 134 33078
247 135 33126
247 136 33622
247 137 33830
247 138 34070
247 139 34150
247 140 34646
247 141 34662
247 142 34902
247 143 34918
247 144 35574
247 145 35734
247 146 35958
247 147 36214
247 148 36550
247 149 36694
247 150 36934
247 151 36982
247 152 37542
247 153 37686
247 154 37926
247 155 38006
247 156 38502
247 157 38518
247 158 38758
247 159 38774
247 160 39526
247 161 39686
247 162 39910
247 163 40166
247 164 40502
247 165 40646
247 166 40886
247 167 40934
247 168 41494
247 169 41638
247 170 41878
247 171 41958
247 172 42454
247 173 42470
247 174 42710
247 175 42726
247 176 43478
247 177 43670
247 178 43894
247 179 44150
247 180 44454
247 181 44630
247 182 44870
247 183 44918
247 184 45478
247 185 45622
247 186 45862
247 187 45942
247 188 46438
247 189 46454
247 190 46694
247 191 46710
247 192 47430
247 193 47686
247 194 47910
247 195 48166
247 196 48470
247 197 48646
247 198 48886
247 199 48934
247 200 49430
247 201 49638
247 202 49878
247 203 49958
247 204 50454
247 205 50470
247 206 50710
247 207 50726
247 208 51382
247 209 51542
247 210 51766
247 211 52022
247 212 52358
247 213 52502
247 214 52742
247 215 52790
247 216 53350
247 217 53494
247 218 53734
247 219 53814
247 220 54310
247 221 54326
247 222 54566
247 223 54582
247 224 55206
247 225 55366
247 226 55590
247 227 55846
247 228 56182
247 229 56326
247 230 56566
247 231 56614
247 232 57174
247 233 57318
247 234 57558
247 235 57638
247 236 58134
247 237 58150
247 238 58390
247 239 58406
247 240 59094
247 241 59286
247 242 59510
247 243 59766
247 244 60070
247 245 60246
247 246 60486
247 247 60534
247 248 61094
247 249 61238
247 250 61478
247 251 61558
247 252 62054
247 253 62070
247 254 62310
247 255 62326
248 0 6
248 1 390
248 2 646
248 3 742
248 4 1222
248 5 1254
248 6 1510
248 7 1510
248 8 2182
248 9 2246
248 10 2502
248 11 2534
248 12 3014
248 13 3046
248 14 3302
248 15 3302
248 16 3974
248 17 4230
248 18 4486
248 19 4710
248 20 5062
248 21 5222
248 22 5478
248 23 5478
248 24 6022
248 25 6214
248 26 6470
248 27 6502
248 28 6982
248 29 7014
248 30 7270
248 31 7270
248 32 7942
248 33 8326
248 34 8582
248 35 8678
248 36 9158
248 37 9190
248 38 9446
248 39 9446
248 40 10118
248 41 10182
248 42 10438
248 43 10470
248 44 10950
248 45 10982
248 46 11238
248 47 11238
248 48 11910
248 49 12166
248 50 12422
248 51 12646
248 52 12998
248 53 13158
248 54 13414
248 55 13414
248 56 13958
248 57 14150
248 58 14406
248 59 14438
248 60 14918
248 61 14950
248 62 15206
248 63 15206
248 64 15878
248 65 16262
248 66 16518
248 67 16614
248 68 17094
248 69 17126
248 70 17382
248 71 17382
248 72 18054
248 73 18118
248 74 18374
248 75 18406
248 76 18886
248 77 18918
248 78 19174
248 79 19174
248 80 19846
248 81 20102
248 82 20358
248 83 20582
248 84 20934
248 85 21094
248 86 21350
248 87 21350
248 88 21894
248 89 22086
248 90 22342
248 91 22374
248 92 22854
248 93 22886
248 94 23142
248 95 23142
248 96 23814
248 97 24198
248 98 24454
248 99 24550
248 100 25030
248 101 25062
248 102 25318
248 103 25318
248 104 25990
248 105 26054
248 106 26310
248 107 26342
248 108 26822
248 109 26854
248 110 27110
248 111 27110
248 112 27782
248 113 28038
248 114 28294
248 115 28518
248 116 28870
248 117 29030
248 118 29286
248 119 29286
248 120 29830
248 121 30022
248 122 30278
248 123 30310
248 124 30790
248 125 30822
248 126 31078
248 127 31078
248 128 31750
248 129 32134
248 130 32390
248 131 32486
248 132 32966
248 133 32998
248 134 33254
248 135 33254
248 136 33926
248 137 33990
248 138 34246
248 139 34278
248 140 34758
248 141 34790
248 142 35046
248 143 35046
248 144 35718
248 145 35974
248 146 36230
248 147 36454
248 148 36806
248 149 36966
248 150 37222
248 151 37222
248 152 37766
248 153 37958
248 154 38214
248 155 38246
248 156 38726
248 157 38758
248 158 39014
248 159 39014
248 160 39686
248 161 40070
248 162 40326
248 163 40422
248 164 40902
248 165 40934
248 166 41190
248 167 41190
248 168 41862
248 169 41926
248 170 42182
248 171 42214
248 172 42694
248 173 42726
248 174 42982
248 175 42982
248 176 43654
248 177 43910
248 178 44166
248 179 44390
248 180 44742
248 181 44902
248 182 45158
248 183 45158
248 184 45702
248 185 45894
248 186 46150
248 187 46182
248 188 46662
248 189 46694
248 190 46950
248 191 46950
248 192 47622
248 193 48006
248 194 48262
248 195 48358
248 196 48838
248 197 48870
248 198 49126
248 199 49126
248 200 49798
248 201 49862
248 202 50118
248 203 50150
248 204 50630
248 205 50662
248 206 50918
248 207 50918
248 208 51590
248 209 51846
248 210 52102
248 211 52326
248 212 52678
248 213 52838
248 214 53094
248 215 53094
248 216 53638
248 217 53830
248 218 54086
248 219 54118
248 220 54598
248 221 54630
248 222 54886
248 223 54886
248 224 55558
248 225 55942
248 226 56198
248 227 56294
248 228 56774
248 229 56806
248 230 57062
248 231 57062
248 232 57734
248 233 57798
248 234 58054
248 235 58086
248 236 58566
248 237 58598
248 238 58854
248 239 58854
248 240 59526
248 241 59782
248 242 60038
248 243 60262
248 244 60614
248 245 60774
248 246 61030
248 247 61030
248 248 61574
248 249 61766
248 250 62022
248 251 62054
248 252 62534
248 253 62566
248 254 62822
248 255 62822
249 0 6
249 1 390
249 2 646
249 3 742
249 4 1222
249 5 1254
249 6 1510
249 7 1510
249 8 2182
249 9 2246
249 10 2502
249 11 2534
249 12 3014
249 13 3046
249 14 3302
249 15 3302
249 16 3990
249 17 4246
249 18 4502
249 19 4726
249 20 5078
249 21 5238
249 22 5494
249 23 5494
249 24 6038
249 25 6230
249 26 6486
249 27 6518
249 28 6998
249 29 7030
249 30 7286
249 31 7286
249 32 7974
249 33 8326
249 34 8582
249 35 8678
249 36 9158
249 37 9190
249 38 9446
249 39 9446
249 40 10150
249 41 10182
249 42 10438
249 43 10470
249 44 10950
249 45 10982
249 46 11238
249 47 11238
249 48 11958
249 49 12182
249 50 12438
249 51 12662
249 52 13014
249 53 13174
249 54 13430
249 55 13430
249 56 14006
249 57 14166
249 58 14422
249 59 14454
249 60 14934
249 61 14966
249 62 15222
249 63 15222
249 64 15942
249 65 16326
249 66 16582
249 67 16678
249 68 17158
249 69 17190
249 70 17446
249 71 17446
249 72 18118
249 73 18182
249 74 18438
249 75 18470
249 76 18950
249 77 18982
249 78 19238
249 79 19238
249 80 19926
249 81 20182
249 82 20438
249 83 20662
249 84 21014
249 85 21174
249 86 21430
249 87 21430
249 88 21974
249 89 22166
249 90 22422
249 91 22454
249 92 22934
249 93 22966
249 94 23222
249 95 23222
249 96 23910
249 97 24262
249 98 24518
249 99 24614
249 100 25094
249 101 25126
249 102 25382
249 103 25382
249 104 26086
249 105 26118
249 106 26374
249 107 26406
249 108 26886
249 109 26918
249 110 27174
249 111 27174
249 112 27894
249 113 28118
249 114 28374
249 115 28598
249 116 28950
249 117 29110
249 118 29366
249 119 29366
249 120 29942
249 121 30102
249 122 30358
249 123 30390
249 124 30870
249 125 30902
249 126 31158
249 127 31158
249 128 31878
249 129 32134
249 130 32390
249 131 32614
249 132 32966
249 133 33126
249 134 33382
249 135 33382
249 136 33926
249 137 34118
249 138 34374
249 139 34406
249 140 34886
249 141 34918
249 142 35174
249 143 35174
249 144 35862
249 145 36118
249 146 36374
249 147 36598
249 148 36950
249 149 37110
249 150 37366
249 151 37366
249 152 37910
249 153 38102
249 154 38358
249 155 38390
249 156 38870
249 157 38902
249 158 39158
249 159 39158
249 160 39846
249 161 40070
249 162 40326
249 163 40550
249 164 40902
249 165 41062
249 166 41318
249 167 41318
249 168 41894
249 169 42054
249 170 42310
249 171 42342
249 172 42822
249 173 42854
249 174 43110
249 175 43110
249 176 43830
249 177 44054
249 178 44310
249 179 44534
249 180 44886
249 181 45046
249 182 45302
249 183 45302
249 184 45878
249 185 46038
249 186 46294
249 187 46326
249 188 46806
249 189 46838
249 190 47094
249 191 47094
249 192 47814
249 193 48070
249 194 48326
249 195 48550
249 196 48902
249 197 49062
249 198 49318
249 199 49318
249 200 49862
249 201 50054
249 202 50310
249 203 50342
249 204 50822
249 205 50854
249 206 51110
249 207 51110
249 208 51798
249 209 52054
249 210 52310
249 211 52534
249 212 52886
249 213 53046
249 214 53302
249 215 53302
249 216 53846
249 217 54038
249 218 54294
249 219 54326
249 220 54806
249 221 54838
249 222 55094
249 223 55094
249 224 55782
249 225 56006
249 226 56262
249 227 56486
249 228 56838
249 229 56998
249 230 57254
249 231 57254
249 232 57830
249 233 57990
249 234 58246
249 235 58278
249 236 58758
249 237 58790
249 238 59046
249 239 59046
249 240 59766
249 241 59990
249 242 60246
249 243 60470
249 244 60822
249 245 60982
249 246 61238
249 247 61238
249 248 61814
249 249 61974
249 250 62230
249 251 62262
249 252 62742
249 253 62774
249 254 63030
249 255 63030
250 0 6
250 1 390
250 2 646
250 3 742
250 4 1222
250 5 1254
250 6 1510
250 7 1510
250 8 2198
250 9 2246
250 10 2502
250 11 2550
250 12 3030
250 13 3046
250 14 3302
250 15 3318
250 16 4006
250 17 4230
250 18 4486
250 19 4710
250 20 5062
250 21 5222
250 22 5478
250 23 5478
250 24 6070
250 25 6214
250 26 6470
250 27 6518
250 28 6998
250 29 7014
250 30 7270
250 31 7286
250 32 8006
250 33 8326
250 34 8582
250 35 8678
250 36 9158
250 37 9190
250 38 9446
250 39 9446
250 40 10134
250 41 10182
250 42 10438
250 43 10486
250 44 10966
250 45 10982
250 46 11238
250 47 11254
250 48 12006
250 49 12166
250 50 12422
250 51 12646
250 52 12998
250 53 13158
250 54 13414
250 55 13414
250 56 14006
250 57 14150
250 58 14406
250 59 14454
250 60 14934
250 61 14950
250 62 15206
250 63 15222
250 64 16006
250 65 16262
250 66 16518
250 67 16742
250 68 17094
250 69 17254
250 70 17510
250 71 17510
250 72 18070
250 73 18246
250 74 18502
250 75 18550
250 76 19030
250 77 19046
250 78 19302
250 79 19318
250 80 20006
250 81 20230
250 82 20486
250 83 20710
250 84 21062
250 85 21222
250 86 21478
250 87 21478
250 88 22070
250 89 22214
250 90 22470
250 91 22518
250 92 22998
250 93 23014
250 94 23270
250 95 23286
250 96 24006
250 97 24198
250 98 24454
250 99 24678
250 100 25030
250 101 25190
250 102 25446
250 103 25446
250 104 26006
250 105 26182
250 106 26438
250 107 26486
250 108 26966
250 109 26982
250 110 27238
250 111 27254
250 112 28006
250 113 28166
250 114 28422
250 115 28646
250 116 28998
250 117 29158
250 118 29414
250 119 29414
250 120 30006
250 121 30150
250 122 30406
250 123 30454
250 124 30934
250 125 30950
250 126 31206
250 127 31222
250 128 32006
250 129 32390
250 130 32646
250 131 32742
250 132 33222
250 133 33254
250 134 33510
250 135 33510
250 136 34198
250 137 34246
250 138 34502
250 139 34550
250 140 35030
250 141 35046
250 142 35302
250 143 35318
250 144 36006
250 145 36230
250 146 36486
250 147 36710
250 148 37062
250 149 37222
250 150 37478
250 151 37478
250 152 38070
250 153 38214
250 154 38470
250 155 38518
250 156 38998
250 157 39014
250 158 39270
250 159 39286
250 160 40006
250 161 40326
250 162 40582
250 163 40678
250 164 41158
250 165 41190
250 166 41446
250 167 41446
250 168 42134
250 169 42182
250 170 42438
250 171 42486
250 172 42966
250 173 42982
250 174 43238
250 175 43254
250 176 44006
250 177 44166
250 178 44422
250 179 44646
250 180 44998
250 181 45158
250 182 45414
250 183 45414
250 184 46006
250 185 46150
250 186 46406
250 187 46454
250 188 46934
250 189 46950
250 190 47206
250 191 47222
250 192 48006
250 193 48262
250 194 48518
250 195 48742
250 196 49094
250 197 49254
250 198 49510
250 199 49510
250 200 50070
250 201 50246
250 202 50502
250 203 50550
250 204 51030
250 205 51046
250 206 51302
250 207 51318
250 208 52006
250 209 52230
250 210 52486
250 211 52710
250 212 53062
250 213 53222
250 214 53478
250 215 53478
250 216 54070
250 217 54214
250 218 54470
250 219 54518
250 220 54998
250 221 55014
250 222 55270
250 223 55286
250 224 56006
250 225 56198
250 226 56454
250 227 56678
250 228 57030
250 229 57190
250 230 57446
250 231 57446
250 232 58006
250 233 58182
250 234 58438
250 235 58486
250 236 58966
250 237 58982
250 238 59238
250 239 59254
250 240 60006
250 241 60166
250 242 60422
250 243 60646
250 244 60998
250 245 61158
250 246 61414
250 247 61414
250 248 62006
250 249 62150
250 250 62406
250 251 62454
250 252 62934
250 253 62950
250 254 63206
250 255 63222
251 0 6
251 1 390
251 2 646
251 3 742
251 4 1222
251 5 1254
251 6 1510
251 7 1510
251 8 2198
251 9 2246
251 10 2502
251 11 2550
251 12 3030
251 13 3046
251 14 3302
251 15 3318
251 16 4022
251 17 4246
251 18 4502
251 19 4726
251 20 5078
251 21 5238
251 22 5494
251 23 5494
251 24 6086
251 25 6230
251 26 6486
251 27 6534
251 28 7014
251 29 7030
251 30 7286
251 31 7302
251 32 8038
251 33 8326
251 34 8582
251 35 8678
251 36 9158
251 37 9190
251 38 9446
251 39 9446
251 40 10166
251 41 10182
251 42 10438
251 43 10486
251 44 10966
251 45 10982
251 46 11238
251 47 11254
251 48 12054
251 49 12246
251 50 12502
251 51 12726
251 52 13078
251 53 13238
251 54 13494
251 55 13494
251 56 14054
251 57 14230
251 58 14486
251 59 14534
251 60 15014
251 61 15030
251 62 15286
251 63 15302
251 64 16070
251 65 16326
251 66 16582
251 67 16806
251 68 17158
251 69 17318
251 70 17574
251 71 17574
251 72 18134
251 73 18310
251 74 18566
251 75 18614
251 76 19094
251 77 19110
251 78 19366
251 79 19382
251 80 20086
251 81 20310
251 82 20566
251 83 20790
251 84 21142
251 85 21302
251 86 21558
251 87 21558
251 88 22150
251 89 22294
251 90 22550
251 91 22598
251 92 23078
251 93 23094
251 94 23350
251 95 23366
251 96 24102
251 97 24262
251 98 24518
251 99 24742
251 100 25094
251 101 25254
251 102 25510
251 103 25510
251 104 26102
251 105 26246
251 106 26502
251 107 26550
251 108 27030
251 109 27046
251 110 27302
251 111 27318
251 112 28118
251 113 28310
251 114 28566
251 115 28790
251 116 29142
251 117 29302
251 118 29558
251 119 29558
251 120 30118
251 121 30294
251 122 30550
251 123 30598
251 124 31078
251 125 31094
251 126 31350
251 127 31366
251 128 32134
251 129 32390
251 130 32646
251 131 32870
251 132 33222
251 133 33382
251 134 33638
251 135 33638
251 136 34198
251 137 34374
251 138 34630
251 139 34678
251 140 35158
251 141 35174
251 142 35430
251 143 35446
251 144 36150
251 145 36374
251 146 36630
251 147 36854
251 148 37206
251 149 37366
251 150 37622
251 151 37622
251 152 38214
251 153 38358
251 154 38614
251 155 38662
251 156 39142
251 157 39158
251 158 39414
251 159 39430
251 160 40166
251 161 40326
251 162 40582
251 163 40806
251 164 41158
251 165 41318
251 166 41574
251 167 41574
251 168 42166
251 169 42310
251 170 42566
251 171 42614
251 172 43094
251 173 43110
251 174 43366
251 175 43382
251 176 44182
251 177 44374
251 178 44630
251 179 44854
251 180 45206
251 181 45366
251 182 45622
251 183 45622
251 184 46182
251 185 46358
251 186 46614
251 187 46662
251 188 47142
251 189 47158
251 190 47414
251 191 47430
251 192 48198
251 193 48454
251 194 48710
251 195 48934
251 196 49286
251 197 49446
251 198 49702
251 199 49702
251 200 50262
251 201 50438
251 202 50694
251 203 50742
251 204 51222
251 205 51238
251 206 51494
251 207 51510
251 208 52086
251 209 52310
251 210 52566
251 211 52790
251 212 53142
251 213 53302
251 214 53558
251 215 53558
251 216 54150
251 217 54294
251 218 54550
251 219 54598
251 220 55078
251 221 55094
251 222 55350
251 223 55366
251 224 56230
251 225 56390
251 226 56646
251 227 56870
251 228 57222
251 229 57382
251 230 57638
251 231 57638
251 232 58230
251 233 58374
251 234 58630
251 235 58678
251 236 59158
251 237 59174
251 238 59430
251 239 59446
251 240 60118
251 241 60310
251 242 60566
251 243 60790
251 244 61142
251 245 61302
251 246 61558
251 247 61558
251 248 62118
251 249 62294
251 250 62550
251 251 62598
251 252 63078
251 253 63094
251 254 63350
251 255 63366
252 0 6
252 1 390
252 2 646
252 3 742
252 4 1238
252 5 1254
252 6 1510
252 7 1526
252 8 2246
252 9 2278
252 10 2534
252 11 2534
252 12 3030
252 13 3046
252 14 3302
252 15 3318
252 16 4038
252 17 4230
252 18 4486
252 19 4710
252 20 5078
252 21 5222
252 22 5478
252 23 5494
252 24 6086
252 25 6246
252 26 6502
252 27 6502
252 28 6998
252 29 7014
252 30 7270
252 31 7286
252 32 8070
252 33 8326
252 34 8582
252 35 8806
252 36 9174
252 37 9318
252 38 9574
252 39 9590
252 40 10182
252 41 10342
252 42 10598
252 43 10598
252 44 11094
252 45 11110
252 46 11366
252 47 11382
252 48 12102
252 49 12294
252 50 12550
252 51 12774
252 52 13142
252 53 13286
252 54 13542
252 55 13558
252 56 14150
252 57 14310
252 58 14566
252 59 14566
252 60 15062
252 61 15078
252 62 15334
252 63 15350
252 64 16134
252 65 16518
252 66 16774
252 67 16870
252 68 17366
252 69 17382
252 70 17638
252 71 17654
252 72 18374
252 73 18406
252 74 18662
252 75 18662
252 76 19158
252 77 19174
252 78 19430
252 79 19446
252 80 20166
252 81 20358
252 82 20614
252 83 20838
252 84 21206
252 85 21350
252 86 21606
252 87 21622
252 88 22214
252 89 22374
252 90 22630
252 91 22630
252 92 23126
252 93 23142
252 94 23398
252 95 23414
252 96 24198
252 97 24454
252 98 24710
252 99 24934
252 100 25302
252 101 25446
252 102 25702
252 103 25718
252 104 26310
252 105 26470
252 106 26726
252 107 26726
252 108 27222
252 109 27238
252 110 27494
252 111 27510
252 112 28230
252 113 28422
252 114 28678
252 115 28902
252 116 29270
252 117 29414
252 118 29670
252 119 29686
252 120 30278
252 121 30438
252 122 30694
252 123 30694
252 124 31190
252 125 31206
252 126 31462
252 127 31478
252 128 32262
252 129 32646
252 130 32902
252 131 32998
252 132 33494
252 133 33510
252 134 33766
252 135 33782
252 136 34502
252 137 34534
252 138 34790
252 139 34790
252 140 35286
252 141 35302
252 142 35558
252 143 35574
252 144 36294
252 145 36486
252 146 36742
252 147 36966
252 148 37334
252 149 37478
252 150 37734
252 151 37750
252 152 38342
252 153 38502
252 154 38758
252 155 38758
252 156 39254
252 157 39270
252 158 39526
252 159 39542
252 160 40326
252 161 40582
252 162 40838
252 163 41062
252 164 41430
252 165 41574
252 166 41830
252 167 41846
252 168 42438
252 169 42598
252 170 42854
252 171 42854
252 172 43350
252 173 43366
252 174 43622
252 175 43638
252 176 44358
252 177 44550
252 178 44806
252 179 45030
252 180 45398
252 181 45542
252 182 45798
252 183 45814
252 184 46406
252 185 46566
252 186 46822
252 187 46822
252 188 47318
252 189 47334
252 190 47590
252 191 47606
252 192 48390
252 193 48774
252 194 49030
252 195 49126
252 196 49622
252 197 49638
252 198 49894
252 199 49910
252 200 50630
252 201 50662
252 202 50918
252 203 50918
252 204 51414
252 205 51430
252 206 51686
252 207 51702
252 208 52422
252 209 52614
252 210 52870
252 211 53094
252 212 53462
252 213 53606
252 214 53862
252 215 53878
252 216 54470
252 217 54630
252 218 54886
252 219 54886
252 220 55382
252 221 55398
252 222 55654
252 223 55670
252 224 56454
252 225 56710
252 226 56966
252 227 57190
252 228 57558
252 229 57702
252 230 57958
252 231 57974
252 232 58566
252 233 58726
252 234 58982
252 235 58982
252 236 59478
252 237 59494
252 238 59750
252 239 59766
252 240 60486
252 241 60678
252 242 60934
252 243 61158
252 244 61526
252 245 61670
252 246 61926
252 247 61942
252 248 62534
252 249 62694
252 250 62950
252 251 62950
252 252 63446
252 253 63462
252 254 63718
252 255 63734
253 0 6
253 1 390
253 2 646
253 3 742
253 4 1238
253 5 1254
253 6 1510
253 7 1526
253 8 2246
253 9 2278
253 10 2534
253 11 2534
253 12 3030
253 13 3046
253 14 3302
253 15 3318
253 16 4054
253 17 4246
253 18 4502
253 19 4726
253 20 5094
253 21 5238
253 22 5494
253 23 5510
253 24 6102
253 25 6262
253 26 6518
253 27 6518
253 28 7014
253 29 7030
253 30 7286
253 31 7302
253 32 8102
253 33 8326
253 34 8582
253 35 8806
253 36 9174
253 37 9318
253 38 9574
253 39 9590
253 40 10182
253 41 10342
253 42 10598
253 43 10598
253 44 11094
253 45 11110
253 46 11366
253 47 11382
253 48 12150
253 49 12310
253 50 12566
253 51 12790
253 52 13158
253 53 13302
253 54 13558
253 55 13574
253 56 14166
253 57 14326
253 58 14582
253 59 14582
253 60 15078
253 61 15094
253 62 15350
253 63 15366
253 64 16198
253 65 16582
253 66 16838
253 67 16934
253 68 17430
253 69 17446
253 70 17702
253 71 17718
253 72 18438
253 73 18470
253 74 18726
253 75 18726
253 76 19222
253 77 19238
253 78 19494
253 79 19510
253 80 20246
253 81 20438
253 82 20694
253 83 20918
253 84 21286
253 85 21430
253 86 21686
253 87 21702
253 88 22294
253 89 22454
253 90 22710
253 91 22710
253 92 23206
253 93 23222
253 94 23478
253 95 23494
253 96 24294
253 97 24518
253 98 24774
253 99 24998
253 100 25366
253 101 25510
253 102 25766
253 103 25782
253 104 26374
253 105 26534
253 106 26790
253 107 26790
253 108 27286
253 109 27302
253 110 27558
253 111 27574
253 112 28342
253 113 28502
253 114 28758
253 115 28982
253 116 29350
253 117 29494
253 118 29750
253 119 29766
253 120 30358
253 121 30518
253 122 30774
253 123 30774
253 124 31270
253 125 31286
253 126 31542
253 127 31558
253 128 32390
253 129 32646
253 130 32902
253 131 33126
253 132 33494
253 133 33638
253 134 33894
253 135 33910
253 136 34502
253 137 34662
253 138 34918
253 139 34918
253 140 35414
253 141 35430
253 142 35686
253 143 35702
253 144 36438
253 145 36630
253 146 36886
253 147 37110
253 148 37478
253 149 37622
253 150 37878
253 151 37894
253 152 38486
253 153 38646
253 154 38902
253 155 38902
253 156 39398
253 157 39414
253 158 39670
253 159 39686
253 160 40486
253 161 40710
253 162 40966
253 163 41190
253 164 41558
253 165 41702
253 166 41958
253 167 41974
253 168 42566
253 169 42726
253 170 42982
253 171 42982
253 172 43478
253 173 43494
253 174 43750
253 175 43766
253 176 44406
253 177 44566
253 178 44822
253 179 45046
253 180 45414
253 181 45558
253 182 45814
253 183 45830
253 184 46422
253 185 46582
253 186 46838
253 187 46838
253 188 47334
253 189 47350
253 190 47606
253 191 47622
253 192 48582
253 193 48838
253 194 49094
253 195 49318
253 196 49686
253 197 49830
253 198 50086
253 199 50102
253 200 50694
253 201 50854
253 202 51110
253 203 51110
253 204 51606
253 205 51622
253 206 51878
253 207 51894
253 208 52630
253 209 52822
253 210 53078
253 211 53302
253 212 53670
253 213 53814
253 214 54070
253 215 54086
253 216 54678
253 217 54838
253 218 55094
253 219 55094
253 220 55590
253 221 55606
253 222 55862
253 223 55878
253 224 56678
253 225 56902
253 226 57158
253 227 57382
253 228 57750
253 229 57894
253 230 58150
253 231 58166
253 232 58758
253 233 58918
253 234 59174
253 235 59174
253 236 59670
253 237 59686
253 238 59942
253 239 59958
253 240 60598
253 241 60758
253 242 61014
253 243 61238
253 244 61606
253 245 61750
253 246 62006
253 247 62022
253 248 62614
253 249 62774
253 250 63030
253 251 63030
253 252 63526
253 253 63542
253 254 63798
253 255 63814
254 0 6
254 1 390
254 2 646
254 3 742
254 4 1238
254 5 1254
254 6 1510
254 7 1526
254 8 2262
254 9 2278
254 10 2534
254 11 2550
254 12 3030
254 13 3046
254 14 3302
254 15 3318
254 16 4070
254 17 4230
254 18 4486
254 19 4710
254 20 5078
254 21 5222
254 22 5478
254 23 5494
254 24 6102
254 25 6246
254 26 6502
254 27 6518
254 28 6998
254 29 7014
254 30 7270
254 31 7286
254 32 8134
254 33 8326
254 34 8582
254 35 8806
254 36 9174
254 37 9318
254 38 9574
254 39 9590
254 40 10198
254 41 10342
254 42 10598
254 43 10614
254 44 11094
254 45 11110
254 46 11366
254 47 11382
254 48 12198
254 49 12358
254 50 12614
254 51 12838
254 52 13206
254 53 13350
254 54 13606
254 55 13622
254 56 14230
254 57 14374
254 58 14630
254 59 14646
254 60 15126
254 61 15142
254 62 15398
254 63 15414
254 64 16262
254 65 16518
254 66 16774
254 67 16998
254 68 17366
254 69 17510
254 70 17766
254 71 17782
254 72 18390
254 73 18534
254 74 18790
254 75 18806
254 76 19286
254 77 19302
254 78 19558
254 79 19574
254 80 20326
254 81 20486
254 82 20742
254 83 20966
254 84 21334
254 85 21478
254 86 21734
254 87 21750
254 88 22358
254 89 22502
254 90 22758
254 91 22774
254 92 23254
254 93 23270
254 94 23526
254 95 23542
254 96 24390
254 97 24582
254 98 24838
254 99 25062
254 100 25430
254 101 25574
254 102 25830
254 103 25846
254 104 26454
254 105 26598
254 106 26854
254 107 26870
254 108 27350
254 109 27366
254 110 27622
254 111 27638
254 112 28326
254 113 28486
254 114 28742
254 115 28966
254 116 29334
254 117 29478
254 118 29734
254 119 29750
254 120 30358
254 121 30502
254 122 30758
254 123 30774
254 124 31254
254 125 31270
254 126 31526
254 127 31542
254 128 32518
254 129 32902
254 130 33158
254 131 33254
254 132 33750
254 133 33766
254 134 34022
254 135 34038
254 136 34774
254 137 34790
254 138 35046
254 139 35062
254 140 35542
254 141 35558
254 142 35814
254 143 35830
254 144 36582
254 145 36742
254 146 36998
254 147 37222
254 148 37590
254 149 37734
254 150 37990
254 151 38006
254 152 38614
254 153 38758
254 154 39014
254 155 39030
254 156 39510
254 157 39526
254 158 39782
254 159 39798
254 160 40646
254 161 40838
254 162 41094
254 163 41318
254 164 41686
254 165 41830
254 166 42086
254 167 42102
254 168 42710
254 169 42854
254 170 43110
254 171 43126
254 172 43606
254 173 43622
254 174 43878
254 175 43894
254 176 44710
254 177 44870
254 178 45126
254 179 45350
254 180 45718
254 181 45862
254 182 46118
254 183 46134
254 184 46742
254 185 46886
254 186 47142
254 187 47158
254 188 47638
254 189 47654
254 190 47910
254 191 47926
254 192 48774
254 193 49030
254 194 49286
254 195 49510
254 196 49878
254 197 50022
254 198 50278
254 199 50294
254 200 50902
254 201 51046
254 202 51302
254 203 51318
254 204 51798
254 205 51814
254 206 52070
254 207 52086
254 208 52838
254 209 52998
254 210 53254
254 211 53478
254 212 53846
254 213 53990
254 214 54246
254 215 54262
254 216 54870
254 217 55014
254 218 55270
254 219 55286
254 220 55766
254 221 55782
254 222 56038
254 223 56054
254 224 56902
254 225 57094
254 226 57350
254 227 57574
254 228 57942
254 229 58086
254 230 58342
254 231 58358
254 232 58966
254 233 59110
254 234 59366
254 235 59382
254 236 59862
254 237 59878
254 238 60134
254 239 60150
254 240 60838
254 241 60998
254 242 61254
254 243 61478
254 244 61846
254 245 61990
254 246 62246
254 247 62262
254 248 62870
254 249 63014
254 250 63270
254 251 63286
254 252 63766
254 253 63782
254 254 64038
254 255 64054
255 0 6
255 1 390
255 2 646
255 3 742
255 4 1238
255 5 1254
255 6 1510
255 7 1526
255 8 2262
255 9 2278
255 10 2534
255 11 2550
255 12 3030
255 13 3046
255 14 3302
255 15 3318
255 16 4086
255 17 4246
255 18 4502
255 19 4726
255 20 5094
255 21 5238
255 22 5494
255 23 5510
255 24 6118
255 25 6262
255 26 6518
255 27 6534
255 28 7014
255 29 7030
255 30 7286
255 31 7302
255 32 8166
255 33 8326
255 34 8582
255 35 8806
255 36 9174
255 37 9318
255 38 9574
255 39 9590
255 40 10198
255 41 10342
255 42 10598
255 43 10614
255 44 11094
255 45 11110
255 46 11366
255 47 11382
255 48 12246
255 49 12438
255 50 12694
255 51 12918
255 52 13286
255 53 13430
255 54 13686
255 55 13702
255 56 14310
255 57 14454
255 58 14710
255 59 14726
255 60 15206
255 61 15222
255 62 15478
255 63 15494
255 64 16326
255 65 16582
255 66 16838
255 67 17062
255 68 17430
255 69 17574
255 70 17830
255 71 17846
255 72 18454
255 73 18598
255 74 18854
255 75 18870
255 76 19350
255 77 19366
255 78 19622
255 79 19638
255 80 20406
255 81 20566
255 82 20822
255 83 21046
255 84 21414
255 85 21558
255 86 21814
255 87 21830
255 88 22438
255 89 22582
255 90 22838
255 91 22854
255 92 23334
255 93 23350
255 94 23606
255 95 23622
255 96 24486
255 97 24646
255 98 24902
255 99 25126
255 100 25494
255 101 25638
255 102 25894
255 103 25910
255 104 26518
255 105 26662
255 106 26918
255 107 26934
255 108 27414
255 109 27430
255 110 27686
255 111 27702
255 112 28374
255 113 28566
255 114 28822
255 115 29046
255 116 29414
255 117 29558
255 118 29814
255 119 29830
255 120 30438
255 121 30582
255 122 30838
255 123 30854
255 124 31334
255 125 31350
255 126 31606
255 127 31622
255 128 32646
255 129 32902
255 130 33158
255 131 33382
255 132 33750
255 133 33894
255 134 34150
255 135 34166
255 136 34774
255 137 34918
255 138 35174
255 139 35190
255 140 35670
255 141 35686
255 142 35942
255 143 35958
255 144 36726
255 145 36886
255 146 37142
255 147 37366
255 148 37734
255 149 37878
255 150 38134
255 151 38150
255 152 38758
255 153 38902
255 154 39158
255 155 39174
255 156 39654
255 157 39670
255 158 39926
255 159 39942
255 160 40806
255 161 40966
255 162 41222
255 163 41446
255 164 41814
255 165 41958
255 166 42214
255 167 42230
255 168 42838
255 169 42982
255 170 43238
255 171 43254
255 172 43734
255 173 43750
255 174 44006
255 175 44022
255 176 44758
255 177 44950
255 178 45206
255 179 45430
255 180 45798
255 181 45942
255 182 46198
255 183 46214
255 184 46822
255 185 46966
255 186 47222
255 187 47238
255 188 47718
255 189 47734
255 190 47990
255 191 48006
255 192 48966
255 193 49222
255 194 49478
255 195 49702
255 196 50070
255 197 50214
255 198 50470
255 199 50486
255 200 51094
255 201 51238
255 202 51494
255 203 51510
255 204 51990
255 205 52006
255 206 52262
255 207 52278
255 208 52918
255 209 53078
255 210 53334
255 211 53558
255 212 53926
255 213 54070
255 214 54326
255 215 54342
255 216 54950
255 217 55094
255 218 55350
255 219 55366
255 220 55846
255 221 55862
255 222 56118
255 223 56134
255 224 56998
255 225 57158
255 226 57414
255 227 57638
255 228 58006
255 229 58150
255 230 58406
255 231 58422
255 232 59030
255 233 59174
255 234 59430
255 235 59446
255 236 59926
255 237 59942
255 238 60198
255 239 60214
255 240 60886
255 241 61078
255 242 61334
255 243 61558
255 244 61926
255 245 62070
255 246 62326
255 247 62342
255 248 62950
255 249 63094
255 250 63350
255 251 63366
255 252 63846
255 253 63862
255 254 64118
255 255 64134
