0 0 6
0 1 6
0 2 6
0 3 6
0 4 6
0 5 6
0 6 6
0 7 6
0 8 6
0 9 6
0 10 6
0 11 6
0 12 6
0 13 6
0 14 6
0 15 6
0 16 6
0 17 6
0 18 6
0 19 6
0 20 6
0 21 6
0 22 6
0 23 6
0 24 6
0 25 6
0 26 6
0 27 6
0 28 6
0 29 6
0 30 6
0 31 6
0 32 6
0 33 6
0 34 6
0 35 6
0 36 6
0 37 6
0 38 6
0 39 6
0 40 6
0 41 6
0 42 6
0 43 6
0 44 6
0 45 6
0 46 6
0 47 6
0 48 6
0 49 6
0 50 6
0 51 6
0 52 6
0 53 6
0 54 6
0 55 6
0 56 6
0 57 6
0 58 6
0 59 6
0 60 6
0 61 6
0 62 6
0 63 6
0 64 6
0 65 6
0 66 6
0 67 6
0 68 6
0 69 6
0 70 6
0 71 6
0 72 6
0 73 6
0 74 6
0 75 6
0 76 6
0 77 6
0 78 6
0 79 6
0 80 6
0 81 6
0 82 6
0 83 6
0 84 6
0 85 6
0 86 6
0 87 6
0 88 6
0 89 6
0 90 6
0 91 6
0 92 6
0 93 6
0 94 6
0 95 6
0 96 6
0 97 6
0 98 6
0 99 6
0 100 6
0 101 6
0 102 6
0 103 6
0 104 6
0 105 6
0 106 6
0 107 6
0 108 6
0 109 6
0 110 6
0 111 6
0 112 6
0 113 6
0 114 6
0 115 6
0 116 6
0 117 6
0 118 6
0 119 6
0 120 6
0 121 6
0 122 6
0 123 6
0 124 6
0 125 6
0 126 6
0 127 6
0 128 6
0 129 6
0 130 6
0 131 6
0 132 6
0 133 6
0 134 6
0 135 6
0 136 6
0 137 6
0 138 6
0 139 6
0 140 6
0 141 6
0 142 6
0 143 6
0 144 6
0 145 6
0 146 6
0 147 6
0 148 6
0 149 6
0 150 6
0 151 6
0 152 6
0 153 6
0 154 6
0 155 6
0 156 6
0 157 6
0 158 6
0 159 6
0 160 6
0 161 6
0 162 6
0 163 6
0 164 6
0 165 6
0 166 6
0 167 6
0 168 6
0 169 6
0 170 6
0 171 6
0 172 6
0 173 6
0 174 6
0 175 6
0 176 6
0 177 6
0 178 6
0 179 6
0 180 6
0 181 6
0 182 6
0 183 6
0 184 6
0 185 6
0 186 6
0 187 6
0 188 6
0 189 6
0 190 6
0 191 6
0 192 6
0 193 6
0 194 6
0 195 6
0 196 6
0 197 6
0 198 6
0 199 6
0 200 6
0 201 6
0 202 6
0 203 6
0 204 6
0 205 6
0 206 6
0 207 6
0 208 6
0 209 6
0 210 6
0 211 6
0 212 6
0 213 6
0 214 6
0 215 6
0 216 6
0 217 6
0 218 6
0 219 6
0 220 6
0 221 6
0 222 6
0 223 6
0 224 6
0 225 6
0 226 6
0 227 6
0 228 6
0 229 6
0 230 6
0 231 6
0 232 6
0 233 6
0 234 6
0 235 6
0 236 6
0 237 6
0 238 6
0 239 6
0 240 6
0 241 6
0 242 6
0 243 6
0 244 6
0 245 6
0 246 6
0 247 6
0 248 6
0 249 6
0 250 6
0 251 6
0 252 6
0 253 6
0 254 6
0 255 6
1 0 6
1 1 6
1 2 6
1 3 6
1 4 6
1 5 6
1 6 6
1 7 6
1 8 6
1 9 6
1 10 6
1 11 6
1 12 6
1 13 6
1 14 6
1 15 6
1 16 22
1 17 22
1 18 22
1 19 22
1 20 22
1 21 22
1 22 22
1 23 22
1 24 22
1 25 22
1 26 22
1 27 22
1 28 22
1 29 22
1 30 22
1 31 22
1 32 38
1 33 38
1 34 38
1 35 38
1 36 38
1 37 38
1 38 38
1 39 38
1 40 38
1 41 38
1 42 38
1 43 38
1 44 38
1 45 38
1 46 38
1 47 38
1 48 54
1 49 54
1 50 54
1 51 54
1 52 54
1 53 54
1 54 54
1 55 54
1 56 54
1 57 54
1 58 54
1 59 54
1 60 54
1 61 54
1 62 54
1 63 54
1 64 70
1 65 70
1 66 70
1 67 70
1 68 70
1 69 70
1 70 70
1 71 70
1 72 70
1 73 70
1 74 70
1 75 70
1 76 70
1 77 70
1 78 70
1 79 70
1 80 86
1 81 86
1 82 86
1 83 86
1 84 86
1 85 86
1 86 86
1 87 86
1 88 86
1 89 86
1 90 86
1 91 86
1 92 86
1 93 86
1 94 86
1 95 86
1 96 102
1 97 102
1 98 102
1 99 102
1 100 102
1 101 102
1 102 102
1 103 102
1 104 102
1 105 102
1 106 102
1 107 102
1 108 102
1 109 102
1 110 102
1 111 102
1 112 118
1 113 118
1 114 118
1 115 118
1 116 118
1 117 118
1 118 118
1 119 118
1 120 118
1 121 118
1 122 118
1 123 118
1 124 118
1 125 118
1 126 118
1 127 118
1 128 134
1 129 134
1 130 134
1 131 134
1 132 134
1 133 134
1 134 134
1 135 134
1 136 134
1 137 134
1 138 134
1 139 134
1 140 134
1 141 134
1 142 134
1 143 134
1 144 150
1 145 150
1 146 150
1 147 150
1 148 150
1 149 150
1 150 150
1 151 150
1 152 150
1 153 150
1 154 150
1 155 150
1 156 150
1 157 150
1 158 150
1 159 150
1 160 166
1 161 166
1 162 166
1 163 166
1 164 166
1 165 166
1 166 166
1 167 166
1 168 166
1 169 166
1 170 166
1 171 166
1 172 166
1 173 166
1 174 166
1 175 166
1 176 182
1 177 182
1 178 182
1 179 182
1 180 182
1 181 182
1 182 182
1 183 182
1 184 182
1 185 182
1 186 182
1 187 182
1 188 182
1 189 182
1 190 182
1 191 182
1 192 198
1 193 198
1 194 198
1 195 198
1 196 198
1 197 198
1 198 198
1 199 198
1 200 198
1 201 198
1 202 198
1 203 198
1 204 198
1 205 198
1 206 198
1 207 198
1 208 214
1 209 214
1 210 214
1 211 214
1 212 214
1 213 214
1 214 214
1 215 214
1 216 214
1 217 214
1 218 214
1 219 214
1 220 214
1 221 214
1 222 214
1 223 214
1 224 230
1 225 230
1 226 230
1 227 230
1 228 230
1 229 230
1 230 230
1 231 230
1 232 230
1 233 230
1 234 230
1 235 230
1 236 230
1 237 230
1 238 230
1 239 230
1 240 246
1 241 246
1 242 246
1 243 246
1 244 246
1 245 246
1 246 246
1 247 246
1 248 246
1 249 246
1 250 246
1 251 246
1 252 246
1 253 246
1 254 246
1 255 246
2 0 6
2 1 6
2 2 6
2 3 6
2 4 6
2 5 6
2 6 6
2 7 6
2 8 22
2 9 22
2 10 22
2 11 22
2 12 22
2 13 22
2 14 22
2 15 22
2 16 38
2 17 38
2 18 38
2 19 38
2 20 38
2 21 38
2 22 38
2 23 38
2 24 54
2 25 54
2 26 54
2 27 54
2 28 54
2 29 54
2 30 54
2 31 54
2 32 70
2 33 70
2 34 70
2 35 70
2 36 70
2 37 70
2 38 70
2 39 70
2 40 86
2 41 86
2 42 86
2 43 86
2 44 86
2 45 86
2 46 86
2 47 86
2 48 102
2 49 102
2 50 102
2 51 102
2 52 102
2 53 102
2 54 102
2 55 102
2 56 118
2 57 118
2 58 118
2 59 118
2 60 118
2 61 118
2 62 118
2 63 118
2 64 134
2 65 134
2 66 134
2 67 134
2 68 134
2 69 134
2 70 134
2 71 134
2 72 150
2 73 150
2 74 150
2 75 150
2 76 150
2 77 150
2 78 150
2 79 150
2 80 166
2 81 166
2 82 166
2 83 166
2 84 166
2 85 166
2 86 166
2 87 166
2 88 182
2 89 182
2 90 182
2 91 182
2 92 182
2 93 182
2 94 182
2 95 182
2 96 198
2 97 198
2 98 198
2 99 198
2 100 198
2 101 198
2 102 198
2 103 198
2 104 214
2 105 214
2 106 214
2 107 214
2 108 214
2 109 214
2 110 214
2 111 214
2 112 230
2 113 230
2 114 230
2 115 230
2 116 230
2 117 230
2 118 230
2 119 230
2 120 246
2 121 246
2 122 246
2 123 246
2 124 246
2 125 246
2 126 246
2 127 246
2 128 262
2 129 262
2 130 262
2 131 262
2 132 262
2 133 262
2 134 262
2 135 262
2 136 278
2 137 278
2 138 278
2 139 278
2 140 278
2 141 278
2 142 278
2 143 278
2 144 294
2 145 294
2 146 294
2 147 294
2 148 294
2 149 294
2 150 294
2 151 294
2 152 310
2 153 310
2 154 310
2 155 310
2 156 310
2 157 310
2 158 310
2 159 310
2 160 326
2 161 326
2 162 326
2 163 326
2 164 326
2 165 326
2 166 326
2 167 326
2 168 342
2 169 342
2 170 342
2 171 342
2 172 342
2 173 342
2 174 342
2 175 342
2 176 358
2 177 358
2 178 358
2 179 358
2 180 358
2 181 358
2 182 358
2 183 358
2 184 374
2 185 374
2 186 374
2 187 374
2 188 374
2 189 374
2 190 374
2 191 374
2 192 390
2 193 390
2 194 390
2 195 390
2 196 390
2 197 390
2 198 390
2 199 390
2 200 406
2 201 406
2 202 406
2 203 406
2 204 406
2 205 406
2 206 406
2 207 406
2 208 422
2 209 422
2 210 422
2 211 422
2 212 422
2 213 422
2 214 422
2 215 422
2 216 438
2 217 438
2 218 438
2 219 438
2 220 438
2 221 438
2 222 438
2 223 438
2 224 454
2 225 454
2 226 454
2 227 454
2 228 454
2 229 454
2 230 454
2 231 454
2 232 470
2 233 470
2 234 470
2 235 470
2 236 470
2 237 470
2 238 470
2 239 470
2 240 486
2 241 486
2 242 486
2 243 486
2 244 486
2 245 486
2 246 486
2 247 486
2 248 502
2 249 502
2 250 502
2 251 502
2 252 502
2 253 502
2 254 502
2 255 502
3 0 6
3 1 6
3 2 6
3 3 6
3 4 6
3 5 6
3 6 6
3 7 6
3 8 22
3 9 22
3 10 22
3 11 22
3 12 22
3 13 22
3 14 22
3 15 22
3 16 54
3 17 54
3 18 54
3 19 54
3 20 54
3 21 54
3 22 54
3 23 54
3 24 70
3 25 70
3 26 70
3 27 70
3 28 70
3 29 70
3 30 70
3 31 70
3 32 102
3 33 102
3 34 102
3 35 102
3 36 102
3 37 102
3 38 102
3 39 102
3 40 118
3 41 118
3 42 118
3 43 118
3 44 118
3 45 118
3 46 118
3 47 118
3 48 150
3 49 150
3 50 150
3 51 150
3 52 150
3 53 150
3 54 150
3 55 150
3 56 166
3 57 166
3 58 166
3 59 166
3 60 166
3 61 166
3 62 166
3 63 166
3 64 198
3 65 198
3 66 198
3 67 198
3 68 198
3 69 198
3 70 198
3 71 198
3 72 214
3 73 214
3 74 214
3 75 214
3 76 214
3 77 214
3 78 214
3 79 214
3 80 246
3 81 246
3 82 246
3 83 246
3 84 246
3 85 246
3 86 246
3 87 246
3 88 262
3 89 262
3 90 262
3 91 262
3 92 262
3 93 262
3 94 262
3 95 262
3 96 294
3 97 294
3 98 294
3 99 294
3 100 294
3 101 294
3 102 294
3 103 294
3 104 310
3 105 310
3 106 310
3 107 310
3 108 310
3 109 310
3 110 310
3 111 310
3 112 406
3 113 406
3 114 406
3 115 406
3 116 406
3 117 406
3 118 406
3 119 406
3 120 422
3 121 422
3 122 422
3 123 422
3 124 422
3 125 422
3 126 422
3 127 422
3 128 390
3 129 390
3 130 390
3 131 390
3 132 390
3 133 390
3 134 390
3 135 390
3 136 406
3 137 406
3 138 406
3 139 406
3 140 406
3 141 406
3 142 406
3 143 406
3 144 438
3 145 438
3 146 438
3 147 438
3 148 438
3 149 438
3 150 438
3 151 438
3 152 454
3 153 454
3 154 454
3 155 454
3 156 454
3 157 454
3 158 454
3 159 454
3 160 486
3 161 486
3 162 486
3 163 486
3 164 486
3 165 486
3 166 486
3 167 486
3 168 502
3 169 502
3 170 502
3 171 502
3 172 502
3 173 502
3 174 502
3 175 502
3 176 534
3 177 534
3 178 534
3 179 534
3 180 534
3 181 534
3 182 534
3 183 534
3 184 550
3 185 550
3 186 550
3 187 550
3 188 550
3 189 550
3 190 550
3 191 550
3 192 454
3 193 454
3 194 454
3 195 454
3 196 454
3 197 454
3 198 454
3 199 454
3 200 470
3 201 470
3 202 470
3 203 470
3 204 470
3 205 470
3 206 470
3 207 470
3 208 502
3 209 502
3 210 502
3 211 502
3 212 502
3 213 502
3 214 502
3 215 502
3 216 518
3 217 518
3 218 518
3 219 518
3 220 518
3 221 518
3 222 518
3 223 518
3 224 550
3 225 550
3 226 550
3 227 550
3 228 550
3 229 550
3 230 550
3 231 550
3 232 566
3 233 566
3 234 566
3 235 566
3 236 566
3 237 566
3 238 566
3 239 566
3 240 662
3 241 662
3 242 662
3 243 662
3 244 662
3 245 662
3 246 662
3 247 662
3 248 678
3 249 678
3 250 678
3 251 678
3 252 678
3 253 678
3 254 678
3 255 678
4 0 6
4 1 6
4 2 6
4 3 6
4 4 22
4 5 22
4 6 22
4 7 22
4 8 38
4 9 38
4 10 38
4 11 38
4 12 54
4 13 54
4 14 54
4 15 54
4 16 70
4 17 70
4 18 70
4 19 70
4 20 86
4 21 86
4 22 86
4 23 86
4 24 102
4 25 102
4 26 102
4 27 102
4 28 118
4 29 118
4 30 118
4 31 118
4 32 262
4 33 262
4 34 262
4 35 262
4 36 278
4 37 278
4 38 278
4 39 278
4 40 294
4 41 294
4 42 294
4 43 294
4 44 310
4 45 310
4 46 310
4 47 310
4 48 326
4 49 326
4 50 326
4 51 326
4 52 342
4 53 342
4 54 342
4 55 342
4 56 358
4 57 358
4 58 358
4 59 358
4 60 374
4 61 374
4 62 374
4 63 374
4 64 262
4 65 262
4 66 262
4 67 262
4 68 278
4 69 278
4 70 278
4 71 278
4 72 294
4 73 294
4 74 294
4 75 294
4 76 310
4 77 310
4 78 310
4 79 310
4 80 326
4 81 326
4 82 326
4 83 326
4 84 342
4 85 342
4 86 342
4 87 342
4 88 358
4 89 358
4 90 358
4 91 358
4 92 374
4 93 374
4 94 374
4 95 374
4 96 518
4 97 518
4 98 518
4 99 518
4 100 534
4 101 534
4 102 534
4 103 534
4 104 550
4 105 550
4 106 550
4 107 550
4 108 566
4 109 566
4 110 566
4 111 566
4 112 582
4 113 582
4 114 582
4 115 582
4 116 598
4 117 598
4 118 598
4 119 598
4 120 614
4 121 614
4 122 614
4 123 614
4 124 630
4 125 630
4 126 630
4 127 630
4 128 518
4 129 518
4 130 518
4 131 518
4 132 534
4 133 534
4 134 534
4 135 534
4 136 550
4 137 550
4 138 550
4 139 550
4 140 566
4 141 566
4 142 566
4 143 566
4 144 582
4 145 582
4 146 582
4 147 582
4 148 598
4 149 598
4 150 598
4 151 598
4 152 614
4 153 614
4 154 614
4 155 614
4 156 630
4 157 630
4 158 630
4 159 630
4 160 774
4 161 774
4 162 774
4 163 774
4 164 790
4 165 790
4 166 790
4 167 790
4 168 806
4 169 806
4 170 806
4 171 806
4 172 822
4 173 822
4 174 822
4 175 822
4 176 838
4 177 838
4 178 838
4 179 838
4 180 854
4 181 854
4 182 854
4 183 854
4 184 870
4 185 870
4 186 870
4 187 870
4 188 886
4 189 886
4 190 886
4 191 886
4 192 774
4 193 774
4 194 774
4 195 774
4 196 790
4 197 790
4 198 790
4 199 790
4 200 806
4 201 806
4 202 806
4 203 806
4 204 822
4 205 822
4 206 822
4 207 822
4 208 838
4 209 838
4 210 838
4 211 838
4 212 854
4 213 854
4 214 854
4 215 854
4 216 870
4 217 870
4 218 870
4 219 870
4 220 886
4 221 886
4 222 886
4 223 886
4 224 1030
4 225 1030
4 226 1030
4 227 1030
4 228 1046
4 229 1046
4 230 1046
4 231 1046
4 232 1062
4 233 1062
4 234 1062
4 235 1062
4 236 1078
4 237 1078
4 238 1078
4 239 1078
4 240 1094
4 241 1094
4 242 1094
4 243 1094
4 244 1110
4 245 1110
4 246 1110
4 247 1110
4 248 1126
4 249 1126
4 250 1126
4 251 1126
4 252 1142
4 253 1142
4 254 1142
4 255 1142
5 0 6
5 1 6
5 2 6
5 3 6
5 4 22
5 5 22
5 6 22
5 7 22
5 8 38
5 9 38
5 10 38
5 11 38
5 12 54
5 13 54
5 14 54
5 15 54
5 16 86
5 17 86
5 18 86
5 19 86
5 20 102
5 21 102
5 22 102
5 23 102
5 24 118
5 25 118
5 26 118
5 27 118
5 28 134
5 29 134
5 30 134
5 31 134
5 32 294
5 33 294
5 34 294
5 35 294
5 36 310
5 37 310
5 38 310
5 39 310
5 40 326
5 41 326
5 42 326
5 43 326
5 44 342
5 45 342
5 46 342
5 47 342
5 48 374
5 49 374
5 50 374
5 51 374
5 52 390
5 53 390
5 54 390
5 55 390
5 56 406
5 57 406
5 58 406
5 59 406
5 60 422
5 61 422
5 62 422
5 63 422
5 64 326
5 65 326
5 66 326
5 67 326
5 68 342
5 69 342
5 70 342
5 71 342
5 72 358
5 73 358
5 74 358
5 75 358
5 76 374
5 77 374
5 78 374
5 79 374
5 80 534
5 81 534
5 82 534
5 83 534
5 84 550
5 85 550
5 86 550
5 87 550
5 88 566
5 89 566
5 90 566
5 91 566
5 92 582
5 93 582
5 94 582
5 95 582
5 96 614
5 97 614
5 98 614
5 99 614
5 100 630
5 101 630
5 102 630
5 103 630
5 104 646
5 105 646
5 106 646
5 107 646
5 108 662
5 109 662
5 110 662
5 111 662
5 112 822
5 113 822
5 114 822
5 115 822
5 116 838
5 117 838
5 118 838
5 119 838
5 120 854
5 121 854
5 122 854
5 123 854
5 124 870
5 125 870
5 126 870
5 127 870
5 128 646
5 129 646
5 130 646
5 131 646
5 132 662
5 133 662
5 134 662
5 135 662
5 136 678
5 137 678
5 138 678
5 139 678
5 140 694
5 141 694
5 142 694
5 143 694
5 144 726
5 145 726
5 146 726
5 147 726
5 148 742
5 149 742
5 150 742
5 151 742
5 152 758
5 153 758
5 154 758
5 155 758
5 156 774
5 157 774
5 158 774
5 159 774
5 160 806
5 161 806
5 162 806
5 163 806
5 164 822
5 165 822
5 166 822
5 167 822
5 168 838
5 169 838
5 170 838
5 171 838
5 172 854
5 173 854
5 174 854
5 175 854
5 176 886
5 177 886
5 178 886
5 179 886
5 180 902
5 181 902
5 182 902
5 183 902
5 184 918
5 185 918
5 186 918
5 187 918
5 188 934
5 189 934
5 190 934
5 191 934
5 192 966
5 193 966
5 194 966
5 195 966
5 196 982
5 197 982
5 198 982
5 199 982
5 200 998
5 201 998
5 202 998
5 203 998
5 204 1014
5 205 1014
5 206 1014
5 207 1014
5 208 1046
5 209 1046
5 210 1046
5 211 1046
5 212 1062
5 213 1062
5 214 1062
5 215 1062
5 216 1078
5 217 1078
5 218 1078
5 219 1078
5 220 1094
5 221 1094
5 222 1094
5 223 1094
5 224 1126
5 225 1126
5 226 1126
5 227 1126
5 228 1142
5 229 1142
5 230 1142
5 231 1142
5 232 1158
5 233 1158
5 234 1158
5 235 1158
5 236 1174
5 237 1174
5 238 1174
5 239 1174
5 240 1334
5 241 1334
5 242 1334
5 243 1334
5 244 1350
5 245 1350
5 246 1350
5 247 1350
5 248 1366
5 249 1366
5 250 1366
5 251 1366
5 252 1382
5 253 1382
5 254 1382
5 255 1382
6 0 6
6 1 6
6 2 6
6 3 6
6 4 22
6 5 22
6 6 22
6 7 22
6 8 54
6 9 54
6 10 54
6 11 54
6 12 54
6 13 54
6 14 54
6 15 54
6 16 102
6 17 102
6 18 102
6 19 102
6 20 118
6 21 118
6 22 118
6 23 118
6 24 150
6 25 150
6 26 150
6 27 150
6 28 150
6 29 150
6 30 150
6 31 150
6 32 326
6 33 326
6 34 326
6 35 326
6 36 342
6 37 342
6 38 342
6 39 342
6 40 374
6 41 374
6 42 374
6 43 374
6 44 374
6 45 374
6 46 374
6 47 374
6 48 550
6 49 550
6 50 550
6 51 550
6 52 566
6 53 566
6 54 566
6 55 566
6 56 598
6 57 598
6 58 598
6 59 598
6 60 598
6 61 598
6 62 598
6 63 598
6 64 390
6 65 390
6 66 390
6 67 390
6 68 406
6 69 406
6 70 406
6 71 406
6 72 438
6 73 438
6 74 438
6 75 438
6 76 438
6 77 438
6 78 438
6 79 438
6 80 486
6 81 486
6 82 486
6 83 486
6 84 502
6 85 502
6 86 502
6 87 502
6 88 534
6 89 534
6 90 534
6 91 534
6 92 534
6 93 534
6 94 534
6 95 534
6 96 582
6 97 582
6 98 582
6 99 582
6 100 598
6 101 598
6 102 598
6 103 598
6 104 630
6 105 630
6 106 630
6 107 630
6 108 630
6 109 630
6 110 630
6 111 630
6 112 806
6 113 806
6 114 806
6 115 806
6 116 822
6 117 822
6 118 822
6 119 822
6 120 854
6 121 854
6 122 854
6 123 854
6 124 854
6 125 854
6 126 854
6 127 854
6 128 774
6 129 774
6 130 774
6 131 774
6 132 790
6 133 790
6 134 790
6 135 790
6 136 822
6 137 822
6 138 822
6 139 822
6 140 822
6 141 822
6 142 822
6 143 822
6 144 870
6 145 870
6 146 870
6 147 870
6 148 886
6 149 886
6 150 886
6 151 886
6 152 918
6 153 918
6 154 918
6 155 918
6 156 918
6 157 918
6 158 918
6 159 918
6 160 1094
6 161 1094
6 162 1094
6 163 1094
6 164 1110
6 165 1110
6 166 1110
6 167 1110
6 168 1142
6 169 1142
6 170 1142
6 171 1142
6 172 1142
6 173 1142
6 174 1142
6 175 1142
6 176 1318
6 177 1318
6 178 1318
6 179 1318
6 180 1334
6 181 1334
6 182 1334
6 183 1334
6 184 1366
6 185 1366
6 186 1366
6 187 1366
6 188 1366
6 189 1366
6 190 1366
6 191 1366
6 192 1158
6 193 1158
6 194 1158
6 195 1158
6 196 1174
6 197 1174
6 198 1174
6 199 1174
6 200 1206
6 201 1206
6 202 1206
6 203 1206
6 204 1206
6 205 1206
6 206 1206
6 207 1206
6 208 1254
6 209 1254
6 210 1254
6 211 1254
6 212 1270
6 213 1270
6 214 1270
6 215 1270
6 216 1302
6 217 1302
6 218 1302
6 219 1302
6 220 1302
6 221 1302
6 222 1302
6 223 1302
6 224 1350
6 225 1350
6 226 1350
6 227 1350
6 228 1366
6 229 1366
6 230 1366
6 231 1366
6 232 1398
6 233 1398
6 234 1398
6 235 1398
6 236 1398
6 237 1398
6 238 1398
6 239 1398
6 240 1574
6 241 1574
6 242 1574
6 243 1574
6 244 1590
6 245 1590
6 246 1590
6 247 1590
6 248 1622
6 249 1622
6 250 1622
6 251 1622
6 252 1622
6 253 1622
6 254 1622
6 255 1622
7 0 6
7 1 6
7 2 6
7 3 6
7 4 22
7 5 22
7 6 22
7 7 22
7 8 54
7 9 54
7 10 54
7 11 54
7 12 54
7 13 54
7 14 54
7 15 54
7 16 118
7 17 118
7 18 118
7 19 118
7 20 134
7 21 134
7 22 134
7 23 134
7 24 166
7 25 166
7 26 166
7 27 166
7 28 166
7 29 166
7 30 166
7 31 166
7 32 358
7 33 358
7 34 358
7 35 358
7 36 374
7 37 374
7 38 374
7 39 374
7 40 406
7 41 406
7 42 406
7 43 406
7 44 406
7 45 406
7 46 406
7 47 406
7 48 662
7 49 662
7 50 662
7 51 662
7 52 678
7 53 678
7 54 678
7 55 678
7 56 710
7 57 710
7 58 710
7 59 710
7 60 710
7 61 710
7 62 710
7 63 710
7 64 454
7 65 454
7 66 454
7 67 454
7 68 470
7 69 470
7 70 470
7 71 470
7 72 502
7 73 502
7 74 502
7 75 502
7 76 502
7 77 502
7 78 502
7 79 502
7 80 566
7 81 566
7 82 566
7 83 566
7 84 582
7 85 582
7 86 582
7 87 582
7 88 614
7 89 614
7 90 614
7 91 614
7 92 614
7 93 614
7 94 614
7 95 614
7 96 806
7 97 806
7 98 806
7 99 806
7 100 822
7 101 822
7 102 822
7 103 822
7 104 854
7 105 854
7 106 854
7 107 854
7 108 854
7 109 854
7 110 854
7 111 854
7 112 918
7 113 918
7 114 918
7 115 918
7 116 934
7 117 934
7 118 934
7 119 934
7 120 966
7 121 966
7 122 966
7 123 966
7 124 966
7 125 966
7 126 966
7 127 966
7 128 902
7 129 902
7 130 902
7 131 902
7 132 918
7 133 918
7 134 918
7 135 918
7 136 950
7 137 950
7 138 950
7 139 950
7 140 950
7 141 950
7 142 950
7 143 950
7 144 1014
7 145 1014
7 146 1014
7 147 1014
7 148 1030
7 149 1030
7 150 1030
7 151 1030
7 152 1062
7 153 1062
7 154 1062
7 155 1062
7 156 1062
7 157 1062
7 158 1062
7 159 1062
7 160 1126
7 161 1126
7 162 1126
7 163 1126
7 164 1142
7 165 1142
7 166 1142
7 167 1142
7 168 1174
7 169 1174
7 170 1174
7 171 1174
7 172 1174
7 173 1174
7 174 1174
7 175 1174
7 176 1430
7 177 1430
7 178 1430
7 179 1430
7 180 1446
7 181 1446
7 182 1446
7 183 1446
7 184 1478
7 185 1478
7 186 1478
7 187 1478
7 188 1478
7 189 1478
7 190 1478
7 191 1478
7 192 1222
7 193 1222
7 194 1222
7 195 1222
7 196 1238
7 197 1238
7 198 1238
7 199 1238
7 200 1270
7 201 1270
7 202 1270
7 203 1270
7 204 1270
7 205 1270
7 206 1270
7 207 1270
7 208 1334
7 209 1334
7 210 1334
7 211 1334
7 212 1350
7 213 1350
7 214 1350
7 215 1350
7 216 1382
7 217 1382
7 218 1382
7 219 1382
7 220 1382
7 221 1382
7 222 1382
7 223 1382
7 224 1574
7 225 1574
7 226 1574
7 227 1574
7 228 1590
7 229 1590
7 230 1590
7 231 1590
7 232 1622
7 233 1622
7 234 1622
7 235 1622
7 236 1622
7 237 1622
7 238 1622
7 239 1622
7 240 1686
7 241 1686
7 242 1686
7 243 1686
7 244 1702
7 245 1702
7 246 1702
7 247 1702
7 248 1734
7 249 1734
7 250 1734
7 251 1734
7 252 1734
7 253 1734
7 254 1734
7 255 1734
8 0 6
8 1 6
8 2 38
8 3 38
8 4 38
8 5 38
8 6 70
8 7 70
8 8 70
8 9 70
8 10 102
8 11 102
8 12 102
8 13 102
8 14 134
8 15 134
8 16 262
8 17 262
8 18 294
8 19 294
8 20 294
8 21 294
8 22 326
8 23 326
8 24 326
8 25 326
8 26 358
8 27 358
8 28 358
8 29 358
8 30 390
8 31 390
8 32 262
8 33 262
8 34 294
8 35 294
8 36 294
8 37 294
8 38 326
8 39 326
8 40 326
8 41 326
8 42 358
8 43 358
8 44 358
8 45 358
8 46 390
8 47 390
8 48 518
8 49 518
8 50 550
8 51 550
8 52 550
8 53 550
8 54 582
8 55 582
8 56 582
8 57 582
8 58 614
8 59 614
8 60 614
8 61 614
8 62 646
8 63 646
8 64 518
8 65 518
8 66 550
8 67 550
8 68 550
8 69 550
8 70 582
8 71 582
8 72 582
8 73 582
8 74 614
8 75 614
8 76 614
8 77 614
8 78 646
8 79 646
8 80 774
8 81 774
8 82 806
8 83 806
8 84 806
8 85 806
8 86 838
8 87 838
8 88 838
8 89 838
8 90 870
8 91 870
8 92 870
8 93 870
8 94 902
8 95 902
8 96 774
8 97 774
8 98 806
8 99 806
8 100 806
8 101 806
8 102 838
8 103 838
8 104 838
8 105 838
8 106 870
8 107 870
8 108 870
8 109 870
8 110 902
8 111 902
8 112 1030
8 113 1030
8 114 1062
8 115 1062
8 116 1062
8 117 1062
8 118 1094
8 119 1094
8 120 1094
8 121 1094
8 122 1126
8 123 1126
8 124 1126
8 125 1126
8 126 1158
8 127 1158
8 128 1030
8 129 1030
8 130 1062
8 131 1062
8 132 1062
8 133 1062
8 134 1094
8 135 1094
8 136 1094
8 137 1094
8 138 1126
8 139 1126
8 140 1126
8 141 1126
8 142 1158
8 143 1158
8 144 1286
8 145 1286
8 146 1318
8 147 1318
8 148 1318
8 149 1318
8 150 1350
8 151 1350
8 152 1350
8 153 1350
8 154 1382
8 155 1382
8 156 1382
8 157 1382
8 158 1414
8 159 1414
8 160 1286
8 161 1286
8 162 1318
8 163 1318
8 164 1318
8 165 1318
8 166 1350
8 167 1350
8 168 1350
8 169 1350
8 170 1382
8 171 1382
8 172 1382
8 173 1382
8 174 1414
8 175 1414
8 176 1542
8 177 1542
8 178 1574
8 179 1574
8 180 1574
8 181 1574
8 182 1606
8 183 1606
8 184 1606
8 185 1606
8 186 1638
8 187 1638
8 188 1638
8 189 1638
8 190 1670
8 191 1670
8 192 1542
8 193 1542
8 194 1574
8 195 1574
8 196 1574
8 197 1574
8 198 1606
8 199 1606
8 200 1606
8 201 1606
8 202 1638
8 203 1638
8 204 1638
8 205 1638
8 206 1670
8 207 1670
8 208 1798
8 209 1798
8 210 1830
8 211 1830
8 212 1830
8 213 1830
8 214 1862
8 215 1862
8 216 1862
8 217 1862
8 218 1894
8 219 1894
8 220 1894
8 221 1894
8 222 1926
8 223 1926
8 224 1798
8 225 1798
8 226 1830
8 227 1830
8 228 1830
8 229 1830
8 230 1862
8 231 1862
8 232 1862
8 233 1862
8 234 1894
8 235 1894
8 236 1894
8 237 1894
8 238 1926
8 239 1926
8 240 2054
8 241 2054
8 242 2086
8 243 2086
8 244 2086
8 245 2086
8 246 2118
8 247 2118
8 248 2118
8 249 2118
8 250 2150
8 251 2150
8 252 2150
8 253 2150
8 254 2182
8 255 2182
9 0 6
9 1 6
9 2 38
9 3 38
9 4 38
9 5 38
9 6 70
9 7 70
9 8 70
9 9 70
9 10 102
9 11 102
9 12 102
9 13 102
9 14 134
9 15 134
9 16 278
9 17 278
9 18 310
9 19 310
9 20 310
9 21 310
9 22 342
9 23 342
9 24 342
9 25 342
9 26 374
9 27 374
9 28 374
9 29 374
9 30 406
9 31 406
9 32 294
9 33 294
9 34 326
9 35 326
9 36 326
9 37 326
9 38 358
9 39 358
9 40 358
9 41 358
9 42 390
9 43 390
9 44 390
9 45 390
9 46 422
9 47 422
9 48 566
9 49 566
9 50 598
9 51 598
9 52 598
9 53 598
9 54 630
9 55 630
9 56 630
9 57 630
9 58 662
9 59 662
9 60 662
9 61 662
9 62 694
9 63 694
9 64 582
9 65 582
9 66 614
9 67 614
9 68 614
9 69 614
9 70 646
9 71 646
9 72 582
9 73 582
9 74 614
9 75 614
9 76 614
9 77 614
9 78 646
9 79 646
9 80 854
9 81 854
9 82 886
9 83 886
9 84 886
9 85 886
9 86 918
9 87 918
9 88 854
9 89 854
9 90 886
9 91 886
9 92 886
9 93 886
9 94 918
9 95 918
9 96 870
9 97 870
9 98 902
9 99 902
9 100 902
9 101 902
9 102 934
9 103 934
9 104 870
9 105 870
9 106 902
9 107 902
9 108 902
9 109 902
9 110 934
9 111 934
9 112 1142
9 113 1142
9 114 1174
9 115 1174
9 116 1174
9 117 1174
9 118 1206
9 119 1206
9 120 1142
9 121 1142
9 122 1174
9 123 1174
9 124 1174
9 125 1174
9 126 1206
9 127 1206
9 128 1158
9 129 1158
9 130 1190
9 131 1190
9 132 1190
9 133 1190
9 134 1222
9 135 1222
9 136 1222
9 137 1222
9 138 1254
9 139 1254
9 140 1254
9 141 1254
9 142 1286
9 143 1286
9 144 1302
9 145 1302
9 146 1334
9 147 1334
9 148 1334
9 149 1334
9 150 1366
9 151 1366
9 152 1366
9 153 1366
9 154 1398
9 155 1398
9 156 1398
9 157 1398
9 158 1430
9 159 1430
9 160 1446
9 161 1446
9 162 1478
9 163 1478
9 164 1478
9 165 1478
9 166 1510
9 167 1510
9 168 1510
9 169 1510
9 170 1542
9 171 1542
9 172 1542
9 173 1542
9 174 1574
9 175 1574
9 176 1590
9 177 1590
9 178 1622
9 179 1622
9 180 1622
9 181 1622
9 182 1654
9 183 1654
9 184 1654
9 185 1654
9 186 1686
9 187 1686
9 188 1686
9 189 1686
9 190 1718
9 191 1718
9 192 1734
9 193 1734
9 194 1766
9 195 1766
9 196 1766
9 197 1766
9 198 1798
9 199 1798
9 200 1734
9 201 1734
9 202 1766
9 203 1766
9 204 1766
9 205 1766
9 206 1798
9 207 1798
9 208 1878
9 209 1878
9 210 1910
9 211 1910
9 212 1910
9 213 1910
9 214 1942
9 215 1942
9 216 1878
9 217 1878
9 218 1910
9 219 1910
9 220 1910
9 221 1910
9 222 1942
9 223 1942
9 224 2022
9 225 2022
9 226 2054
9 227 2054
9 228 2054
9 229 2054
9 230 2086
9 231 2086
9 232 2022
9 233 2022
9 234 2054
9 235 2054
9 236 2054
9 237 2054
9 238 2086
9 239 2086
9 240 2166
9 241 2166
9 242 2198
9 243 2198
9 244 2198
9 245 2198
9 246 2230
9 247 2230
9 248 2166
9 249 2166
9 250 2198
9 251 2198
9 252 2198
9 253 2198
9 254 2230
9 255 2230
10 0 6
10 1 6
10 2 38
10 3 38
10 4 38
10 5 38
10 6 70
10 7 70
10 8 86
10 9 86
10 10 102
10 11 102
10 12 118
10 13 118
10 14 134
10 15 134
10 16 294
10 17 294
10 18 326
10 19 326
10 20 326
10 21 326
10 22 358
10 23 358
10 24 374
10 25 374
10 26 390
10 27 390
10 28 406
10 29 406
10 30 422
10 31 422
10 32 326
10 33 326
10 34 358
10 35 358
10 36 358
10 37 358
10 38 390
10 39 390
10 40 342
10 41 342
10 42 358
10 43 358
10 44 374
10 45 374
10 46 390
10 47 390
10 48 614
10 49 614
10 50 646
10 51 646
10 52 646
10 53 646
10 54 678
10 55 678
10 56 630
10 57 630
10 58 646
10 59 646
10 60 662
10 61 662
10 62 678
10 63 678
10 64 646
10 65 646
10 66 678
10 67 678
10 68 678
10 69 678
10 70 710
10 71 710
10 72 726
10 73 726
10 74 742
10 75 742
10 76 758
10 77 758
10 78 774
10 79 774
10 80 806
10 81 806
10 82 838
10 83 838
10 84 838
10 85 838
10 86 870
10 87 870
10 88 886
10 89 886
10 90 902
10 91 902
10 92 918
10 93 918
10 94 934
10 95 934
10 96 966
10 97 966
10 98 998
10 99 998
10 100 998
10 101 998
10 102 1030
10 103 1030
10 104 982
10 105 982
10 106 998
10 107 998
10 108 1014
10 109 1014
10 110 1030
10 111 1030
10 112 1126
10 113 1126
10 114 1158
10 115 1158
10 116 1158
10 117 1158
10 118 1190
10 119 1190
10 120 1142
10 121 1142
10 122 1158
10 123 1158
10 124 1174
10 125 1174
10 126 1190
10 127 1190
10 128 1286
10 129 1286
10 130 1318
10 131 1318
10 132 1318
10 133 1318
10 134 1350
10 135 1350
10 136 1366
10 137 1366
10 138 1382
10 139 1382
10 140 1398
10 141 1398
10 142 1414
10 143 1414
10 144 1574
10 145 1574
10 146 1606
10 147 1606
10 148 1606
10 149 1606
10 150 1638
10 151 1638
10 152 1654
10 153 1654
10 154 1670
10 155 1670
10 156 1686
10 157 1686
10 158 1702
10 159 1702
10 160 1606
10 161 1606
10 162 1638
10 163 1638
10 164 1638
10 165 1638
10 166 1670
10 167 1670
10 168 1622
10 169 1622
10 170 1638
10 171 1638
10 172 1654
10 173 1654
10 174 1670
10 175 1670
10 176 1894
10 177 1894
10 178 1926
10 179 1926
10 180 1926
10 181 1926
10 182 1958
10 183 1958
10 184 1910
10 185 1910
10 186 1926
10 187 1926
10 188 1942
10 189 1942
10 190 1958
10 191 1958
10 192 1926
10 193 1926
10 194 1958
10 195 1958
10 196 1958
10 197 1958
10 198 1990
10 199 1990
10 200 2006
10 201 2006
10 202 2022
10 203 2022
10 204 2038
10 205 2038
10 206 2054
10 207 2054
10 208 2086
10 209 2086
10 210 2118
10 211 2118
10 212 2118
10 213 2118
10 214 2150
10 215 2150
10 216 2166
10 217 2166
10 218 2182
10 219 2182
10 220 2198
10 221 2198
10 222 2214
10 223 2214
10 224 2246
10 225 2246
10 226 2278
10 227 2278
10 228 2278
10 229 2278
10 230 2310
10 231 2310
10 232 2262
10 233 2262
10 234 2278
10 235 2278
10 236 2294
10 237 2294
10 238 2310
10 239 2310
10 240 2406
10 241 2406
10 242 2438
10 243 2438
10 244 2438
10 245 2438
10 246 2470
10 247 2470
10 248 2422
10 249 2422
10 250 2438
10 251 2438
10 252 2454
10 253 2454
10 254 2470
10 255 2470
11 0 6
11 1 6
11 2 38
11 3 38
11 4 38
11 5 38
11 6 70
11 7 70
11 8 86
11 9 86
11 10 102
11 11 102
11 12 118
11 13 118
11 14 134
11 15 134
11 16 310
11 17 310
11 18 342
11 19 342
11 20 342
11 21 342
11 22 374
11 23 374
11 24 390
11 25 390
11 26 406
11 27 406
11 28 422
11 29 422
11 30 438
11 31 438
11 32 358
11 33 358
11 34 390
11 35 390
11 36 390
11 37 390
11 38 422
11 39 422
11 40 374
11 41 374
11 42 390
11 43 390
11 44 406
11 45 406
11 46 422
11 47 422
11 48 662
11 49 662
11 50 694
11 51 694
11 52 694
11 53 694
11 54 726
11 55 726
11 56 678
11 57 678
11 58 694
11 59 694
11 60 710
11 61 710
11 62 726
11 63 726
11 64 710
11 65 710
11 66 742
11 67 742
11 68 742
11 69 742
11 70 774
11 71 774
11 72 726
11 73 726
11 74 742
11 75 742
11 76 758
11 77 758
11 78 774
11 79 774
11 80 886
11 81 886
11 82 918
11 83 918
11 84 918
11 85 918
11 86 950
11 87 950
11 88 902
11 89 902
11 90 918
11 91 918
11 92 934
11 93 934
11 94 950
11 95 950
11 96 1062
11 97 1062
11 98 1094
11 99 1094
11 100 1094
11 101 1094
11 102 1126
11 103 1126
11 104 1142
11 105 1142
11 106 1158
11 107 1158
11 108 1174
11 109 1174
11 110 1190
11 111 1190
11 112 1430
11 113 1430
11 114 1462
11 115 1462
11 116 1462
11 117 1462
11 118 1494
11 119 1494
11 120 1446
11 121 1446
11 122 1462
11 123 1462
11 124 1478
11 125 1478
11 126 1494
11 127 1494
11 128 1414
11 129 1414
11 130 1446
11 131 1446
11 132 1446
11 133 1446
11 134 1478
11 135 1478
11 136 1494
11 137 1494
11 138 1510
11 139 1510
11 140 1526
11 141 1526
11 142 1542
11 143 1542
11 144 1590
11 145 1590
11 146 1622
11 147 1622
11 148 1622
11 149 1622
11 150 1654
11 151 1654
11 152 1670
11 153 1670
11 154 1686
11 155 1686
11 156 1702
11 157 1702
11 158 1718
11 159 1718
11 160 1766
11 161 1766
11 162 1798
11 163 1798
11 164 1798
11 165 1798
11 166 1830
11 167 1830
11 168 1782
11 169 1782
11 170 1798
11 171 1798
11 172 1814
11 173 1814
11 174 1830
11 175 1830
11 176 1942
11 177 1942
11 178 1974
11 179 1974
11 180 1974
11 181 1974
11 182 2006
11 183 2006
11 184 1958
11 185 1958
11 186 1974
11 187 1974
11 188 1990
11 189 1990
11 190 2006
11 191 2006
11 192 1990
11 193 1990
11 194 2022
11 195 2022
11 196 2022
11 197 2022
11 198 2054
11 199 2054
11 200 2006
11 201 2006
11 202 2022
11 203 2022
11 204 2038
11 205 2038
11 206 2054
11 207 2054
11 208 2166
11 209 2166
11 210 2198
11 211 2198
11 212 2198
11 213 2198
11 214 2230
11 215 2230
11 216 2182
11 217 2182
11 218 2198
11 219 2198
11 220 2214
11 221 2214
11 222 2230
11 223 2230
11 224 2342
11 225 2342
11 226 2374
11 227 2374
11 228 2374
11 229 2374
11 230 2406
11 231 2406
11 232 2422
11 233 2422
11 234 2438
11 235 2438
11 236 2454
11 237 2454
11 238 2470
11 239 2470
11 240 2710
11 241 2710
11 242 2742
11 243 2742
11 244 2742
11 245 2742
11 246 2774
11 247 2774
11 248 2726
11 249 2726
11 250 2742
11 251 2742
11 252 2758
11 253 2758
11 254 2774
11 255 2774
12 0 6
12 1 6
12 2 38
12 3 38
12 4 54
12 5 54
12 6 70
12 7 70
12 8 102
12 9 102
12 10 134
12 11 134
12 12 118
12 13 118
12 14 134
12 15 134
12 16 326
12 17 326
12 18 358
12 19 358
12 20 374
12 21 374
12 22 390
12 23 390
12 24 358
12 25 358
12 26 390
12 27 390
12 28 374
12 29 374
12 30 390
12 31 390
12 32 518
12 33 518
12 34 550
12 35 550
12 36 566
12 37 566
12 38 582
12 39 582
12 40 614
12 41 614
12 42 646
12 43 646
12 44 630
12 45 630
12 46 646
12 47 646
12 48 582
12 49 582
12 50 614
12 51 614
12 52 630
12 53 630
12 54 646
12 55 646
12 56 614
12 57 614
12 58 646
12 59 646
12 60 630
12 61 630
12 62 646
12 63 646
12 64 774
12 65 774
12 66 806
12 67 806
12 68 822
12 69 822
12 70 838
12 71 838
12 72 870
12 73 870
12 74 902
12 75 902
12 76 886
12 77 886
12 78 902
12 79 902
12 80 1094
12 81 1094
12 82 1126
12 83 1126
12 84 1142
12 85 1142
12 86 1158
12 87 1158
12 88 1126
12 89 1126
12 90 1158
12 91 1158
12 92 1142
12 93 1142
12 94 1158
12 95 1158
12 96 1286
12 97 1286
12 98 1318
12 99 1318
12 100 1334
12 101 1334
12 102 1350
12 103 1350
12 104 1382
12 105 1382
12 106 1414
12 107 1414
12 108 1398
12 109 1398
12 110 1414
12 111 1414
12 112 1350
12 113 1350
12 114 1382
12 115 1382
12 116 1398
12 117 1398
12 118 1414
12 119 1414
12 120 1382
12 121 1382
12 122 1414
12 123 1414
12 124 1398
12 125 1398
12 126 1414
12 127 1414
12 128 1542
12 129 1542
12 130 1574
12 131 1574
12 132 1590
12 133 1590
12 134 1606
12 135 1606
12 136 1638
12 137 1638
12 138 1670
12 139 1670
12 140 1654
12 141 1654
12 142 1670
12 143 1670
12 144 1862
12 145 1862
12 146 1894
12 147 1894
12 148 1910
12 149 1910
12 150 1926
12 151 1926
12 152 1894
12 153 1894
12 154 1926
12 155 1926
12 156 1910
12 157 1910
12 158 1926
12 159 1926
12 160 2054
12 161 2054
12 162 2086
12 163 2086
12 164 2102
12 165 2102
12 166 2118
12 167 2118
12 168 2150
12 169 2150
12 170 2182
12 171 2182
12 172 2166
12 173 2166
12 174 2182
12 175 2182
12 176 2118
12 177 2118
12 178 2150
12 179 2150
12 180 2166
12 181 2166
12 182 2182
12 183 2182
12 184 2150
12 185 2150
12 186 2182
12 187 2182
12 188 2166
12 189 2166
12 190 2182
12 191 2182
12 192 2310
12 193 2310
12 194 2342
12 195 2342
12 196 2358
12 197 2358
12 198 2374
12 199 2374
12 200 2406
12 201 2406
12 202 2438
12 203 2438
12 204 2422
12 205 2422
12 206 2438
12 207 2438
12 208 2630
12 209 2630
12 210 2662
12 211 2662
12 212 2678
12 213 2678
12 214 2694
12 215 2694
12 216 2662
12 217 2662
12 218 2694
12 219 2694
12 220 2678
12 221 2678
12 222 2694
12 223 2694
12 224 2822
12 225 2822
12 226 2854
12 227 2854
12 228 2870
12 229 2870
12 230 2886
12 231 2886
12 232 2918
12 233 2918
12 234 2950
12 235 2950
12 236 2934
12 237 2934
12 238 2950
12 239 2950
12 240 2886
12 241 2886
12 242 2918
12 243 2918
12 244 2934
12 245 2934
12 246 2950
12 247 2950
12 248 2918
12 249 2918
12 250 2950
12 251 2950
12 252 2934
12 253 2934
12 254 2950
12 255 2950
13 0 6
13 1 6
13 2 38
13 3 38
13 4 54
13 5 54
13 6 70
13 7 70
13 8 102
13 9 102
13 10 134
13 11 134
13 12 118
13 13 118
13 14 134
13 15 134
13 16 342
13 17 342
13 18 374
13 19 374
13 20 390
13 21 390
13 22 406
13 23 406
13 24 374
13 25 374
13 26 406
13 27 406
13 28 390
13 29 390
13 30 406
13 31 406
13 32 550
13 33 550
13 34 582
13 35 582
13 36 598
13 37 598
13 38 614
13 39 614
13 40 646
13 41 646
13 42 678
13 43 678
13 44 662
13 45 662
13 46 678
13 47 678
13 48 630
13 49 630
13 50 662
13 51 662
13 52 678
13 53 678
13 54 694
13 55 694
13 56 662
13 57 662
13 58 694
13 59 694
13 60 678
13 61 678
13 62 694
13 63 694
13 64 838
13 65 838
13 66 870
13 67 870
13 68 886
13 69 886
13 70 902
13 71 902
13 72 870
13 73 870
13 74 902
13 75 902
13 76 886
13 77 886
13 78 902
13 79 902
13 80 1302
13 81 1302
13 82 1334
13 83 1334
13 84 1350
13 85 1350
13 86 1366
13 87 1366
13 88 1398
13 89 1398
13 90 1430
13 91 1430
13 92 1414
13 93 1414
13 94 1430
13 95 1430
13 96 1382
13 97 1382
13 98 1414
13 99 1414
13 100 1430
13 101 1430
13 102 1446
13 103 1446
13 104 1414
13 105 1414
13 106 1446
13 107 1446
13 108 1430
13 109 1430
13 110 1446
13 111 1446
13 112 1590
13 113 1590
13 114 1622
13 115 1622
13 116 1638
13 117 1638
13 118 1654
13 119 1654
13 120 1686
13 121 1686
13 122 1718
13 123 1718
13 124 1702
13 125 1702
13 126 1718
13 127 1718
13 128 1670
13 129 1670
13 130 1702
13 131 1702
13 132 1718
13 133 1718
13 134 1734
13 135 1734
13 136 1766
13 137 1766
13 138 1798
13 139 1798
13 140 1782
13 141 1782
13 142 1798
13 143 1798
13 144 1878
13 145 1878
13 146 1910
13 147 1910
13 148 1926
13 149 1926
13 150 1942
13 151 1942
13 152 1910
13 153 1910
13 154 1942
13 155 1942
13 156 1926
13 157 1926
13 158 1942
13 159 1942
13 160 2086
13 161 2086
13 162 2118
13 163 2118
13 164 2134
13 165 2134
13 166 2150
13 167 2150
13 168 2182
13 169 2182
13 170 2214
13 171 2214
13 172 2198
13 173 2198
13 174 2214
13 175 2214
13 176 2294
13 177 2294
13 178 2326
13 179 2326
13 180 2342
13 181 2342
13 182 2358
13 183 2358
13 184 2326
13 185 2326
13 186 2358
13 187 2358
13 188 2342
13 189 2342
13 190 2358
13 191 2358
13 192 2502
13 193 2502
13 194 2534
13 195 2534
13 196 2550
13 197 2550
13 198 2566
13 199 2566
13 200 2534
13 201 2534
13 202 2566
13 203 2566
13 204 2550
13 205 2550
13 206 2566
13 207 2566
13 208 2838
13 209 2838
13 210 2870
13 211 2870
13 212 2886
13 213 2886
13 214 2902
13 215 2902
13 216 2934
13 217 2934
13 218 2966
13 219 2966
13 220 2950
13 221 2950
13 222 2966
13 223 2966
13 224 2918
13 225 2918
13 226 2950
13 227 2950
13 228 2966
13 229 2966
13 230 2982
13 231 2982
13 232 2950
13 233 2950
13 234 2982
13 235 2982
13 236 2966
13 237 2966
13 238 2982
13 239 2982
13 240 3126
13 241 3126
13 242 3158
13 243 3158
13 244 3174
13 245 3174
13 246 3190
13 247 3190
13 248 3222
13 249 3222
13 250 3254
13 251 3254
13 252 3238
13 253 3238
13 254 3254
13 255 3254
14 0 6
14 1 6
14 2 38
14 3 38
14 4 54
14 5 54
14 6 70
14 7 70
14 8 118
14 9 118
14 10 134
14 11 134
14 12 118
14 13 118
14 14 134
14 15 134
14 16 358
14 17 358
14 18 390
14 19 390
14 20 406
14 21 406
14 22 422
14 23 422
14 24 406
14 25 406
14 26 422
14 27 422
14 28 406
14 29 406
14 30 422
14 31 422
14 32 582
14 33 582
14 34 614
14 35 614
14 36 630
14 37 630
14 38 646
14 39 646
14 40 630
14 41 630
14 42 646
14 43 646
14 44 630
14 45 630
14 46 646
14 47 646
14 48 806
14 49 806
14 50 838
14 51 838
14 52 854
14 53 854
14 54 870
14 55 870
14 56 918
14 57 918
14 58 934
14 59 934
14 60 918
14 61 918
14 62 934
14 63 934
14 64 902
14 65 902
14 66 934
14 67 934
14 68 950
14 69 950
14 70 966
14 71 966
14 72 1014
14 73 1014
14 74 1030
14 75 1030
14 76 1014
14 77 1014
14 78 1030
14 79 1030
14 80 1126
14 81 1126
14 82 1158
14 83 1158
14 84 1174
14 85 1174
14 86 1190
14 87 1190
14 88 1174
14 89 1174
14 90 1190
14 91 1190
14 92 1174
14 93 1174
14 94 1190
14 95 1190
14 96 1350
14 97 1350
14 98 1382
14 99 1382
14 100 1398
14 101 1398
14 102 1414
14 103 1414
14 104 1398
14 105 1398
14 106 1414
14 107 1414
14 108 1398
14 109 1398
14 110 1414
14 111 1414
14 112 1574
14 113 1574
14 114 1606
14 115 1606
14 116 1622
14 117 1622
14 118 1638
14 119 1638
14 120 1686
14 121 1686
14 122 1702
14 123 1702
14 124 1686
14 125 1686
14 126 1702
14 127 1702
14 128 1798
14 129 1798
14 130 1830
14 131 1830
14 132 1846
14 133 1846
14 134 1862
14 135 1862
14 136 1910
14 137 1910
14 138 1926
14 139 1926
14 140 1910
14 141 1910
14 142 1926
14 143 1926
14 144 2150
14 145 2150
14 146 2182
14 147 2182
14 148 2198
14 149 2198
14 150 2214
14 151 2214
14 152 2198
14 153 2198
14 154 2214
14 155 2214
14 156 2198
14 157 2198
14 158 2214
14 159 2214
14 160 2374
14 161 2374
14 162 2406
14 163 2406
14 164 2422
14 165 2422
14 166 2438
14 167 2438
14 168 2422
14 169 2422
14 170 2438
14 171 2438
14 172 2422
14 173 2422
14 174 2438
14 175 2438
14 176 2598
14 177 2598
14 178 2630
14 179 2630
14 180 2646
14 181 2646
14 182 2662
14 183 2662
14 184 2710
14 185 2710
14 186 2726
14 187 2726
14 188 2710
14 189 2710
14 190 2726
14 191 2726
14 192 2694
14 193 2694
14 194 2726
14 195 2726
14 196 2742
14 197 2742
14 198 2758
14 199 2758
14 200 2806
14 201 2806
14 202 2822
14 203 2822
14 204 2806
14 205 2806
14 206 2822
14 207 2822
14 208 2918
14 209 2918
14 210 2950
14 211 2950
14 212 2966
14 213 2966
14 214 2982
14 215 2982
14 216 2966
14 217 2966
14 218 2982
14 219 2982
14 220 2966
14 221 2966
14 222 2982
14 223 2982
14 224 3142
14 225 3142
14 226 3174
14 227 3174
14 228 3190
14 229 3190
14 230 3206
14 231 3206
14 232 3190
14 233 3190
14 234 3206
14 235 3206
14 236 3190
14 237 3190
14 238 3206
14 239 3206
14 240 3366
14 241 3366
14 242 3398
14 243 3398
14 244 3414
14 245 3414
14 246 3430
14 247 3430
14 248 3478
14 249 3478
14 250 3494
14 251 3494
14 252 3478
14 253 3478
14 254 3494
14 255 3494
15 0 6
15 1 6
15 2 38
15 3 38
15 4 54
15 5 54
15 6 70
15 7 70
15 8 118
15 9 118
15 10 134
15 11 134
15 12 118
15 13 118
15 14 134
15 15 134
15 16 374
15 17 374
15 18 406
15 19 406
15 20 422
15 21 422
15 22 438
15 23 438
15 24 422
15 25 422
15 26 438
15 27 438
15 28 422
15 29 422
15 30 438
15 31 438
15 32 614
15 33 614
15 34 646
15 35 646
15 36 662
15 37 662
15 38 678
15 39 678
15 40 662
15 41 662
15 42 678
15 43 678
15 44 662
15 45 662
15 46 678
15 47 678
15 48 918
15 49 918
15 50 950
15 51 950
15 52 966
15 53 966
15 54 982
15 55 982
15 56 966
15 57 966
15 58 982
15 59 982
15 60 966
15 61 966
15 62 982
15 63 982
15 64 966
15 65 966
15 66 998
15 67 998
15 68 1014
15 69 1014
15 70 1030
15 71 1030
15 72 1014
15 73 1014
15 74 1030
15 75 1030
15 76 1014
15 77 1014
15 78 1030
15 79 1030
15 80 1334
15 81 1334
15 82 1366
15 83 1366
15 84 1382
15 85 1382
15 86 1398
15 87 1398
15 88 1446
15 89 1446
15 90 1462
15 91 1462
15 92 1446
15 93 1446
15 94 1462
15 95 1462
15 96 1574
15 97 1574
15 98 1606
15 99 1606
15 100 1622
15 101 1622
15 102 1638
15 103 1638
15 104 1686
15 105 1686
15 106 1702
15 107 1702
15 108 1686
15 109 1686
15 110 1702
15 111 1702
15 112 1686
15 113 1686
15 114 1718
15 115 1718
15 116 1734
15 117 1734
15 118 1750
15 119 1750
15 120 1734
15 121 1734
15 122 1750
15 123 1750
15 124 1734
15 125 1734
15 126 1750
15 127 1750
15 128 1926
15 129 1926
15 130 1958
15 131 1958
15 132 1974
15 133 1974
15 134 1990
15 135 1990
15 136 2038
15 137 2038
15 138 2054
15 139 2054
15 140 2038
15 141 2038
15 142 2054
15 143 2054
15 144 2166
15 145 2166
15 146 2198
15 147 2198
15 148 2214
15 149 2214
15 150 2230
15 151 2230
15 152 2214
15 153 2214
15 154 2230
15 155 2230
15 156 2214
15 157 2214
15 158 2230
15 159 2230
15 160 2406
15 161 2406
15 162 2438
15 163 2438
15 164 2454
15 165 2454
15 166 2470
15 167 2470
15 168 2454
15 169 2454
15 170 2470
15 171 2470
15 172 2454
15 173 2454
15 174 2470
15 175 2470
15 176 2710
15 177 2710
15 178 2742
15 179 2742
15 180 2758
15 181 2758
15 182 2774
15 183 2774
15 184 2758
15 185 2758
15 186 2774
15 187 2774
15 188 2758
15 189 2758
15 190 2774
15 191 2774
15 192 2758
15 193 2758
15 194 2790
15 195 2790
15 196 2806
15 197 2806
15 198 2822
15 199 2822
15 200 2806
15 201 2806
15 202 2822
15 203 2822
15 204 2806
15 205 2806
15 206 2822
15 207 2822
15 208 3126
15 209 3126
15 210 3158
15 211 3158
15 212 3174
15 213 3174
15 214 3190
15 215 3190
15 216 3238
15 217 3238
15 218 3254
15 219 3254
15 220 3238
15 221 3238
15 222 3254
15 223 3254
15 224 3366
15 225 3366
15 226 3398
15 227 3398
15 228 3414
15 229 3414
15 230 3430
15 231 3430
15 232 3478
15 233 3478
15 234 3494
15 235 3494
15 236 3478
15 237 3478
15 238 3494
15 239 3494
15 240 3478
15 241 3478
15 242 3510
15 243 3510
15 244 3526
15 245 3526
15 246 3542
15 247 3542
15 248 3526
15 249 3526
15 250 3542
15 251 3542
15 252 3526
15 253 3526
15 254 3542
15 255 3542
16 0 6
16 1 38
16 2 134
16 3 166
16 4 70
16 5 102
16 6 134
16 7 166
16 8 134
16 9 166
16 10 262
16 11 294
16 12 198
16 13 230
16 14 262
16 15 294
16 16 262
16 17 294
16 18 390
16 19 422
16 20 326
16 21 358
16 22 390
16 23 422
16 24 390
16 25 422
16 26 518
16 27 550
16 28 454
16 29 486
16 30 518
16 31 550
16 32 518
16 33 550
16 34 646
16 35 678
16 36 582
16 37 614
16 38 646
16 39 678
16 40 646
16 41 678
16 42 774
16 43 806
16 44 710
16 45 742
16 46 774
16 47 806
16 48 774
16 49 806
16 50 902
16 51 934
16 52 838
16 53 870
16 54 902
16 55 934
16 56 902
16 57 934
16 58 1030
16 59 1062
16 60 966
16 61 998
16 62 1030
16 63 1062
16 64 1030
16 65 1062
16 66 1158
16 67 1190
16 68 1094
16 69 1126
16 70 1158
16 71 1190
16 72 1158
16 73 1190
16 74 1286
16 75 1318
16 76 1222
16 77 1254
16 78 1286
16 79 1318
16 80 1286
16 81 1318
16 82 1414
16 83 1446
16 84 1350
16 85 1382
16 86 1414
16 87 1446
16 88 1414
16 89 1446
16 90 1542
16 91 1574
16 92 1478
16 93 1510
16 94 1542
16 95 1574
16 96 1542
16 97 1574
16 98 1670
16 99 1702
16 100 1606
16 101 1638
16 102 1670
16 103 1702
16 104 1670
16 105 1702
16 106 1798
16 107 1830
16 108 1734
16 109 1766
16 110 1798
16 111 1830
16 112 1798
16 113 1830
16 114 1926
16 115 1958
16 116 1862
16 117 1894
16 118 1926
16 119 1958
16 120 1926
16 121 1958
16 122 2054
16 123 2086
16 124 1990
16 125 2022
16 126 2054
16 127 2086
16 128 2054
16 129 2086
16 130 2182
16 131 2214
16 132 2118
16 133 2150
16 134 2182
16 135 2214
16 136 2182
16 137 2214
16 138 2310
16 139 2342
16 140 2246
16 141 2278
16 142 2310
16 143 2342
16 144 2310
16 145 2342
16 146 2438
16 147 2470
16 148 2374
16 149 2406
16 150 2438
16 151 2470
16 152 2438
16 153 2470
16 154 2566
16 155 2598
16 156 2502
16 157 2534
16 158 2566
16 159 2598
16 160 2566
16 161 2598
16 162 2694
16 163 2726
16 164 2630
16 165 2662
16 166 2694
16 167 2726
16 168 2694
16 169 2726
16 170 2822
16 171 2854
16 172 2758
16 173 2790
16 174 2822
16 175 2854
16 176 2822
16 177 2854
16 178 2950
16 179 2982
16 180 2886
16 181 2918
16 182 2950
16 183 2982
16 184 2950
16 185 2982
16 186 3078
16 187 3110
16 188 3014
16 189 3046
16 190 3078
16 191 3110
16 192 3078
16 193 3110
16 194 3206
16 195 3238
16 196 3142
16 197 3174
16 198 3206
16 199 3238
16 200 3206
16 201 3238
16 202 3334
16 203 3366
16 204 3270
16 205 3302
16 206 3334
16 207 3366
16 208 3334
16 209 3366
16 210 3462
16 211 3494
16 212 3398
16 213 3430
16 214 3462
16 215 3494
16 216 3462
16 217 3494
16 218 3590
16 219 3622
16 220 3526
16 221 3558
16 222 3590
16 223 3622
16 224 3590
16 225 3622
16 226 3718
16 227 3750
16 228 3654
16 229 3686
16 230 3718
16 231 3750
16 232 3718
16 233 3750
16 234 3846
16 235 3878
16 236 3782
16 237 3814
16 238 3846
16 239 3878
16 240 3846
16 241 3878
16 242 3974
16 243 4006
16 244 3910
16 245 3942
16 246 3974
16 247 4006
16 248 3974
16 249 4006
16 250 4102
16 251 4134
16 252 4038
16 253 4070
16 254 4102
16 255 4134
17 0 6
17 1 38
17 2 134
17 3 166
17 4 70
17 5 102
17 6 134
17 7 166
17 8 134
17 9 166
17 10 262
17 11 294
17 12 198
17 13 230
17 14 262
17 15 294
17 16 278
17 17 310
17 18 406
17 19 438
17 20 342
17 21 374
17 22 406
17 23 438
17 24 406
17 25 438
17 26 534
17 27 566
17 28 470
17 29 502
17 30 534
17 31 566
17 32 550
17 33 582
17 34 678
17 35 710
17 36 614
17 37 646
17 38 678
17 39 710
17 40 678
17 41 710
17 42 806
17 43 838
17 44 742
17 45 774
17 46 806
17 47 838
17 48 822
17 49 854
17 50 950
17 51 982
17 52 886
17 53 918
17 54 950
17 55 982
17 56 950
17 57 982
17 58 1078
17 59 1110
17 60 1014
17 61 1046
17 62 1078
17 63 1110
17 64 1094
17 65 1126
17 66 1158
17 67 1190
17 68 1094
17 69 1126
17 70 1158
17 71 1190
17 72 1222
17 73 1254
17 74 1286
17 75 1318
17 76 1222
17 77 1254
17 78 1286
17 79 1318
17 80 1366
17 81 1398
17 82 1430
17 83 1462
17 84 1366
17 85 1398
17 86 1430
17 87 1462
17 88 1494
17 89 1526
17 90 1558
17 91 1590
17 92 1494
17 93 1526
17 94 1558
17 95 1590
17 96 1638
17 97 1670
17 98 1702
17 99 1734
17 100 1638
17 101 1670
17 102 1702
17 103 1734
17 104 1766
17 105 1798
17 106 1830
17 107 1862
17 108 1766
17 109 1798
17 110 1830
17 111 1862
17 112 1910
17 113 1942
17 114 1974
17 115 2006
17 116 1910
17 117 1942
17 118 1974
17 119 2006
17 120 2038
17 121 2070
17 122 2102
17 123 2134
17 124 2038
17 125 2070
17 126 2102
17 127 2134
17 128 2182
17 129 2214
17 130 2310
17 131 2342
17 132 2246
17 133 2278
17 134 2310
17 135 2342
17 136 2182
17 137 2214
17 138 2310
17 139 2342
17 140 2246
17 141 2278
17 142 2310
17 143 2342
17 144 2454
17 145 2486
17 146 2582
17 147 2614
17 148 2518
17 149 2550
17 150 2582
17 151 2614
17 152 2454
17 153 2486
17 154 2582
17 155 2614
17 156 2518
17 157 2550
17 158 2582
17 159 2614
17 160 2726
17 161 2758
17 162 2854
17 163 2886
17 164 2790
17 165 2822
17 166 2854
17 167 2886
17 168 2726
17 169 2758
17 170 2854
17 171 2886
17 172 2790
17 173 2822
17 174 2854
17 175 2886
17 176 2998
17 177 3030
17 178 3126
17 179 3158
17 180 3062
17 181 3094
17 182 3126
17 183 3158
17 184 2998
17 185 3030
17 186 3126
17 187 3158
17 188 3062
17 189 3094
17 190 3126
17 191 3158
17 192 3270
17 193 3302
17 194 3334
17 195 3366
17 196 3270
17 197 3302
17 198 3334
17 199 3366
17 200 3270
17 201 3302
17 202 3334
17 203 3366
17 204 3270
17 205 3302
17 206 3334
17 207 3366
17 208 3542
17 209 3574
17 210 3606
17 211 3638
17 212 3542
17 213 3574
17 214 3606
17 215 3638
17 216 3542
17 217 3574
17 218 3606
17 219 3638
17 220 3542
17 221 3574
17 222 3606
17 223 3638
17 224 3814
17 225 3846
17 226 3878
17 227 3910
17 228 3814
17 229 3846
17 230 3878
17 231 3910
17 232 3814
17 233 3846
17 234 3878
17 235 3910
17 236 3814
17 237 3846
17 238 3878
17 239 3910
17 240 4086
17 241 4118
17 242 4150
17 243 4182
17 244 4086
17 245 4118
17 246 4150
17 247 4182
17 248 4086
17 249 4118
17 250 4150
17 251 4182
17 252 4086
17 253 4118
17 254 4150
17 255 4182
18 0 6
18 1 38
18 2 134
18 3 166
18 4 70
18 5 102
18 6 134
18 7 166
18 8 150
18 9 166
18 10 278
18 11 294
18 12 214
18 13 230
18 14 278
18 15 294
18 16 294
18 17 326
18 18 422
18 19 454
18 20 358
18 21 390
18 22 422
18 23 454
18 24 438
18 25 454
18 26 566
18 27 582
18 28 502
18 29 518
18 30 566
18 31 582
18 32 582
18 33 614
18 34 646
18 35 678
18 36 582
18 37 614
18 38 646
18 39 678
18 40 726
18 41 742
18 42 790
18 43 806
18 44 726
18 45 742
18 46 790
18 47 806
18 48 870
18 49 902
18 50 934
18 51 966
18 52 870
18 53 902
18 54 934
18 55 966
18 56 1014
18 57 1030
18 58 1078
18 59 1094
18 60 1014
18 61 1030
18 62 1078
18 63 1094
18 64 1158
18 65 1190
18 66 1286
18 67 1318
18 68 1222
18 69 1254
18 70 1286
18 71 1318
18 72 1174
18 73 1190
18 74 1302
18 75 1318
18 76 1238
18 77 1254
18 78 1302
18 79 1318
18 80 1446
18 81 1478
18 82 1574
18 83 1606
18 84 1510
18 85 1542
18 86 1574
18 87 1606
18 88 1462
18 89 1478
18 90 1590
18 91 1606
18 92 1526
18 93 1542
18 94 1590
18 95 1606
18 96 1734
18 97 1766
18 98 1798
18 99 1830
18 100 1734
18 101 1766
18 102 1798
18 103 1830
18 104 1750
18 105 1766
18 106 1814
18 107 1830
18 108 1750
18 109 1766
18 110 1814
18 111 1830
18 112 2022
18 113 2054
18 114 2086
18 115 2118
18 116 2022
18 117 2054
18 118 2086
18 119 2118
18 120 2038
18 121 2054
18 122 2102
18 123 2118
18 124 2038
18 125 2054
18 126 2102
18 127 2118
18 128 2310
18 129 2342
18 130 2438
18 131 2470
18 132 2374
18 133 2406
18 134 2438
18 135 2470
18 136 2454
18 137 2470
18 138 2582
18 139 2598
18 140 2518
18 141 2534
18 142 2582
18 143 2598
18 144 2598
18 145 2630
18 146 2726
18 147 2758
18 148 2662
18 149 2694
18 150 2726
18 151 2758
18 152 2742
18 153 2758
18 154 2870
18 155 2886
18 156 2806
18 157 2822
18 158 2870
18 159 2886
18 160 2886
18 161 2918
18 162 2950
18 163 2982
18 164 2886
18 165 2918
18 166 2950
18 167 2982
18 168 3030
18 169 3046
18 170 3094
18 171 3110
18 172 3030
18 173 3046
18 174 3094
18 175 3110
18 176 3174
18 177 3206
18 178 3238
18 179 3270
18 180 3174
18 181 3206
18 182 3238
18 183 3270
18 184 3318
18 185 3334
18 186 3382
18 187 3398
18 188 3318
18 189 3334
18 190 3382
18 191 3398
18 192 3462
18 193 3494
18 194 3590
18 195 3622
18 196 3526
18 197 3558
18 198 3590
18 199 3622
18 200 3478
18 201 3494
18 202 3606
18 203 3622
18 204 3542
18 205 3558
18 206 3606
18 207 3622
18 208 3750
18 209 3782
18 210 3878
18 211 3910
18 212 3814
18 213 3846
18 214 3878
18 215 3910
18 216 3766
18 217 3782
18 218 3894
18 219 3910
18 220 3830
18 221 3846
18 222 3894
18 223 3910
18 224 4038
18 225 4070
18 226 4102
18 227 4134
18 228 4038
18 229 4070
18 230 4102
18 231 4134
18 232 4054
18 233 4070
18 234 4118
18 235 4134
18 236 4054
18 237 4070
18 238 4118
18 239 4134
18 240 4326
18 241 4358
18 242 4390
18 243 4422
18 244 4326
18 245 4358
18 246 4390
18 247 4422
18 248 4342
18 249 4358
18 250 4406
18 251 4422
18 252 4342
18 253 4358
18 254 4406
18 255 4422
19 0 6
19 1 38
19 2 134
19 3 166
19 4 70
19 5 102
19 6 134
19 7 166
19 8 150
19 9 166
19 10 278
19 11 294
19 12 214
19 13 230
19 14 278
19 15 294
19 16 310
19 17 342
19 18 438
19 19 470
19 20 374
19 21 406
19 22 438
19 23 470
19 24 454
19 25 470
19 26 582
19 27 598
19 28 518
19 29 534
19 30 582
19 31 598
19 32 614
19 33 646
19 34 678
19 35 710
19 36 614
19 37 646
19 38 678
19 39 710
19 40 758
19 41 774
19 42 822
19 43 838
19 44 758
19 45 774
19 46 822
19 47 838
19 48 918
19 49 950
19 50 982
19 51 1014
19 52 918
19 53 950
19 54 982
19 55 1014
19 56 1062
19 57 1078
19 58 1126
19 59 1142
19 60 1062
19 61 1078
19 62 1126
19 63 1142
19 64 1222
19 65 1254
19 66 1286
19 67 1318
19 68 1222
19 69 1254
19 70 1286
19 71 1318
19 72 1238
19 73 1254
19 74 1302
19 75 1318
19 76 1238
19 77 1254
19 78 1302
19 79 1318
19 80 1526
19 81 1558
19 82 1590
19 83 1622
19 84 1526
19 85 1558
19 86 1590
19 87 1622
19 88 1542
19 89 1558
19 90 1606
19 91 1622
19 92 1542
19 93 1558
19 94 1606
19 95 1622
19 96 1830
19 97 1862
19 98 1958
19 99 1990
19 100 1894
19 101 1926
19 102 1958
19 103 1990
19 104 1846
19 105 1862
19 106 1974
19 107 1990
19 108 1910
19 109 1926
19 110 1974
19 111 1990
19 112 2198
19 113 2230
19 114 2198
19 115 2230
19 116 2198
19 117 2230
19 118 2262
19 119 2294
19 120 2214
19 121 2230
19 122 2214
19 123 2230
19 124 2214
19 125 2230
19 126 2278
19 127 2294
19 128 2438
19 129 2470
19 130 2566
19 131 2598
19 132 2502
19 133 2534
19 134 2566
19 135 2598
19 136 2454
19 137 2470
19 138 2582
19 139 2598
19 140 2518
19 141 2534
19 142 2582
19 143 2598
19 144 2742
19 145 2774
19 146 2870
19 147 2902
19 148 2806
19 149 2838
19 150 2870
19 151 2902
19 152 2758
19 153 2774
19 154 2886
19 155 2902
19 156 2822
19 157 2838
19 158 2886
19 159 2902
19 160 3046
19 161 3078
19 162 3110
19 163 3142
19 164 3046
19 165 3078
19 166 3110
19 167 3142
19 168 3062
19 169 3078
19 170 3126
19 171 3142
19 172 3062
19 173 3078
19 174 3126
19 175 3142
19 176 3350
19 177 3382
19 178 3414
19 179 3446
19 180 3350
19 181 3382
19 182 3414
19 183 3446
19 184 3366
19 185 3382
19 186 3430
19 187 3446
19 188 3366
19 189 3382
19 190 3430
19 191 3446
19 192 3526
19 193 3558
19 194 3590
19 195 3622
19 196 3526
19 197 3558
19 198 3590
19 199 3622
19 200 3542
19 201 3558
19 202 3606
19 203 3622
19 204 3542
19 205 3558
19 206 3606
19 207 3622
19 208 3830
19 209 3862
19 210 3894
19 211 3926
19 212 3830
19 213 3862
19 214 3894
19 215 3926
19 216 3846
19 217 3862
19 218 3910
19 219 3926
19 220 3846
19 221 3862
19 222 3910
19 223 3926
19 224 4134
19 225 4166
19 226 4262
19 227 4294
19 228 4198
19 229 4230
19 230 4262
19 231 4294
19 232 4150
19 233 4166
19 234 4278
19 235 4294
19 236 4214
19 237 4230
19 238 4278
19 239 4294
19 240 4502
19 241 4534
19 242 4502
19 243 4534
19 244 4502
19 245 4534
19 246 4566
19 247 4598
19 248 4518
19 249 4534
19 250 4518
19 251 4534
19 252 4518
19 253 4534
19 254 4582
19 255 4598
20 0 6
20 1 38
20 2 134
20 3 166
20 4 86
20 5 102
20 6 150
20 7 166
20 8 166
20 9 198
20 10 262
20 11 294
20 12 246
20 13 262
20 14 278
20 15 294
20 16 326
20 17 358
20 18 390
20 19 422
20 20 342
20 21 358
20 22 406
20 23 422
20 24 486
20 25 518
20 26 518
20 27 550
20 28 502
20 29 518
20 30 534
20 31 550
20 32 774
20 33 806
20 34 902
20 35 934
20 36 854
20 37 870
20 38 918
20 39 934
20 40 934
20 41 966
20 42 1030
20 43 1062
20 44 1014
20 45 1030
20 46 1046
20 47 1062
20 48 1094
20 49 1126
20 50 1158
20 51 1190
20 52 1110
20 53 1126
20 54 1174
20 55 1190
20 56 1254
20 57 1286
20 58 1286
20 59 1318
20 60 1270
20 61 1286
20 62 1302
20 63 1318
20 64 1286
20 65 1318
20 66 1414
20 67 1446
20 68 1366
20 69 1382
20 70 1430
20 71 1446
20 72 1446
20 73 1478
20 74 1542
20 75 1574
20 76 1526
20 77 1542
20 78 1558
20 79 1574
20 80 1606
20 81 1638
20 82 1670
20 83 1702
20 84 1622
20 85 1638
20 86 1686
20 87 1702
20 88 1766
20 89 1798
20 90 1798
20 91 1830
20 92 1782
20 93 1798
20 94 1814
20 95 1830
20 96 2054
20 97 2086
20 98 2182
20 99 2214
20 100 2134
20 101 2150
20 102 2198
20 103 2214
20 104 2214
20 105 2246
20 106 2310
20 107 2342
20 108 2294
20 109 2310
20 110 2326
20 111 2342
20 112 2374
20 113 2406
20 114 2438
20 115 2470
20 116 2390
20 117 2406
20 118 2454
20 119 2470
20 120 2534
20 121 2566
20 122 2566
20 123 2598
20 124 2550
20 125 2566
20 126 2582
20 127 2598
20 128 2566
20 129 2598
20 130 2694
20 131 2726
20 132 2646
20 133 2662
20 134 2710
20 135 2726
20 136 2726
20 137 2758
20 138 2822
20 139 2854
20 140 2806
20 141 2822
20 142 2838
20 143 2854
20 144 2886
20 145 2918
20 146 2950
20 147 2982
20 148 2902
20 149 2918
20 150 2966
20 151 2982
20 152 3046
20 153 3078
20 154 3078
20 155 3110
20 156 3062
20 157 3078
20 158 3094
20 159 3110
20 160 3334
20 161 3366
20 162 3462
20 163 3494
20 164 3414
20 165 3430
20 166 3478
20 167 3494
20 168 3494
20 169 3526
20 170 3590
20 171 3622
20 172 3574
20 173 3590
20 174 3606
20 175 3622
20 176 3654
20 177 3686
20 178 3718
20 179 3750
20 180 3670
20 181 3686
20 182 3734
20 183 3750
20 184 3814
20 185 3846
20 186 3846
20 187 3878
20 188 3830
20 189 3846
20 190 3862
20 191 3878
20 192 3846
20 193 3878
20 194 3974
20 195 4006
20 196 3926
20 197 3942
20 198 3990
20 199 4006
20 200 4006
20 201 4038
20 202 4102
20 203 4134
20 204 4086
20 205 4102
20 206 4118
20 207 4134
20 208 4166
20 209 4198
20 210 4230
20 211 4262
20 212 4182
20 213 4198
20 214 4246
20 215 4262
20 216 4326
20 217 4358
20 218 4358
20 219 4390
20 220 4342
20 221 4358
20 222 4374
20 223 4390
20 224 4614
20 225 4646
20 226 4742
20 227 4774
20 228 4694
20 229 4710
20 230 4758
20 231 4774
20 232 4774
20 233 4806
20 234 4870
20 235 4902
20 236 4854
20 237 4870
20 238 4886
20 239 4902
20 240 4934
20 241 4966
20 242 4998
20 243 5030
20 244 4950
20 245 4966
20 246 5014
20 247 5030
20 248 5094
20 249 5126
20 250 5126
20 251 5158
20 252 5110
20 253 5126
20 254 5142
20 255 5158
21 0 6
21 1 38
21 2 134
21 3 166
21 4 86
21 5 102
21 6 150
21 7 166
21 8 166
21 9 198
21 10 262
21 11 294
21 12 246
21 13 262
21 14 278
21 15 294
21 16 342
21 17 374
21 18 406
21 19 438
21 20 358
21 21 374
21 22 422
21 23 438
21 24 502
21 25 534
21 26 534
21 27 566
21 28 518
21 29 534
21 30 550
21 31 566
21 32 806
21 33 838
21 34 934
21 35 966
21 36 886
21 37 902
21 38 950
21 39 966
21 40 966
21 41 998
21 42 1062
21 43 1094
21 44 1046
21 45 1062
21 46 1078
21 47 1094
21 48 1142
21 49 1174
21 50 1206
21 51 1238
21 52 1158
21 53 1174
21 54 1222
21 55 1238
21 56 1302
21 57 1334
21 58 1334
21 59 1366
21 60 1318
21 61 1334
21 62 1350
21 63 1366
21 64 1350
21 65 1382
21 66 1414
21 67 1446
21 68 1366
21 69 1382
21 70 1430
21 71 1446
21 72 1510
21 73 1542
21 74 1542
21 75 1574
21 76 1526
21 77 1542
21 78 1558
21 79 1574
21 80 1814
21 81 1846
21 82 1942
21 83 1974
21 84 1894
21 85 1910
21 86 1958
21 87 1974
21 88 1846
21 89 1878
21 90 1942
21 91 1974
21 92 1926
21 93 1942
21 94 1958
21 95 1974
21 96 2150
21 97 2182
21 98 2214
21 99 2246
21 100 2166
21 101 2182
21 102 2230
21 103 2246
21 104 2310
21 105 2342
21 106 2342
21 107 2374
21 108 2326
21 109 2342
21 110 2358
21 111 2374
21 112 2614
21 113 2646
21 114 2742
21 115 2774
21 116 2694
21 117 2710
21 118 2758
21 119 2774
21 120 2646
21 121 2678
21 122 2742
21 123 2774
21 124 2726
21 125 2742
21 126 2758
21 127 2774
21 128 2694
21 129 2726
21 130 2822
21 131 2854
21 132 2774
21 133 2790
21 134 2838
21 135 2854
21 136 2726
21 137 2758
21 138 2822
21 139 2854
21 140 2806
21 141 2822
21 142 2838
21 143 2854
21 144 3030
21 145 3062
21 146 3094
21 147 3126
21 148 3046
21 149 3062
21 150 3110
21 151 3126
21 152 3062
21 153 3094
21 154 3094
21 155 3126
21 156 3078
21 157 3094
21 158 3110
21 159 3126
21 160 3366
21 161 3398
21 162 3494
21 163 3526
21 164 3446
21 165 3462
21 166 3510
21 167 3526
21 168 3526
21 169 3558
21 170 3622
21 171 3654
21 172 3606
21 173 3622
21 174 3638
21 175 3654
21 176 3702
21 177 3734
21 178 3766
21 179 3798
21 180 3718
21 181 3734
21 182 3782
21 183 3798
21 184 3862
21 185 3894
21 186 3894
21 187 3926
21 188 3878
21 189 3894
21 190 3910
21 191 3926
21 192 4038
21 193 4070
21 194 4102
21 195 4134
21 196 4054
21 197 4070
21 198 4118
21 199 4134
21 200 4070
21 201 4102
21 202 4102
21 203 4134
21 204 4086
21 205 4102
21 206 4118
21 207 4134
21 208 4374
21 209 4406
21 210 4502
21 211 4534
21 212 4454
21 213 4470
21 214 4518
21 215 4534
21 216 4406
21 217 4438
21 218 4502
21 219 4534
21 220 4486
21 221 4502
21 222 4518
21 223 4534
21 224 4710
21 225 4742
21 226 4774
21 227 4806
21 228 4726
21 229 4742
21 230 4790
21 231 4806
21 232 4870
21 233 4902
21 234 4902
21 235 4934
21 236 4886
21 237 4902
21 238 4918
21 239 4934
21 240 5174
21 241 5206
21 242 5302
21 243 5334
21 244 5254
21 245 5270
21 246 5318
21 247 5334
21 248 5206
21 249 5238
21 250 5302
21 251 5334
21 252 5286
21 253 5302
21 254 5318
21 255 5334
22 0 6
22 1 38
22 2 134
22 3 166
22 4 86
22 5 102
22 6 150
22 7 166
22 8 182
22 9 198
22 10 278
22 11 294
22 12 246
22 13 262
22 14 278
22 15 294
22 16 358
22 17 390
22 18 422
22 19 454
22 20 374
22 21 390
22 22 438
22 23 454
22 24 534
22 25 550
22 26 566
22 27 582
22 28 534
22 29 550
22 30 566
22 31 582
22 32 838
22 33 870
22 34 902
22 35 934
22 36 854
22 37 870
22 38 918
22 39 934
22 40 1014
22 41 1030
22 42 1046
22 43 1062
22 44 1014
22 45 1030
22 46 1046
22 47 1062
22 48 1318
22 49 1350
22 50 1446
22 51 1478
22 52 1398
22 53 1414
22 54 1462
22 55 1478
22 56 1366
22 57 1382
22 58 1462
22 59 1478
22 60 1430
22 61 1446
22 62 1462
22 63 1478
22 64 1414
22 65 1446
22 66 1542
22 67 1574
22 68 1494
22 69 1510
22 70 1558
22 71 1574
22 72 1462
22 73 1478
22 74 1558
22 75 1574
22 76 1526
22 77 1542
22 78 1558
22 79 1574
22 80 1766
22 81 1798
22 82 1830
22 83 1862
22 84 1782
22 85 1798
22 86 1846
22 87 1862
22 88 1814
22 89 1830
22 90 1846
22 91 1862
22 92 1814
22 93 1830
22 94 1846
22 95 1862
22 96 2118
22 97 2150
22 98 2182
22 99 2214
22 100 2134
22 101 2150
22 102 2198
22 103 2214
22 104 2294
22 105 2310
22 106 2326
22 107 2342
22 108 2294
22 109 2310
22 110 2326
22 111 2342
22 112 2598
22 113 2630
22 114 2726
22 115 2758
22 116 2678
22 117 2694
22 118 2742
22 119 2758
22 120 2646
22 121 2662
22 122 2742
22 123 2758
22 124 2710
22 125 2726
22 126 2742
22 127 2758
22 128 2822
22 129 2854
22 130 2950
22 131 2982
22 132 2902
22 133 2918
22 134 2966
22 135 2982
22 136 2998
22 137 3014
22 138 3094
22 139 3110
22 140 3062
22 141 3078
22 142 3094
22 143 3110
22 144 3174
22 145 3206
22 146 3238
22 147 3270
22 148 3190
22 149 3206
22 150 3254
22 151 3270
22 152 3350
22 153 3366
22 154 3382
22 155 3398
22 156 3350
22 157 3366
22 158 3382
22 159 3398
22 160 3654
22 161 3686
22 162 3718
22 163 3750
22 164 3670
22 165 3686
22 166 3734
22 167 3750
22 168 3830
22 169 3846
22 170 3862
22 171 3878
22 172 3830
22 173 3846
22 174 3862
22 175 3878
22 176 4134
22 177 4166
22 178 4262
22 179 4294
22 180 4214
22 181 4230
22 182 4278
22 183 4294
22 184 4182
22 185 4198
22 186 4278
22 187 4294
22 188 4246
22 189 4262
22 190 4278
22 191 4294
22 192 4230
22 193 4262
22 194 4358
22 195 4390
22 196 4310
22 197 4326
22 198 4374
22 199 4390
22 200 4278
22 201 4294
22 202 4374
22 203 4390
22 204 4342
22 205 4358
22 206 4374
22 207 4390
22 208 4582
22 209 4614
22 210 4646
22 211 4678
22 212 4598
22 213 4614
22 214 4662
22 215 4678
22 216 4630
22 217 4646
22 218 4662
22 219 4678
22 220 4630
22 221 4646
22 222 4662
22 223 4678
22 224 4934
22 225 4966
22 226 4998
22 227 5030
22 228 4950
22 229 4966
22 230 5014
22 231 5030
22 232 5110
22 233 5126
22 234 5142
22 235 5158
22 236 5110
22 237 5126
22 238 5142
22 239 5158
22 240 5414
22 241 5446
22 242 5542
22 243 5574
22 244 5494
22 245 5510
22 246 5558
22 247 5574
22 248 5462
22 249 5478
22 250 5558
22 251 5574
22 252 5526
22 253 5542
22 254 5558
22 255 5574
23 0 6
23 1 38
23 2 134
23 3 166
23 4 86
23 5 102
23 6 150
23 7 166
23 8 182
23 9 198
23 10 278
23 11 294
23 12 246
23 13 262
23 14 278
23 15 294
23 16 374
23 17 406
23 18 438
23 19 470
23 20 390
23 21 406
23 22 454
23 23 470
23 24 550
23 25 566
23 26 582
23 27 598
23 28 550
23 29 566
23 30 582
23 31 598
23 32 870
23 33 902
23 34 934
23 35 966
23 36 886
23 37 902
23 38 950
23 39 966
23 40 1046
23 41 1062
23 42 1078
23 43 1094
23 44 1046
23 45 1062
23 46 1078
23 47 1094
23 48 1430
23 49 1462
23 50 1430
23 51 1462
23 52 1446
23 53 1462
23 54 1510
23 55 1526
23 56 1478
23 57 1494
23 58 1446
23 59 1462
23 60 1478
23 61 1494
23 62 1510
23 63 1526
23 64 1478
23 65 1510
23 66 1542
23 67 1574
23 68 1494
23 69 1510
23 70 1558
23 71 1574
23 72 1526
23 73 1542
23 74 1558
23 75 1574
23 76 1526
23 77 1542
23 78 1558
23 79 1574
23 80 1846
23 81 1878
23 82 1974
23 83 2006
23 84 1926
23 85 1942
23 86 1990
23 87 2006
23 88 1894
23 89 1910
23 90 1990
23 91 2006
23 92 1958
23 93 1974
23 94 1990
23 95 2006
23 96 2342
23 97 2374
23 98 2470
23 99 2502
23 100 2422
23 101 2438
23 102 2486
23 103 2502
23 104 2390
23 105 2406
23 106 2486
23 107 2502
23 108 2454
23 109 2470
23 110 2486
23 111 2502
23 112 2710
23 113 2742
23 114 2774
23 115 2806
23 116 2726
23 117 2742
23 118 2790
23 119 2806
23 120 2758
23 121 2774
23 122 2790
23 123 2806
23 124 2758
23 125 2774
23 126 2790
23 127 2806
23 128 2950
23 129 2982
23 130 3078
23 131 3110
23 132 3030
23 133 3046
23 134 3094
23 135 3110
23 136 2998
23 137 3014
23 138 3094
23 139 3110
23 140 3062
23 141 3078
23 142 3094
23 143 3110
23 144 3318
23 145 3350
23 146 3382
23 147 3414
23 148 3334
23 149 3350
23 150 3398
23 151 3414
23 152 3366
23 153 3382
23 154 3398
23 155 3414
23 156 3366
23 157 3382
23 158 3398
23 159 3414
23 160 3686
23 161 3718
23 162 3750
23 163 3782
23 164 3702
23 165 3718
23 166 3766
23 167 3782
23 168 3862
23 169 3878
23 170 3894
23 171 3910
23 172 3862
23 173 3878
23 174 3894
23 175 3910
23 176 4246
23 177 4278
23 178 4246
23 179 4278
23 180 4262
23 181 4278
23 182 4326
23 183 4342
23 184 4294
23 185 4310
23 186 4262
23 187 4278
23 188 4294
23 189 4310
23 190 4326
23 191 4342
23 192 4294
23 193 4326
23 194 4358
23 195 4390
23 196 4310
23 197 4326
23 198 4374
23 199 4390
23 200 4342
23 201 4358
23 202 4374
23 203 4390
23 204 4342
23 205 4358
23 206 4374
23 207 4390
23 208 4662
23 209 4694
23 210 4790
23 211 4822
23 212 4742
23 213 4758
23 214 4806
23 215 4822
23 216 4710
23 217 4726
23 218 4806
23 219 4822
23 220 4774
23 221 4790
23 222 4806
23 223 4822
23 224 5158
23 225 5190
23 226 5286
23 227 5318
23 228 5238
23 229 5254
23 230 5302
23 231 5318
23 232 5206
23 233 5222
23 234 5302
23 235 5318
23 236 5270
23 237 5286
23 238 5302
23 239 5318
23 240 5526
23 241 5558
23 242 5590
23 243 5622
23 244 5542
23 245 5558
23 246 5606
23 247 5622
23 248 5574
23 249 5590
23 250 5606
23 251 5622
23 252 5574
23 253 5590
23 254 5606
23 255 5622
24 0 6
24 1 38
24 2 166
24 3 166
24 4 102
24 5 134
24 6 166
24 7 166
24 8 198
24 9 230
24 10 294
24 11 294
24 12 230
24 13 262
24 14 294
24 15 294
24 16 518
24 17 550
24 18 678
24 19 678
24 20 614
24 21 646
24 22 678
24 23 678
24 24 710
24 25 742
24 26 806
24 27 806
24 28 742
24 29 774
24 30 806
24 31 806
24 32 774
24 33 806
24 34 934
24 35 934
24 36 870
24 37 902
24 38 934
24 39 934
24 40 966
24 41 998
24 42 1062
24 43 1062
24 44 998
24 45 1030
24 46 1062
24 47 1062
24 48 1286
24 49 1318
24 50 1446
24 51 1446
24 52 1382
24 53 1414
24 54 1446
24 55 1446
24 56 1478
24 57 1510
24 58 1574
24 59 1574
24 60 1510
24 61 1542
24 62 1574
24 63 1574
24 64 1542
24 65 1574
24 66 1702
24 67 1702
24 68 1638
24 69 1670
24 70 1702
24 71 1702
24 72 1734
24 73 1766
24 74 1830
24 75 1830
24 76 1766
24 77 1798
24 78 1830
24 79 1830
24 80 2054
24 81 2086
24 82 2214
24 83 2214
24 84 2150
24 85 2182
24 86 2214
24 87 2214
24 88 2246
24 89 2278
24 90 2342
24 91 2342
24 92 2278
24 93 2310
24 94 2342
24 95 2342
24 96 2310
24 97 2342
24 98 2470
24 99 2470
24 100 2406
24 101 2438
24 102 2470
24 103 2470
24 104 2502
24 105 2534
24 106 2598
24 107 2598
24 108 2534
24 109 2566
24 110 2598
24 111 2598
24 112 2822
24 113 2854
24 114 2982
24 115 2982
24 116 2918
24 117 2950
24 118 2982
24 119 2982
24 120 3014
24 121 3046
24 122 3110
24 123 3110
24 124 3046
24 125 3078
24 126 3110
24 127 3110
24 128 3078
24 129 3110
24 130 3238
24 131 3238
24 132 3174
24 133 3206
24 134 3238
24 135 3238
24 136 3270
24 137 3302
24 138 3366
24 139 3366
24 140 3302
24 141 3334
24 142 3366
24 143 3366
24 144 3590
24 145 3622
24 146 3750
24 147 3750
24 148 3686
24 149 3718
24 150 3750
24 151 3750
24 152 3782
24 153 3814
24 154 3878
24 155 3878
24 156 3814
24 157 3846
24 158 3878
24 159 3878
24 160 3846
24 161 3878
24 162 4006
24 163 4006
24 164 3942
24 165 3974
24 166 4006
24 167 4006
24 168 4038
24 169 4070
24 170 4134
24 171 4134
24 172 4070
24 173 4102
24 174 4134
24 175 4134
24 176 4358
24 177 4390
24 178 4518
24 179 4518
24 180 4454
24 181 4486
24 182 4518
24 183 4518
24 184 4550
24 185 4582
24 186 4646
24 187 4646
24 188 4582
24 189 4614
24 190 4646
24 191 4646
24 192 4614
24 193 4646
24 194 4774
24 195 4774
24 196 4710
24 197 4742
24 198 4774
24 199 4774
24 200 4806
24 201 4838
24 202 4902
24 203 4902
24 204 4838
24 205 4870
24 206 4902
24 207 4902
24 208 5126
24 209 5158
24 210 5286
24 211 5286
24 212 5222
24 213 5254
24 214 5286
24 215 5286
24 216 5318
24 217 5350
24 218 5414
24 219 5414
24 220 5350
24 221 5382
24 222 5414
24 223 5414
24 224 5382
24 225 5414
24 226 5542
24 227 5542
24 228 5478
24 229 5510
24 230 5542
24 231 5542
24 232 5574
24 233 5606
24 234 5670
24 235 5670
24 236 5606
24 237 5638
24 238 5670
24 239 5670
24 240 5894
24 241 5926
24 242 6054
24 243 6054
24 244 5990
24 245 6022
24 246 6054
24 247 6054
24 248 6086
24 249 6118
24 250 6182
24 251 6182
24 252 6118
24 253 6150
24 254 6182
24 255 6182
25 0 6
25 1 38
25 2 166
25 3 166
25 4 102
25 5 134
25 6 166
25 7 166
25 8 198
25 9 230
25 10 294
25 11 294
25 12 230
25 13 262
25 14 294
25 15 294
25 16 534
25 17 566
25 18 694
25 19 694
25 20 630
25 21 662
25 22 694
25 23 694
25 24 726
25 25 758
25 26 822
25 27 822
25 28 758
25 29 790
25 30 822
25 31 822
25 32 806
25 33 838
25 34 966
25 35 966
25 36 902
25 37 934
25 38 966
25 39 966
25 40 998
25 41 1030
25 42 1094
25 43 1094
25 44 1030
25 45 1062
25 46 1094
25 47 1094
25 48 1334
25 49 1366
25 50 1494
25 51 1494
25 52 1430
25 53 1462
25 54 1494
25 55 1494
25 56 1526
25 57 1558
25 58 1622
25 59 1622
25 60 1558
25 61 1590
25 62 1622
25 63 1622
25 64 1606
25 65 1638
25 66 1702
25 67 1702
25 68 1638
25 69 1670
25 70 1702
25 71 1702
25 72 1734
25 73 1766
25 74 1830
25 75 1830
25 76 1766
25 77 1798
25 78 1830
25 79 1830
25 80 2134
25 81 2166
25 82 2230
25 83 2230
25 84 2166
25 85 2198
25 86 2230
25 87 2230
25 88 2262
25 89 2294
25 90 2358
25 91 2358
25 92 2294
25 93 2326
25 94 2358
25 95 2358
25 96 2406
25 97 2438
25 98 2502
25 99 2502
25 100 2438
25 101 2470
25 102 2502
25 103 2502
25 104 2534
25 105 2566
25 106 2630
25 107 2630
25 108 2566
25 109 2598
25 110 2630
25 111 2630
25 112 2934
25 113 2966
25 114 3030
25 115 3030
25 116 2966
25 117 2998
25 118 3030
25 119 3030
25 120 3062
25 121 3094
25 122 3158
25 123 3158
25 124 3094
25 125 3126
25 126 3158
25 127 3158
25 128 3206
25 129 3238
25 130 3366
25 131 3366
25 132 3302
25 133 3334
25 134 3366
25 135 3366
25 136 3270
25 137 3302
25 138 3366
25 139 3366
25 140 3302
25 141 3334
25 142 3366
25 143 3366
25 144 3606
25 145 3638
25 146 3766
25 147 3766
25 148 3702
25 149 3734
25 150 3766
25 151 3766
25 152 3798
25 153 3830
25 154 3894
25 155 3894
25 156 3830
25 157 3862
25 158 3894
25 159 3894
25 160 4006
25 161 4038
25 162 4166
25 163 4166
25 164 4102
25 165 4134
25 166 4166
25 167 4166
25 168 4070
25 169 4102
25 170 4166
25 171 4166
25 172 4102
25 173 4134
25 174 4166
25 175 4166
25 176 4406
25 177 4438
25 178 4566
25 179 4566
25 180 4502
25 181 4534
25 182 4566
25 183 4566
25 184 4598
25 185 4630
25 186 4694
25 187 4694
25 188 4630
25 189 4662
25 190 4694
25 191 4694
25 192 4806
25 193 4838
25 194 4902
25 195 4902
25 196 4838
25 197 4870
25 198 4902
25 199 4902
25 200 4806
25 201 4838
25 202 4902
25 203 4902
25 204 4838
25 205 4870
25 206 4902
25 207 4902
25 208 5206
25 209 5238
25 210 5302
25 211 5302
25 212 5238
25 213 5270
25 214 5302
25 215 5302
25 216 5334
25 217 5366
25 218 5430
25 219 5430
25 220 5366
25 221 5398
25 222 5430
25 223 5430
25 224 5606
25 225 5638
25 226 5702
25 227 5702
25 228 5638
25 229 5670
25 230 5702
25 231 5702
25 232 5606
25 233 5638
25 234 5702
25 235 5702
25 236 5638
25 237 5670
25 238 5702
25 239 5702
25 240 6006
25 241 6038
25 242 6102
25 243 6102
25 244 6038
25 245 6070
25 246 6102
25 247 6102
25 248 6134
25 249 6166
25 250 6230
25 251 6230
25 252 6166
25 253 6198
25 254 6230
25 255 6230
26 0 6
26 1 38
26 2 166
26 3 166
26 4 102
26 5 134
26 6 166
26 7 166
26 8 214
26 9 230
26 10 294
26 11 310
26 12 246
26 13 262
26 14 294
26 15 310
26 16 550
26 17 582
26 18 710
26 19 710
26 20 646
26 21 678
26 22 710
26 23 710
26 24 758
26 25 774
26 26 838
26 27 854
26 28 790
26 29 806
26 30 838
26 31 854
26 32 838
26 33 870
26 34 934
26 35 934
26 36 870
26 37 902
26 38 934
26 39 934
26 40 982
26 41 998
26 42 1062
26 43 1078
26 44 1014
26 45 1030
26 46 1062
26 47 1078
26 48 1382
26 49 1414
26 50 1478
26 51 1478
26 52 1414
26 53 1446
26 54 1478
26 55 1478
26 56 1526
26 57 1542
26 58 1606
26 59 1622
26 60 1558
26 61 1574
26 62 1606
26 63 1622
26 64 1670
26 65 1702
26 66 1830
26 67 1830
26 68 1766
26 69 1798
26 70 1830
26 71 1830
26 72 1750
26 73 1766
26 74 1830
26 75 1846
26 76 1782
26 77 1798
26 78 1830
26 79 1846
26 80 2086
26 81 2118
26 82 2246
26 83 2246
26 84 2182
26 85 2214
26 86 2246
26 87 2246
26 88 2294
26 89 2310
26 90 2374
26 91 2390
26 92 2326
26 93 2342
26 94 2374
26 95 2390
26 96 2502
26 97 2534
26 98 2598
26 99 2598
26 100 2534
26 101 2566
26 102 2598
26 103 2598
26 104 2518
26 105 2534
26 106 2598
26 107 2614
26 108 2550
26 109 2566
26 110 2598
26 111 2614
26 112 2918
26 113 2950
26 114 3014
26 115 3014
26 116 2950
26 117 2982
26 118 3014
26 119 3014
26 120 3062
26 121 3078
26 122 3142
26 123 3158
26 124 3094
26 125 3110
26 126 3142
26 127 3158
26 128 3334
26 129 3366
26 130 3494
26 131 3494
26 132 3430
26 133 3462
26 134 3494
26 135 3494
26 136 3542
26 137 3558
26 138 3622
26 139 3638
26 140 3574
26 141 3590
26 142 3622
26 143 3638
26 144 3878
26 145 3910
26 146 4038
26 147 4038
26 148 3974
26 149 4006
26 150 4038
26 151 4038
26 152 4086
26 153 4102
26 154 4166
26 155 4182
26 156 4118
26 157 4134
26 158 4166
26 159 4182
26 160 4166
26 161 4198
26 162 4262
26 163 4262
26 164 4198
26 165 4230
26 166 4262
26 167 4262
26 168 4310
26 169 4326
26 170 4390
26 171 4406
26 172 4342
26 173 4358
26 174 4390
26 175 4406
26 176 4710
26 177 4742
26 178 4806
26 179 4806
26 180 4742
26 181 4774
26 182 4806
26 183 4806
26 184 4854
26 185 4870
26 186 4934
26 187 4950
26 188 4886
26 189 4902
26 190 4934
26 191 4950
26 192 4998
26 193 5030
26 194 5158
26 195 5158
26 196 5094
26 197 5126
26 198 5158
26 199 5158
26 200 5078
26 201 5094
26 202 5158
26 203 5174
26 204 5110
26 205 5126
26 206 5158
26 207 5174
26 208 5414
26 209 5446
26 210 5574
26 211 5574
26 212 5510
26 213 5542
26 214 5574
26 215 5574
26 216 5622
26 217 5638
26 218 5702
26 219 5718
26 220 5654
26 221 5670
26 222 5702
26 223 5718
26 224 5830
26 225 5862
26 226 5926
26 227 5926
26 228 5862
26 229 5894
26 230 5926
26 231 5926
26 232 5846
26 233 5862
26 234 5926
26 235 5942
26 236 5878
26 237 5894
26 238 5926
26 239 5942
26 240 6246
26 241 6278
26 242 6342
26 243 6342
26 244 6278
26 245 6310
26 246 6342
26 247 6342
26 248 6390
26 249 6406
26 250 6470
26 251 6486
26 252 6422
26 253 6438
26 254 6470
26 255 6486
27 0 6
27 1 38
27 2 166
27 3 166
27 4 102
27 5 134
27 6 166
27 7 166
27 8 214
27 9 230
27 10 294
27 11 310
27 12 246
27 13 262
27 14 294
27 15 310
27 16 566
27 17 598
27 18 726
27 19 726
27 20 662
27 21 694
27 22 726
27 23 726
27 24 774
27 25 790
27 26 854
27 27 870
27 28 806
27 29 822
27 30 854
27 31 870
27 32 870
27 33 902
27 34 966
27 35 966
27 36 902
27 37 934
27 38 966
27 39 966
27 40 1014
27 41 1030
27 42 1094
27 43 1110
27 44 1046
27 45 1062
27 46 1094
27 47 1110
27 48 1430
27 49 1462
27 50 1526
27 51 1526
27 52 1462
27 53 1494
27 54 1526
27 55 1526
27 56 1574
27 57 1590
27 58 1654
27 59 1670
27 60 1606
27 61 1622
27 62 1654
27 63 1670
27 64 1734
27 65 1766
27 66 1830
27 67 1830
27 68 1766
27 69 1798
27 70 1830
27 71 1830
27 72 1750
27 73 1766
27 74 1830
27 75 1846
27 76 1782
27 77 1798
27 78 1830
27 79 1846
27 80 2166
27 81 2198
27 82 2262
27 83 2262
27 84 2198
27 85 2230
27 86 2262
27 87 2262
27 88 2310
27 89 2326
27 90 2390
27 91 2406
27 92 2342
27 93 2358
27 94 2390
27 95 2406
27 96 2598
27 97 2630
27 98 2758
27 99 2758
27 100 2694
27 101 2726
27 102 2758
27 103 2758
27 104 2678
27 105 2694
27 106 2758
27 107 2774
27 108 2710
27 109 2726
27 110 2758
27 111 2774
27 112 3222
27 113 3254
27 114 3254
27 115 3254
27 116 3254
27 117 3286
27 118 3318
27 119 3318
27 120 3238
27 121 3254
27 122 3318
27 123 3334
27 124 3270
27 125 3286
27 126 3318
27 127 3334
27 128 3462
27 129 3494
27 130 3622
27 131 3622
27 132 3558
27 133 3590
27 134 3622
27 135 3622
27 136 3542
27 137 3558
27 138 3622
27 139 3638
27 140 3574
27 141 3590
27 142 3622
27 143 3638
27 144 3894
27 145 3926
27 146 4054
27 147 4054
27 148 3990
27 149 4022
27 150 4054
27 151 4054
27 152 4102
27 153 4118
27 154 4182
27 155 4198
27 156 4134
27 157 4150
27 158 4182
27 159 4198
27 160 4326
27 161 4358
27 162 4422
27 163 4422
27 164 4358
27 165 4390
27 166 4422
27 167 4422
27 168 4342
27 169 4358
27 170 4422
27 171 4438
27 172 4374
27 173 4390
27 174 4422
27 175 4438
27 176 4758
27 177 4790
27 178 4854
27 179 4854
27 180 4790
27 181 4822
27 182 4854
27 183 4854
27 184 4902
27 185 4918
27 186 4982
27 187 4998
27 188 4934
27 189 4950
27 190 4982
27 191 4998
27 192 5062
27 193 5094
27 194 5158
27 195 5158
27 196 5094
27 197 5126
27 198 5158
27 199 5158
27 200 5078
27 201 5094
27 202 5158
27 203 5174
27 204 5110
27 205 5126
27 206 5158
27 207 5174
27 208 5494
27 209 5526
27 210 5590
27 211 5590
27 212 5526
27 213 5558
27 214 5590
27 215 5590
27 216 5638
27 217 5654
27 218 5718
27 219 5734
27 220 5670
27 221 5686
27 222 5718
27 223 5734
27 224 5926
27 225 5958
27 226 6086
27 227 6086
27 228 6022
27 229 6054
27 230 6086
27 231 6086
27 232 6006
27 233 6022
27 234 6086
27 235 6102
27 236 6038
27 237 6054
27 238 6086
27 239 6102
27 240 6550
27 241 6582
27 242 6582
27 243 6582
27 244 6582
27 245 6614
27 246 6646
27 247 6646
27 248 6566
27 249 6582
27 250 6646
27 251 6662
27 252 6598
27 253 6614
27 254 6646
27 255 6662
28 0 6
28 1 38
28 2 166
28 3 166
28 4 118
28 5 134
28 6 166
28 7 182
28 8 230
28 9 262
28 10 294
28 11 294
28 12 246
28 13 262
28 14 294
28 15 310
28 16 582
28 17 614
28 18 678
28 19 678
28 20 630
28 21 646
28 22 678
28 23 694
28 24 742
28 25 774
28 26 806
28 27 806
28 28 758
28 29 774
28 30 806
28 31 822
28 32 1030
28 33 1062
28 34 1190
28 35 1190
28 36 1142
28 37 1158
28 38 1190
28 39 1206
28 40 1254
28 41 1286
28 42 1318
28 43 1318
28 44 1270
28 45 1286
28 46 1318
28 47 1334
28 48 1350
28 49 1382
28 50 1446
28 51 1446
28 52 1398
28 53 1414
28 54 1446
28 55 1462
28 56 1510
28 57 1542
28 58 1574
28 59 1574
28 60 1526
28 61 1542
28 62 1574
28 63 1590
28 64 1798
28 65 1830
28 66 1958
28 67 1958
28 68 1910
28 69 1926
28 70 1958
28 71 1974
28 72 2022
28 73 2054
28 74 2086
28 75 2086
28 76 2038
28 77 2054
28 78 2086
28 79 2102
28 80 2374
28 81 2406
28 82 2470
28 83 2470
28 84 2422
28 85 2438
28 86 2470
28 87 2486
28 88 2534
28 89 2566
28 90 2598
28 91 2598
28 92 2550
28 93 2566
28 94 2598
28 95 2614
28 96 2822
28 97 2854
28 98 2982
28 99 2982
28 100 2934
28 101 2950
28 102 2982
28 103 2998
28 104 3046
28 105 3078
28 106 3110
28 107 3110
28 108 3062
28 109 3078
28 110 3110
28 111 3126
28 112 3142
28 113 3174
28 114 3238
28 115 3238
28 116 3190
28 117 3206
28 118 3238
28 119 3254
28 120 3302
28 121 3334
28 122 3366
28 123 3366
28 124 3318
28 125 3334
28 126 3366
28 127 3382
28 128 3590
28 129 3622
28 130 3750
28 131 3750
28 132 3702
28 133 3718
28 134 3750
28 135 3766
28 136 3814
28 137 3846
28 138 3878
28 139 3878
28 140 3830
28 141 3846
28 142 3878
28 143 3894
28 144 4166
28 145 4198
28 146 4262
28 147 4262
28 148 4214
28 149 4230
28 150 4262
28 151 4278
28 152 4326
28 153 4358
28 154 4390
28 155 4390
28 156 4342
28 157 4358
28 158 4390
28 159 4406
28 160 4614
28 161 4646
28 162 4774
28 163 4774
28 164 4726
28 165 4742
28 166 4774
28 167 4790
28 168 4838
28 169 4870
28 170 4902
28 171 4902
28 172 4854
28 173 4870
28 174 4902
28 175 4918
28 176 4934
28 177 4966
28 178 5030
28 179 5030
28 180 4982
28 181 4998
28 182 5030
28 183 5046
28 184 5094
28 185 5126
28 186 5158
28 187 5158
28 188 5110
28 189 5126
28 190 5158
28 191 5174
28 192 5382
28 193 5414
28 194 5542
28 195 5542
28 196 5494
28 197 5510
28 198 5542
28 199 5558
28 200 5606
28 201 5638
28 202 5670
28 203 5670
28 204 5622
28 205 5638
28 206 5670
28 207 5686
28 208 5958
28 209 5990
28 210 6054
28 211 6054
28 212 6006
28 213 6022
28 214 6054
28 215 6070
28 216 6118
28 217 6150
28 218 6182
28 219 6182
28 220 6134
28 221 6150
28 222 6182
28 223 6198
28 224 6406
28 225 6438
28 226 6566
28 227 6566
28 228 6518
28 229 6534
28 230 6566
28 231 6582
28 232 6630
28 233 6662
28 234 6694
28 235 6694
28 236 6646
28 237 6662
28 238 6694
28 239 6710
28 240 6726
28 241 6758
28 242 6822
28 243 6822
28 244 6774
28 245 6790
28 246 6822
28 247 6838
28 248 6886
28 249 6918
28 250 6950
28 251 6950
28 252 6902
28 253 6918
28 254 6950
28 255 6966
29 0 6
29 1 38
29 2 166
29 3 166
29 4 118
29 5 134
29 6 166
29 7 182
29 8 230
29 9 262
29 10 294
29 11 294
29 12 246
29 13 262
29 14 294
29 15 310
29 16 598
29 17 630
29 18 694
29 19 694
29 20 646
29 21 662
29 22 694
29 23 710
29 24 758
29 25 790
29 26 822
29 27 822
29 28 774
29 29 790
29 30 822
29 31 838
29 32 1062
29 33 1094
29 34 1222
29 35 1222
29 36 1174
29 37 1190
29 38 1222
29 39 1238
29 40 1286
29 41 1318
29 42 1350
29 43 1350
29 44 1302
29 45 1318
29 46 1350
29 47 1366
29 48 1398
29 49 1430
29 50 1494
29 51 1494
29 52 1446
29 53 1462
29 54 1494
29 55 1510
29 56 1558
29 57 1590
29 58 1622
29 59 1622
29 60 1574
29 61 1590
29 62 1622
29 63 1638
29 64 1862
29 65 1894
29 66 1958
29 67 1958
29 68 1910
29 69 1926
29 70 1958
29 71 1974
29 72 2022
29 73 2054
29 74 2086
29 75 2086
29 76 2038
29 77 2054
29 78 2086
29 79 2102
29 80 2582
29 81 2614
29 82 2742
29 83 2742
29 84 2694
29 85 2710
29 86 2742
29 87 2758
29 88 2678
29 89 2710
29 90 2742
29 91 2742
29 92 2694
29 93 2710
29 94 2742
29 95 2758
29 96 2918
29 97 2950
29 98 3014
29 99 3014
29 100 2966
29 101 2982
29 102 3014
29 103 3030
29 104 3078
29 105 3110
29 106 3142
29 107 3142
29 108 3094
29 109 3110
29 110 3142
29 111 3158
29 112 3382
29 113 3414
29 114 3542
29 115 3542
29 116 3494
29 117 3510
29 118 3542
29 119 3558
29 120 3478
29 121 3510
29 122 3542
29 123 3542
29 124 3494
29 125 3510
29 126 3542
29 127 3558
29 128 3718
29 129 3750
29 130 3878
29 131 3878
29 132 3830
29 133 3846
29 134 3878
29 135 3894
29 136 3814
29 137 3846
29 138 3878
29 139 3878
29 140 3830
29 141 3846
29 142 3878
29 143 3894
29 144 4182
29 145 4214
29 146 4278
29 147 4278
29 148 4230
29 149 4246
29 150 4278
29 151 4294
29 152 4342
29 153 4374
29 154 4406
29 155 4406
29 156 4358
29 157 4374
29 158 4406
29 159 4422
29 160 4646
29 161 4678
29 162 4806
29 163 4806
29 164 4758
29 165 4774
29 166 4806
29 167 4822
29 168 4870
29 169 4902
29 170 4934
29 171 4934
29 172 4886
29 173 4902
29 174 4934
29 175 4950
29 176 5110
29 177 5142
29 178 5206
29 179 5206
29 180 5158
29 181 5174
29 182 5206
29 183 5222
29 184 5142
29 185 5174
29 186 5206
29 187 5206
29 188 5158
29 189 5174
29 190 5206
29 191 5222
29 192 5574
29 193 5606
29 194 5670
29 195 5670
29 196 5622
29 197 5638
29 198 5670
29 199 5686
29 200 5606
29 201 5638
29 202 5670
29 203 5670
29 204 5622
29 205 5638
29 206 5670
29 207 5686
29 208 6166
29 209 6198
29 210 6326
29 211 6326
29 212 6278
29 213 6294
29 214 6326
29 215 6342
29 216 6262
29 217 6294
29 218 6326
29 219 6326
29 220 6278
29 221 6294
29 222 6326
29 223 6342
29 224 6502
29 225 6534
29 226 6598
29 227 6598
29 228 6550
29 229 6566
29 230 6598
29 231 6614
29 232 6662
29 233 6694
29 234 6726
29 235 6726
29 236 6678
29 237 6694
29 238 6726
29 239 6742
29 240 6966
29 241 6998
29 242 7126
29 243 7126
29 244 7078
29 245 7094
29 246 7126
29 247 7142
29 248 7062
29 249 7094
29 250 7126
29 251 7126
29 252 7078
29 253 7094
29 254 7126
29 255 7142
30 0 6
30 1 38
30 2 166
30 3 166
30 4 118
30 5 134
30 6 166
30 7 182
30 8 246
30 9 262
30 10 294
30 11 310
30 12 246
30 13 262
30 14 294
30 15 310
30 16 614
30 17 646
30 18 710
30 19 710
30 20 662
30 21 678
30 22 710
30 23 726
30 24 790
30 25 806
30 26 838
30 27 854
30 28 790
30 29 806
30 30 838
30 31 854
30 32 1094
30 33 1126
30 34 1190
30 35 1190
30 36 1142
30 37 1158
30 38 1190
30 39 1206
30 40 1270
30 41 1286
30 42 1318
30 43 1334
30 44 1270
30 45 1286
30 46 1318
30 47 1334
30 48 1574
30 49 1606
30 50 1734
30 51 1734
30 52 1686
30 53 1702
30 54 1734
30 55 1750
30 56 1686
30 57 1702
30 58 1734
30 59 1750
30 60 1686
30 61 1702
30 62 1734
30 63 1750
30 64 1926
30 65 1958
30 66 2086
30 67 2086
30 68 2038
30 69 2054
30 70 2086
30 71 2102
30 72 2038
30 73 2054
30 74 2086
30 75 2102
30 76 2038
30 77 2054
30 78 2086
30 79 2102
30 80 2406
30 81 2438
30 82 2502
30 83 2502
30 84 2454
30 85 2470
30 86 2502
30 87 2518
30 88 2582
30 89 2598
30 90 2630
30 91 2646
30 92 2582
30 93 2598
30 94 2630
30 95 2646
30 96 2886
30 97 2918
30 98 2982
30 99 2982
30 100 2934
30 101 2950
30 102 2982
30 103 2998
30 104 3062
30 105 3078
30 106 3110
30 107 3126
30 108 3062
30 109 3078
30 110 3110
30 111 3126
30 112 3366
30 113 3398
30 114 3526
30 115 3526
30 116 3478
30 117 3494
30 118 3526
30 119 3542
30 120 3478
30 121 3494
30 122 3526
30 123 3542
30 124 3478
30 125 3494
30 126 3526
30 127 3542
30 128 3846
30 129 3878
30 130 4006
30 131 4006
30 132 3958
30 133 3974
30 134 4006
30 135 4022
30 136 4086
30 137 4102
30 138 4134
30 139 4150
30 140 4086
30 141 4102
30 142 4134
30 143 4150
30 144 4454
30 145 4486
30 146 4550
30 147 4550
30 148 4502
30 149 4518
30 150 4550
30 151 4566
30 152 4630
30 153 4646
30 154 4678
30 155 4694
30 156 4630
30 157 4646
30 158 4678
30 159 4694
30 160 4934
30 161 4966
30 162 5030
30 163 5030
30 164 4982
30 165 4998
30 166 5030
30 167 5046
30 168 5110
30 169 5126
30 170 5158
30 171 5174
30 172 5110
30 173 5126
30 174 5158
30 175 5174
30 176 5414
30 177 5446
30 178 5574
30 179 5574
30 180 5526
30 181 5542
30 182 5574
30 183 5590
30 184 5526
30 185 5542
30 186 5574
30 187 5590
30 188 5526
30 189 5542
30 190 5574
30 191 5590
30 192 5766
30 193 5798
30 194 5926
30 195 5926
30 196 5878
30 197 5894
30 198 5926
30 199 5942
30 200 5878
30 201 5894
30 202 5926
30 203 5942
30 204 5878
30 205 5894
30 206 5926
30 207 5942
30 208 6246
30 209 6278
30 210 6342
30 211 6342
30 212 6294
30 213 6310
30 214 6342
30 215 6358
30 216 6422
30 217 6438
30 218 6470
30 219 6486
30 220 6422
30 221 6438
30 222 6470
30 223 6486
30 224 6726
30 225 6758
30 226 6822
30 227 6822
30 228 6774
30 229 6790
30 230 6822
30 231 6838
30 232 6902
30 233 6918
30 234 6950
30 235 6966
30 236 6902
30 237 6918
30 238 6950
30 239 6966
30 240 7206
30 241 7238
30 242 7366
30 243 7366
30 244 7318
30 245 7334
30 246 7366
30 247 7382
30 248 7318
30 249 7334
30 250 7366
30 251 7382
30 252 7318
30 253 7334
30 254 7366
30 255 7382
31 0 6
31 1 38
31 2 166
31 3 166
31 4 118
31 5 134
31 6 166
31 7 182
31 8 246
31 9 262
31 10 294
31 11 310
31 12 246
31 13 262
31 14 294
31 15 310
31 16 630
31 17 662
31 18 726
31 19 726
31 20 678
31 21 694
31 22 726
31 23 742
31 24 806
31 25 822
31 26 854
31 27 870
31 28 806
31 29 822
31 30 854
31 31 870
31 32 1126
31 33 1158
31 34 1222
31 35 1222
31 36 1174
31 37 1190
31 38 1222
31 39 1238
31 40 1302
31 41 1318
31 42 1350
31 43 1366
31 44 1302
31 45 1318
31 46 1350
31 47 1366
31 48 1686
31 49 1718
31 50 1718
31 51 1718
31 52 1734
31 53 1750
31 54 1782
31 55 1798
31 56 1734
31 57 1750
31 58 1782
31 59 1798
31 60 1734
31 61 1750
31 62 1782
31 63 1798
31 64 1990
31 65 2022
31 66 2086
31 67 2086
31 68 2038
31 69 2054
31 70 2086
31 71 2102
31 72 2038
31 73 2054
31 74 2086
31 75 2102
31 76 2038
31 77 2054
31 78 2086
31 79 2102
31 80 2614
31 81 2646
31 82 2774
31 83 2774
31 84 2726
31 85 2742
31 86 2774
31 87 2790
31 88 2726
31 89 2742
31 90 2774
31 91 2790
31 92 2726
31 93 2742
31 94 2774
31 95 2790
31 96 3110
31 97 3142
31 98 3270
31 99 3270
31 100 3222
31 101 3238
31 102 3270
31 103 3286
31 104 3222
31 105 3238
31 106 3270
31 107 3286
31 108 3222
31 109 3238
31 110 3270
31 111 3286
31 112 3478
31 113 3510
31 114 3574
31 115 3574
31 116 3526
31 117 3542
31 118 3574
31 119 3590
31 120 3526
31 121 3542
31 122 3574
31 123 3590
31 124 3526
31 125 3542
31 126 3574
31 127 3590
31 128 3974
31 129 4006
31 130 4134
31 131 4134
31 132 4086
31 133 4102
31 134 4134
31 135 4150
31 136 4086
31 137 4102
31 138 4134
31 139 4150
31 140 4086
31 141 4102
31 142 4134
31 143 4150
31 144 4470
31 145 4502
31 146 4566
31 147 4566
31 148 4518
31 149 4534
31 150 4566
31 151 4582
31 152 4646
31 153 4662
31 154 4694
31 155 4710
31 156 4646
31 157 4662
31 158 4694
31 159 4710
31 160 4966
31 161 4998
31 162 5062
31 163 5062
31 164 5014
31 165 5030
31 166 5062
31 167 5078
31 168 5142
31 169 5158
31 170 5190
31 171 5206
31 172 5142
31 173 5158
31 174 5190
31 175 5206
31 176 5526
31 177 5558
31 178 5558
31 179 5558
31 180 5574
31 181 5590
31 182 5622
31 183 5638
31 184 5574
31 185 5590
31 186 5622
31 187 5638
31 188 5574
31 189 5590
31 190 5622
31 191 5638
31 192 5830
31 193 5862
31 194 5926
31 195 5926
31 196 5878
31 197 5894
31 198 5926
31 199 5942
31 200 5878
31 201 5894
31 202 5926
31 203 5942
31 204 5878
31 205 5894
31 206 5926
31 207 5942
31 208 6454
31 209 6486
31 210 6614
31 211 6614
31 212 6566
31 213 6582
31 214 6614
31 215 6630
31 216 6566
31 217 6582
31 218 6614
31 219 6630
31 220 6566
31 221 6582
31 222 6614
31 223 6630
31 224 6950
31 225 6982
31 226 7110
31 227 7110
31 228 7062
31 229 7078
31 230 7110
31 231 7126
31 232 7062
31 233 7078
31 234 7110
31 235 7126
31 236 7062
31 237 7078
31 238 7110
31 239 7126
31 240 7318
31 241 7350
31 242 7414
31 243 7414
31 244 7366
31 245 7382
31 246 7414
31 247 7430
31 248 7366
31 249 7382
31 250 7414
31 251 7430
31 252 7366
31 253 7382
31 254 7414
31 255 7430
32 0 6
32 1 134
32 2 262
32 3 390
32 4 134
32 5 262
32 6 262
32 7 390
32 8 262
32 9 390
32 10 518
32 11 646
32 12 390
32 13 518
32 14 518
32 15 646
32 16 518
32 17 646
32 18 774
32 19 902
32 20 646
32 21 774
32 22 774
32 23 902
32 24 774
32 25 902
32 26 1030
32 27 1158
32 28 902
32 29 1030
32 30 1030
32 31 1158
32 32 1030
32 33 1158
32 34 1286
32 35 1414
32 36 1158
32 37 1286
32 38 1286
32 39 1414
32 40 1286
32 41 1414
32 42 1542
32 43 1670
32 44 1414
32 45 1542
32 46 1542
32 47 1670
32 48 1542
32 49 1670
32 50 1798
32 51 1926
32 52 1670
32 53 1798
32 54 1798
32 55 1926
32 56 1798
32 57 1926
32 58 2054
32 59 2182
32 60 1926
32 61 2054
32 62 2054
32 63 2182
32 64 2054
32 65 2182
32 66 2310
32 67 2438
32 68 2182
32 69 2310
32 70 2310
32 71 2438
32 72 2310
32 73 2438
32 74 2566
32 75 2694
32 76 2438
32 77 2566
32 78 2566
32 79 2694
32 80 2566
32 81 2694
32 82 2822
32 83 2950
32 84 2694
32 85 2822
32 86 2822
32 87 2950
32 88 2822
32 89 2950
32 90 3078
32 91 3206
32 92 2950
32 93 3078
32 94 3078
32 95 3206
32 96 3078
32 97 3206
32 98 3334
32 99 3462
32 100 3206
32 101 3334
32 102 3334
32 103 3462
32 104 3334
32 105 3462
32 106 3590
32 107 3718
32 108 3462
32 109 3590
32 110 3590
32 111 3718
32 112 3590
32 113 3718
32 114 3846
32 115 3974
32 116 3718
32 117 3846
32 118 3846
32 119 3974
32 120 3846
32 121 3974
32 122 4102
32 123 4230
32 124 3974
32 125 4102
32 126 4102
32 127 4230
32 128 4102
32 129 4230
32 130 4358
32 131 4486
32 132 4230
32 133 4358
32 134 4358
32 135 4486
32 136 4358
32 137 4486
32 138 4614
32 139 4742
32 140 4486
32 141 4614
32 142 4614
32 143 4742
32 144 4614
32 145 4742
32 146 4870
32 147 4998
32 148 4742
32 149 4870
32 150 4870
32 151 4998
32 152 4870
32 153 4998
32 154 5126
32 155 5254
32 156 4998
32 157 5126
32 158 5126
32 159 5254
32 160 5126
32 161 5254
32 162 5382
32 163 5510
32 164 5254
32 165 5382
32 166 5382
32 167 5510
32 168 5382
32 169 5510
32 170 5638
32 171 5766
32 172 5510
32 173 5638
32 174 5638
32 175 5766
32 176 5638
32 177 5766
32 178 5894
32 179 6022
32 180 5766
32 181 5894
32 182 5894
32 183 6022
32 184 5894
32 185 6022
32 186 6150
32 187 6278
32 188 6022
32 189 6150
32 190 6150
32 191 6278
32 192 6150
32 193 6278
32 194 6406
32 195 6534
32 196 6278
32 197 6406
32 198 6406
32 199 6534
32 200 6406
32 201 6534
32 202 6662
32 203 6790
32 204 6534
32 205 6662
32 206 6662
32 207 6790
32 208 6662
32 209 6790
32 210 6918
32 211 7046
32 212 6790
32 213 6918
32 214 6918
32 215 7046
32 216 6918
32 217 7046
32 218 7174
32 219 7302
32 220 7046
32 221 7174
32 222 7174
32 223 7302
32 224 7174
32 225 7302
32 226 7430
32 227 7558
32 228 7302
32 229 7430
32 230 7430
32 231 7558
32 232 7430
32 233 7558
32 234 7686
32 235 7814
32 236 7558
32 237 7686
32 238 7686
32 239 7814
32 240 7686
32 241 7814
32 242 7942
32 243 8070
32 244 7814
32 245 7942
32 246 7942
32 247 8070
32 248 7942
32 249 8070
32 250 8198
32 251 8326
32 252 8070
32 253 8198
32 254 8198
32 255 8326
33 0 6
33 1 134
33 2 262
33 3 390
33 4 134
33 5 262
33 6 262
33 7 390
33 8 262
33 9 390
33 10 518
33 11 646
33 12 390
33 13 518
33 14 518
33 15 646
33 16 534
33 17 662
33 18 790
33 19 918
33 20 662
33 21 790
33 22 790
33 23 918
33 24 790
33 25 918
33 26 1046
33 27 1174
33 28 918
33 29 1046
33 30 1046
33 31 1174
33 32 1062
33 33 1190
33 34 1318
33 35 1446
33 36 1190
33 37 1318
33 38 1318
33 39 1446
33 40 1318
33 41 1446
33 42 1574
33 43 1702
33 44 1446
33 45 1574
33 46 1574
33 47 1702
33 48 1590
33 49 1718
33 50 1846
33 51 1974
33 52 1718
33 53 1846
33 54 1846
33 55 1974
33 56 1846
33 57 1974
33 58 2102
33 59 2230
33 60 1974
33 61 2102
33 62 2102
33 63 2230
33 64 2118
33 65 2182
33 66 2374
33 67 2438
33 68 2246
33 69 2310
33 70 2374
33 71 2438
33 72 2374
33 73 2438
33 74 2630
33 75 2694
33 76 2502
33 77 2566
33 78 2630
33 79 2694
33 80 2646
33 81 2710
33 82 2902
33 83 2966
33 84 2774
33 85 2838
33 86 2902
33 87 2966
33 88 2902
33 89 2966
33 90 3158
33 91 3222
33 92 3030
33 93 3094
33 94 3158
33 95 3222
33 96 3174
33 97 3238
33 98 3430
33 99 3494
33 100 3302
33 101 3366
33 102 3430
33 103 3494
33 104 3430
33 105 3494
33 106 3686
33 107 3750
33 108 3558
33 109 3622
33 110 3686
33 111 3750
33 112 3702
33 113 3766
33 114 3958
33 115 4022
33 116 3830
33 117 3894
33 118 3958
33 119 4022
33 120 3958
33 121 4022
33 122 4214
33 123 4278
33 124 4086
33 125 4150
33 126 4214
33 127 4278
33 128 4230
33 129 4358
33 130 4358
33 131 4486
33 132 4230
33 133 4358
33 134 4358
33 135 4486
33 136 4486
33 137 4614
33 138 4614
33 139 4742
33 140 4486
33 141 4614
33 142 4614
33 143 4742
33 144 4758
33 145 4886
33 146 4886
33 147 5014
33 148 4758
33 149 4886
33 150 4886
33 151 5014
33 152 5014
33 153 5142
33 154 5142
33 155 5270
33 156 5014
33 157 5142
33 158 5142
33 159 5270
33 160 5286
33 161 5414
33 162 5414
33 163 5542
33 164 5286
33 165 5414
33 166 5414
33 167 5542
33 168 5542
33 169 5670
33 170 5670
33 171 5798
33 172 5542
33 173 5670
33 174 5670
33 175 5798
33 176 5814
33 177 5942
33 178 5942
33 179 6070
33 180 5814
33 181 5942
33 182 5942
33 183 6070
33 184 6070
33 185 6198
33 186 6198
33 187 6326
33 188 6070
33 189 6198
33 190 6198
33 191 6326
33 192 6342
33 193 6406
33 194 6470
33 195 6534
33 196 6342
33 197 6406
33 198 6470
33 199 6534
33 200 6598
33 201 6662
33 202 6726
33 203 6790
33 204 6598
33 205 6662
33 206 6726
33 207 6790
33 208 6870
33 209 6934
33 210 6998
33 211 7062
33 212 6870
33 213 6934
33 214 6998
33 215 7062
33 216 7126
33 217 7190
33 218 7254
33 219 7318
33 220 7126
33 221 7190
33 222 7254
33 223 7318
33 224 7398
33 225 7462
33 226 7526
33 227 7590
33 228 7398
33 229 7462
33 230 7526
33 231 7590
33 232 7654
33 233 7718
33 234 7782
33 235 7846
33 236 7654
33 237 7718
33 238 7782
33 239 7846
33 240 7926
33 241 7990
33 242 8054
33 243 8118
33 244 7926
33 245 7990
33 246 8054
33 247 8118
33 248 8182
33 249 8246
33 250 8310
33 251 8374
33 252 8182
33 253 8246
33 254 8310
33 255 8374
34 0 6
34 1 134
34 2 262
34 3 390
34 4 134
34 5 262
34 6 262
34 7 390
34 8 278
34 9 406
34 10 534
34 11 662
34 12 406
34 13 534
34 14 534
34 15 662
34 16 550
34 17 678
34 18 806
34 19 934
34 20 678
34 21 806
34 22 806
34 23 934
34 24 822
34 25 950
34 26 1078
34 27 1206
34 28 950
34 29 1078
34 30 1078
34 31 1206
34 32 1094
34 33 1158
34 34 1350
34 35 1414
34 36 1222
34 37 1286
34 38 1350
34 39 1414
34 40 1366
34 41 1430
34 42 1622
34 43 1686
34 44 1494
34 45 1558
34 46 1622
34 47 1686
34 48 1638
34 49 1702
34 50 1894
34 51 1958
34 52 1766
34 53 1830
34 54 1894
34 55 1958
34 56 1910
34 57 1974
34 58 2166
34 59 2230
34 60 2038
34 61 2102
34 62 2166
34 63 2230
34 64 2182
34 65 2310
34 66 2310
34 67 2438
34 68 2182
34 69 2310
34 70 2310
34 71 2438
34 72 2454
34 73 2582
34 74 2582
34 75 2710
34 76 2454
34 77 2582
34 78 2582
34 79 2710
34 80 2726
34 81 2854
34 82 2854
34 83 2982
34 84 2726
34 85 2854
34 86 2854
34 87 2982
34 88 2998
34 89 3126
34 90 3126
34 91 3254
34 92 2998
34 93 3126
34 94 3126
34 95 3254
34 96 3270
34 97 3334
34 98 3398
34 99 3462
34 100 3270
34 101 3334
34 102 3398
34 103 3462
34 104 3542
34 105 3606
34 106 3670
34 107 3734
34 108 3542
34 109 3606
34 110 3670
34 111 3734
34 112 3814
34 113 3878
34 114 3942
34 115 4006
34 116 3814
34 117 3878
34 118 3942
34 119 4006
34 120 4086
34 121 4150
34 122 4214
34 123 4278
34 124 4086
34 125 4150
34 126 4214
34 127 4278
34 128 4358
34 129 4486
34 130 4614
34 131 4742
34 132 4486
34 133 4614
34 134 4614
34 135 4742
34 136 4630
34 137 4758
34 138 4886
34 139 5014
34 140 4758
34 141 4886
34 142 4886
34 143 5014
34 144 4902
34 145 5030
34 146 5158
34 147 5286
34 148 5030
34 149 5158
34 150 5158
34 151 5286
34 152 5174
34 153 5302
34 154 5430
34 155 5558
34 156 5302
34 157 5430
34 158 5430
34 159 5558
34 160 5446
34 161 5510
34 162 5702
34 163 5766
34 164 5574
34 165 5638
34 166 5702
34 167 5766
34 168 5718
34 169 5782
34 170 5974
34 171 6038
34 172 5846
34 173 5910
34 174 5974
34 175 6038
34 176 5990
34 177 6054
34 178 6246
34 179 6310
34 180 6118
34 181 6182
34 182 6246
34 183 6310
34 184 6262
34 185 6326
34 186 6518
34 187 6582
34 188 6390
34 189 6454
34 190 6518
34 191 6582
34 192 6534
34 193 6662
34 194 6662
34 195 6790
34 196 6534
34 197 6662
34 198 6662
34 199 6790
34 200 6806
34 201 6934
34 202 6934
34 203 7062
34 204 6806
34 205 6934
34 206 6934
34 207 7062
34 208 7078
34 209 7206
34 210 7206
34 211 7334
34 212 7078
34 213 7206
34 214 7206
34 215 7334
34 216 7350
34 217 7478
34 218 7478
34 219 7606
34 220 7350
34 221 7478
34 222 7478
34 223 7606
34 224 7622
34 225 7686
34 226 7750
34 227 7814
34 228 7622
34 229 7686
34 230 7750
34 231 7814
34 232 7894
34 233 7958
34 234 8022
34 235 8086
34 236 7894
34 237 7958
34 238 8022
34 239 8086
34 240 8166
34 241 8230
34 242 8294
34 243 8358
34 244 8166
34 245 8230
34 246 8294
34 247 8358
34 248 8438
34 249 8502
34 250 8566
34 251 8630
34 252 8438
34 253 8502
34 254 8566
34 255 8630
35 0 6
35 1 134
35 2 262
35 3 390
35 4 134
35 5 262
35 6 262
35 7 390
35 8 278
35 9 406
35 10 534
35 11 662
35 12 406
35 13 534
35 14 534
35 15 662
35 16 566
35 17 694
35 18 822
35 19 950
35 20 694
35 21 822
35 22 822
35 23 950
35 24 838
35 25 966
35 26 1094
35 27 1222
35 28 966
35 29 1094
35 30 1094
35 31 1222
35 32 1126
35 33 1190
35 34 1382
35 35 1446
35 36 1254
35 37 1318
35 38 1382
35 39 1446
35 40 1398
35 41 1462
35 42 1654
35 43 1718
35 44 1526
35 45 1590
35 46 1654
35 47 1718
35 48 1686
35 49 1750
35 50 1942
35 51 2006
35 52 1814
35 53 1878
35 54 1942
35 55 2006
35 56 1958
35 57 2022
35 58 2214
35 59 2278
35 60 2086
35 61 2150
35 62 2214
35 63 2278
35 64 2246
35 65 2310
35 66 2374
35 67 2438
35 68 2246
35 69 2310
35 70 2374
35 71 2438
35 72 2518
35 73 2582
35 74 2646
35 75 2710
35 76 2518
35 77 2582
35 78 2646
35 79 2710
35 80 2806
35 81 2870
35 82 2934
35 83 2998
35 84 2806
35 85 2870
35 86 2934
35 87 2998
35 88 3078
35 89 3142
35 90 3206
35 91 3270
35 92 3078
35 93 3142
35 94 3206
35 95 3270
35 96 3366
35 97 3494
35 98 3494
35 99 3622
35 100 3366
35 101 3494
35 102 3494
35 103 3622
35 104 3638
35 105 3766
35 106 3766
35 107 3894
35 108 3638
35 109 3766
35 110 3766
35 111 3894
35 112 3990
35 113 3990
35 114 4118
35 115 4118
35 116 3990
35 117 3990
35 118 4118
35 119 4118
35 120 4262
35 121 4262
35 122 4390
35 123 4390
35 124 4262
35 125 4262
35 126 4390
35 127 4390
35 128 4486
35 129 4614
35 130 4614
35 131 4742
35 132 4486
35 133 4614
35 134 4614
35 135 4742
35 136 4758
35 137 4886
35 138 4886
35 139 5014
35 140 4758
35 141 4886
35 142 4886
35 143 5014
35 144 5046
35 145 5174
35 146 5174
35 147 5302
35 148 5046
35 149 5174
35 150 5174
35 151 5302
35 152 5318
35 153 5446
35 154 5446
35 155 5574
35 156 5318
35 157 5446
35 158 5446
35 159 5574
35 160 5606
35 161 5670
35 162 5734
35 163 5798
35 164 5606
35 165 5670
35 166 5734
35 167 5798
35 168 5878
35 169 5942
35 170 6006
35 171 6070
35 172 5878
35 173 5942
35 174 6006
35 175 6070
35 176 6166
35 177 6230
35 178 6294
35 179 6358
35 180 6166
35 181 6230
35 182 6294
35 183 6358
35 184 6438
35 185 6502
35 186 6566
35 187 6630
35 188 6438
35 189 6502
35 190 6566
35 191 6630
35 192 6598
35 193 6662
35 194 6726
35 195 6790
35 196 6598
35 197 6662
35 198 6726
35 199 6790
35 200 6870
35 201 6934
35 202 6998
35 203 7062
35 204 6870
35 205 6934
35 206 6998
35 207 7062
35 208 7158
35 209 7222
35 210 7286
35 211 7350
35 212 7158
35 213 7222
35 214 7286
35 215 7350
35 216 7430
35 217 7494
35 218 7558
35 219 7622
35 220 7430
35 221 7494
35 222 7558
35 223 7622
35 224 7718
35 225 7846
35 226 7846
35 227 7974
35 228 7718
35 229 7846
35 230 7846
35 231 7974
35 232 7990
35 233 8118
35 234 8118
35 235 8246
35 236 7990
35 237 8118
35 238 8118
35 239 8246
35 240 8342
35 241 8342
35 242 8470
35 243 8470
35 244 8342
35 245 8342
35 246 8470
35 247 8470
35 248 8614
35 249 8614
35 250 8742
35 251 8742
35 252 8614
35 253 8614
35 254 8742
35 255 8742
36 0 6
36 1 134
36 2 262
36 3 390
36 4 150
36 5 278
36 6 278
36 7 406
36 8 294
36 9 390
36 10 550
36 11 646
36 12 438
36 13 534
36 14 566
36 15 662
36 16 582
36 17 646
36 18 838
36 19 902
36 20 726
36 21 790
36 22 854
36 23 918
36 24 870
36 25 902
36 26 1126
36 27 1158
36 28 1014
36 29 1046
36 30 1142
36 31 1174
36 32 1286
36 33 1414
36 34 1542
36 35 1670
36 36 1430
36 37 1558
36 38 1558
36 39 1686
36 40 1574
36 41 1670
36 42 1830
36 43 1926
36 44 1718
36 45 1814
36 46 1846
36 47 1942
36 48 1862
36 49 1926
36 50 2118
36 51 2182
36 52 2006
36 53 2070
36 54 2134
36 55 2198
36 56 2150
36 57 2182
36 58 2406
36 59 2438
36 60 2294
36 61 2326
36 62 2422
36 63 2454
36 64 2310
36 65 2438
36 66 2566
36 67 2694
36 68 2454
36 69 2582
36 70 2582
36 71 2710
36 72 2598
36 73 2694
36 74 2854
36 75 2950
36 76 2742
36 77 2838
36 78 2870
36 79 2966
36 80 2886
36 81 2950
36 82 3142
36 83 3206
36 84 3030
36 85 3094
36 86 3158
36 87 3222
36 88 3174
36 89 3206
36 90 3430
36 91 3462
36 92 3318
36 93 3350
36 94 3446
36 95 3478
36 96 3590
36 97 3718
36 98 3846
36 99 3974
36 100 3734
36 101 3862
36 102 3862
36 103 3990
36 104 3878
36 105 3974
36 106 4134
36 107 4230
36 108 4022
36 109 4118
36 110 4150
36 111 4246
36 112 4166
36 113 4230
36 114 4422
36 115 4486
36 116 4310
36 117 4374
36 118 4438
36 119 4502
36 120 4454
36 121 4486
36 122 4710
36 123 4742
36 124 4598
36 125 4630
36 126 4726
36 127 4758
36 128 4614
36 129 4742
36 130 4870
36 131 4998
36 132 4758
36 133 4886
36 134 4886
36 135 5014
36 136 4902
36 137 4998
36 138 5158
36 139 5254
36 140 5046
36 141 5142
36 142 5174
36 143 5270
36 144 5190
36 145 5254
36 146 5446
36 147 5510
36 148 5334
36 149 5398
36 150 5462
36 151 5526
36 152 5478
36 153 5510
36 154 5734
36 155 5766
36 156 5622
36 157 5654
36 158 5750
36 159 5782
36 160 5894
36 161 6022
36 162 6150
36 163 6278
36 164 6038
36 165 6166
36 166 6166
36 167 6294
36 168 6182
36 169 6278
36 170 6438
36 171 6534
36 172 6326
36 173 6422
36 174 6454
36 175 6550
36 176 6470
36 177 6534
36 178 6726
36 179 6790
36 180 6614
36 181 6678
36 182 6742
36 183 6806
36 184 6758
36 185 6790
36 186 7014
36 187 7046
36 188 6902
36 189 6934
36 190 7030
36 191 7062
36 192 6918
36 193 7046
36 194 7174
36 195 7302
36 196 7062
36 197 7190
36 198 7190
36 199 7318
36 200 7206
36 201 7302
36 202 7462
36 203 7558
36 204 7350
36 205 7446
36 206 7478
36 207 7574
36 208 7494
36 209 7558
36 210 7750
36 211 7814
36 212 7638
36 213 7702
36 214 7766
36 215 7830
36 216 7782
36 217 7814
36 218 8038
36 219 8070
36 220 7926
36 221 7958
36 222 8054
36 223 8086
36 224 8198
36 225 8326
36 226 8454
36 227 8582
36 228 8342
36 229 8470
36 230 8470
36 231 8598
36 232 8486
36 233 8582
36 234 8742
36 235 8838
36 236 8630
36 237 8726
36 238 8758
36 239 8854
36 240 8774
36 241 8838
36 242 9030
36 243 9094
36 244 8918
36 245 8982
36 246 9046
36 247 9110
36 248 9062
36 249 9094
36 250 9318
36 251 9350
36 252 9206
36 253 9238
36 254 9334
36 255 9366
37 0 6
37 1 134
37 2 262
37 3 390
37 4 150
37 5 278
37 6 278
37 7 406
37 8 294
37 9 390
37 10 550
37 11 646
37 12 438
37 13 534
37 14 566
37 15 662
37 16 598
37 17 662
37 18 854
37 19 918
37 20 742
37 21 806
37 22 870
37 23 934
37 24 886
37 25 918
37 26 1142
37 27 1174
37 28 1030
37 29 1062
37 30 1158
37 31 1190
37 32 1318
37 33 1446
37 34 1574
37 35 1702
37 36 1462
37 37 1590
37 38 1590
37 39 1718
37 40 1606
37 41 1702
37 42 1862
37 43 1958
37 44 1750
37 45 1846
37 46 1878
37 47 1974
37 48 1910
37 49 1974
37 50 2166
37 51 2230
37 52 2054
37 53 2118
37 54 2182
37 55 2246
37 56 2198
37 57 2230
37 58 2454
37 59 2486
37 60 2342
37 61 2374
37 62 2470
37 63 2502
37 64 2374
37 65 2438
37 66 2630
37 67 2694
37 68 2518
37 69 2582
37 70 2646
37 71 2710
37 72 2662
37 73 2694
37 74 2918
37 75 2950
37 76 2806
37 77 2838
37 78 2934
37 79 2966
37 80 3094
37 81 3222
37 82 3094
37 83 3222
37 84 3110
37 85 3238
37 86 3238
37 87 3366
37 88 3382
37 89 3478
37 90 3382
37 91 3478
37 92 3398
37 93 3494
37 94 3526
37 95 3622
37 96 3686
37 97 3750
37 98 3942
37 99 4006
37 100 3830
37 101 3894
37 102 3958
37 103 4022
37 104 3974
37 105 4006
37 106 4230
37 107 4262
37 108 4118
37 109 4150
37 110 4246
37 111 4278
37 112 4406
37 113 4534
37 114 4406
37 115 4534
37 116 4422
37 117 4550
37 118 4550
37 119 4678
37 120 4694
37 121 4790
37 122 4694
37 123 4790
37 124 4710
37 125 4806
37 126 4838
37 127 4934
37 128 4742
37 129 4870
37 130 4870
37 131 4998
37 132 4758
37 133 4886
37 134 4886
37 135 5014
37 136 5030
37 137 5126
37 138 5158
37 139 5254
37 140 5046
37 141 5142
37 142 5174
37 143 5270
37 144 5334
37 145 5398
37 146 5462
37 147 5526
37 148 5350
37 149 5414
37 150 5478
37 151 5542
37 152 5622
37 153 5654
37 154 5750
37 155 5782
37 156 5638
37 157 5670
37 158 5766
37 159 5798
37 160 5926
37 161 6054
37 162 6182
37 163 6310
37 164 6070
37 165 6198
37 166 6198
37 167 6326
37 168 6214
37 169 6310
37 170 6470
37 171 6566
37 172 6358
37 173 6454
37 174 6486
37 175 6582
37 176 6518
37 177 6582
37 178 6774
37 179 6838
37 180 6662
37 181 6726
37 182 6790
37 183 6854
37 184 6806
37 185 6838
37 186 7062
37 187 7094
37 188 6950
37 189 6982
37 190 7078
37 191 7110
37 192 7110
37 193 7174
37 194 7238
37 195 7302
37 196 7126
37 197 7190
37 198 7254
37 199 7318
37 200 7398
37 201 7430
37 202 7526
37 203 7558
37 204 7414
37 205 7446
37 206 7542
37 207 7574
37 208 7702
37 209 7830
37 210 7830
37 211 7958
37 212 7718
37 213 7846
37 214 7846
37 215 7974
37 216 7990
37 217 8086
37 218 8118
37 219 8214
37 220 8006
37 221 8102
37 222 8134
37 223 8230
37 224 8294
37 225 8358
37 226 8550
37 227 8614
37 228 8438
37 229 8502
37 230 8566
37 231 8630
37 232 8582
37 233 8614
37 234 8838
37 235 8870
37 236 8726
37 237 8758
37 238 8854
37 239 8886
37 240 9014
37 241 9142
37 242 9014
37 243 9142
37 244 9030
37 245 9158
37 246 9158
37 247 9286
37 248 9302
37 249 9398
37 250 9302
37 251 9398
37 252 9318
37 253 9414
37 254 9446
37 255 9542
38 0 6
38 1 134
38 2 262
38 3 390
38 4 150
38 5 278
38 6 278
38 7 406
38 8 310
38 9 406
38 10 566
38 11 662
38 12 438
38 13 534
38 14 566
38 15 662
38 16 614
38 17 678
38 18 870
38 19 934
38 20 758
38 21 822
38 22 886
38 23 950
38 24 918
38 25 950
38 26 1174
38 27 1206
38 28 1046
38 29 1078
38 30 1174
38 31 1206
38 32 1350
38 33 1414
38 34 1606
38 35 1670
38 36 1494
38 37 1558
38 38 1622
38 39 1686
38 40 1654
38 41 1686
38 42 1910
38 43 1942
38 44 1782
38 45 1814
38 46 1910
38 47 1942
38 48 2086
38 49 2214
38 50 2086
38 51 2214
38 52 2102
38 53 2230
38 54 2230
38 55 2358
38 56 2390
38 57 2486
38 58 2390
38 59 2486
38 60 2390
38 61 2486
38 62 2518
38 63 2614
38 64 2438
38 65 2566
38 66 2566
38 67 2694
38 68 2454
38 69 2582
38 70 2582
38 71 2710
38 72 2742
38 73 2838
38 74 2870
38 75 2966
38 76 2742
38 77 2838
38 78 2870
38 79 2966
38 80 3046
38 81 3110
38 82 3174
38 83 3238
38 84 3062
38 85 3126
38 86 3190
38 87 3254
38 88 3350
38 89 3382
38 90 3478
38 91 3510
38 92 3350
38 93 3382
38 94 3478
38 95 3510
38 96 3654
38 97 3718
38 98 3910
38 99 3974
38 100 3798
38 101 3862
38 102 3926
38 103 3990
38 104 3958
38 105 3990
38 106 4214
38 107 4246
38 108 4086
38 109 4118
38 110 4214
38 111 4246
38 112 4390
38 113 4518
38 114 4390
38 115 4518
38 116 4406
38 117 4534
38 118 4534
38 119 4662
38 120 4694
38 121 4790
38 122 4694
38 123 4790
38 124 4694
38 125 4790
38 126 4822
38 127 4918
38 128 4870
38 129 4998
38 130 5126
38 131 5254
38 132 5014
38 133 5142
38 134 5142
38 135 5270
38 136 5174
38 137 5270
38 138 5430
38 139 5526
38 140 5302
38 141 5398
38 142 5430
38 143 5526
38 144 5478
38 145 5542
38 146 5734
38 147 5798
38 148 5622
38 149 5686
38 150 5750
38 151 5814
38 152 5782
38 153 5814
38 154 6038
38 155 6070
38 156 5910
38 157 5942
38 158 6038
38 159 6070
38 160 6214
38 161 6278
38 162 6470
38 163 6534
38 164 6358
38 165 6422
38 166 6486
38 167 6550
38 168 6518
38 169 6550
38 170 6774
38 171 6806
38 172 6646
38 173 6678
38 174 6774
38 175 6806
38 176 6950
38 177 7078
38 178 6950
38 179 7078
38 180 6966
38 181 7094
38 182 7094
38 183 7222
38 184 7254
38 185 7350
38 186 7254
38 187 7350
38 188 7254
38 189 7350
38 190 7382
38 191 7478
38 192 7302
38 193 7430
38 194 7430
38 195 7558
38 196 7318
38 197 7446
38 198 7446
38 199 7574
38 200 7606
38 201 7702
38 202 7734
38 203 7830
38 204 7606
38 205 7702
38 206 7734
38 207 7830
38 208 7910
38 209 7974
38 210 8038
38 211 8102
38 212 7926
38 213 7990
38 214 8054
38 215 8118
38 216 8214
38 217 8246
38 218 8342
38 219 8374
38 220 8214
38 221 8246
38 222 8342
38 223 8374
38 224 8518
38 225 8582
38 226 8774
38 227 8838
38 228 8662
38 229 8726
38 230 8790
38 231 8854
38 232 8822
38 233 8854
38 234 9078
38 235 9110
38 236 8950
38 237 8982
38 238 9078
38 239 9110
38 240 9254
38 241 9382
38 242 9254
38 243 9382
38 244 9270
38 245 9398
38 246 9398
38 247 9526
38 248 9558
38 249 9654
38 250 9558
38 251 9654
38 252 9558
38 253 9654
38 254 9686
38 255 9782
39 0 6
39 1 134
39 2 262
39 3 390
39 4 150
39 5 278
39 6 278
39 7 406
39 8 310
39 9 406
39 10 566
39 11 662
39 12 438
39 13 534
39 14 566
39 15 662
39 16 630
39 17 694
39 18 886
39 19 950
39 20 774
39 21 838
39 22 902
39 23 966
39 24 934
39 25 966
39 26 1190
39 27 1222
39 28 1062
39 29 1094
39 30 1190
39 31 1222
39 32 1382
39 33 1446
39 34 1638
39 35 1702
39 36 1526
39 37 1590
39 38 1654
39 39 1718
39 40 1686
39 41 1718
39 42 1942
39 43 1974
39 44 1814
39 45 1846
39 46 1942
39 47 1974
39 48 2198
39 49 2198
39 50 2198
39 51 2198
39 52 2214
39 53 2214
39 54 2342
39 55 2342
39 56 2502
39 57 2470
39 58 2502
39 59 2470
39 60 2502
39 61 2470
39 62 2630
39 63 2598
39 64 2502
39 65 2566
39 66 2630
39 67 2694
39 68 2518
39 69 2582
39 70 2646
39 71 2710
39 72 2806
39 73 2838
39 74 2934
39 75 2966
39 76 2806
39 77 2838
39 78 2934
39 79 2966
39 80 3126
39 81 3254
39 82 3254
39 83 3382
39 84 3142
39 85 3270
39 86 3270
39 87 3398
39 88 3430
39 89 3526
39 90 3558
39 91 3654
39 92 3430
39 93 3526
39 94 3558
39 95 3654
39 96 3878
39 97 4006
39 98 3878
39 99 4006
39 100 3894
39 101 4022
39 102 4022
39 103 4150
39 104 4182
39 105 4278
39 106 4182
39 107 4278
39 108 4182
39 109 4278
39 110 4310
39 111 4406
39 112 4502
39 113 4566
39 114 4502
39 115 4566
39 116 4518
39 117 4582
39 118 4646
39 119 4710
39 120 4806
39 121 4838
39 122 4806
39 123 4838
39 124 4806
39 125 4838
39 126 4934
39 127 4966
39 128 4998
39 129 5126
39 130 5126
39 131 5254
39 132 5014
39 133 5142
39 134 5142
39 135 5270
39 136 5302
39 137 5398
39 138 5430
39 139 5526
39 140 5302
39 141 5398
39 142 5430
39 143 5526
39 144 5622
39 145 5686
39 146 5750
39 147 5814
39 148 5638
39 149 5702
39 150 5766
39 151 5830
39 152 5926
39 153 5958
39 154 6054
39 155 6086
39 156 5926
39 157 5958
39 158 6054
39 159 6086
39 160 6246
39 161 6310
39 162 6502
39 163 6566
39 164 6390
39 165 6454
39 166 6518
39 167 6582
39 168 6550
39 169 6582
39 170 6806
39 171 6838
39 172 6678
39 173 6710
39 174 6806
39 175 6838
39 176 7062
39 177 7062
39 178 7062
39 179 7062
39 180 7078
39 181 7078
39 182 7206
39 183 7206
39 184 7366
39 185 7334
39 186 7366
39 187 7334
39 188 7366
39 189 7334
39 190 7494
39 191 7462
39 192 7366
39 193 7430
39 194 7494
39 195 7558
39 196 7382
39 197 7446
39 198 7510
39 199 7574
39 200 7670
39 201 7702
39 202 7798
39 203 7830
39 204 7670
39 205 7702
39 206 7798
39 207 7830
39 208 7990
39 209 8118
39 210 8118
39 211 8246
39 212 8006
39 213 8134
39 214 8134
39 215 8262
39 216 8294
39 217 8390
39 218 8422
39 219 8518
39 220 8294
39 221 8390
39 222 8422
39 223 8518
39 224 8742
39 225 8870
39 226 8742
39 227 8870
39 228 8758
39 229 8886
39 230 8886
39 231 9014
39 232 9046
39 233 9142
39 234 9046
39 235 9142
39 236 9046
39 237 9142
39 238 9174
39 239 9270
39 240 9366
39 241 9430
39 242 9366
39 243 9430
39 244 9382
39 245 9446
39 246 9510
39 247 9574
39 248 9670
39 249 9702
39 250 9670
39 251 9702
39 252 9670
39 253 9702
39 254 9798
39 255 9830
40 0 6
40 1 134
40 2 294
40 3 422
40 4 166
40 5 262
40 6 326
40 7 422
40 8 326
40 9 390
40 10 550
40 11 678
40 12 486
40 13 518
40 14 582
40 15 678
40 16 774
40 17 902
40 18 1062
40 19 1190
40 20 934
40 21 1030
40 22 1094
40 23 1190
40 24 1094
40 25 1158
40 26 1318
40 27 1446
40 28 1254
40 29 1286
40 30 1350
40 31 1446
40 32 1286
40 33 1414
40 34 1574
40 35 1702
40 36 1446
40 37 1542
40 38 1606
40 39 1702
40 40 1606
40 41 1670
40 42 1830
40 43 1958
40 44 1766
40 45 1798
40 46 1862
40 47 1958
40 48 2054
40 49 2182
40 50 2342
40 51 2470
40 52 2214
40 53 2310
40 54 2374
40 55 2470
40 56 2374
40 57 2438
40 58 2598
40 59 2726
40 60 2534
40 61 2566
40 62 2630
40 63 2726
40 64 2566
40 65 2694
40 66 2854
40 67 2982
40 68 2726
40 69 2822
40 70 2886
40 71 2982
40 72 2886
40 73 2950
40 74 3110
40 75 3238
40 76 3046
40 77 3078
40 78 3142
40 79 3238
40 80 3334
40 81 3462
40 82 3622
40 83 3750
40 84 3494
40 85 3590
40 86 3654
40 87 3750
40 88 3654
40 89 3718
40 90 3878
40 91 4006
40 92 3814
40 93 3846
40 94 3910
40 95 4006
40 96 3846
40 97 3974
40 98 4134
40 99 4262
40 100 4006
40 101 4102
40 102 4166
40 103 4262
40 104 4166
40 105 4230
40 106 4390
40 107 4518
40 108 4326
40 109 4358
40 110 4422
40 111 4518
40 112 4614
40 113 4742
40 114 4902
40 115 5030
40 116 4774
40 117 4870
40 118 4934
40 119 5030
40 120 4934
40 121 4998
40 122 5158
40 123 5286
40 124 5094
40 125 5126
40 126 5190
40 127 5286
40 128 5126
40 129 5254
40 130 5414
40 131 5542
40 132 5286
40 133 5382
40 134 5446
40 135 5542
40 136 5446
40 137 5510
40 138 5670
40 139 5798
40 140 5606
40 141 5638
40 142 5702
40 143 5798
40 144 5894
40 145 6022
40 146 6182
40 147 6310
40 148 6054
40 149 6150
40 150 6214
40 151 6310
40 152 6214
40 153 6278
40 154 6438
40 155 6566
40 156 6374
40 157 6406
40 158 6470
40 159 6566
40 160 6406
40 161 6534
40 162 6694
40 163 6822
40 164 6566
40 165 6662
40 166 6726
40 167 6822
40 168 6726
40 169 6790
40 170 6950
40 171 7078
40 172 6886
40 173 6918
40 174 6982
40 175 7078
40 176 7174
40 177 7302
40 178 7462
40 179 7590
40 180 7334
40 181 7430
40 182 7494
40 183 7590
40 184 7494
40 185 7558
40 186 7718
40 187 7846
40 188 7654
40 189 7686
40 190 7750
40 191 7846
40 192 7686
40 193 7814
40 194 7974
40 195 8102
40 196 7846
40 197 7942
40 198 8006
40 199 8102
40 200 8006
40 201 8070
40 202 8230
40 203 8358
40 204 8166
40 205 8198
40 206 8262
40 207 8358
40 208 8454
40 209 8582
40 210 8742
40 211 8870
40 212 8614
40 213 8710
40 214 8774
40 215 8870
40 216 8774
40 217 8838
40 218 8998
40 219 9126
40 220 8934
40 221 8966
40 222 9030
40 223 9126
40 224 8966
40 225 9094
40 226 9254
40 227 9382
40 228 9126
40 229 9222
40 230 9286
40 231 9382
40 232 9286
40 233 9350
40 234 9510
40 235 9638
40 236 9446
40 237 9478
40 238 9542
40 239 9638
40 240 9734
40 241 9862
40 242 10022
40 243 10150
40 244 9894
40 245 9990
40 246 10054
40 247 10150
40 248 10054
40 249 10118
40 250 10278
40 251 10406
40 252 10214
40 253 10246
40 254 10310
40 255 10406
41 0 6
41 1 134
41 2 294
41 3 422
41 4 166
41 5 262
41 6 326
41 7 422
41 8 326
41 9 390
41 10 550
41 11 678
41 12 486
41 13 518
41 14 582
41 15 678
41 16 790
41 17 918
41 18 1078
41 19 1206
41 20 950
41 21 1046
41 22 1110
41 23 1206
41 24 1110
41 25 1174
41 26 1334
41 27 1462
41 28 1270
41 29 1302
41 30 1366
41 31 1462
41 32 1318
41 33 1446
41 34 1606
41 35 1734
41 36 1478
41 37 1574
41 38 1638
41 39 1734
41 40 1638
41 41 1702
41 42 1862
41 43 1990
41 44 1798
41 45 1830
41 46 1894
41 47 1990
41 48 2102
41 49 2230
41 50 2390
41 51 2518
41 52 2262
41 53 2358
41 54 2422
41 55 2518
41 56 2422
41 57 2486
41 58 2646
41 59 2774
41 60 2582
41 61 2614
41 62 2678
41 63 2774
41 64 2630
41 65 2694
41 66 2918
41 67 2982
41 68 2790
41 69 2822
41 70 2950
41 71 2982
41 72 2886
41 73 2950
41 74 3174
41 75 3238
41 76 3046
41 77 3078
41 78 3206
41 79 3238
41 80 3414
41 81 3478
41 82 3702
41 83 3766
41 84 3574
41 85 3606
41 86 3734
41 87 3766
41 88 3670
41 89 3734
41 90 3958
41 91 4022
41 92 3830
41 93 3862
41 94 3990
41 95 4022
41 96 3942
41 97 4006
41 98 4230
41 99 4294
41 100 4102
41 101 4134
41 102 4262
41 103 4294
41 104 4198
41 105 4262
41 106 4486
41 107 4550
41 108 4358
41 109 4390
41 110 4518
41 111 4550
41 112 4726
41 113 4790
41 114 5014
41 115 5078
41 116 4886
41 117 4918
41 118 5046
41 119 5078
41 120 4982
41 121 5046
41 122 5270
41 123 5334
41 124 5142
41 125 5174
41 126 5302
41 127 5334
41 128 5254
41 129 5382
41 130 5414
41 131 5542
41 132 5286
41 133 5382
41 134 5446
41 135 5542
41 136 5574
41 137 5638
41 138 5670
41 139 5798
41 140 5606
41 141 5638
41 142 5702
41 143 5798
41 144 5910
41 145 6038
41 146 6198
41 147 6326
41 148 6070
41 149 6166
41 150 6230
41 151 6326
41 152 6230
41 153 6294
41 154 6454
41 155 6582
41 156 6390
41 157 6422
41 158 6486
41 159 6582
41 160 6566
41 161 6694
41 162 6726
41 163 6854
41 164 6598
41 165 6694
41 166 6758
41 167 6854
41 168 6886
41 169 6950
41 170 6982
41 171 7110
41 172 6918
41 173 6950
41 174 7014
41 175 7110
41 176 7222
41 177 7350
41 178 7510
41 179 7638
41 180 7382
41 181 7478
41 182 7542
41 183 7638
41 184 7542
41 185 7606
41 186 7766
41 187 7894
41 188 7702
41 189 7734
41 190 7798
41 191 7894
41 192 7878
41 193 7942
41 194 8038
41 195 8102
41 196 7910
41 197 7942
41 198 8070
41 199 8102
41 200 8134
41 201 8198
41 202 8294
41 203 8358
41 204 8166
41 205 8198
41 206 8326
41 207 8358
41 208 8534
41 209 8598
41 210 8822
41 211 8886
41 212 8694
41 213 8726
41 214 8854
41 215 8886
41 216 8790
41 217 8854
41 218 9078
41 219 9142
41 220 8950
41 221 8982
41 222 9110
41 223 9142
41 224 9190
41 225 9254
41 226 9350
41 227 9414
41 228 9222
41 229 9254
41 230 9382
41 231 9414
41 232 9446
41 233 9510
41 234 9606
41 235 9670
41 236 9478
41 237 9510
41 238 9638
41 239 9670
41 240 9846
41 241 9910
41 242 10134
41 243 10198
41 244 10006
41 245 10038
41 246 10166
41 247 10198
41 248 10102
41 249 10166
41 250 10390
41 251 10454
41 252 10262
41 253 10294
41 254 10422
41 255 10454
42 0 6
42 1 134
42 2 294
42 3 422
42 4 166
42 5 262
42 6 326
42 7 422
42 8 342
42 9 406
42 10 550
42 11 678
42 12 502
42 13 534
42 14 582
42 15 678
42 16 806
42 17 934
42 18 1094
42 19 1222
42 20 966
42 21 1062
42 22 1126
42 23 1222
42 24 1142
42 25 1206
42 26 1350
42 27 1478
42 28 1302
42 29 1334
42 30 1382
42 31 1478
42 32 1350
42 33 1414
42 34 1638
42 35 1702
42 36 1510
42 37 1542
42 38 1670
42 39 1702
42 40 1622
42 41 1686
42 42 1894
42 43 1958
42 44 1782
42 45 1814
42 46 1926
42 47 1958
42 48 2150
42 49 2214
42 50 2438
42 51 2502
42 52 2310
42 53 2342
42 54 2470
42 55 2502
42 56 2422
42 57 2486
42 58 2694
42 59 2758
42 60 2582
42 61 2614
42 62 2726
42 63 2758
42 64 2694
42 65 2822
42 66 2854
42 67 2982
42 68 2726
42 69 2822
42 70 2886
42 71 2982
42 72 3030
42 73 3094
42 74 3110
42 75 3238
42 76 3062
42 77 3094
42 78 3142
42 79 3238
42 80 3366
42 81 3494
42 82 3654
42 83 3782
42 84 3526
42 85 3622
42 86 3686
42 87 3782
42 88 3702
42 89 3766
42 90 3910
42 91 4038
42 92 3862
42 93 3894
42 94 3942
42 95 4038
42 96 4038
42 97 4102
42 98 4198
42 99 4262
42 100 4070
42 101 4102
42 102 4230
42 103 4262
42 104 4310
42 105 4374
42 106 4454
42 107 4518
42 108 4342
42 109 4374
42 110 4486
42 111 4518
42 112 4710
42 113 4774
42 114 4998
42 115 5062
42 116 4870
42 117 4902
42 118 5030
42 119 5062
42 120 4982
42 121 5046
42 122 5254
42 123 5318
42 124 5142
42 125 5174
42 126 5286
42 127 5318
42 128 5382
42 129 5510
42 130 5670
42 131 5798
42 132 5542
42 133 5638
42 134 5702
42 135 5798
42 136 5718
42 137 5782
42 138 5926
42 139 6054
42 140 5878
42 141 5910
42 142 5958
42 143 6054
42 144 6182
42 145 6310
42 146 6470
42 147 6598
42 148 6342
42 149 6438
42 150 6502
42 151 6598
42 152 6518
42 153 6582
42 154 6726
42 155 6854
42 156 6678
42 157 6710
42 158 6758
42 159 6854
42 160 6726
42 161 6790
42 162 7014
42 163 7078
42 164 6886
42 165 6918
42 166 7046
42 167 7078
42 168 6998
42 169 7062
42 170 7270
42 171 7334
42 172 7158
42 173 7190
42 174 7302
42 175 7334
42 176 7526
42 177 7590
42 178 7814
42 179 7878
42 180 7686
42 181 7718
42 182 7846
42 183 7878
42 184 7798
42 185 7862
42 186 8070
42 187 8134
42 188 7958
42 189 7990
42 190 8102
42 191 8134
42 192 8070
42 193 8198
42 194 8230
42 195 8358
42 196 8102
42 197 8198
42 198 8262
42 199 8358
42 200 8406
42 201 8470
42 202 8486
42 203 8614
42 204 8438
42 205 8470
42 206 8518
42 207 8614
42 208 8742
42 209 8870
42 210 9030
42 211 9158
42 212 8902
42 213 8998
42 214 9062
42 215 9158
42 216 9078
42 217 9142
42 218 9286
42 219 9414
42 220 9238
42 221 9270
42 222 9318
42 223 9414
42 224 9414
42 225 9478
42 226 9574
42 227 9638
42 228 9446
42 229 9478
42 230 9606
42 231 9638
42 232 9686
42 233 9750
42 234 9830
42 235 9894
42 236 9718
42 237 9750
42 238 9862
42 239 9894
42 240 10086
42 241 10150
42 242 10374
42 243 10438
42 244 10246
42 245 10278
42 246 10406
42 247 10438
42 248 10358
42 249 10422
42 250 10630
42 251 10694
42 252 10518
42 253 10550
42 254 10662
42 255 10694
43 0 6
43 1 134
43 2 294
43 3 422
43 4 166
43 5 262
43 6 326
43 7 422
43 8 342
43 9 406
43 10 550
43 11 678
43 12 502
43 13 534
43 14 582
43 15 678
43 16 822
43 17 950
43 18 1110
43 19 1238
43 20 982
43 21 1078
43 22 1142
43 23 1238
43 24 1158
43 25 1222
43 26 1366
43 27 1494
43 28 1318
43 29 1350
43 30 1398
43 31 1494
43 32 1382
43 33 1446
43 34 1670
43 35 1734
43 36 1542
43 37 1574
43 38 1702
43 39 1734
43 40 1654
43 41 1718
43 42 1926
43 43 1990
43 44 1814
43 45 1846
43 46 1958
43 47 1990
43 48 2198
43 49 2262
43 50 2486
43 51 2550
43 52 2358
43 53 2390
43 54 2518
43 55 2550
43 56 2470
43 57 2534
43 58 2742
43 59 2806
43 60 2630
43 61 2662
43 62 2774
43 63 2806
43 64 2758
43 65 2822
43 66 2918
43 67 2982
43 68 2790
43 69 2822
43 70 2950
43 71 2982
43 72 3030
43 73 3094
43 74 3174
43 75 3238
43 76 3062
43 77 3094
43 78 3206
43 79 3238
43 80 3446
43 81 3510
43 82 3734
43 83 3798
43 84 3606
43 85 3638
43 86 3766
43 87 3798
43 88 3718
43 89 3782
43 90 3990
43 91 4054
43 92 3878
43 93 3910
43 94 4022
43 95 4054
43 96 4134
43 97 4262
43 98 4294
43 99 4422
43 100 4166
43 101 4262
43 102 4326
43 103 4422
43 104 4470
43 105 4534
43 106 4550
43 107 4678
43 108 4502
43 109 4534
43 110 4582
43 111 4678
43 112 5014
43 113 5014
43 114 5046
43 115 5046
43 116 5046
43 117 5014
43 118 5206
43 119 5174
43 120 5286
43 121 5350
43 122 5302
43 123 5302
43 124 5318
43 125 5350
43 126 5462
43 127 5430
43 128 5510
43 129 5638
43 130 5670
43 131 5798
43 132 5542
43 133 5638
43 134 5702
43 135 5798
43 136 5846
43 137 5910
43 138 5926
43 139 6054
43 140 5878
43 141 5910
43 142 5958
43 143 6054
43 144 6198
43 145 6326
43 146 6486
43 147 6614
43 148 6358
43 149 6454
43 150 6518
43 151 6614
43 152 6534
43 153 6598
43 154 6742
43 155 6870
43 156 6694
43 157 6726
43 158 6774
43 159 6870
43 160 6886
43 161 6950
43 162 7046
43 163 7110
43 164 6918
43 165 6950
43 166 7078
43 167 7110
43 168 7158
43 169 7222
43 170 7302
43 171 7366
43 172 7190
43 173 7222
43 174 7334
43 175 7366
43 176 7574
43 177 7638
43 178 7862
43 179 7926
43 180 7734
43 181 7766
43 182 7894
43 183 7926
43 184 7846
43 185 7910
43 186 8118
43 187 8182
43 188 8006
43 189 8038
43 190 8150
43 191 8182
43 192 8134
43 193 8198
43 194 8294
43 195 8358
43 196 8166
43 197 8198
43 198 8326
43 199 8358
43 200 8406
43 201 8470
43 202 8550
43 203 8614
43 204 8438
43 205 8470
43 206 8582
43 207 8614
43 208 8822
43 209 8886
43 210 9110
43 211 9174
43 212 8982
43 213 9014
43 214 9142
43 215 9174
43 216 9094
43 217 9158
43 218 9366
43 219 9430
43 220 9254
43 221 9286
43 222 9398
43 223 9430
43 224 9510
43 225 9638
43 226 9670
43 227 9798
43 228 9542
43 229 9638
43 230 9702
43 231 9798
43 232 9846
43 233 9910
43 234 9926
43 235 10054
43 236 9878
43 237 9910
43 238 9958
43 239 10054
43 240 10390
43 241 10390
43 242 10422
43 243 10422
43 244 10422
43 245 10390
43 246 10582
43 247 10550
43 248 10662
43 249 10726
43 250 10678
43 251 10678
43 252 10694
43 253 10726
43 254 10838
43 255 10806
44 0 6
44 1 134
44 2 294
44 3 422
44 4 182
44 5 278
44 6 326
44 7 422
44 8 358
44 9 390
44 10 582
44 11 678
44 12 502
44 13 534
44 14 582
44 15 678
44 16 838
44 17 902
44 18 1126
44 19 1190
44 20 1014
44 21 1046
44 22 1158
44 23 1190
44 24 1126
44 25 1158
44 26 1414
44 27 1446
44 28 1270
44 29 1302
44 30 1414
44 31 1446
44 32 1542
44 33 1670
44 34 1830
44 35 1958
44 36 1718
44 37 1814
44 38 1862
44 39 1958
44 40 1894
44 41 1926
44 42 2118
44 43 2214
44 44 2038
44 45 2070
44 46 2118
44 47 2214
44 48 2118
44 49 2182
44 50 2406
44 51 2470
44 52 2294
44 53 2326
44 54 2438
44 55 2470
44 56 2406
44 57 2438
44 58 2694
44 59 2726
44 60 2550
44 61 2582
44 62 2694
44 63 2726
44 64 2822
44 65 2950
44 66 3110
44 67 3238
44 68 2998
44 69 3094
44 70 3142
44 71 3238
44 72 3174
44 73 3206
44 74 3398
44 75 3494
44 76 3318
44 77 3350
44 78 3398
44 79 3494
44 80 3654
44 81 3718
44 82 3942
44 83 4006
44 84 3830
44 85 3862
44 86 3974
44 87 4006
44 88 3942
44 89 3974
44 90 4230
44 91 4262
44 92 4086
44 93 4118
44 94 4230
44 95 4262
44 96 4358
44 97 4486
44 98 4646
44 99 4774
44 100 4534
44 101 4630
44 102 4678
44 103 4774
44 104 4710
44 105 4742
44 106 4934
44 107 5030
44 108 4854
44 109 4886
44 110 4934
44 111 5030
44 112 4934
44 113 4998
44 114 5222
44 115 5286
44 116 5110
44 117 5142
44 118 5254
44 119 5286
44 120 5222
44 121 5254
44 122 5510
44 123 5542
44 124 5366
44 125 5398
44 126 5510
44 127 5542
44 128 5638
44 129 5766
44 130 5926
44 131 6054
44 132 5814
44 133 5910
44 134 5958
44 135 6054
44 136 5990
44 137 6022
44 138 6214
44 139 6310
44 140 6134
44 141 6166
44 142 6214
44 143 6310
44 144 6470
44 145 6534
44 146 6758
44 147 6822
44 148 6646
44 149 6678
44 150 6790
44 151 6822
44 152 6758
44 153 6790
44 154 7046
44 155 7078
44 156 6902
44 157 6934
44 158 7046
44 159 7078
44 160 7174
44 161 7302
44 162 7462
44 163 7590
44 164 7350
44 165 7446
44 166 7494
44 167 7590
44 168 7526
44 169 7558
44 170 7750
44 171 7846
44 172 7670
44 173 7702
44 174 7750
44 175 7846
44 176 7750
44 177 7814
44 178 8038
44 179 8102
44 180 7926
44 181 7958
44 182 8070
44 183 8102
44 184 8038
44 185 8070
44 186 8326
44 187 8358
44 188 8182
44 189 8214
44 190 8326
44 191 8358
44 192 8454
44 193 8582
44 194 8742
44 195 8870
44 196 8630
44 197 8726
44 198 8774
44 199 8870
44 200 8806
44 201 8838
44 202 9030
44 203 9126
44 204 8950
44 205 8982
44 206 9030
44 207 9126
44 208 9286
44 209 9350
44 210 9574
44 211 9638
44 212 9462
44 213 9494
44 214 9606
44 215 9638
44 216 9574
44 217 9606
44 218 9862
44 219 9894
44 220 9718
44 221 9750
44 222 9862
44 223 9894
44 224 9990
44 225 10118
44 226 10278
44 227 10406
44 228 10166
44 229 10262
44 230 10310
44 231 10406
44 232 10342
44 233 10374
44 234 10566
44 235 10662
44 236 10486
44 237 10518
44 238 10566
44 239 10662
44 240 10566
44 241 10630
44 242 10854
44 243 10918
44 244 10742
44 245 10774
44 246 10886
44 247 10918
44 248 10854
44 249 10886
44 250 11142
44 251 11174
44 252 10998
44 253 11030
44 254 11142
44 255 11174
45 0 6
45 1 134
45 2 294
45 3 422
45 4 182
45 5 278
45 6 326
45 7 422
45 8 358
45 9 390
45 10 582
45 11 678
45 12 502
45 13 534
45 14 582
45 15 678
45 16 854
45 17 918
45 18 1142
45 19 1206
45 20 1030
45 21 1062
45 22 1174
45 23 1206
45 24 1142
45 25 1174
45 26 1430
45 27 1462
45 28 1286
45 29 1318
45 30 1430
45 31 1462
45 32 1574
45 33 1702
45 34 1862
45 35 1990
45 36 1750
45 37 1846
45 38 1894
45 39 1990
45 40 1926
45 41 1958
45 42 2150
45 43 2246
45 44 2070
45 45 2102
45 46 2150
45 47 2246
45 48 2166
45 49 2230
45 50 2454
45 51 2518
45 52 2342
45 53 2374
45 54 2486
45 55 2518
45 56 2454
45 57 2486
45 58 2742
45 59 2774
45 60 2598
45 61 2630
45 62 2742
45 63 2774
45 64 2886
45 65 2950
45 66 3174
45 67 3238
45 68 3062
45 69 3094
45 70 3206
45 71 3238
45 72 3174
45 73 3206
45 74 3462
45 75 3494
45 76 3318
45 77 3350
45 78 3462
45 79 3494
45 80 3862
45 81 3990
45 82 3894
45 83 4022
45 84 3910
45 85 4006
45 86 4054
45 87 4150
45 88 4214
45 89 4246
45 90 4182
45 91 4278
45 92 4230
45 93 4262
45 94 4310
45 95 4406
45 96 4454
45 97 4518
45 98 4742
45 99 4806
45 100 4630
45 101 4662
45 102 4774
45 103 4806
45 104 4742
45 105 4774
45 106 5030
45 107 5062
45 108 4886
45 109 4918
45 110 5030
45 111 5062
45 112 5174
45 113 5302
45 114 5206
45 115 5334
45 116 5222
45 117 5318
45 118 5366
45 119 5462
45 120 5526
45 121 5558
45 122 5494
45 123 5590
45 124 5542
45 125 5574
45 126 5622
45 127 5718
45 128 5766
45 129 5894
45 130 5926
45 131 6054
45 132 5814
45 133 5910
45 134 5958
45 135 6054
45 136 6118
45 137 6150
45 138 6214
45 139 6310
45 140 6134
45 141 6166
45 142 6214
45 143 6310
45 144 6486
45 145 6550
45 146 6774
45 147 6838
45 148 6662
45 149 6694
45 150 6806
45 151 6838
45 152 6774
45 153 6806
45 154 7062
45 155 7094
45 156 6918
45 157 6950
45 158 7062
45 159 7094
45 160 7206
45 161 7334
45 162 7494
45 163 7622
45 164 7382
45 165 7478
45 166 7526
45 167 7622
45 168 7558
45 169 7590
45 170 7782
45 171 7878
45 172 7702
45 173 7734
45 174 7782
45 175 7878
45 176 7926
45 177 7990
45 178 8086
45 179 8150
45 180 7974
45 181 8006
45 182 8118
45 183 8150
45 184 8214
45 185 8246
45 186 8374
45 187 8406
45 188 8230
45 189 8262
45 190 8374
45 191 8406
45 192 8646
45 193 8710
45 194 8806
45 195 8870
45 196 8694
45 197 8726
45 198 8838
45 199 8870
45 200 8934
45 201 8966
45 202 9094
45 203 9126
45 204 8950
45 205 8982
45 206 9094
45 207 9126
45 208 9494
45 209 9622
45 210 9526
45 211 9654
45 212 9542
45 213 9638
45 214 9686
45 215 9782
45 216 9846
45 217 9878
45 218 9814
45 219 9910
45 220 9862
45 221 9894
45 222 9942
45 223 10038
45 224 10086
45 225 10150
45 226 10374
45 227 10438
45 228 10262
45 229 10294
45 230 10406
45 231 10438
45 232 10374
45 233 10406
45 234 10662
45 235 10694
45 236 10518
45 237 10550
45 238 10662
45 239 10694
45 240 10806
45 241 10934
45 242 10966
45 243 11094
45 244 10854
45 245 10950
45 246 10998
45 247 11094
45 248 11158
45 249 11190
45 250 11254
45 251 11350
45 252 11174
45 253 11206
45 254 11254
45 255 11350
46 0 6
46 1 134
46 2 294
46 3 422
46 4 182
46 5 278
46 6 326
46 7 422
46 8 374
46 9 406
46 10 582
46 11 678
46 12 502
46 13 534
46 14 582
46 15 678
46 16 870
46 17 934
46 18 1158
46 19 1222
46 20 1046
46 21 1078
46 22 1190
46 23 1222
46 24 1174
46 25 1206
46 26 1446
46 27 1478
46 28 1302
46 29 1334
46 30 1446
46 31 1478
46 32 1606
46 33 1670
46 34 1894
46 35 1958
46 36 1782
46 37 1814
46 38 1926
46 39 1958
46 40 1910
46 41 1942
46 42 2182
46 43 2214
46 44 2038
46 45 2070
46 46 2182
46 47 2214
46 48 2342
46 49 2470
46 50 2374
46 51 2502
46 52 2390
46 53 2486
46 54 2534
46 55 2630
46 56 2710
46 57 2742
46 58 2662
46 59 2758
46 60 2710
46 61 2742
46 62 2790
46 63 2886
46 64 2950
46 65 3078
46 66 3110
46 67 3238
46 68 2998
46 69 3094
46 70 3142
46 71 3238
46 72 3318
46 73 3350
46 74 3398
46 75 3494
46 76 3318
46 77 3350
46 78 3398
46 79 3494
46 80 3686
46 81 3750
46 82 3974
46 83 4038
46 84 3862
46 85 3894
46 86 4006
46 87 4038
46 88 3990
46 89 4022
46 90 4262
46 91 4294
46 92 4118
46 93 4150
46 94 4262
46 95 4294
46 96 4422
46 97 4486
46 98 4710
46 99 4774
46 100 4598
46 101 4630
46 102 4742
46 103 4774
46 104 4726
46 105 4758
46 106 4998
46 107 5030
46 108 4854
46 109 4886
46 110 4998
46 111 5030
46 112 5158
46 113 5286
46 114 5318
46 115 5446
46 116 5206
46 117 5302
46 118 5350
46 119 5446
46 120 5526
46 121 5558
46 122 5606
46 123 5702
46 124 5526
46 125 5558
46 126 5606
46 127 5702
46 128 5894
46 129 6022
46 130 6182
46 131 6310
46 132 6070
46 133 6166
46 134 6214
46 135 6310
46 136 6262
46 137 6294
46 138 6470
46 139 6566
46 140 6390
46 141 6422
46 142 6470
46 143 6566
46 144 6758
46 145 6822
46 146 7046
46 147 7110
46 148 6934
46 149 6966
46 150 7078
46 151 7110
46 152 7062
46 153 7094
46 154 7334
46 155 7366
46 156 7190
46 157 7222
46 158 7334
46 159 7366
46 160 7494
46 161 7558
46 162 7782
46 163 7846
46 164 7670
46 165 7702
46 166 7814
46 167 7846
46 168 7798
46 169 7830
46 170 8070
46 171 8102
46 172 7926
46 173 7958
46 174 8070
46 175 8102
46 176 8230
46 177 8358
46 178 8262
46 179 8390
46 180 8278
46 181 8374
46 182 8422
46 183 8518
46 184 8598
46 185 8630
46 186 8550
46 187 8646
46 188 8598
46 189 8630
46 190 8678
46 191 8774
46 192 8838
46 193 8966
46 194 8998
46 195 9126
46 196 8886
46 197 8982
46 198 9030
46 199 9126
46 200 9206
46 201 9238
46 202 9286
46 203 9382
46 204 9206
46 205 9238
46 206 9286
46 207 9382
46 208 9574
46 209 9638
46 210 9862
46 211 9926
46 212 9750
46 213 9782
46 214 9894
46 215 9926
46 216 9878
46 217 9910
46 218 10150
46 219 10182
46 220 10006
46 221 10038
46 222 10150
46 223 10182
46 224 10310
46 225 10374
46 226 10598
46 227 10662
46 228 10486
46 229 10518
46 230 10630
46 231 10662
46 232 10614
46 233 10646
46 234 10886
46 235 10918
46 236 10742
46 237 10774
46 238 10886
46 239 10918
46 240 11046
46 241 11174
46 242 11206
46 243 11334
46 244 11094
46 245 11190
46 246 11238
46 247 11334
46 248 11414
46 249 11446
46 250 11494
46 251 11590
46 252 11414
46 253 11446
46 254 11494
46 255 11590
47 0 6
47 1 134
47 2 294
47 3 422
47 4 182
47 5 278
47 6 326
47 7 422
47 8 374
47 9 406
47 10 582
47 11 678
47 12 502
47 13 534
47 14 582
47 15 678
47 16 886
47 17 950
47 18 1174
47 19 1238
47 20 1062
47 21 1094
47 22 1206
47 23 1238
47 24 1190
47 25 1222
47 26 1462
47 27 1494
47 28 1318
47 29 1350
47 30 1462
47 31 1494
47 32 1638
47 33 1702
47 34 1926
47 35 1990
47 36 1814
47 37 1846
47 38 1958
47 39 1990
47 40 1942
47 41 1974
47 42 2214
47 43 2246
47 44 2070
47 45 2102
47 46 2214
47 47 2246
47 48 2454
47 49 2454
47 50 2486
47 51 2486
47 52 2502
47 53 2470
47 54 2646
47 55 2614
47 56 2758
47 57 2790
47 58 2774
47 59 2742
47 60 2758
47 61 2790
47 62 2902
47 63 2870
47 64 3014
47 65 3078
47 66 3174
47 67 3238
47 68 3062
47 69 3094
47 70 3206
47 71 3238
47 72 3318
47 73 3350
47 74 3462
47 75 3494
47 76 3318
47 77 3350
47 78 3462
47 79 3494
47 80 3894
47 81 4022
47 82 3926
47 83 4054
47 84 3942
47 85 4038
47 86 4086
47 87 4182
47 88 4262
47 89 4294
47 90 4214
47 91 4310
47 92 4262
47 93 4294
47 94 4342
47 95 4438
47 96 4646
47 97 4774
47 98 4678
47 99 4806
47 100 4694
47 101 4790
47 102 4838
47 103 4934
47 104 5014
47 105 5046
47 106 4966
47 107 5062
47 108 5014
47 109 5046
47 110 5094
47 111 5190
47 112 5270
47 113 5334
47 114 5430
47 115 5494
47 116 5318
47 117 5350
47 118 5462
47 119 5494
47 120 5574
47 121 5606
47 122 5718
47 123 5750
47 124 5574
47 125 5606
47 126 5718
47 127 5750
47 128 6022
47 129 6150
47 130 6182
47 131 6310
47 132 6070
47 133 6166
47 134 6214
47 135 6310
47 136 6390
47 137 6422
47 138 6470
47 139 6566
47 140 6390
47 141 6422
47 142 6470
47 143 6566
47 144 6774
47 145 6838
47 146 7062
47 147 7126
47 148 6950
47 149 6982
47 150 7094
47 151 7126
47 152 7078
47 153 7110
47 154 7350
47 155 7382
47 156 7206
47 157 7238
47 158 7350
47 159 7382
47 160 7526
47 161 7590
47 162 7814
47 163 7878
47 164 7702
47 165 7734
47 166 7846
47 167 7878
47 168 7830
47 169 7862
47 170 8102
47 171 8134
47 172 7958
47 173 7990
47 174 8102
47 175 8134
47 176 8342
47 177 8342
47 178 8502
47 179 8502
47 180 8390
47 181 8358
47 182 8534
47 183 8502
47 184 8646
47 185 8678
47 186 8790
47 187 8758
47 188 8646
47 189 8678
47 190 8790
47 191 8758
47 192 8902
47 193 8966
47 194 9062
47 195 9126
47 196 8950
47 197 8982
47 198 9094
47 199 9126
47 200 9206
47 201 9238
47 202 9350
47 203 9382
47 204 9206
47 205 9238
47 206 9350
47 207 9382
47 208 9782
47 209 9910
47 210 9814
47 211 9942
47 212 9830
47 213 9926
47 214 9974
47 215 10070
47 216 10150
47 217 10182
47 218 10102
47 219 10198
47 220 10150
47 221 10182
47 222 10230
47 223 10326
47 224 10534
47 225 10662
47 226 10566
47 227 10694
47 228 10582
47 229 10678
47 230 10726
47 231 10822
47 232 10902
47 233 10934
47 234 10854
47 235 10950
47 236 10902
47 237 10934
47 238 10982
47 239 11078
47 240 11158
47 241 11222
47 242 11318
47 243 11382
47 244 11206
47 245 11238
47 246 11350
47 247 11382
47 248 11462
47 249 11494
47 250 11606
47 251 11638
47 252 11462
47 253 11494
47 254 11606
47 255 11638
48 0 6
48 1 166
48 2 390
48 3 422
48 4 198
48 5 294
48 6 390
48 7 422
48 8 390
48 9 550
48 10 646
48 11 678
48 12 454
48 13 550
48 14 646
48 15 678
48 16 774
48 17 934
48 18 1158
48 19 1190
48 20 966
48 21 1062
48 22 1158
48 23 1190
48 24 1158
48 25 1318
48 26 1414
48 27 1446
48 28 1222
48 29 1318
48 30 1414
48 31 1446
48 32 1542
48 33 1702
48 34 1926
48 35 1958
48 36 1734
48 37 1830
48 38 1926
48 39 1958
48 40 1926
48 41 2086
48 42 2182
48 43 2214
48 44 1990
48 45 2086
48 46 2182
48 47 2214
48 48 2310
48 49 2470
48 50 2694
48 51 2726
48 52 2502
48 53 2598
48 54 2694
48 55 2726
48 56 2694
48 57 2854
48 58 2950
48 59 2982
48 60 2758
48 61 2854
48 62 2950
48 63 2982
48 64 3078
48 65 3238
48 66 3462
48 67 3494
48 68 3270
48 69 3366
48 70 3462
48 71 3494
48 72 3462
48 73 3622
48 74 3718
48 75 3750
48 76 3526
48 77 3622
48 78 3718
48 79 3750
48 80 3846
48 81 4006
48 82 4230
48 83 4262
48 84 4038
48 85 4134
48 86 4230
48 87 4262
48 88 4230
48 89 4390
48 90 4486
48 91 4518
48 92 4294
48 93 4390
48 94 4486
48 95 4518
48 96 4614
48 97 4774
48 98 4998
48 99 5030
48 100 4806
48 101 4902
48 102 4998
48 103 5030
48 104 4998
48 105 5158
48 106 5254
48 107 5286
48 108 5062
48 109 5158
48 110 5254
48 111 5286
48 112 5382
48 113 5542
48 114 5766
48 115 5798
48 116 5574
48 117 5670
48 118 5766
48 119 5798
48 120 5766
48 121 5926
48 122 6022
48 123 6054
48 124 5830
48 125 5926
48 126 6022
48 127 6054
48 128 6150
48 129 6310
48 130 6534
48 131 6566
48 132 6342
48 133 6438
48 134 6534
48 135 6566
48 136 6534
48 137 6694
48 138 6790
48 139 6822
48 140 6598
48 141 6694
48 142 6790
48 143 6822
48 144 6918
48 145 7078
48 146 7302
48 147 7334
48 148 7110
48 149 7206
48 150 7302
48 151 7334
48 152 7302
48 153 7462
48 154 7558
48 155 7590
48 156 7366
48 157 7462
48 158 7558
48 159 7590
48 160 7686
48 161 7846
48 162 8070
48 163 8102
48 164 7878
48 165 7974
48 166 8070
48 167 8102
48 168 8070
48 169 8230
48 170 8326
48 171 8358
48 172 8134
48 173 8230
48 174 8326
48 175 8358
48 176 8454
48 177 8614
48 178 8838
48 179 8870
48 180 8646
48 181 8742
48 182 8838
48 183 8870
48 184 8838
48 185 8998
48 186 9094
48 187 9126
48 188 8902
48 189 8998
48 190 9094
48 191 9126
48 192 9222
48 193 9382
48 194 9606
48 195 9638
48 196 9414
48 197 9510
48 198 9606
48 199 9638
48 200 9606
48 201 9766
48 202 9862
48 203 9894
48 204 9670
48 205 9766
48 206 9862
48 207 9894
48 208 9990
48 209 10150
48 210 10374
48 211 10406
48 212 10182
48 213 10278
48 214 10374
48 215 10406
48 216 10374
48 217 10534
48 218 10630
48 219 10662
48 220 10438
48 221 10534
48 222 10630
48 223 10662
48 224 10758
48 225 10918
48 226 11142
48 227 11174
48 228 10950
48 229 11046
48 230 11142
48 231 11174
48 232 11142
48 233 11302
48 234 11398
48 235 11430
48 236 11206
48 237 11302
48 238 11398
48 239 11430
48 240 11526
48 241 11686
48 242 11910
48 243 11942
48 244 11718
48 245 11814
48 246 11910
48 247 11942
48 248 11910
48 249 12070
48 250 12166
48 251 12198
48 252 11974
48 253 12070
48 254 12166
48 255 12198
49 0 6
49 1 166
49 2 390
49 3 422
49 4 198
49 5 294
49 6 390
49 7 422
49 8 390
49 9 550
49 10 646
49 11 678
49 12 454
49 13 550
49 14 646
49 15 678
49 16 790
49 17 950
49 18 1174
49 19 1206
49 20 982
49 21 1078
49 22 1174
49 23 1206
49 24 1174
49 25 1334
49 26 1430
49 27 1462
49 28 1238
49 29 1334
49 30 1430
49 31 1462
49 32 1574
49 33 1734
49 34 1958
49 35 1990
49 36 1766
49 37 1862
49 38 1958
49 39 1990
49 40 1958
49 41 2118
49 42 2214
49 43 2246
49 44 2022
49 45 2118
49 46 2214
49 47 2246
49 48 2358
49 49 2518
49 50 2742
49 51 2774
49 52 2550
49 53 2646
49 54 2742
49 55 2774
49 56 2742
49 57 2902
49 58 2998
49 59 3030
49 60 2806
49 61 2902
49 62 2998
49 63 3030
49 64 3142
49 65 3238
49 66 3462
49 67 3494
49 68 3270
49 69 3366
49 70 3462
49 71 3494
49 72 3526
49 73 3622
49 74 3718
49 75 3750
49 76 3526
49 77 3622
49 78 3718
49 79 3750
49 80 3926
49 81 4022
49 82 4246
49 83 4278
49 84 4054
49 85 4150
49 86 4246
49 87 4278
49 88 4310
49 89 4406
49 90 4502
49 91 4534
49 92 4310
49 93 4406
49 94 4502
49 95 4534
49 96 4710
49 97 4806
49 98 5030
49 99 5062
49 100 4838
49 101 4934
49 102 5030
49 103 5062
49 104 5094
49 105 5190
49 106 5286
49 107 5318
49 108 5094
49 109 5190
49 110 5286
49 111 5318
49 112 5494
49 113 5590
49 114 5814
49 115 5846
49 116 5622
49 117 5718
49 118 5814
49 119 5846
49 120 5878
49 121 5974
49 122 6070
49 123 6102
49 124 5878
49 125 5974
49 126 6070
49 127 6102
49 128 6278
49 129 6438
49 130 6534
49 131 6566
49 132 6342
49 133 6438
49 134 6534
49 135 6566
49 136 6534
49 137 6694
49 138 6790
49 139 6822
49 140 6598
49 141 6694
49 142 6790
49 143 6822
49 144 7062
49 145 7222
49 146 7318
49 147 7350
49 148 7126
49 149 7222
49 150 7318
49 151 7350
49 152 7318
49 153 7478
49 154 7574
49 155 7606
49 156 7382
49 157 7478
49 158 7574
49 159 7606
49 160 7846
49 161 8006
49 162 8102
49 163 8134
49 164 7910
49 165 8006
49 166 8102
49 167 8134
49 168 8102
49 169 8262
49 170 8358
49 171 8390
49 172 8166
49 173 8262
49 174 8358
49 175 8390
49 176 8630
49 177 8790
49 178 8886
49 179 8918
49 180 8694
49 181 8790
49 182 8886
49 183 8918
49 184 8886
49 185 9046
49 186 9142
49 187 9174
49 188 8950
49 189 9046
49 190 9142
49 191 9174
49 192 9414
49 193 9510
49 194 9606
49 195 9638
49 196 9414
49 197 9510
49 198 9606
49 199 9638
49 200 9670
49 201 9766
49 202 9862
49 203 9894
49 204 9670
49 205 9766
49 206 9862
49 207 9894
49 208 10198
49 209 10294
49 210 10390
49 211 10422
49 212 10198
49 213 10294
49 214 10390
49 215 10422
49 216 10454
49 217 10550
49 218 10646
49 219 10678
49 220 10454
49 221 10550
49 222 10646
49 223 10678
49 224 10982
49 225 11078
49 226 11174
49 227 11206
49 228 10982
49 229 11078
49 230 11174
49 231 11206
49 232 11238
49 233 11334
49 234 11430
49 235 11462
49 236 11238
49 237 11334
49 238 11430
49 239 11462
49 240 11766
49 241 11862
49 242 11958
49 243 11990
49 244 11766
49 245 11862
49 246 11958
49 247 11990
49 248 12022
49 249 12118
49 250 12214
49 251 12246
49 252 12022
49 253 12118
49 254 12214
49 255 12246
50 0 6
50 1 166
50 2 390
50 3 422
50 4 198
50 5 294
50 6 390
50 7 422
50 8 406
50 9 550
50 10 662
50 11 678
50 12 470
50 13 550
50 14 662
50 15 678
50 16 806
50 17 966
50 18 1190
50 19 1222
50 20 998
50 21 1094
50 22 1190
50 23 1222
50 24 1206
50 25 1350
50 26 1462
50 27 1478
50 28 1270
50 29 1350
50 30 1462
50 31 1478
50 32 1606
50 33 1702
50 34 1926
50 35 1958
50 36 1734
50 37 1830
50 38 1926
50 39 1958
50 40 2006
50 41 2086
50 42 2198
50 43 2214
50 44 2006
50 45 2086
50 46 2198
50 47 2214
50 48 2406
50 49 2502
50 50 2726
50 51 2758
50 52 2534
50 53 2630
50 54 2726
50 55 2758
50 56 2806
50 57 2886
50 58 2998
50 59 3014
50 60 2806
50 61 2886
50 62 2998
50 63 3014
50 64 3206
50 65 3366
50 66 3462
50 67 3494
50 68 3270
50 69 3366
50 70 3462
50 71 3494
50 72 3478
50 73 3622
50 74 3734
50 75 3750
50 76 3542
50 77 3622
50 78 3734
50 79 3750
50 80 4006
50 81 4166
50 82 4262
50 83 4294
50 84 4070
50 85 4166
50 86 4262
50 87 4294
50 88 4278
50 89 4422
50 90 4534
50 91 4550
50 92 4342
50 93 4422
50 94 4534
50 95 4550
50 96 4806
50 97 4902
50 98 4998
50 99 5030
50 100 4806
50 101 4902
50 102 4998
50 103 5030
50 104 5078
50 105 5158
50 106 5270
50 107 5286
50 108 5078
50 109 5158
50 110 5270
50 111 5286
50 112 5606
50 113 5702
50 114 5798
50 115 5830
50 116 5606
50 117 5702
50 118 5798
50 119 5830
50 120 5878
50 121 5958
50 122 6070
50 123 6086
50 124 5878
50 125 5958
50 126 6070
50 127 6086
50 128 6406
50 129 6566
50 130 6790
50 131 6822
50 132 6598
50 133 6694
50 134 6790
50 135 6822
50 136 6806
50 137 6950
50 138 7062
50 139 7078
50 140 6870
50 141 6950
50 142 7062
50 143 7078
50 144 7206
50 145 7366
50 146 7590
50 147 7622
50 148 7398
50 149 7494
50 150 7590
50 151 7622
50 152 7606
50 153 7750
50 154 7862
50 155 7878
50 156 7670
50 157 7750
50 158 7862
50 159 7878
50 160 8006
50 161 8102
50 162 8326
50 163 8358
50 164 8134
50 165 8230
50 166 8326
50 167 8358
50 168 8406
50 169 8486
50 170 8598
50 171 8614
50 172 8406
50 173 8486
50 174 8598
50 175 8614
50 176 8806
50 177 8902
50 178 9126
50 179 9158
50 180 8934
50 181 9030
50 182 9126
50 183 9158
50 184 9206
50 185 9286
50 186 9398
50 187 9414
50 188 9206
50 189 9286
50 190 9398
50 191 9414
50 192 9606
50 193 9766
50 194 9862
50 195 9894
50 196 9670
50 197 9766
50 198 9862
50 199 9894
50 200 9878
50 201 10022
50 202 10134
50 203 10150
50 204 9942
50 205 10022
50 206 10134
50 207 10150
50 208 10406
50 209 10566
50 210 10662
50 211 10694
50 212 10470
50 213 10566
50 214 10662
50 215 10694
50 216 10678
50 217 10822
50 218 10934
50 219 10950
50 220 10742
50 221 10822
50 222 10934
50 223 10950
50 224 11206
50 225 11302
50 226 11398
50 227 11430
50 228 11206
50 229 11302
50 230 11398
50 231 11430
50 232 11478
50 233 11558
50 234 11670
50 235 11686
50 236 11478
50 237 11558
50 238 11670
50 239 11686
50 240 12006
50 241 12102
50 242 12198
50 243 12230
50 244 12006
50 245 12102
50 246 12198
50 247 12230
50 248 12278
50 249 12358
50 250 12470
50 251 12486
50 252 12278
50 253 12358
50 254 12470
50 255 12486
51 0 6
51 1 166
51 2 390
51 3 422
51 4 198
51 5 294
51 6 390
51 7 422
51 8 406
51 9 550
51 10 662
51 11 678
51 12 470
51 13 550
51 14 662
51 15 678
51 16 822
51 17 982
51 18 1206
51 19 1238
51 20 1014
51 21 1110
51 22 1206
51 23 1238
51 24 1222
51 25 1366
51 26 1478
51 27 1494
51 28 1286
51 29 1366
51 30 1478
51 31 1494
51 32 1638
51 33 1734
51 34 1958
51 35 1990
51 36 1766
51 37 1862
51 38 1958
51 39 1990
51 40 2038
51 41 2118
51 42 2230
51 43 2246
51 44 2038
51 45 2118
51 46 2230
51 47 2246
51 48 2454
51 49 2550
51 50 2774
51 51 2806
51 52 2582
51 53 2678
51 54 2774
51 55 2806
51 56 2854
51 57 2934
51 58 3046
51 59 3062
51 60 2854
51 61 2934
51 62 3046
51 63 3062
51 64 3270
51 65 3366
51 66 3462
51 67 3494
51 68 3270
51 69 3366
51 70 3462
51 71 3494
51 72 3542
51 73 3622
51 74 3734
51 75 3750
51 76 3542
51 77 3622
51 78 3734
51 79 3750
51 80 4086
51 81 4182
51 82 4278
51 83 4310
51 84 4086
51 85 4182
51 86 4278
51 87 4310
51 88 4358
51 89 4438
51 90 4550
51 91 4566
51 92 4358
51 93 4438
51 94 4550
51 95 4566
51 96 4902
51 97 5062
51 98 5158
51 99 5190
51 100 4966
51 101 5062
51 102 5158
51 103 5190
51 104 5174
51 105 5318
51 106 5430
51 107 5446
51 108 5238
51 109 5318
51 110 5430
51 111 5446
51 112 5782
51 113 5814
51 114 5910
51 115 5942
51 116 5782
51 117 5878
51 118 5910
51 119 5942
51 120 6054
51 121 6070
51 122 6182
51 123 6198
51 124 6054
51 125 6134
51 126 6182
51 127 6198
51 128 6534
51 129 6694
51 130 6790
51 131 6822
51 132 6598
51 133 6694
51 134 6790
51 135 6822
51 136 6806
51 137 6950
51 138 7062
51 139 7078
51 140 6870
51 141 6950
51 142 7062
51 143 7078
51 144 7350
51 145 7510
51 146 7606
51 147 7638
51 148 7414
51 149 7510
51 150 7606
51 151 7638
51 152 7622
51 153 7766
51 154 7878
51 155 7894
51 156 7686
51 157 7766
51 158 7878
51 159 7894
51 160 8166
51 161 8262
51 162 8358
51 163 8390
51 164 8166
51 165 8262
51 166 8358
51 167 8390
51 168 8438
51 169 8518
51 170 8630
51 171 8646
51 172 8438
51 173 8518
51 174 8630
51 175 8646
51 176 8982
51 177 9078
51 178 9174
51 179 9206
51 180 8982
51 181 9078
51 182 9174
51 183 9206
51 184 9254
51 185 9334
51 186 9446
51 187 9462
51 188 9254
51 189 9334
51 190 9446
51 191 9462
51 192 9670
51 193 9766
51 194 9862
51 195 9894
51 196 9670
51 197 9766
51 198 9862
51 199 9894
51 200 9942
51 201 10022
51 202 10134
51 203 10150
51 204 9942
51 205 10022
51 206 10134
51 207 10150
51 208 10486
51 209 10582
51 210 10678
51 211 10710
51 212 10486
51 213 10582
51 214 10678
51 215 10710
51 216 10758
51 217 10838
51 218 10950
51 219 10966
51 220 10758
51 221 10838
51 222 10950
51 223 10966
51 224 11302
51 225 11462
51 226 11558
51 227 11590
51 228 11366
51 229 11462
51 230 11558
51 231 11590
51 232 11574
51 233 11718
51 234 11830
51 235 11846
51 236 11638
51 237 11718
51 238 11830
51 239 11846
51 240 12182
51 241 12214
51 242 12310
51 243 12342
51 244 12182
51 245 12278
51 246 12310
51 247 12342
51 248 12454
51 249 12470
51 250 12582
51 251 12598
51 252 12454
51 253 12534
51 254 12582
51 255 12598
52 0 6
52 1 166
52 2 390
52 3 422
52 4 214
52 5 294
52 6 406
52 7 422
52 8 422
52 9 550
52 10 646
52 11 710
52 12 502
52 13 550
52 14 662
52 15 710
52 16 838
52 17 934
52 18 1158
52 19 1190
52 20 982
52 21 1062
52 22 1174
52 23 1190
52 24 1254
52 25 1318
52 26 1414
52 27 1478
52 28 1270
52 29 1318
52 30 1430
52 31 1478
52 32 1798
52 33 1958
52 34 2182
52 35 2214
52 36 2006
52 37 2086
52 38 2198
52 39 2214
52 40 2214
52 41 2342
52 42 2438
52 43 2502
52 44 2294
52 45 2342
52 46 2454
52 47 2502
52 48 2630
52 49 2726
52 50 2950
52 51 2982
52 52 2774
52 53 2854
52 54 2966
52 55 2982
52 56 3046
52 57 3110
52 58 3206
52 59 3270
52 60 3062
52 61 3110
52 62 3222
52 63 3270
52 64 3334
52 65 3494
52 66 3718
52 67 3750
52 68 3542
52 69 3622
52 70 3734
52 71 3750
52 72 3750
52 73 3878
52 74 3974
52 75 4038
52 76 3830
52 77 3878
52 78 3990
52 79 4038
52 80 4166
52 81 4262
52 82 4486
52 83 4518
52 84 4310
52 85 4390
52 86 4502
52 87 4518
52 88 4582
52 89 4646
52 90 4742
52 91 4806
52 92 4598
52 93 4646
52 94 4758
52 95 4806
52 96 5126
52 97 5286
52 98 5510
52 99 5542
52 100 5334
52 101 5414
52 102 5526
52 103 5542
52 104 5542
52 105 5670
52 106 5766
52 107 5830
52 108 5622
52 109 5670
52 110 5782
52 111 5830
52 112 5958
52 113 6054
52 114 6278
52 115 6310
52 116 6102
52 117 6182
52 118 6294
52 119 6310
52 120 6374
52 121 6438
52 122 6534
52 123 6598
52 124 6390
52 125 6438
52 126 6550
52 127 6598
52 128 6662
52 129 6822
52 130 7046
52 131 7078
52 132 6870
52 133 6950
52 134 7062
52 135 7078
52 136 7078
52 137 7206
52 138 7302
52 139 7366
52 140 7158
52 141 7206
52 142 7318
52 143 7366
52 144 7494
52 145 7590
52 146 7814
52 147 7846
52 148 7638
52 149 7718
52 150 7830
52 151 7846
52 152 7910
52 153 7974
52 154 8070
52 155 8134
52 156 7926
52 157 7974
52 158 8086
52 159 8134
52 160 8454
52 161 8614
52 162 8838
52 163 8870
52 164 8662
52 165 8742
52 166 8854
52 167 8870
52 168 8870
52 169 8998
52 170 9094
52 171 9158
52 172 8950
52 173 8998
52 174 9110
52 175 9158
52 176 9286
52 177 9382
52 178 9606
52 179 9638
52 180 9430
52 181 9510
52 182 9622
52 183 9638
52 184 9702
52 185 9766
52 186 9862
52 187 9926
52 188 9718
52 189 9766
52 190 9878
52 191 9926
52 192 9990
52 193 10150
52 194 10374
52 195 10406
52 196 10198
52 197 10278
52 198 10390
52 199 10406
52 200 10406
52 201 10534
52 202 10630
52 203 10694
52 204 10486
52 205 10534
52 206 10646
52 207 10694
52 208 10822
52 209 10918
52 210 11142
52 211 11174
52 212 10966
52 213 11046
52 214 11158
52 215 11174
52 216 11238
52 217 11302
52 218 11398
52 219 11462
52 220 11254
52 221 11302
52 222 11414
52 223 11462
52 224 11782
52 225 11942
52 226 12166
52 227 12198
52 228 11990
52 229 12070
52 230 12182
52 231 12198
52 232 12198
52 233 12326
52 234 12422
52 235 12486
52 236 12278
52 237 12326
52 238 12438
52 239 12486
52 240 12614
52 241 12710
52 242 12934
52 243 12966
52 244 12758
52 245 12838
52 246 12950
52 247 12966
52 248 13030
52 249 13094
52 250 13190
52 251 13254
52 252 13046
52 253 13094
52 254 13206
52 255 13254
53 0 6
53 1 166
53 2 390
53 3 422
53 4 214
53 5 294
53 6 406
53 7 422
53 8 422
53 9 550
53 10 646
53 11 710
53 12 502
53 13 550
53 14 662
53 15 710
53 16 854
53 17 950
53 18 1174
53 19 1206
53 20 998
53 21 1078
53 22 1190
53 23 1206
53 24 1270
53 25 1334
53 26 1430
53 27 1494
53 28 1286
53 29 1334
53 30 1446
53 31 1494
53 32 1830
53 33 1990
53 34 2214
53 35 2246
53 36 2038
53 37 2118
53 38 2230
53 39 2246
53 40 2246
53 41 2374
53 42 2470
53 43 2534
53 44 2326
53 45 2374
53 46 2486
53 47 2534
53 48 2678
53 49 2774
53 50 2998
53 51 3030
53 52 2822
53 53 2902
53 54 3014
53 55 3030
53 56 3094
53 57 3158
53 58 3254
53 59 3318
53 60 3110
53 61 3158
53 62 3270
53 63 3318
53 64 3398
53 65 3494
53 66 3718
53 67 3750
53 68 3542
53 69 3622
53 70 3734
53 71 3750
53 72 3814
53 73 3878
53 74 3974
53 75 4038
53 76 3830
53 77 3878
53 78 3990
53 79 4038
53 80 4374
53 81 4534
53 82 4502
53 83 4534
53 84 4454
53 85 4534
53 86 4646
53 87 4662
53 88 4662
53 89 4790
53 90 4886
53 91 4950
53 92 4742
53 93 4790
53 94 4902
53 95 4950
53 96 5222
53 97 5318
53 98 5542
53 99 5574
53 100 5366
53 101 5446
53 102 5558
53 103 5574
53 104 5638
53 105 5702
53 106 5798
53 107 5862
53 108 5654
53 109 5702
53 110 5814
53 111 5862
53 112 6198
53 113 6358
53 114 6326
53 115 6358
53 116 6278
53 117 6358
53 118 6470
53 119 6486
53 120 6486
53 121 6614
53 122 6710
53 123 6774
53 124 6566
53 125 6614
53 126 6726
53 127 6774
53 128 6790
53 129 6950
53 130 7046
53 131 7078
53 132 6870
53 133 6950
53 134 7062
53 135 7078
53 136 7078
53 137 7206
53 138 7302
53 139 7366
53 140 7158
53 141 7206
53 142 7318
53 143 7366
53 144 7638
53 145 7734
53 146 7830
53 147 7862
53 148 7654
53 149 7734
53 150 7846
53 151 7862
53 152 7926
53 153 7990
53 154 8086
53 155 8150
53 156 7942
53 157 7990
53 158 8102
53 159 8150
53 160 8486
53 161 8646
53 162 8870
53 163 8902
53 164 8694
53 165 8774
53 166 8886
53 167 8902
53 168 8902
53 169 9030
53 170 9126
53 171 9190
53 172 8982
53 173 9030
53 174 9142
53 175 9190
53 176 9334
53 177 9430
53 178 9654
53 179 9686
53 180 9478
53 181 9558
53 182 9670
53 183 9686
53 184 9750
53 185 9814
53 186 9910
53 187 9974
53 188 9766
53 189 9814
53 190 9926
53 191 9974
53 192 10182
53 193 10278
53 194 10374
53 195 10406
53 196 10198
53 197 10278
53 198 10390
53 199 10406
53 200 10470
53 201 10534
53 202 10630
53 203 10694
53 204 10486
53 205 10534
53 206 10646
53 207 10694
53 208 11030
53 209 11190
53 210 11286
53 211 11318
53 212 11110
53 213 11190
53 214 11302
53 215 11318
53 216 11318
53 217 11446
53 218 11542
53 219 11606
53 220 11398
53 221 11446
53 222 11558
53 223 11606
53 224 11878
53 225 11974
53 226 12198
53 227 12230
53 228 12022
53 229 12102
53 230 12214
53 231 12230
53 232 12294
53 233 12358
53 234 12454
53 235 12518
53 236 12310
53 237 12358
53 238 12470
53 239 12518
53 240 12854
53 241 13014
53 242 12982
53 243 13014
53 244 12934
53 245 13014
53 246 13126
53 247 13142
53 248 13142
53 249 13270
53 250 13366
53 251 13430
53 252 13222
53 253 13270
53 254 13382
53 255 13430
54 0 6
54 1 166
54 2 390
54 3 422
54 4 214
54 5 294
54 6 406
54 7 422
54 8 438
54 9 550
54 10 662
54 11 710
54 12 502
54 13 550
54 14 662
54 15 710
54 16 870
54 17 966
54 18 1190
54 19 1222
54 20 1014
54 21 1094
54 22 1206
54 23 1222
54 24 1302
54 25 1350
54 26 1462
54 27 1510
54 28 1302
54 29 1350
54 30 1462
54 31 1510
54 32 1862
54 33 1958
54 34 2182
54 35 2214
54 36 2006
54 37 2086
54 38 2198
54 39 2214
54 40 2294
54 41 2342
54 42 2454
54 43 2502
54 44 2294
54 45 2342
54 46 2454
54 47 2502
54 48 2854
54 49 3014
54 50 2982
54 51 3014
54 52 2934
54 53 3014
54 54 3126
54 55 3142
54 56 3158
54 57 3270
54 58 3382
54 59 3430
54 60 3222
54 61 3270
54 62 3382
54 63 3430
54 64 3462
54 65 3622
54 66 3718
54 67 3750
54 68 3542
54 69 3622
54 70 3734
54 71 3750
54 72 3766
54 73 3878
54 74 3990
54 75 4038
54 76 3830
54 77 3878
54 78 3990
54 79 4038
54 80 4326
54 81 4422
54 82 4518
54 83 4550
54 84 4342
54 85 4422
54 86 4534
54 87 4550
54 88 4630
54 89 4678
54 90 4790
54 91 4838
54 92 4630
54 93 4678
54 94 4790
54 95 4838
54 96 5190
54 97 5286
54 98 5510
54 99 5542
54 100 5334
54 101 5414
54 102 5526
54 103 5542
54 104 5622
54 105 5670
54 106 5782
54 107 5830
54 108 5622
54 109 5670
54 110 5782
54 111 5830
54 112 6182
54 113 6342
54 114 6310
54 115 6342
54 116 6262
54 117 6342
54 118 6454
54 119 6470
54 120 6486
54 121 6598
54 122 6710
54 123 6758
54 124 6550
54 125 6598
54 126 6710
54 127 6758
54 128 6918
54 129 7078
54 130 7302
54 131 7334
54 132 7126
54 133 7206
54 134 7318
54 135 7334
54 136 7350
54 137 7462
54 138 7574
54 139 7622
54 140 7414
54 141 7462
54 142 7574
54 143 7622
54 144 7782
54 145 7878
54 146 8102
54 147 8134
54 148 7926
54 149 8006
54 150 8118
54 151 8134
54 152 8214
54 153 8262
54 154 8374
54 155 8422
54 156 8214
54 157 8262
54 158 8374
54 159 8422
54 160 8774
54 161 8870
54 162 9094
54 163 9126
54 164 8918
54 165 8998
54 166 9110
54 167 9126
54 168 9206
54 169 9254
54 170 9366
54 171 9414
54 172 9206
54 173 9254
54 174 9366
54 175 9414
54 176 9766
54 177 9926
54 178 9894
54 179 9926
54 180 9846
54 181 9926
54 182 10038
54 183 10054
54 184 10070
54 185 10182
54 186 10294
54 187 10342
54 188 10134
54 189 10182
54 190 10294
54 191 10342
54 192 10374
54 193 10534
54 194 10630
54 195 10662
54 196 10454
54 197 10534
54 198 10646
54 199 10662
54 200 10678
54 201 10790
54 202 10902
54 203 10950
54 204 10742
54 205 10790
54 206 10902
54 207 10950
54 208 11238
54 209 11334
54 210 11430
54 211 11462
54 212 11254
54 213 11334
54 214 11446
54 215 11462
54 216 11542
54 217 11590
54 218 11702
54 219 11750
54 220 11542
54 221 11590
54 222 11702
54 223 11750
54 224 12102
54 225 12198
54 226 12422
54 227 12454
54 228 12246
54 229 12326
54 230 12438
54 231 12454
54 232 12534
54 233 12582
54 234 12694
54 235 12742
54 236 12534
54 237 12582
54 238 12694
54 239 12742
54 240 13094
54 241 13254
54 242 13222
54 243 13254
54 244 13174
54 245 13254
54 246 13366
54 247 13382
54 248 13398
54 249 13510
54 250 13622
54 251 13670
54 252 13462
54 253 13510
54 254 13622
54 255 13670
55 0 6
55 1 166
55 2 390
55 3 422
55 4 214
55 5 294
55 6 406
55 7 422
55 8 438
55 9 550
55 10 662
55 11 710
55 12 502
55 13 550
55 14 662
55 15 710
55 16 886
55 17 982
55 18 1206
55 19 1238
55 20 1030
55 21 1110
55 22 1222
55 23 1238
55 24 1318
55 25 1366
55 26 1478
55 27 1526
55 28 1318
55 29 1366
55 30 1478
55 31 1526
55 32 1894
55 33 1990
55 34 2214
55 35 2246
55 36 2038
55 37 2118
55 38 2230
55 39 2246
55 40 2326
55 41 2374
55 42 2486
55 43 2534
55 44 2326
55 45 2374
55 46 2486
55 47 2534
55 48 2966
55 49 2998
55 50 2966
55 51 2998
55 52 2982
55 53 3062
55 54 3110
55 55 3126
55 56 3270
55 57 3254
55 58 3366
55 59 3414
55 60 3270
55 61 3318
55 62 3366
55 63 3414
55 64 3526
55 65 3622
55 66 3718
55 67 3750
55 68 3542
55 69 3622
55 70 3734
55 71 3750
55 72 3830
55 73 3878
55 74 3990
55 75 4038
55 76 3830
55 77 3878
55 78 3990
55 79 4038
55 80 4406
55 81 4566
55 82 4662
55 83 4694
55 84 4486
55 85 4566
55 86 4678
55 87 4694
55 88 4710
55 89 4822
55 90 4934
55 91 4982
55 92 4774
55 93 4822
55 94 4934
55 95 4982
55 96 5414
55 97 5574
55 98 5542
55 99 5574
55 100 5494
55 101 5574
55 102 5686
55 103 5702
55 104 5718
55 105 5830
55 106 5942
55 107 5990
55 108 5782
55 109 5830
55 110 5942
55 111 5990
55 112 6294
55 113 6390
55 114 6358
55 115 6390
55 116 6310
55 117 6390
55 118 6502
55 119 6518
55 120 6598
55 121 6646
55 122 6758
55 123 6806
55 124 6598
55 125 6646
55 126 6758
55 127 6806
55 128 7046
55 129 7206
55 130 7302
55 131 7334
55 132 7126
55 133 7206
55 134 7318
55 135 7334
55 136 7350
55 137 7462
55 138 7574
55 139 7622
55 140 7414
55 141 7462
55 142 7574
55 143 7622
55 144 7926
55 145 8022
55 146 8118
55 147 8150
55 148 7942
55 149 8022
55 150 8134
55 151 8150
55 152 8230
55 153 8278
55 154 8390
55 155 8438
55 156 8230
55 157 8278
55 158 8390
55 159 8438
55 160 8806
55 161 8902
55 162 9126
55 163 9158
55 164 8950
55 165 9030
55 166 9142
55 167 9158
55 168 9238
55 169 9286
55 170 9398
55 171 9446
55 172 9238
55 173 9286
55 174 9398
55 175 9446
55 176 9878
55 177 9910
55 178 9878
55 179 9910
55 180 9894
55 181 9974
55 182 10022
55 183 10038
55 184 10182
55 185 10166
55 186 10278
55 187 10326
55 188 10182
55 189 10230
55 190 10278
55 191 10326
55 192 10438
55 193 10534
55 194 10630
55 195 10662
55 196 10454
55 197 10534
55 198 10646
55 199 10662
55 200 10742
55 201 10790
55 202 10902
55 203 10950
55 204 10742
55 205 10790
55 206 10902
55 207 10950
55 208 11318
55 209 11478
55 210 11574
55 211 11606
55 212 11398
55 213 11478
55 214 11590
55 215 11606
55 216 11622
55 217 11734
55 218 11846
55 219 11894
55 220 11686
55 221 11734
55 222 11846
55 223 11894
55 224 12326
55 225 12486
55 226 12454
55 227 12486
55 228 12406
55 229 12486
55 230 12598
55 231 12614
55 232 12630
55 233 12742
55 234 12854
55 235 12902
55 236 12694
55 237 12742
55 238 12854
55 239 12902
55 240 13206
55 241 13302
55 242 13270
55 243 13302
55 244 13222
55 245 13302
55 246 13414
55 247 13430
55 248 13510
55 249 13558
55 250 13670
55 251 13718
55 252 13510
55 253 13558
55 254 13670
55 255 13718
56 0 6
56 1 166
56 2 422
56 3 422
56 4 230
56 5 294
56 6 422
56 7 454
56 8 454
56 9 550
56 10 678
56 11 678
56 12 486
56 13 550
56 14 678
56 15 710
56 16 1030
56 17 1190
56 18 1446
56 19 1446
56 20 1254
56 21 1318
56 22 1446
56 23 1478
56 24 1478
56 25 1574
56 26 1702
56 27 1702
56 28 1510
56 29 1574
56 30 1702
56 31 1734
56 32 1798
56 33 1958
56 34 2214
56 35 2214
56 36 2022
56 37 2086
56 38 2214
56 39 2246
56 40 2246
56 41 2342
56 42 2470
56 43 2470
56 44 2278
56 45 2342
56 46 2470
56 47 2502
56 48 2822
56 49 2982
56 50 3238
56 51 3238
56 52 3046
56 53 3110
56 54 3238
56 55 3270
56 56 3270
56 57 3366
56 58 3494
56 59 3494
56 60 3302
56 61 3366
56 62 3494
56 63 3526
56 64 3590
56 65 3750
56 66 4006
56 67 4006
56 68 3814
56 69 3878
56 70 4006
56 71 4038
56 72 4038
56 73 4134
56 74 4262
56 75 4262
56 76 4070
56 77 4134
56 78 4262
56 79 4294
56 80 4614
56 81 4774
56 82 5030
56 83 5030
56 84 4838
56 85 4902
56 86 5030
56 87 5062
56 88 5062
56 89 5158
56 90 5286
56 91 5286
56 92 5094
56 93 5158
56 94 5286
56 95 5318
56 96 5382
56 97 5542
56 98 5798
56 99 5798
56 100 5606
56 101 5670
56 102 5798
56 103 5830
56 104 5830
56 105 5926
56 106 6054
56 107 6054
56 108 5862
56 109 5926
56 110 6054
56 111 6086
56 112 6406
56 113 6566
56 114 6822
56 115 6822
56 116 6630
56 117 6694
56 118 6822
56 119 6854
56 120 6854
56 121 6950
56 122 7078
56 123 7078
56 124 6886
56 125 6950
56 126 7078
56 127 7110
56 128 7174
56 129 7334
56 130 7590
56 131 7590
56 132 7398
56 133 7462
56 134 7590
56 135 7622
56 136 7622
56 137 7718
56 138 7846
56 139 7846
56 140 7654
56 141 7718
56 142 7846
56 143 7878
56 144 8198
56 145 8358
56 146 8614
56 147 8614
56 148 8422
56 149 8486
56 150 8614
56 151 8646
56 152 8646
56 153 8742
56 154 8870
56 155 8870
56 156 8678
56 157 8742
56 158 8870
56 159 8902
56 160 8966
56 161 9126
56 162 9382
56 163 9382
56 164 9190
56 165 9254
56 166 9382
56 167 9414
56 168 9414
56 169 9510
56 170 9638
56 171 9638
56 172 9446
56 173 9510
56 174 9638
56 175 9670
56 176 9990
56 177 10150
56 178 10406
56 179 10406
56 180 10214
56 181 10278
56 182 10406
56 183 10438
56 184 10438
56 185 10534
56 186 10662
56 187 10662
56 188 10470
56 189 10534
56 190 10662
56 191 10694
56 192 10758
56 193 10918
56 194 11174
56 195 11174
56 196 10982
56 197 11046
56 198 11174
56 199 11206
56 200 11206
56 201 11302
56 202 11430
56 203 11430
56 204 11238
56 205 11302
56 206 11430
56 207 11462
56 208 11782
56 209 11942
56 210 12198
56 211 12198
56 212 12006
56 213 12070
56 214 12198
56 215 12230
56 216 12230
56 217 12326
56 218 12454
56 219 12454
56 220 12262
56 221 12326
56 222 12454
56 223 12486
56 224 12550
56 225 12710
56 226 12966
56 227 12966
56 228 12774
56 229 12838
56 230 12966
56 231 12998
56 232 12998
56 233 13094
56 234 13222
56 235 13222
56 236 13030
56 237 13094
56 238 13222
56 239 13254
56 240 13574
56 241 13734
56 242 13990
56 243 13990
56 244 13798
56 245 13862
56 246 13990
56 247 14022
56 248 14022
56 249 14118
56 250 14246
56 251 14246
56 252 14054
56 253 14118
56 254 14246
56 255 14278
57 0 6
57 1 166
57 2 422
57 3 422
57 4 230
57 5 294
57 6 422
57 7 454
57 8 454
57 9 550
57 10 678
57 11 678
57 12 486
57 13 550
57 14 678
57 15 710
57 16 1046
57 17 1206
57 18 1462
57 19 1462
57 20 1270
57 21 1334
57 22 1462
57 23 1494
57 24 1494
57 25 1590
57 26 1718
57 27 1718
57 28 1526
57 29 1590
57 30 1718
57 31 1750
57 32 1830
57 33 1990
57 34 2246
57 35 2246
57 36 2054
57 37 2118
57 38 2246
57 39 2278
57 40 2278
57 41 2374
57 42 2502
57 43 2502
57 44 2310
57 45 2374
57 46 2502
57 47 2534
57 48 2870
57 49 3030
57 50 3286
57 51 3286
57 52 3094
57 53 3158
57 54 3286
57 55 3318
57 56 3318
57 57 3414
57 58 3542
57 59 3542
57 60 3350
57 61 3414
57 62 3542
57 63 3574
57 64 3654
57 65 3750
57 66 4006
57 67 4006
57 68 3814
57 69 3878
57 70 4006
57 71 4038
57 72 4038
57 73 4134
57 74 4262
57 75 4262
57 76 4070
57 77 4134
57 78 4262
57 79 4294
57 80 4694
57 81 4790
57 82 5046
57 83 5046
57 84 4854
57 85 4918
57 86 5046
57 87 5078
57 88 5078
57 89 5174
57 90 5302
57 91 5302
57 92 5110
57 93 5174
57 94 5302
57 95 5334
57 96 5478
57 97 5574
57 98 5830
57 99 5830
57 100 5638
57 101 5702
57 102 5830
57 103 5862
57 104 5862
57 105 5958
57 106 6086
57 107 6086
57 108 5894
57 109 5958
57 110 6086
57 111 6118
57 112 6518
57 113 6614
57 114 6870
57 115 6870
57 116 6678
57 117 6742
57 118 6870
57 119 6902
57 120 6902
57 121 6998
57 122 7126
57 123 7126
57 124 6934
57 125 6998
57 126 7126
57 127 7158
57 128 7302
57 129 7462
57 130 7590
57 131 7590
57 132 7398
57 133 7462
57 134 7590
57 135 7622
57 136 7622
57 137 7718
57 138 7846
57 139 7846
57 140 7654
57 141 7718
57 142 7846
57 143 7878
57 144 8214
57 145 8374
57 146 8630
57 147 8630
57 148 8438
57 149 8502
57 150 8630
57 151 8662
57 152 8662
57 153 8758
57 154 8886
57 155 8886
57 156 8694
57 157 8758
57 158 8886
57 159 8918
57 160 9126
57 161 9286
57 162 9414
57 163 9414
57 164 9222
57 165 9286
57 166 9414
57 167 9446
57 168 9446
57 169 9542
57 170 9670
57 171 9670
57 172 9478
57 173 9542
57 174 9670
57 175 9702
57 176 10038
57 177 10198
57 178 10454
57 179 10454
57 180 10262
57 181 10326
57 182 10454
57 183 10486
57 184 10486
57 185 10582
57 186 10710
57 187 10710
57 188 10518
57 189 10582
57 190 10710
57 191 10742
57 192 10950
57 193 11046
57 194 11174
57 195 11174
57 196 10982
57 197 11046
57 198 11174
57 199 11206
57 200 11206
57 201 11302
57 202 11430
57 203 11430
57 204 11238
57 205 11302
57 206 11430
57 207 11462
57 208 11862
57 209 11958
57 210 12214
57 211 12214
57 212 12022
57 213 12086
57 214 12214
57 215 12246
57 216 12246
57 217 12342
57 218 12470
57 219 12470
57 220 12278
57 221 12342
57 222 12470
57 223 12502
57 224 12774
57 225 12870
57 226 12998
57 227 12998
57 228 12806
57 229 12870
57 230 12998
57 231 13030
57 232 13030
57 233 13126
57 234 13254
57 235 13254
57 236 13062
57 237 13126
57 238 13254
57 239 13286
57 240 13686
57 241 13782
57 242 14038
57 243 14038
57 244 13846
57 245 13910
57 246 14038
57 247 14070
57 248 14070
57 249 14166
57 250 14294
57 251 14294
57 252 14102
57 253 14166
57 254 14294
57 255 14326
58 0 6
58 1 166
58 2 422
58 3 422
58 4 230
58 5 294
58 6 422
58 7 454
58 8 470
58 9 550
58 10 678
58 11 694
58 12 502
58 13 550
58 14 678
58 15 726
58 16 1062
58 17 1222
58 18 1478
58 19 1478
58 20 1286
58 21 1350
58 22 1478
58 23 1510
58 24 1526
58 25 1606
58 26 1734
58 27 1750
58 28 1558
58 29 1606
58 30 1734
58 31 1782
58 32 1862
58 33 1958
58 34 2214
58 35 2214
58 36 2022
58 37 2086
58 38 2214
58 39 2246
58 40 2262
58 41 2342
58 42 2470
58 43 2486
58 44 2294
58 45 2342
58 46 2470
58 47 2518
58 48 2918
58 49 3014
58 50 3270
58 51 3270
58 52 3078
58 53 3142
58 54 3270
58 55 3302
58 56 3318
58 57 3398
58 58 3526
58 59 3542
58 60 3350
58 61 3398
58 62 3526
58 63 3574
58 64 3718
58 65 3878
58 66 4006
58 67 4006
58 68 3814
58 69 3878
58 70 4006
58 71 4038
58 72 4054
58 73 4134
58 74 4262
58 75 4278
58 76 4086
58 77 4134
58 78 4262
58 79 4310
58 80 4646
58 81 4806
58 82 5062
58 83 5062
58 84 4870
58 85 4934
58 86 5062
58 87 5094
58 88 5110
58 89 5190
58 90 5318
58 91 5334
58 92 5142
58 93 5190
58 94 5318
58 95 5366
58 96 5574
58 97 5670
58 98 5798
58 99 5798
58 100 5606
58 101 5670
58 102 5798
58 103 5830
58 104 5846
58 105 5926
58 106 6054
58 107 6070
58 108 5878
58 109 5926
58 110 6054
58 111 6102
58 112 6502
58 113 6598
58 114 6854
58 115 6854
58 116 6662
58 117 6726
58 118 6854
58 119 6886
58 120 6902
58 121 6982
58 122 7110
58 123 7126
58 124 6934
58 125 6982
58 126 7110
58 127 7158
58 128 7430
58 129 7590
58 130 7846
58 131 7846
58 132 7654
58 133 7718
58 134 7846
58 135 7878
58 136 7894
58 137 7974
58 138 8102
58 139 8118
58 140 7926
58 141 7974
58 142 8102
58 143 8150
58 144 8486
58 145 8646
58 146 8902
58 147 8902
58 148 8710
58 149 8774
58 150 8902
58 151 8934
58 152 8950
58 153 9030
58 154 9158
58 155 9174
58 156 8982
58 157 9030
58 158 9158
58 159 9206
58 160 9286
58 161 9382
58 162 9638
58 163 9638
58 164 9446
58 165 9510
58 166 9638
58 167 9670
58 168 9686
58 169 9766
58 170 9894
58 171 9910
58 172 9718
58 173 9766
58 174 9894
58 175 9942
58 176 10342
58 177 10438
58 178 10694
58 179 10694
58 180 10502
58 181 10566
58 182 10694
58 183 10726
58 184 10742
58 185 10822
58 186 10950
58 187 10966
58 188 10774
58 189 10822
58 190 10950
58 191 10998
58 192 11142
58 193 11302
58 194 11430
58 195 11430
58 196 11238
58 197 11302
58 198 11430
58 199 11462
58 200 11478
58 201 11558
58 202 11686
58 203 11702
58 204 11510
58 205 11558
58 206 11686
58 207 11734
58 208 12070
58 209 12230
58 210 12486
58 211 12486
58 212 12294
58 213 12358
58 214 12486
58 215 12518
58 216 12534
58 217 12614
58 218 12742
58 219 12758
58 220 12566
58 221 12614
58 222 12742
58 223 12790
58 224 12998
58 225 13094
58 226 13222
58 227 13222
58 228 13030
58 229 13094
58 230 13222
58 231 13254
58 232 13270
58 233 13350
58 234 13478
58 235 13494
58 236 13302
58 237 13350
58 238 13478
58 239 13526
58 240 13926
58 241 14022
58 242 14278
58 243 14278
58 244 14086
58 245 14150
58 246 14278
58 247 14310
58 248 14326
58 249 14406
58 250 14534
58 251 14550
58 252 14358
58 253 14406
58 254 14534
58 255 14582
59 0 6
59 1 166
59 2 422
59 3 422
59 4 230
59 5 294
59 6 422
59 7 454
59 8 470
59 9 550
59 10 678
59 11 694
59 12 502
59 13 550
59 14 678
59 15 726
59 16 1078
59 17 1238
59 18 1494
59 19 1494
59 20 1302
59 21 1366
59 22 1494
59 23 1526
59 24 1542
59 25 1622
59 26 1750
59 27 1766
59 28 1574
59 29 1622
59 30 1750
59 31 1798
59 32 1894
59 33 1990
59 34 2246
59 35 2246
59 36 2054
59 37 2118
59 38 2246
59 39 2278
59 40 2294
59 41 2374
59 42 2502
59 43 2518
59 44 2326
59 45 2374
59 46 2502
59 47 2550
59 48 2966
59 49 3062
59 50 3318
59 51 3318
59 52 3126
59 53 3190
59 54 3318
59 55 3350
59 56 3366
59 57 3446
59 58 3574
59 59 3590
59 60 3398
59 61 3446
59 62 3574
59 63 3622
59 64 3782
59 65 3878
59 66 4006
59 67 4006
59 68 3814
59 69 3878
59 70 4006
59 71 4038
59 72 4054
59 73 4134
59 74 4262
59 75 4278
59 76 4086
59 77 4134
59 78 4262
59 79 4310
59 80 4726
59 81 4822
59 82 5078
59 83 5078
59 84 4886
59 85 4950
59 86 5078
59 87 5110
59 88 5126
59 89 5206
59 90 5334
59 91 5350
59 92 5158
59 93 5206
59 94 5334
59 95 5382
59 96 5670
59 97 5830
59 98 5958
59 99 5958
59 100 5766
59 101 5830
59 102 5958
59 103 5990
59 104 6006
59 105 6086
59 106 6214
59 107 6230
59 108 6038
59 109 6086
59 110 6214
59 111 6262
59 112 6806
59 113 6838
59 114 6838
59 115 6838
59 116 6838
59 117 6902
59 118 6966
59 119 6998
59 120 7078
59 121 7158
59 122 7222
59 123 7238
59 124 7110
59 125 7158
59 126 7222
59 127 7270
59 128 7558
59 129 7718
59 130 7846
59 131 7846
59 132 7654
59 133 7718
59 134 7846
59 135 7878
59 136 7894
59 137 7974
59 138 8102
59 139 8118
59 140 7926
59 141 7974
59 142 8102
59 143 8150
59 144 8502
59 145 8662
59 146 8918
59 147 8918
59 148 8726
59 149 8790
59 150 8918
59 151 8950
59 152 8966
59 153 9046
59 154 9174
59 155 9190
59 156 8998
59 157 9046
59 158 9174
59 159 9222
59 160 9446
59 161 9542
59 162 9670
59 163 9670
59 164 9478
59 165 9542
59 166 9670
59 167 9702
59 168 9718
59 169 9798
59 170 9926
59 171 9942
59 172 9750
59 173 9798
59 174 9926
59 175 9974
59 176 10390
59 177 10486
59 178 10742
59 179 10742
59 180 10550
59 181 10614
59 182 10742
59 183 10774
59 184 10790
59 185 10870
59 186 10998
59 187 11014
59 188 10822
59 189 10870
59 190 10998
59 191 11046
59 192 11206
59 193 11302
59 194 11430
59 195 11430
59 196 11238
59 197 11302
59 198 11430
59 199 11462
59 200 11478
59 201 11558
59 202 11686
59 203 11702
59 204 11510
59 205 11558
59 206 11686
59 207 11734
59 208 12150
59 209 12246
59 210 12502
59 211 12502
59 212 12310
59 213 12374
59 214 12502
59 215 12534
59 216 12550
59 217 12630
59 218 12758
59 219 12774
59 220 12582
59 221 12630
59 222 12758
59 223 12806
59 224 13094
59 225 13254
59 226 13382
59 227 13382
59 228 13190
59 229 13254
59 230 13382
59 231 13414
59 232 13430
59 233 13510
59 234 13638
59 235 13654
59 236 13462
59 237 13510
59 238 13638
59 239 13686
59 240 14230
59 241 14262
59 242 14262
59 243 14262
59 244 14262
59 245 14326
59 246 14390
59 247 14422
59 248 14502
59 249 14582
59 250 14646
59 251 14662
59 252 14534
59 253 14582
59 254 14646
59 255 14694
60 0 6
60 1 166
60 2 422
60 3 422
60 4 246
60 5 294
60 6 422
60 7 470
60 8 486
60 9 550
60 10 678
60 11 710
60 12 502
60 13 550
60 14 678
60 15 726
60 16 1094
60 17 1190
60 18 1446
60 19 1446
60 20 1270
60 21 1318
60 22 1446
60 23 1494
60 24 1510
60 25 1574
60 26 1702
60 27 1734
60 28 1526
60 29 1574
60 30 1702
60 31 1750
60 32 2054
60 33 2214
60 34 2470
60 35 2470
60 36 2294
60 37 2342
60 38 2470
60 39 2518
60 40 2534
60 41 2598
60 42 2726
60 43 2758
60 44 2550
60 45 2598
60 46 2726
60 47 2774
60 48 2886
60 49 2982
60 50 3238
60 51 3238
60 52 3062
60 53 3110
60 54 3238
60 55 3286
60 56 3302
60 57 3366
60 58 3494
60 59 3526
60 60 3318
60 61 3366
60 62 3494
60 63 3542
60 64 3846
60 65 4006
60 66 4262
60 67 4262
60 68 4086
60 69 4134
60 70 4262
60 71 4310
60 72 4326
60 73 4390
60 74 4518
60 75 4550
60 76 4342
60 77 4390
60 78 4518
60 79 4566
60 80 4934
60 81 5030
60 82 5286
60 83 5286
60 84 5110
60 85 5158
60 86 5286
60 87 5334
60 88 5350
60 89 5414
60 90 5542
60 91 5574
60 92 5366
60 93 5414
60 94 5542
60 95 5590
60 96 5894
60 97 6054
60 98 6310
60 99 6310
60 100 6134
60 101 6182
60 102 6310
60 103 6358
60 104 6374
60 105 6438
60 106 6566
60 107 6598
60 108 6390
60 109 6438
60 110 6566
60 111 6614
60 112 6726
60 113 6822
60 114 7078
60 115 7078
60 116 6902
60 117 6950
60 118 7078
60 119 7126
60 120 7142
60 121 7206
60 122 7334
60 123 7366
60 124 7158
60 125 7206
60 126 7334
60 127 7382
60 128 7686
60 129 7846
60 130 8102
60 131 8102
60 132 7926
60 133 7974
60 134 8102
60 135 8150
60 136 8166
60 137 8230
60 138 8358
60 139 8390
60 140 8182
60 141 8230
60 142 8358
60 143 8406
60 144 8774
60 145 8870
60 146 9126
60 147 9126
60 148 8950
60 149 8998
60 150 9126
60 151 9174
60 152 9190
60 153 9254
60 154 9382
60 155 9414
60 156 9206
60 157 9254
60 158 9382
60 159 9430
60 160 9734
60 161 9894
60 162 10150
60 163 10150
60 164 9974
60 165 10022
60 166 10150
60 167 10198
60 168 10214
60 169 10278
60 170 10406
60 171 10438
60 172 10230
60 173 10278
60 174 10406
60 175 10454
60 176 10566
60 177 10662
60 178 10918
60 179 10918
60 180 10742
60 181 10790
60 182 10918
60 183 10966
60 184 10982
60 185 11046
60 186 11174
60 187 11206
60 188 10998
60 189 11046
60 190 11174
60 191 11222
60 192 11526
60 193 11686
60 194 11942
60 195 11942
60 196 11766
60 197 11814
60 198 11942
60 199 11990
60 200 12006
60 201 12070
60 202 12198
60 203 12230
60 204 12022
60 205 12070
60 206 12198
60 207 12246
60 208 12614
60 209 12710
60 210 12966
60 211 12966
60 212 12790
60 213 12838
60 214 12966
60 215 13014
60 216 13030
60 217 13094
60 218 13222
60 219 13254
60 220 13046
60 221 13094
60 222 13222
60 223 13270
60 224 13574
60 225 13734
60 226 13990
60 227 13990
60 228 13814
60 229 13862
60 230 13990
60 231 14038
60 232 14054
60 233 14118
60 234 14246
60 235 14278
60 236 14070
60 237 14118
60 238 14246
60 239 14294
60 240 14406
60 241 14502
60 242 14758
60 243 14758
60 244 14582
60 245 14630
60 246 14758
60 247 14806
60 248 14822
60 249 14886
60 250 15014
60 251 15046
60 252 14838
60 253 14886
60 254 15014
60 255 15062
61 0 6
61 1 166
61 2 422
61 3 422
61 4 246
61 5 294
61 6 422
61 7 470
61 8 486
61 9 550
61 10 678
61 11 710
61 12 502
61 13 550
61 14 678
61 15 726
61 16 1110
61 17 1206
61 18 1462
61 19 1462
61 20 1286
61 21 1334
61 22 1462
61 23 1510
61 24 1526
61 25 1590
61 26 1718
61 27 1750
61 28 1542
61 29 1590
61 30 1718
61 31 1766
61 32 2086
61 33 2246
61 34 2502
61 35 2502
61 36 2326
61 37 2374
61 38 2502
61 39 2550
61 40 2566
61 41 2630
61 42 2758
61 43 2790
61 44 2582
61 45 2630
61 46 2758
61 47 2806
61 48 2934
61 49 3030
61 50 3286
61 51 3286
61 52 3110
61 53 3158
61 54 3286
61 55 3334
61 56 3350
61 57 3414
61 58 3542
61 59 3574
61 60 3366
61 61 3414
61 62 3542
61 63 3590
61 64 3910
61 65 4006
61 66 4262
61 67 4262
61 68 4086
61 69 4134
61 70 4262
61 71 4310
61 72 4326
61 73 4390
61 74 4518
61 75 4550
61 76 4342
61 77 4390
61 78 4518
61 79 4566
61 80 5142
61 81 5302
61 82 5302
61 83 5302
61 84 5254
61 85 5302
61 86 5430
61 87 5478
61 88 5494
61 89 5558
61 90 5686
61 91 5718
61 92 5510
61 93 5558
61 94 5686
61 95 5734
61 96 5990
61 97 6086
61 98 6342
61 99 6342
61 100 6166
61 101 6214
61 102 6342
61 103 6390
61 104 6406
61 105 6470
61 106 6598
61 107 6630
61 108 6422
61 109 6470
61 110 6598
61 111 6646
61 112 6966
61 113 7126
61 114 7126
61 115 7126
61 116 7078
61 117 7126
61 118 7254
61 119 7302
61 120 7318
61 121 7382
61 122 7510
61 123 7542
61 124 7334
61 125 7382
61 126 7510
61 127 7558
61 128 7814
61 129 7974
61 130 8102
61 131 8102
61 132 7926
61 133 7974
61 134 8102
61 135 8150
61 136 8166
61 137 8230
61 138 8358
61 139 8390
61 140 8182
61 141 8230
61 142 8358
61 143 8406
61 144 8790
61 145 8886
61 146 9142
61 147 9142
61 148 8966
61 149 9014
61 150 9142
61 151 9190
61 152 9206
61 153 9270
61 154 9398
61 155 9430
61 156 9222
61 157 9270
61 158 9398
61 159 9446
61 160 9766
61 161 9926
61 162 10182
61 163 10182
61 164 10006
61 165 10054
61 166 10182
61 167 10230
61 168 10246
61 169 10310
61 170 10438
61 171 10470
61 172 10262
61 173 10310
61 174 10438
61 175 10486
61 176 10742
61 177 10838
61 178 10966
61 179 10966
61 180 10790
61 181 10838
61 182 10966
61 183 11014
61 184 11030
61 185 11094
61 186 11222
61 187 11254
61 188 11046
61 189 11094
61 190 11222
61 191 11270
61 192 11718
61 193 11814
61 194 11942
61 195 11942
61 196 11766
61 197 11814
61 198 11942
61 199 11990
61 200 12006
61 201 12070
61 202 12198
61 203 12230
61 204 12022
61 205 12070
61 206 12198
61 207 12246
61 208 12822
61 209 12982
61 210 12982
61 211 12982
61 212 12934
61 213 12982
61 214 13110
61 215 13158
61 216 13174
61 217 13238
61 218 13366
61 219 13398
61 220 13190
61 221 13238
61 222 13366
61 223 13414
61 224 13670
61 225 13766
61 226 14022
61 227 14022
61 228 13846
61 229 13894
61 230 14022
61 231 14070
61 232 14086
61 233 14150
61 234 14278
61 235 14310
61 236 14102
61 237 14150
61 238 14278
61 239 14326
61 240 14646
61 241 14806
61 242 14934
61 243 14934
61 244 14758
61 245 14806
61 246 14934
61 247 14982
61 248 14998
61 249 15062
61 250 15190
61 251 15222
61 252 15014
61 253 15062
61 254 15190
61 255 15238
62 0 6
62 1 166
62 2 422
62 3 422
62 4 246
62 5 294
62 6 422
62 7 470
62 8 502
62 9 550
62 10 678
62 11 726
62 12 502
62 13 550
62 14 678
62 15 726
62 16 1126
62 17 1222
62 18 1478
62 19 1478
62 20 1302
62 21 1350
62 22 1478
62 23 1526
62 24 1558
62 25 1606
62 26 1734
62 27 1782
62 28 1558
62 29 1606
62 30 1734
62 31 1782
62 32 2118
62 33 2214
62 34 2470
62 35 2470
62 36 2294
62 37 2342
62 38 2470
62 39 2518
62 40 2550
62 41 2598
62 42 2726
62 43 2774
62 44 2550
62 45 2598
62 46 2726
62 47 2774
62 48 3110
62 49 3270
62 50 3270
62 51 3270
62 52 3222
62 53 3270
62 54 3398
62 55 3446
62 56 3478
62 57 3526
62 58 3654
62 59 3702
62 60 3478
62 61 3526
62 62 3654
62 63 3702
62 64 3974
62 65 4134
62 66 4262
62 67 4262
62 68 4086
62 69 4134
62 70 4262
62 71 4310
62 72 4342
62 73 4390
62 74 4518
62 75 4566
62 76 4342
62 77 4390
62 78 4518
62 79 4566
62 80 4966
62 81 5062
62 82 5318
62 83 5318
62 84 5142
62 85 5190
62 86 5318
62 87 5366
62 88 5398
62 89 5446
62 90 5574
62 91 5622
62 92 5398
62 93 5446
62 94 5574
62 95 5622
62 96 5958
62 97 6054
62 98 6310
62 99 6310
62 100 6134
62 101 6182
62 102 6310
62 103 6358
62 104 6390
62 105 6438
62 106 6566
62 107 6614
62 108 6390
62 109 6438
62 110 6566
62 111 6614
62 112 6950
62 113 7110
62 114 7238
62 115 7238
62 116 7062
62 117 7110
62 118 7238
62 119 7286
62 120 7318
62 121 7366
62 122 7494
62 123 7542
62 124 7318
62 125 7366
62 126 7494
62 127 7542
62 128 7942
62 129 8102
62 130 8358
62 131 8358
62 132 8182
62 133 8230
62 134 8358
62 135 8406
62 136 8438
62 137 8486
62 138 8614
62 139 8662
62 140 8438
62 141 8486
62 142 8614
62 143 8662
62 144 9062
62 145 9158
62 146 9414
62 147 9414
62 148 9238
62 149 9286
62 150 9414
62 151 9462
62 152 9494
62 153 9542
62 154 9670
62 155 9718
62 156 9494
62 157 9542
62 158 9670
62 159 9718
62 160 10054
62 161 10150
62 162 10406
62 163 10406
62 164 10230
62 165 10278
62 166 10406
62 167 10454
62 168 10486
62 169 10534
62 170 10662
62 171 10710
62 172 10486
62 173 10534
62 174 10662
62 175 10710
62 176 11046
62 177 11206
62 178 11206
62 179 11206
62 180 11158
62 181 11206
62 182 11334
62 183 11382
62 184 11414
62 185 11462
62 186 11590
62 187 11638
62 188 11414
62 189 11462
62 190 11590
62 191 11638
62 192 11910
62 193 12070
62 194 12198
62 195 12198
62 196 12022
62 197 12070
62 198 12198
62 199 12246
62 200 12278
62 201 12326
62 202 12454
62 203 12502
62 204 12278
62 205 12326
62 206 12454
62 207 12502
62 208 12902
62 209 12998
62 210 13254
62 211 13254
62 212 13078
62 213 13126
62 214 13254
62 215 13302
62 216 13334
62 217 13382
62 218 13510
62 219 13558
62 220 13334
62 221 13382
62 222 13510
62 223 13558
62 224 13894
62 225 13990
62 226 14246
62 227 14246
62 228 14070
62 229 14118
62 230 14246
62 231 14294
62 232 14326
62 233 14374
62 234 14502
62 235 14550
62 236 14326
62 237 14374
62 238 14502
62 239 14550
62 240 14886
62 241 15046
62 242 15174
62 243 15174
62 244 14998
62 245 15046
62 246 15174
62 247 15222
62 248 15254
62 249 15302
62 250 15430
62 251 15478
62 252 15254
62 253 15302
62 254 15430
62 255 15478
63 0 6
63 1 166
63 2 422
63 3 422
63 4 246
63 5 294
63 6 422
63 7 470
63 8 502
63 9 550
63 10 678
63 11 726
63 12 502
63 13 550
63 14 678
63 15 726
63 16 1142
63 17 1238
63 18 1494
63 19 1494
63 20 1318
63 21 1366
63 22 1494
63 23 1542
63 24 1574
63 25 1622
63 26 1750
63 27 1798
63 28 1574
63 29 1622
63 30 1750
63 31 1798
63 32 2150
63 33 2246
63 34 2502
63 35 2502
63 36 2326
63 37 2374
63 38 2502
63 39 2550
63 40 2582
63 41 2630
63 42 2758
63 43 2806
63 44 2582
63 45 2630
63 46 2758
63 47 2806
63 48 3222
63 49 3254
63 50 3254
63 51 3254
63 52 3270
63 53 3318
63 54 3382
63 55 3430
63 56 3526
63 57 3574
63 58 3638
63 59 3686
63 60 3526
63 61 3574
63 62 3638
63 63 3686
63 64 4038
63 65 4134
63 66 4262
63 67 4262
63 68 4086
63 69 4134
63 70 4262
63 71 4310
63 72 4342
63 73 4390
63 74 4518
63 75 4566
63 76 4342
63 77 4390
63 78 4518
63 79 4566
63 80 5174
63 81 5334
63 82 5334
63 83 5334
63 84 5286
63 85 5334
63 86 5462
63 87 5510
63 88 5542
63 89 5590
63 90 5718
63 91 5766
63 92 5542
63 93 5590
63 94 5718
63 95 5766
63 96 6182
63 97 6342
63 98 6342
63 99 6342
63 100 6294
63 101 6342
63 102 6470
63 103 6518
63 104 6550
63 105 6598
63 106 6726
63 107 6774
63 108 6550
63 109 6598
63 110 6726
63 111 6774
63 112 7062
63 113 7158
63 114 7286
63 115 7286
63 116 7110
63 117 7158
63 118 7286
63 119 7334
63 120 7366
63 121 7414
63 122 7542
63 123 7590
63 124 7366
63 125 7414
63 126 7542
63 127 7590
63 128 8070
63 129 8230
63 130 8358
63 131 8358
63 132 8182
63 133 8230
63 134 8358
63 135 8406
63 136 8438
63 137 8486
63 138 8614
63 139 8662
63 140 8438
63 141 8486
63 142 8614
63 143 8662
63 144 9078
63 145 9174
63 146 9430
63 147 9430
63 148 9254
63 149 9302
63 150 9430
63 151 9478
63 152 9510
63 153 9558
63 154 9686
63 155 9734
63 156 9510
63 157 9558
63 158 9686
63 159 9734
63 160 10086
63 161 10182
63 162 10438
63 163 10438
63 164 10262
63 165 10310
63 166 10438
63 167 10486
63 168 10518
63 169 10566
63 170 10694
63 171 10742
63 172 10518
63 173 10566
63 174 10694
63 175 10742
63 176 11158
63 177 11190
63 178 11318
63 179 11318
63 180 11206
63 181 11254
63 182 11318
63 183 11366
63 184 11462
63 185 11510
63 186 11574
63 187 11622
63 188 11462
63 189 11510
63 190 11574
63 191 11622
63 192 11974
63 193 12070
63 194 12198
63 195 12198
63 196 12022
63 197 12070
63 198 12198
63 199 12246
63 200 12278
63 201 12326
63 202 12454
63 203 12502
63 204 12278
63 205 12326
63 206 12454
63 207 12502
63 208 13110
63 209 13270
63 210 13270
63 211 13270
63 212 13222
63 213 13270
63 214 13398
63 215 13446
63 216 13478
63 217 13526
63 218 13654
63 219 13702
63 220 13478
63 221 13526
63 222 13654
63 223 13702
63 224 14118
63 225 14278
63 226 14278
63 227 14278
63 228 14230
63 229 14278
63 230 14406
63 231 14454
63 232 14486
63 233 14534
63 234 14662
63 235 14710
63 236 14486
63 237 14534
63 238 14662
63 239 14710
63 240 14998
63 241 15094
63 242 15222
63 243 15222
63 244 15046
63 245 15094
63 246 15222
63 247 15270
63 248 15302
63 249 15350
63 250 15478
63 251 15526
63 252 15302
63 253 15350
63 254 15478
63 255 15526
64 0 6
64 1 262
64 2 262
64 3 518
64 4 262
64 5 518
64 6 518
64 7 774
64 8 518
64 9 774
64 10 774
64 11 1030
64 12 774
64 13 1030
64 14 1030
64 15 1286
64 16 1030
64 17 1286
64 18 1286
64 19 1542
64 20 1286
64 21 1542
64 22 1542
64 23 1798
64 24 1542
64 25 1798
64 26 1798
64 27 2054
64 28 1798
64 29 2054
64 30 2054
64 31 2310
64 32 2054
64 33 2310
64 34 2310
64 35 2566
64 36 2310
64 37 2566
64 38 2566
64 39 2822
64 40 2566
64 41 2822
64 42 2822
64 43 3078
64 44 2822
64 45 3078
64 46 3078
64 47 3334
64 48 3078
64 49 3334
64 50 3334
64 51 3590
64 52 3334
64 53 3590
64 54 3590
64 55 3846
64 56 3590
64 57 3846
64 58 3846
64 59 4102
64 60 3846
64 61 4102
64 62 4102
64 63 4358
64 64 4102
64 65 4358
64 66 4358
64 67 4614
64 68 4358
64 69 4614
64 70 4614
64 71 4870
64 72 4614
64 73 4870
64 74 4870
64 75 5126
64 76 4870
64 77 5126
64 78 5126
64 79 5382
64 80 5126
64 81 5382
64 82 5382
64 83 5638
64 84 5382
64 85 5638
64 86 5638
64 87 5894
64 88 5638
64 89 5894
64 90 5894
64 91 6150
64 92 5894
64 93 6150
64 94 6150
64 95 6406
64 96 6150
64 97 6406
64 98 6406
64 99 6662
64 100 6406
64 101 6662
64 102 6662
64 103 6918
64 104 6662
64 105 6918
64 106 6918
64 107 7174
64 108 6918
64 109 7174
64 110 7174
64 111 7430
64 112 7174
64 113 7430
64 114 7430
64 115 7686
64 116 7430
64 117 7686
64 118 7686
64 119 7942
64 120 7686
64 121 7942
64 122 7942
64 123 8198
64 124 7942
64 125 8198
64 126 8198
64 127 8454
64 128 8198
64 129 8454
64 130 8454
64 131 8710
64 132 8454
64 133 8710
64 134 8710
64 135 8966
64 136 8710
64 137 8966
64 138 8966
64 139 9222
64 140 8966
64 141 9222
64 142 9222
64 143 9478
64 144 9222
64 145 9478
64 146 9478
64 147 9734
64 148 9478
64 149 9734
64 150 9734
64 151 9990
64 152 9734
64 153 9990
64 154 9990
64 155 10246
64 156 9990
64 157 10246
64 158 10246
64 159 10502
64 160 10246
64 161 10502
64 162 10502
64 163 10758
64 164 10502
64 165 10758
64 166 10758
64 167 11014
64 168 10758
64 169 11014
64 170 11014
64 171 11270
64 172 11014
64 173 11270
64 174 11270
64 175 11526
64 176 11270
64 177 11526
64 178 11526
64 179 11782
64 180 11526
64 181 11782
64 182 11782
64 183 12038
64 184 11782
64 185 12038
64 186 12038
64 187 12294
64 188 12038
64 189 12294
64 190 12294
64 191 12550
64 192 12294
64 193 12550
64 194 12550
64 195 12806
64 196 12550
64 197 12806
64 198 12806
64 199 13062
64 200 12806
64 201 13062
64 202 13062
64 203 13318
64 204 13062
64 205 13318
64 206 13318
64 207 13574
64 208 13318
64 209 13574
64 210 13574
64 211 13830
64 212 13574
64 213 13830
64 214 13830
64 215 14086
64 216 13830
64 217 14086
64 218 14086
64 219 14342
64 220 14086
64 221 14342
64 222 14342
64 223 14598
64 224 14342
64 225 14598
64 226 14598
64 227 14854
64 228 14598
64 229 14854
64 230 14854
64 231 15110
64 232 14854
64 233 15110
64 234 15110
64 235 15366
64 236 15110
64 237 15366
64 238 15366
64 239 15622
64 240 15366
64 241 15622
64 242 15622
64 243 15878
64 244 15622
64 245 15878
64 246 15878
64 247 16134
64 248 15878
64 249 16134
64 250 16134
64 251 16390
64 252 16134
64 253 16390
64 254 16390
64 255 16646
65 0 6
65 1 262
65 2 262
65 3 518
65 4 262
65 5 518
65 6 518
65 7 774
65 8 518
65 9 774
65 10 774
65 11 1030
65 12 774
65 13 1030
65 14 1030
65 15 1286
65 16 1046
65 17 1302
65 18 1302
65 19 1558
65 20 1302
65 21 1558
65 22 1558
65 23 1814
65 24 1558
65 25 1814
65 26 1814
65 27 2070
65 28 1814
65 29 2070
65 30 2070
65 31 2326
65 32 2086
65 33 2342
65 34 2342
65 35 2598
65 36 2342
65 37 2598
65 38 2598
65 39 2854
65 40 2598
65 41 2854
65 42 2854
65 43 3110
65 44 2854
65 45 3110
65 46 3110
65 47 3366
65 48 3126
65 49 3382
65 50 3382
65 51 3638
65 52 3382
65 53 3638
65 54 3638
65 55 3894
65 56 3638
65 57 3894
65 58 3894
65 59 4150
65 60 3894
65 61 4150
65 62 4150
65 63 4406
65 64 4166
65 65 4422
65 66 4422
65 67 4678
65 68 4422
65 69 4678
65 70 4678
65 71 4934
65 72 4678
65 73 4934
65 74 4934
65 75 5190
65 76 4934
65 77 5190
65 78 5190
65 79 5446
65 80 5206
65 81 5462
65 82 5462
65 83 5718
65 84 5462
65 85 5718
65 86 5718
65 87 5974
65 88 5718
65 89 5974
65 90 5974
65 91 6230
65 92 5974
65 93 6230
65 94 6230
65 95 6486
65 96 6246
65 97 6502
65 98 6502
65 99 6758
65 100 6502
65 101 6758
65 102 6758
65 103 7014
65 104 6758
65 105 7014
65 106 7014
65 107 7270
65 108 7014
65 109 7270
65 110 7270
65 111 7526
65 112 7286
65 113 7542
65 114 7542
65 115 7798
65 116 7542
65 117 7798
65 118 7798
65 119 8054
65 120 7798
65 121 8054
65 122 8054
65 123 8310
65 124 8054
65 125 8310
65 126 8310
65 127 8566
65 128 8326
65 129 8454
65 130 8582
65 131 8710
65 132 8582
65 133 8710
65 134 8838
65 135 8966
65 136 8838
65 137 8966
65 138 9094
65 139 9222
65 140 9094
65 141 9222
65 142 9350
65 143 9478
65 144 9366
65 145 9494
65 146 9622
65 147 9750
65 148 9622
65 149 9750
65 150 9878
65 151 10006
65 152 9878
65 153 10006
65 154 10134
65 155 10262
65 156 10134
65 157 10262
65 158 10390
65 159 10518
65 160 10406
65 161 10534
65 162 10662
65 163 10790
65 164 10662
65 165 10790
65 166 10918
65 167 11046
65 168 10918
65 169 11046
65 170 11174
65 171 11302
65 172 11174
65 173 11302
65 174 11430
65 175 11558
65 176 11446
65 177 11574
65 178 11702
65 179 11830
65 180 11702
65 181 11830
65 182 11958
65 183 12086
65 184 11958
65 185 12086
65 186 12214
65 187 12342
65 188 12214
65 189 12342
65 190 12470
65 191 12598
65 192 12486
65 193 12614
65 194 12742
65 195 12870
65 196 12742
65 197 12870
65 198 12998
65 199 13126
65 200 12998
65 201 13126
65 202 13254
65 203 13382
65 204 13254
65 205 13382
65 206 13510
65 207 13638
65 208 13526
65 209 13654
65 210 13782
65 211 13910
65 212 13782
65 213 13910
65 214 14038
65 215 14166
65 216 14038
65 217 14166
65 218 14294
65 219 14422
65 220 14294
65 221 14422
65 222 14550
65 223 14678
65 224 14566
65 225 14694
65 226 14822
65 227 14950
65 228 14822
65 229 14950
65 230 15078
65 231 15206
65 232 15078
65 233 15206
65 234 15334
65 235 15462
65 236 15334
65 237 15462
65 238 15590
65 239 15718
65 240 15606
65 241 15734
65 242 15862
65 243 15990
65 244 15862
65 245 15990
65 246 16118
65 247 16246
65 248 16118
65 249 16246
65 250 16374
65 251 16502
65 252 16374
65 253 16502
65 254 16630
65 255 16758
66 0 6
66 1 262
66 2 262
66 3 518
66 4 262
66 5 518
66 6 518
66 7 774
66 8 534
66 9 790
66 10 790
66 11 1046
66 12 790
66 13 1046
66 14 1046
66 15 1302
66 16 1062
66 17 1318
66 18 1318
66 19 1574
66 20 1318
66 21 1574
66 22 1574
66 23 1830
66 24 1590
66 25 1846
66 26 1846
66 27 2102
66 28 1846
66 29 2102
66 30 2102
66 31 2358
66 32 2118
66 33 2374
66 34 2374
66 35 2630
66 36 2374
66 37 2630
66 38 2630
66 39 2886
66 40 2646
66 41 2902
66 42 2902
66 43 3158
66 44 2902
66 45 3158
66 46 3158
66 47 3414
66 48 3174
66 49 3430
66 50 3430
66 51 3686
66 52 3430
66 53 3686
66 54 3686
66 55 3942
66 56 3702
66 57 3958
66 58 3958
66 59 4214
66 60 3958
66 61 4214
66 62 4214
66 63 4470
66 64 4230
66 65 4358
66 66 4486
66 67 4614
66 68 4486
66 69 4614
66 70 4742
66 71 4870
66 72 4758
66 73 4886
66 74 5014
66 75 5142
66 76 5014
66 77 5142
66 78 5270
66 79 5398
66 80 5286
66 81 5414
66 82 5542
66 83 5670
66 84 5542
66 85 5670
66 86 5798
66 87 5926
66 88 5814
66 89 5942
66 90 6070
66 91 6198
66 92 6070
66 93 6198
66 94 6326
66 95 6454
66 96 6342
66 97 6470
66 98 6598
66 99 6726
66 100 6598
66 101 6726
66 102 6854
66 103 6982
66 104 6870
66 105 6998
66 106 7126
66 107 7254
66 108 7126
66 109 7254
66 110 7382
66 111 7510
66 112 7398
66 113 7526
66 114 7654
66 115 7782
66 116 7654
66 117 7782
66 118 7910
66 119 8038
66 120 7926
66 121 8054
66 122 8182
66 123 8310
66 124 8182
66 125 8310
66 126 8438
66 127 8566
66 128 8454
66 129 8710
66 130 8710
66 131 8966
66 132 8710
66 133 8966
66 134 8966
66 135 9222
66 136 8982
66 137 9238
66 138 9238
66 139 9494
66 140 9238
66 141 9494
66 142 9494
66 143 9750
66 144 9510
66 145 9766
66 146 9766
66 147 10022
66 148 9766
66 149 10022
66 150 10022
66 151 10278
66 152 10038
66 153 10294
66 154 10294
66 155 10550
66 156 10294
66 157 10550
66 158 10550
66 159 10806
66 160 10566
66 161 10822
66 162 10822
66 163 11078
66 164 10822
66 165 11078
66 166 11078
66 167 11334
66 168 11094
66 169 11350
66 170 11350
66 171 11606
66 172 11350
66 173 11606
66 174 11606
66 175 11862
66 176 11622
66 177 11878
66 178 11878
66 179 12134
66 180 11878
66 181 12134
66 182 12134
66 183 12390
66 184 12150
66 185 12406
66 186 12406
66 187 12662
66 188 12406
66 189 12662
66 190 12662
66 191 12918
66 192 12678
66 193 12806
66 194 12934
66 195 13062
66 196 12934
66 197 13062
66 198 13190
66 199 13318
66 200 13206
66 201 13334
66 202 13462
66 203 13590
66 204 13462
66 205 13590
66 206 13718
66 207 13846
66 208 13734
66 209 13862
66 210 13990
66 211 14118
66 212 13990
66 213 14118
66 214 14246
66 215 14374
66 216 14262
66 217 14390
66 218 14518
66 219 14646
66 220 14518
66 221 14646
66 222 14774
66 223 14902
66 224 14790
66 225 14918
66 226 15046
66 227 15174
66 228 15046
66 229 15174
66 230 15302
66 231 15430
66 232 15318
66 233 15446
66 234 15574
66 235 15702
66 236 15574
66 237 15702
66 238 15830
66 239 15958
66 240 15846
66 241 15974
66 242 16102
66 243 16230
66 244 16102
66 245 16230
66 246 16358
66 247 16486
66 248 16374
66 249 16502
66 250 16630
66 251 16758
66 252 16630
66 253 16758
66 254 16886
66 255 17014
67 0 6
67 1 262
67 2 262
67 3 518
67 4 262
67 5 518
67 6 518
67 7 774
67 8 534
67 9 790
67 10 790
67 11 1046
67 12 790
67 13 1046
67 14 1046
67 15 1302
67 16 1078
67 17 1334
67 18 1334
67 19 1590
67 20 1334
67 21 1590
67 22 1590
67 23 1846
67 24 1606
67 25 1862
67 26 1862
67 27 2118
67 28 1862
67 29 2118
67 30 2118
67 31 2374
67 32 2150
67 33 2406
67 34 2406
67 35 2662
67 36 2406
67 37 2662
67 38 2662
67 39 2918
67 40 2678
67 41 2934
67 42 2934
67 43 3190
67 44 2934
67 45 3190
67 46 3190
67 47 3446
67 48 3222
67 49 3478
67 50 3478
67 51 3734
67 52 3478
67 53 3734
67 54 3734
67 55 3990
67 56 3750
67 57 4006
67 58 4006
67 59 4262
67 60 4006
67 61 4262
67 62 4262
67 63 4518
67 64 4294
67 65 4422
67 66 4550
67 67 4678
67 68 4550
67 69 4678
67 70 4806
67 71 4934
67 72 4822
67 73 4950
67 74 5078
67 75 5206
67 76 5078
67 77 5206
67 78 5334
67 79 5462
67 80 5366
67 81 5494
67 82 5622
67 83 5750
67 84 5622
67 85 5750
67 86 5878
67 87 6006
67 88 5894
67 89 6022
67 90 6150
67 91 6278
67 92 6150
67 93 6278
67 94 6406
67 95 6534
67 96 6438
67 97 6566
67 98 6694
67 99 6822
67 100 6694
67 101 6822
67 102 6950
67 103 7078
67 104 6966
67 105 7094
67 106 7222
67 107 7350
67 108 7222
67 109 7350
67 110 7478
67 111 7606
67 112 7574
67 113 7702
67 114 7830
67 115 7958
67 116 7830
67 117 7958
67 118 8086
67 119 8214
67 120 8102
67 121 8230
67 122 8358
67 123 8486
67 124 8358
67 125 8486
67 126 8614
67 127 8742
67 128 8582
67 129 8710
67 130 8838
67 131 8966
67 132 8838
67 133 8966
67 134 9094
67 135 9222
67 136 9110
67 137 9238
67 138 9366
67 139 9494
67 140 9366
67 141 9494
67 142 9622
67 143 9750
67 144 9654
67 145 9782
67 146 9910
67 147 10038
67 148 9910
67 149 10038
67 150 10166
67 151 10294
67 152 10182
67 153 10310
67 154 10438
67 155 10566
67 156 10438
67 157 10566
67 158 10694
67 159 10822
67 160 10726
67 161 10854
67 162 10982
67 163 11110
67 164 10982
67 165 11110
67 166 11238
67 167 11366
67 168 11254
67 169 11382
67 170 11510
67 171 11638
67 172 11510
67 173 11638
67 174 11766
67 175 11894
67 176 11798
67 177 11926
67 178 12054
67 179 12182
67 180 12054
67 181 12182
67 182 12310
67 183 12438
67 184 12326
67 185 12454
67 186 12582
67 187 12710
67 188 12582
67 189 12710
67 190 12838
67 191 12966
67 192 12742
67 193 12870
67 194 12998
67 195 13126
67 196 12998
67 197 13126
67 198 13254
67 199 13382
67 200 13270
67 201 13398
67 202 13526
67 203 13654
67 204 13526
67 205 13654
67 206 13782
67 207 13910
67 208 13814
67 209 13942
67 210 14070
67 211 14198
67 212 14070
67 213 14198
67 214 14326
67 215 14454
67 216 14342
67 217 14470
67 218 14598
67 219 14726
67 220 14598
67 221 14726
67 222 14854
67 223 14982
67 224 14886
67 225 15014
67 226 15142
67 227 15270
67 228 15142
67 229 15270
67 230 15398
67 231 15526
67 232 15414
67 233 15542
67 234 15670
67 235 15798
67 236 15670
67 237 15798
67 238 15926
67 239 16054
67 240 16022
67 241 16150
67 242 16278
67 243 16406
67 244 16278
67 245 16406
67 246 16534
67 247 16662
67 248 16550
67 249 16678
67 250 16806
67 251 16934
67 252 16806
67 253 16934
67 254 17062
67 255 17190
68 0 6
68 1 262
68 2 262
68 3 518
68 4 278
68 5 534
68 6 534
68 7 790
68 8 550
68 9 806
68 10 806
68 11 1062
68 12 822
68 13 1078
68 14 1078
68 15 1334
68 16 1094
68 17 1350
68 18 1350
68 19 1606
68 20 1366
68 21 1622
68 22 1622
68 23 1878
68 24 1638
68 25 1894
68 26 1894
68 27 2150
68 28 1910
68 29 2166
68 30 2166
68 31 2422
68 32 2310
68 33 2566
68 34 2566
68 35 2822
68 36 2582
68 37 2838
68 38 2838
68 39 3094
68 40 2854
68 41 3110
68 42 3110
68 43 3366
68 44 3126
68 45 3382
68 46 3382
68 47 3638
68 48 3398
68 49 3654
68 50 3654
68 51 3910
68 52 3670
68 53 3926
68 54 3926
68 55 4182
68 56 3942
68 57 4198
68 58 4198
68 59 4454
68 60 4214
68 61 4470
68 62 4470
68 63 4726
68 64 4358
68 65 4614
68 66 4614
68 67 4870
68 68 4630
68 69 4886
68 70 4886
68 71 5142
68 72 4902
68 73 5158
68 74 5158
68 75 5414
68 76 5174
68 77 5430
68 78 5430
68 79 5686
68 80 5446
68 81 5702
68 82 5702
68 83 5958
68 84 5718
68 85 5974
68 86 5974
68 87 6230
68 88 5990
68 89 6246
68 90 6246
68 91 6502
68 92 6262
68 93 6518
68 94 6518
68 95 6774
68 96 6662
68 97 6918
68 98 6918
68 99 7174
68 100 6934
68 101 7190
68 102 7190
68 103 7446
68 104 7206
68 105 7462
68 106 7462
68 107 7718
68 108 7478
68 109 7734
68 110 7734
68 111 7990
68 112 7750
68 113 8006
68 114 8006
68 115 8262
68 116 8022
68 117 8278
68 118 8278
68 119 8534
68 120 8294
68 121 8550
68 122 8550
68 123 8806
68 124 8566
68 125 8822
68 126 8822
68 127 9078
68 128 8710
68 129 8966
68 130 8966
68 131 9222
68 132 8982
68 133 9238
68 134 9238
68 135 9494
68 136 9254
68 137 9510
68 138 9510
68 139 9766
68 140 9526
68 141 9782
68 142 9782
68 143 10038
68 144 9798
68 145 10054
68 146 10054
68 147 10310
68 148 10070
68 149 10326
68 150 10326
68 151 10582
68 152 10342
68 153 10598
68 154 10598
68 155 10854
68 156 10614
68 157 10870
68 158 10870
68 159 11126
68 160 11014
68 161 11270
68 162 11270
68 163 11526
68 164 11286
68 165 11542
68 166 11542
68 167 11798
68 168 11558
68 169 11814
68 170 11814
68 171 12070
68 172 11830
68 173 12086
68 174 12086
68 175 12342
68 176 12102
68 177 12358
68 178 12358
68 179 12614
68 180 12374
68 181 12630
68 182 12630
68 183 12886
68 184 12646
68 185 12902
68 186 12902
68 187 13158
68 188 12918
68 189 13174
68 190 13174
68 191 13430
68 192 13062
68 193 13318
68 194 13318
68 195 13574
68 196 13334
68 197 13590
68 198 13590
68 199 13846
68 200 13606
68 201 13862
68 202 13862
68 203 14118
68 204 13878
68 205 14134
68 206 14134
68 207 14390
68 208 14150
68 209 14406
68 210 14406
68 211 14662
68 212 14422
68 213 14678
68 214 14678
68 215 14934
68 216 14694
68 217 14950
68 218 14950
68 219 15206
68 220 14966
68 221 15222
68 222 15222
68 223 15478
68 224 15366
68 225 15622
68 226 15622
68 227 15878
68 228 15638
68 229 15894
68 230 15894
68 231 16150
68 232 15910
68 233 16166
68 234 16166
68 235 16422
68 236 16182
68 237 16438
68 238 16438
68 239 16694
68 240 16454
68 241 16710
68 242 16710
68 243 16966
68 244 16726
68 245 16982
68 246 16982
68 247 17238
68 248 16998
68 249 17254
68 250 17254
68 251 17510
68 252 17270
68 253 17526
68 254 17526
68 255 17782
69 0 6
69 1 262
69 2 262
69 3 518
69 4 278
69 5 534
69 6 534
69 7 790
69 8 550
69 9 806
69 10 806
69 11 1062
69 12 822
69 13 1078
69 14 1078
69 15 1334
69 16 1110
69 17 1366
69 18 1366
69 19 1622
69 20 1382
69 21 1638
69 22 1638
69 23 1894
69 24 1654
69 25 1910
69 26 1910
69 27 2166
69 28 1926
69 29 2182
69 30 2182
69 31 2438
69 32 2342
69 33 2598
69 34 2598
69 35 2854
69 36 2614
69 37 2870
69 38 2870
69 39 3126
69 40 2886
69 41 3142
69 42 3142
69 43 3398
69 44 3158
69 45 3414
69 46 3414
69 47 3670
69 48 3446
69 49 3702
69 50 3702
69 51 3958
69 52 3718
69 53 3974
69 54 3974
69 55 4230
69 56 3990
69 57 4246
69 58 4246
69 59 4502
69 60 4262
69 61 4518
69 62 4518
69 63 4774
69 64 4422
69 65 4678
69 66 4678
69 67 4934
69 68 4694
69 69 4950
69 70 4950
69 71 5206
69 72 4966
69 73 5222
69 74 5222
69 75 5478
69 76 5238
69 77 5494
69 78 5494
69 79 5750
69 80 5654
69 81 5654
69 82 5910
69 83 5910
69 84 5926
69 85 5926
69 86 6182
69 87 6182
69 88 6198
69 89 6198
69 90 6454
69 91 6454
69 92 6470
69 93 6470
69 94 6726
69 95 6726
69 96 6758
69 97 7014
69 98 7014
69 99 7270
69 100 7030
69 101 7286
69 102 7286
69 103 7542
69 104 7302
69 105 7558
69 106 7558
69 107 7814
69 108 7574
69 109 7830
69 110 7830
69 111 8086
69 112 7990
69 113 7990
69 114 8246
69 115 8246
69 116 8262
69 117 8262
69 118 8518
69 119 8518
69 120 8534
69 121 8534
69 122 8790
69 123 8790
69 124 8806
69 125 8806
69 126 9062
69 127 9062
69 128 8838
69 129 8966
69 130 9094
69 131 9222
69 132 9110
69 133 9238
69 134 9366
69 135 9494
69 136 9382
69 137 9510
69 138 9638
69 139 9766
69 140 9654
69 141 9782
69 142 9910
69 143 10038
69 144 9942
69 145 10070
69 146 10198
69 147 10326
69 148 10214
69 149 10342
69 150 10470
69 151 10598
69 152 10486
69 153 10614
69 154 10742
69 155 10870
69 156 10758
69 157 10886
69 158 11014
69 159 11142
69 160 11046
69 161 11302
69 162 11302
69 163 11558
69 164 11318
69 165 11574
69 166 11574
69 167 11830
69 168 11590
69 169 11846
69 170 11846
69 171 12102
69 172 11862
69 173 12118
69 174 12118
69 175 12374
69 176 12150
69 177 12406
69 178 12406
69 179 12662
69 180 12422
69 181 12678
69 182 12678
69 183 12934
69 184 12694
69 185 12950
69 186 12950
69 187 13206
69 188 12966
69 189 13222
69 190 13222
69 191 13478
69 192 13254
69 193 13382
69 194 13510
69 195 13638
69 196 13526
69 197 13654
69 198 13782
69 199 13910
69 200 13798
69 201 13926
69 202 14054
69 203 14182
69 204 14070
69 205 14198
69 206 14326
69 207 14454
69 208 14358
69 209 14486
69 210 14614
69 211 14742
69 212 14630
69 213 14758
69 214 14886
69 215 15014
69 216 14902
69 217 15030
69 218 15158
69 219 15286
69 220 15174
69 221 15302
69 222 15430
69 223 15558
69 224 15462
69 225 15718
69 226 15718
69 227 15974
69 228 15734
69 229 15990
69 230 15990
69 231 16246
69 232 16006
69 233 16262
69 234 16262
69 235 16518
69 236 16278
69 237 16534
69 238 16534
69 239 16790
69 240 16694
69 241 16694
69 242 16950
69 243 16950
69 244 16966
69 245 16966
69 246 17222
69 247 17222
69 248 17238
69 249 17238
69 250 17494
69 251 17494
69 252 17510
69 253 17510
69 254 17766
69 255 17766
70 0 6
70 1 262
70 2 262
70 3 518
70 4 278
70 5 534
70 6 534
70 7 790
70 8 566
70 9 822
70 10 822
70 11 1078
70 12 822
70 13 1078
70 14 1078
70 15 1334
70 16 1126
70 17 1382
70 18 1382
70 19 1638
70 20 1398
70 21 1654
70 22 1654
70 23 1910
70 24 1686
70 25 1942
70 26 1942
70 27 2198
70 28 1942
70 29 2198
70 30 2198
70 31 2454
70 32 2374
70 33 2630
70 34 2630
70 35 2886
70 36 2646
70 37 2902
70 38 2902
70 39 3158
70 40 2934
70 41 3190
70 42 3190
70 43 3446
70 44 3190
70 45 3446
70 46 3446
70 47 3702
70 48 3622
70 49 3622
70 50 3878
70 51 3878
70 52 3894
70 53 3894
70 54 4150
70 55 4150
70 56 4182
70 57 4182
70 58 4438
70 59 4438
70 60 4438
70 61 4438
70 62 4694
70 63 4694
70 64 4486
70 65 4614
70 66 4742
70 67 4870
70 68 4758
70 69 4886
70 70 5014
70 71 5142
70 72 5046
70 73 5174
70 74 5302
70 75 5430
70 76 5302
70 77 5430
70 78 5558
70 79 5686
70 80 5606
70 81 5734
70 82 5862
70 83 5990
70 84 5878
70 85 6006
70 86 6134
70 87 6262
70 88 6166
70 89 6294
70 90 6422
70 91 6550
70 92 6422
70 93 6550
70 94 6678
70 95 6806
70 96 6726
70 97 6982
70 98 6982
70 99 7238
70 100 6998
70 101 7254
70 102 7254
70 103 7510
70 104 7286
70 105 7542
70 106 7542
70 107 7798
70 108 7542
70 109 7798
70 110 7798
70 111 8054
70 112 7974
70 113 7974
70 114 8230
70 115 8230
70 116 8246
70 117 8246
70 118 8502
70 119 8502
70 120 8534
70 121 8534
70 122 8790
70 123 8790
70 124 8790
70 125 8790
70 126 9046
70 127 9046
70 128 8966
70 129 9222
70 130 9222
70 131 9478
70 132 9238
70 133 9494
70 134 9494
70 135 9750
70 136 9526
70 137 9782
70 138 9782
70 139 10038
70 140 9782
70 141 10038
70 142 10038
70 143 10294
70 144 10086
70 145 10342
70 146 10342
70 147 10598
70 148 10358
70 149 10614
70 150 10614
70 151 10870
70 152 10646
70 153 10902
70 154 10902
70 155 11158
70 156 10902
70 157 11158
70 158 11158
70 159 11414
70 160 11334
70 161 11590
70 162 11590
70 163 11846
70 164 11606
70 165 11862
70 166 11862
70 167 12118
70 168 11894
70 169 12150
70 170 12150
70 171 12406
70 172 12150
70 173 12406
70 174 12406
70 175 12662
70 176 12582
70 177 12582
70 178 12838
70 179 12838
70 180 12854
70 181 12854
70 182 13110
70 183 13110
70 184 13142
70 185 13142
70 186 13398
70 187 13398
70 188 13398
70 189 13398
70 190 13654
70 191 13654
70 192 13446
70 193 13574
70 194 13702
70 195 13830
70 196 13718
70 197 13846
70 198 13974
70 199 14102
70 200 14006
70 201 14134
70 202 14262
70 203 14390
70 204 14262
70 205 14390
70 206 14518
70 207 14646
70 208 14566
70 209 14694
70 210 14822
70 211 14950
70 212 14838
70 213 14966
70 214 15094
70 215 15222
70 216 15126
70 217 15254
70 218 15382
70 219 15510
70 220 15382
70 221 15510
70 222 15638
70 223 15766
70 224 15686
70 225 15942
70 226 15942
70 227 16198
70 228 15958
70 229 16214
70 230 16214
70 231 16470
70 232 16246
70 233 16502
70 234 16502
70 235 16758
70 236 16502
70 237 16758
70 238 16758
70 239 17014
70 240 16934
70 241 16934
70 242 17190
70 243 17190
70 244 17206
70 245 17206
70 246 17462
70 247 17462
70 248 17494
70 249 17494
70 250 17750
70 251 17750
70 252 17750
70 253 17750
70 254 18006
70 255 18006
71 0 6
71 1 262
71 2 262
71 3 518
71 4 278
71 5 534
71 6 534
71 7 790
71 8 566
71 9 822
71 10 822
71 11 1078
71 12 822
71 13 1078
71 14 1078
71 15 1334
71 16 1142
71 17 1398
71 18 1398
71 19 1654
71 20 1414
71 21 1670
71 22 1670
71 23 1926
71 24 1702
71 25 1958
71 26 1958
71 27 2214
71 28 1958
71 29 2214
71 30 2214
71 31 2470
71 32 2406
71 33 2662
71 34 2662
71 35 2918
71 36 2678
71 37 2934
71 38 2934
71 39 3190
71 40 2966
71 41 3222
71 42 3222
71 43 3478
71 44 3222
71 45 3478
71 46 3478
71 47 3734
71 48 3734
71 49 3734
71 50 3990
71 51 3990
71 52 4006
71 53 4006
71 54 4262
71 55 4262
71 56 4294
71 57 4294
71 58 4550
71 59 4550
71 60 4550
71 61 4550
71 62 4806
71 63 4806
71 64 4550
71 65 4678
71 66 4806
71 67 4934
71 68 4822
71 69 4950
71 70 5078
71 71 5206
71 72 5110
71 73 5238
71 74 5366
71 75 5494
71 76 5366
71 77 5494
71 78 5622
71 79 5750
71 80 5686
71 81 5814
71 82 5942
71 83 6070
71 84 5958
71 85 6086
71 86 6214
71 87 6342
71 88 6246
71 89 6374
71 90 6502
71 91 6630
71 92 6502
71 93 6630
71 94 6758
71 95 6886
71 96 6950
71 97 6950
71 98 7206
71 99 7206
71 100 7222
71 101 7222
71 102 7478
71 103 7478
71 104 7510
71 105 7510
71 106 7766
71 107 7766
71 108 7766
71 109 7766
71 110 8022
71 111 8022
71 112 8086
71 113 8086
71 114 8342
71 115 8342
71 116 8358
71 117 8358
71 118 8614
71 119 8614
71 120 8646
71 121 8646
71 122 8902
71 123 8902
71 124 8902
71 125 8902
71 126 9158
71 127 9158
71 128 9094
71 129 9222
71 130 9350
71 131 9478
71 132 9366
71 133 9494
71 134 9622
71 135 9750
71 136 9654
71 137 9782
71 138 9910
71 139 10038
71 140 9910
71 141 10038
71 142 10166
71 143 10294
71 144 10230
71 145 10358
71 146 10486
71 147 10614
71 148 10502
71 149 10630
71 150 10758
71 151 10886
71 152 10790
71 153 10918
71 154 11046
71 155 11174
71 156 11046
71 157 11174
71 158 11302
71 159 11430
71 160 11366
71 161 11622
71 162 11622
71 163 11878
71 164 11638
71 165 11894
71 166 11894
71 167 12150
71 168 11926
71 169 12182
71 170 12182
71 171 12438
71 172 12182
71 173 12438
71 174 12438
71 175 12694
71 176 12694
71 177 12694
71 178 12950
71 179 12950
71 180 12966
71 181 12966
71 182 13222
71 183 13222
71 184 13254
71 185 13254
71 186 13510
71 187 13510
71 188 13510
71 189 13510
71 190 13766
71 191 13766
71 192 13510
71 193 13638
71 194 13766
71 195 13894
71 196 13782
71 197 13910
71 198 14038
71 199 14166
71 200 14070
71 201 14198
71 202 14326
71 203 14454
71 204 14326
71 205 14454
71 206 14582
71 207 14710
71 208 14646
71 209 14774
71 210 14902
71 211 15030
71 212 14918
71 213 15046
71 214 15174
71 215 15302
71 216 15206
71 217 15334
71 218 15462
71 219 15590
71 220 15462
71 221 15590
71 222 15718
71 223 15846
71 224 15910
71 225 15910
71 226 16166
71 227 16166
71 228 16182
71 229 16182
71 230 16438
71 231 16438
71 232 16470
71 233 16470
71 234 16726
71 235 16726
71 236 16726
71 237 16726
71 238 16982
71 239 16982
71 240 17046
71 241 17046
71 242 17302
71 243 17302
71 244 17318
71 245 17318
71 246 17574
71 247 17574
71 248 17606
71 249 17606
71 250 17862
71 251 17862
71 252 17862
71 253 17862
71 254 18118
71 255 18118
72 0 6
72 1 262
72 2 294
72 3 550
72 4 294
72 5 550
72 6 582
72 7 838
72 8 582
72 9 774
72 10 870
72 11 1062
72 12 870
72 13 1062
72 14 1158
72 15 1350
72 16 1286
72 17 1542
72 18 1574
72 19 1830
72 20 1574
72 21 1830
72 22 1862
72 23 2118
72 24 1862
72 25 2054
72 26 2150
72 27 2342
72 28 2150
72 29 2342
72 30 2438
72 31 2630
72 32 2310
72 33 2566
72 34 2598
72 35 2854
72 36 2598
72 37 2854
72 38 2886
72 39 3142
72 40 2886
72 41 3078
72 42 3174
72 43 3366
72 44 3174
72 45 3366
72 46 3462
72 47 3654
72 48 3590
72 49 3846
72 50 3878
72 51 4134
72 52 3878
72 53 4134
72 54 4166
72 55 4422
72 56 4166
72 57 4358
72 58 4454
72 59 4646
72 60 4454
72 61 4646
72 62 4742
72 63 4934
72 64 4614
72 65 4870
72 66 4902
72 67 5158
72 68 4902
72 69 5158
72 70 5190
72 71 5446
72 72 5190
72 73 5382
72 74 5478
72 75 5670
72 76 5478
72 77 5670
72 78 5766
72 79 5958
72 80 5894
72 81 6150
72 82 6182
72 83 6438
72 84 6182
72 85 6438
72 86 6470
72 87 6726
72 88 6470
72 89 6662
72 90 6758
72 91 6950
72 92 6758
72 93 6950
72 94 7046
72 95 7238
72 96 6918
72 97 7174
72 98 7206
72 99 7462
72 100 7206
72 101 7462
72 102 7494
72 103 7750
72 104 7494
72 105 7686
72 106 7782
72 107 7974
72 108 7782
72 109 7974
72 110 8070
72 111 8262
72 112 8198
72 113 8454
72 114 8486
72 115 8742
72 116 8486
72 117 8742
72 118 8774
72 119 9030
72 120 8774
72 121 8966
72 122 9062
72 123 9254
72 124 9062
72 125 9254
72 126 9350
72 127 9542
72 128 9222
72 129 9478
72 130 9510
72 131 9766
72 132 9510
72 133 9766
72 134 9798
72 135 10054
72 136 9798
72 137 9990
72 138 10086
72 139 10278
72 140 10086
72 141 10278
72 142 10374
72 143 10566
72 144 10502
72 145 10758
72 146 10790
72 147 11046
72 148 10790
72 149 11046
72 150 11078
72 151 11334
72 152 11078
72 153 11270
72 154 11366
72 155 11558
72 156 11366
72 157 11558
72 158 11654
72 159 11846
72 160 11526
72 161 11782
72 162 11814
72 163 12070
72 164 11814
72 165 12070
72 166 12102
72 167 12358
72 168 12102
72 169 12294
72 170 12390
72 171 12582
72 172 12390
72 173 12582
72 174 12678
72 175 12870
72 176 12806
72 177 13062
72 178 13094
72 179 13350
72 180 13094
72 181 13350
72 182 13382
72 183 13638
72 184 13382
72 185 13574
72 186 13670
72 187 13862
72 188 13670
72 189 13862
72 190 13958
72 191 14150
72 192 13830
72 193 14086
72 194 14118
72 195 14374
72 196 14118
72 197 14374
72 198 14406
72 199 14662
72 200 14406
72 201 14598
72 202 14694
72 203 14886
72 204 14694
72 205 14886
72 206 14982
72 207 15174
72 208 15110
72 209 15366
72 210 15398
72 211 15654
72 212 15398
72 213 15654
72 214 15686
72 215 15942
72 216 15686
72 217 15878
72 218 15974
72 219 16166
72 220 15974
72 221 16166
72 222 16262
72 223 16454
72 224 16134
72 225 16390
72 226 16422
72 227 16678
72 228 16422
72 229 16678
72 230 16710
72 231 16966
72 232 16710
72 233 16902
72 234 16998
72 235 17190
72 236 16998
72 237 17190
72 238 17286
72 239 17478
72 240 17414
72 241 17670
72 242 17702
72 243 17958
72 244 17702
72 245 17958
72 246 17990
72 247 18246
72 248 17990
72 249 18182
72 250 18278
72 251 18470
72 252 18278
72 253 18470
72 254 18566
72 255 18758
73 0 6
73 1 262
73 2 294
73 3 550
73 4 294
73 5 550
73 6 582
73 7 838
73 8 582
73 9 774
73 10 870
73 11 1062
73 12 870
73 13 1062
73 14 1158
73 15 1350
73 16 1302
73 17 1558
73 18 1590
73 19 1846
73 20 1590
73 21 1846
73 22 1878
73 23 2134
73 24 1878
73 25 2070
73 26 2166
73 27 2358
73 28 2166
73 29 2358
73 30 2454
73 31 2646
73 32 2342
73 33 2598
73 34 2630
73 35 2886
73 36 2630
73 37 2886
73 38 2918
73 39 3174
73 40 2918
73 41 3110
73 42 3206
73 43 3398
73 44 3206
73 45 3398
73 46 3494
73 47 3686
73 48 3638
73 49 3894
73 50 3926
73 51 4182
73 52 3926
73 53 4182
73 54 4214
73 55 4470
73 56 4214
73 57 4406
73 58 4502
73 59 4694
73 60 4502
73 61 4694
73 62 4790
73 63 4982
73 64 4678
73 65 4934
73 66 4966
73 67 5222
73 68 4966
73 69 5222
73 70 5254
73 71 5510
73 72 5190
73 73 5446
73 74 5478
73 75 5734
73 76 5478
73 77 5734
73 78 5766
73 79 6022
73 80 5974
73 81 6230
73 82 6262
73 83 6518
73 84 6262
73 85 6518
73 86 6550
73 87 6806
73 88 6486
73 89 6742
73 90 6774
73 91 7030
73 92 6774
73 93 7030
73 94 7062
73 95 7318
73 96 7014
73 97 7270
73 98 7302
73 99 7558
73 100 7302
73 101 7558
73 102 7590
73 103 7846
73 104 7526
73 105 7782
73 106 7814
73 107 8070
73 108 7814
73 109 8070
73 110 8102
73 111 8358
73 112 8310
73 113 8566
73 114 8598
73 115 8854
73 116 8598
73 117 8854
73 118 8886
73 119 9142
73 120 8822
73 121 9078
73 122 9110
73 123 9366
73 124 9110
73 125 9366
73 126 9398
73 127 9654
73 128 9350
73 129 9478
73 130 9638
73 131 9766
73 132 9638
73 133 9766
73 134 9926
73 135 10054
73 136 9926
73 137 9990
73 138 10214
73 139 10278
73 140 10214
73 141 10278
73 142 10502
73 143 10566
73 144 10518
73 145 10774
73 146 10806
73 147 11062
73 148 10806
73 149 11062
73 150 11094
73 151 11350
73 152 11094
73 153 11286
73 154 11382
73 155 11574
73 156 11382
73 157 11574
73 158 11670
73 159 11862
73 160 11686
73 161 11814
73 162 11974
73 163 12102
73 164 11974
73 165 12102
73 166 12262
73 167 12390
73 168 12262
73 169 12326
73 170 12550
73 171 12614
73 172 12550
73 173 12614
73 174 12838
73 175 12902
73 176 12854
73 177 13110
73 178 13142
73 179 13398
73 180 13142
73 181 13398
73 182 13430
73 183 13686
73 184 13430
73 185 13622
73 186 13718
73 187 13910
73 188 13718
73 189 13910
73 190 14006
73 191 14198
73 192 14022
73 193 14150
73 194 14310
73 195 14438
73 196 14310
73 197 14438
73 198 14598
73 199 14726
73 200 14534
73 201 14662
73 202 14822
73 203 14950
73 204 14822
73 205 14950
73 206 15110
73 207 15238
73 208 15190
73 209 15446
73 210 15478
73 211 15734
73 212 15478
73 213 15734
73 214 15766
73 215 16022
73 216 15702
73 217 15958
73 218 15990
73 219 16246
73 220 15990
73 221 16246
73 222 16278
73 223 16534
73 224 16358
73 225 16486
73 226 16646
73 227 16774
73 228 16646
73 229 16774
73 230 16934
73 231 17062
73 232 16870
73 233 16998
73 234 17158
73 235 17286
73 236 17158
73 237 17286
73 238 17446
73 239 17574
73 240 17526
73 241 17782
73 242 17814
73 243 18070
73 244 17814
73 245 18070
73 246 18102
73 247 18358
73 248 18038
73 249 18294
73 250 18326
73 251 18582
73 252 18326
73 253 18582
73 254 18614
73 255 18870
74 0 6
74 1 262
74 2 294
74 3 550
74 4 294
74 5 550
74 6 582
74 7 838
74 8 598
74 9 790
74 10 870
74 11 1062
74 12 886
74 13 1078
74 14 1158
74 15 1350
74 16 1318
74 17 1574
74 18 1606
74 19 1862
74 20 1606
74 21 1862
74 22 1894
74 23 2150
74 24 1910
74 25 2102
74 26 2182
74 27 2374
74 28 2198
74 29 2390
74 30 2470
74 31 2662
74 32 2374
74 33 2630
74 34 2662
74 35 2918
74 36 2662
74 37 2918
74 38 2950
74 39 3206
74 40 2902
74 41 3158
74 42 3174
74 43 3430
74 44 3190
74 45 3446
74 46 3462
74 47 3718
74 48 3686
74 49 3942
74 50 3974
74 51 4230
74 52 3974
74 53 4230
74 54 4262
74 55 4518
74 56 4214
74 57 4470
74 58 4486
74 59 4742
74 60 4502
74 61 4758
74 62 4774
74 63 5030
74 64 4742
74 65 4870
74 66 5030
74 67 5158
74 68 5030
74 69 5158
74 70 5318
74 71 5446
74 72 5334
74 73 5398
74 74 5606
74 75 5670
74 76 5622
74 77 5686
74 78 5894
74 79 5958
74 80 5926
74 81 6182
74 82 6214
74 83 6470
74 84 6214
74 85 6470
74 86 6502
74 87 6758
74 88 6518
74 89 6710
74 90 6790
74 91 6982
74 92 6806
74 93 6998
74 94 7078
74 95 7270
74 96 7110
74 97 7238
74 98 7398
74 99 7526
74 100 7398
74 101 7526
74 102 7686
74 103 7814
74 104 7638
74 105 7766
74 106 7910
74 107 8038
74 108 7926
74 109 8054
74 110 8198
74 111 8326
74 112 8294
74 113 8550
74 114 8582
74 115 8838
74 116 8582
74 117 8838
74 118 8870
74 119 9126
74 120 8822
74 121 9078
74 122 9094
74 123 9350
74 124 9110
74 125 9366
74 126 9382
74 127 9638
74 128 9478
74 129 9734
74 130 9766
74 131 10022
74 132 9766
74 133 10022
74 134 10054
74 135 10310
74 136 10070
74 137 10262
74 138 10342
74 139 10534
74 140 10358
74 141 10550
74 142 10630
74 143 10822
74 144 10790
74 145 11046
74 146 11078
74 147 11334
74 148 11078
74 149 11334
74 150 11366
74 151 11622
74 152 11382
74 153 11574
74 154 11654
74 155 11846
74 156 11670
74 157 11862
74 158 11942
74 159 12134
74 160 11846
74 161 12102
74 162 12134
74 163 12390
74 164 12134
74 165 12390
74 166 12422
74 167 12678
74 168 12374
74 169 12630
74 170 12646
74 171 12902
74 172 12662
74 173 12918
74 174 12934
74 175 13190
74 176 13158
74 177 13414
74 178 13446
74 179 13702
74 180 13446
74 181 13702
74 182 13734
74 183 13990
74 184 13686
74 185 13942
74 186 13958
74 187 14214
74 188 13974
74 189 14230
74 190 14246
74 191 14502
74 192 14214
74 193 14342
74 194 14502
74 195 14630
74 196 14502
74 197 14630
74 198 14790
74 199 14918
74 200 14806
74 201 14870
74 202 15078
74 203 15142
74 204 15094
74 205 15158
74 206 15366
74 207 15430
74 208 15398
74 209 15654
74 210 15686
74 211 15942
74 212 15686
74 213 15942
74 214 15974
74 215 16230
74 216 15990
74 217 16182
74 218 16262
74 219 16454
74 220 16278
74 221 16470
74 222 16550
74 223 16742
74 224 16582
74 225 16710
74 226 16870
74 227 16998
74 228 16870
74 229 16998
74 230 17158
74 231 17286
74 232 17110
74 233 17238
74 234 17382
74 235 17510
74 236 17398
74 237 17526
74 238 17670
74 239 17798
74 240 17766
74 241 18022
74 242 18054
74 243 18310
74 244 18054
74 245 18310
74 246 18342
74 247 18598
74 248 18294
74 249 18550
74 250 18566
74 251 18822
74 252 18582
74 253 18838
74 254 18854
74 255 19110
75 0 6
75 1 262
75 2 294
75 3 550
75 4 294
75 5 550
75 6 582
75 7 838
75 8 598
75 9 790
75 10 870
75 11 1062
75 12 886
75 13 1078
75 14 1158
75 15 1350
75 16 1334
75 17 1590
75 18 1622
75 19 1878
75 20 1622
75 21 1878
75 22 1910
75 23 2166
75 24 1926
75 25 2118
75 26 2198
75 27 2390
75 28 2214
75 29 2406
75 30 2486
75 31 2678
75 32 2406
75 33 2662
75 34 2694
75 35 2950
75 36 2694
75 37 2950
75 38 2982
75 39 3238
75 40 2934
75 41 3190
75 42 3206
75 43 3462
75 44 3222
75 45 3478
75 46 3494
75 47 3750
75 48 3734
75 49 3990
75 50 4022
75 51 4278
75 52 4022
75 53 4278
75 54 4310
75 55 4566
75 56 4262
75 57 4518
75 58 4534
75 59 4790
75 60 4550
75 61 4806
75 62 4822
75 63 5078
75 64 4806
75 65 4934
75 66 5094
75 67 5222
75 68 5094
75 69 5222
75 70 5382
75 71 5510
75 72 5334
75 73 5462
75 74 5606
75 75 5734
75 76 5622
75 77 5750
75 78 5894
75 79 6022
75 80 6006
75 81 6262
75 82 6294
75 83 6550
75 84 6294
75 85 6550
75 86 6582
75 87 6838
75 88 6534
75 89 6790
75 90 6806
75 91 7062
75 92 6822
75 93 7078
75 94 7094
75 95 7350
75 96 7206
75 97 7334
75 98 7494
75 99 7622
75 100 7494
75 101 7622
75 102 7782
75 103 7910
75 104 7798
75 105 7862
75 106 8070
75 107 8134
75 108 8086
75 109 8150
75 110 8358
75 111 8422
75 112 8598
75 113 8598
75 114 8886
75 115 8886
75 116 8886
75 117 8886
75 118 9174
75 119 9174
75 120 9126
75 121 9126
75 122 9398
75 123 9398
75 124 9414
75 125 9414
75 126 9686
75 127 9686
75 128 9606
75 129 9734
75 130 9894
75 131 10022
75 132 9894
75 133 10022
75 134 10182
75 135 10310
75 136 10198
75 137 10262
75 138 10470
75 139 10534
75 140 10486
75 141 10550
75 142 10758
75 143 10822
75 144 10806
75 145 11062
75 146 11094
75 147 11350
75 148 11094
75 149 11350
75 150 11382
75 151 11638
75 152 11398
75 153 11590
75 154 11670
75 155 11862
75 156 11686
75 157 11878
75 158 11958
75 159 12150
75 160 12006
75 161 12134
75 162 12294
75 163 12422
75 164 12294
75 165 12422
75 166 12582
75 167 12710
75 168 12534
75 169 12662
75 170 12806
75 171 12934
75 172 12822
75 173 12950
75 174 13094
75 175 13222
75 176 13206
75 177 13462
75 178 13494
75 179 13750
75 180 13494
75 181 13750
75 182 13782
75 183 14038
75 184 13734
75 185 13990
75 186 14006
75 187 14262
75 188 14022
75 189 14278
75 190 14294
75 191 14550
75 192 14278
75 193 14406
75 194 14566
75 195 14694
75 196 14566
75 197 14694
75 198 14854
75 199 14982
75 200 14806
75 201 14934
75 202 15078
75 203 15206
75 204 15094
75 205 15222
75 206 15366
75 207 15494
75 208 15478
75 209 15734
75 210 15766
75 211 16022
75 212 15766
75 213 16022
75 214 16054
75 215 16310
75 216 16006
75 217 16262
75 218 16278
75 219 16534
75 220 16294
75 221 16550
75 222 16566
75 223 16822
75 224 16678
75 225 16806
75 226 16966
75 227 17094
75 228 16966
75 229 17094
75 230 17254
75 231 17382
75 232 17270
75 233 17334
75 234 17542
75 235 17606
75 236 17558
75 237 17622
75 238 17830
75 239 17894
75 240 18070
75 241 18070
75 242 18358
75 243 18358
75 244 18358
75 245 18358
75 246 18646
75 247 18646
75 248 18598
75 249 18598
75 250 18870
75 251 18870
75 252 18886
75 253 18886
75 254 19158
75 255 19158
76 0 6
76 1 262
76 2 294
76 3 550
76 4 310
76 5 566
76 6 582
76 7 838
76 8 614
76 9 806
76 10 902
76 11 1094
76 12 886
76 13 1078
76 14 1158
76 15 1350
76 16 1350
76 17 1606
76 18 1638
76 19 1894
76 20 1654
76 21 1910
76 22 1926
76 23 2182
76 24 1894
76 25 2150
76 26 2182
76 27 2438
76 28 2166
76 29 2422
76 30 2438
76 31 2694
76 32 2566
76 33 2822
76 34 2854
76 35 3110
76 36 2870
76 37 3126
76 38 3142
76 39 3398
76 40 3174
76 41 3366
76 42 3462
76 43 3654
76 44 3446
76 45 3638
76 46 3718
76 47 3910
76 48 3654
76 49 3910
76 50 3942
76 51 4198
76 52 3958
76 53 4214
76 54 4230
76 55 4486
76 56 4198
76 57 4454
76 58 4486
76 59 4742
76 60 4470
76 61 4726
76 62 4742
76 63 4998
76 64 4870
76 65 5126
76 66 5158
76 67 5414
76 68 5174
76 69 5430
76 70 5446
76 71 5702
76 72 5478
76 73 5670
76 74 5766
76 75 5958
76 76 5750
76 77 5942
76 78 6022
76 79 6214
76 80 6214
76 81 6470
76 82 6502
76 83 6758
76 84 6518
76 85 6774
76 86 6790
76 87 7046
76 88 6758
76 89 7014
76 90 7046
76 91 7302
76 92 7030
76 93 7286
76 94 7302
76 95 7558
76 96 7430
76 97 7686
76 98 7718
76 99 7974
76 100 7734
76 101 7990
76 102 8006
76 103 8262
76 104 8038
76 105 8230
76 106 8326
76 107 8518
76 108 8310
76 109 8502
76 110 8582
76 111 8774
76 112 8518
76 113 8774
76 114 8806
76 115 9062
76 116 8822
76 117 9078
76 118 9094
76 119 9350
76 120 9062
76 121 9318
76 122 9350
76 123 9606
76 124 9334
76 125 9590
76 126 9606
76 127 9862
76 128 9734
76 129 9990
76 130 10022
76 131 10278
76 132 10038
76 133 10294
76 134 10310
76 135 10566
76 136 10342
76 137 10534
76 138 10630
76 139 10822
76 140 10614
76 141 10806
76 142 10886
76 143 11078
76 144 11078
76 145 11334
76 146 11366
76 147 11622
76 148 11382
76 149 11638
76 150 11654
76 151 11910
76 152 11622
76 153 11878
76 154 11910
76 155 12166
76 156 11894
76 157 12150
76 158 12166
76 159 12422
76 160 12294
76 161 12550
76 162 12582
76 163 12838
76 164 12598
76 165 12854
76 166 12870
76 167 13126
76 168 12902
76 169 13094
76 170 13190
76 171 13382
76 172 13174
76 173 13366
76 174 13446
76 175 13638
76 176 13382
76 177 13638
76 178 13670
76 179 13926
76 180 13686
76 181 13942
76 182 13958
76 183 14214
76 184 13926
76 185 14182
76 186 14214
76 187 14470
76 188 14198
76 189 14454
76 190 14470
76 191 14726
76 192 14598
76 193 14854
76 194 14886
76 195 15142
76 196 14902
76 197 15158
76 198 15174
76 199 15430
76 200 15206
76 201 15398
76 202 15494
76 203 15686
76 204 15478
76 205 15670
76 206 15750
76 207 15942
76 208 15942
76 209 16198
76 210 16230
76 211 16486
76 212 16246
76 213 16502
76 214 16518
76 215 16774
76 216 16486
76 217 16742
76 218 16774
76 219 17030
76 220 16758
76 221 17014
76 222 17030
76 223 17286
76 224 17158
76 225 17414
76 226 17446
76 227 17702
76 228 17462
76 229 17718
76 230 17734
76 231 17990
76 232 17766
76 233 17958
76 234 18054
76 235 18246
76 236 18038
76 237 18230
76 238 18310
76 239 18502
76 240 18246
76 241 18502
76 242 18534
76 243 18790
76 244 18550
76 245 18806
76 246 18822
76 247 19078
76 248 18790
76 249 19046
76 250 19078
76 251 19334
76 252 19062
76 253 19318
76 254 19334
76 255 19590
77 0 6
77 1 262
77 2 294
77 3 550
77 4 310
77 5 566
77 6 582
77 7 838
77 8 614
77 9 806
77 10 902
77 11 1094
77 12 886
77 13 1078
77 14 1158
77 15 1350
77 16 1366
77 17 1622
77 18 1654
77 19 1910
77 20 1670
77 21 1926
77 22 1942
77 23 2198
77 24 1910
77 25 2166
77 26 2198
77 27 2454
77 28 2182
77 29 2438
77 30 2454
77 31 2710
77 32 2598
77 33 2854
77 34 2886
77 35 3142
77 36 2902
77 37 3158
77 38 3174
77 39 3430
77 40 3206
77 41 3398
77 42 3494
77 43 3686
77 44 3478
77 45 3670
77 46 3750
77 47 3942
77 48 3702
77 49 3958
77 50 3990
77 51 4246
77 52 4006
77 53 4262
77 54 4278
77 55 4534
77 56 4246
77 57 4502
77 58 4534
77 59 4790
77 60 4518
77 61 4774
77 62 4790
77 63 5046
77 64 4934
77 65 5190
77 66 5222
77 67 5478
77 68 5238
77 69 5494
77 70 5510
77 71 5766
77 72 5478
77 73 5734
77 74 5766
77 75 6022
77 76 5750
77 77 6006
77 78 6022
77 79 6278
77 80 6422
77 81 6422
77 82 6710
77 83 6710
77 84 6726
77 85 6726
77 86 6998
77 87 6998
77 88 7030
77 89 6966
77 90 7318
77 91 7254
77 92 7302
77 93 7238
77 94 7574
77 95 7510
77 96 7526
77 97 7782
77 98 7814
77 99 8070
77 100 7830
77 101 8086
77 102 8102
77 103 8358
77 104 8070
77 105 8326
77 106 8358
77 107 8614
77 108 8342
77 109 8598
77 110 8614
77 111 8870
77 112 8758
77 113 8758
77 114 9046
77 115 9046
77 116 9062
77 117 9062
77 118 9334
77 119 9334
77 120 9366
77 121 9302
77 122 9654
77 123 9590
77 124 9638
77 125 9574
77 126 9910
77 127 9846
77 128 9862
77 129 9990
77 130 10150
77 131 10278
77 132 10166
77 133 10294
77 134 10438
77 135 10566
77 136 10470
77 137 10534
77 138 10758
77 139 10822
77 140 10742
77 141 10806
77 142 11014
77 143 11078
77 144 11094
77 145 11350
77 146 11382
77 147 11638
77 148 11398
77 149 11654
77 150 11670
77 151 11926
77 152 11638
77 153 11894
77 154 11926
77 155 12182
77 156 11910
77 157 12166
77 158 12182
77 159 12438
77 160 12326
77 161 12582
77 162 12614
77 163 12870
77 164 12630
77 165 12886
77 166 12902
77 167 13158
77 168 12934
77 169 13126
77 170 13222
77 171 13414
77 172 13206
77 173 13398
77 174 13478
77 175 13670
77 176 13558
77 177 13686
77 178 13846
77 179 13974
77 180 13862
77 181 13990
77 182 14134
77 183 14262
77 184 14102
77 185 14230
77 186 14390
77 187 14518
77 188 14374
77 189 14502
77 190 14646
77 191 14774
77 192 14790
77 193 14918
77 194 15078
77 195 15206
77 196 15094
77 197 15222
77 198 15366
77 199 15494
77 200 15334
77 201 15462
77 202 15622
77 203 15750
77 204 15606
77 205 15734
77 206 15878
77 207 16006
77 208 16150
77 209 16150
77 210 16438
77 211 16438
77 212 16454
77 213 16454
77 214 16726
77 215 16726
77 216 16758
77 217 16694
77 218 17046
77 219 16982
77 220 17030
77 221 16966
77 222 17302
77 223 17238
77 224 17254
77 225 17510
77 226 17542
77 227 17798
77 228 17558
77 229 17814
77 230 17830
77 231 18086
77 232 17798
77 233 18054
77 234 18086
77 235 18342
77 236 18070
77 237 18326
77 238 18342
77 239 18598
77 240 18486
77 241 18614
77 242 18774
77 243 18902
77 244 18790
77 245 18918
77 246 19062
77 247 19190
77 248 19094
77 249 19158
77 250 19382
77 251 19446
77 252 19366
77 253 19430
77 254 19638
77 255 19702
78 0 6
78 1 262
78 2 294
78 3 550
78 4 310
78 5 566
78 6 582
78 7 838
78 8 630
78 9 822
78 10 902
78 11 1094
78 12 886
78 13 1078
78 14 1158
78 15 1350
78 16 1382
78 17 1638
78 18 1670
78 19 1926
78 20 1686
78 21 1942
78 22 1958
78 23 2214
78 24 1942
78 25 2198
78 26 2214
78 27 2470
78 28 2198
78 29 2454
78 30 2470
78 31 2726
78 32 2630
78 33 2886
78 34 2918
78 35 3174
78 36 2934
78 37 3190
78 38 3206
78 39 3462
78 40 3190
78 41 3446
78 42 3462
78 43 3718
78 44 3446
78 45 3702
78 46 3718
78 47 3974
78 48 3878
78 49 3878
78 50 4166
78 51 4166
78 52 4182
78 53 4182
78 54 4454
78 55 4454
78 56 4502
78 57 4438
78 58 4774
78 59 4710
78 60 4758
78 61 4694
78 62 5030
78 63 4966
78 64 4998
78 65 5126
78 66 5286
78 67 5414
78 68 5302
78 69 5430
78 70 5574
78 71 5702
78 72 5622
78 73 5686
78 74 5894
78 75 5958
78 76 5878
78 77 5942
78 78 6150
78 79 6214
78 80 6246
78 81 6502
78 82 6534
78 83 6790
78 84 6550
78 85 6806
78 86 6822
78 87 7078
78 88 6806
78 89 7062
78 90 7078
78 91 7334
78 92 7062
78 93 7318
78 94 7334
78 95 7590
78 96 7494
78 97 7750
78 98 7782
78 99 8038
78 100 7798
78 101 8054
78 102 8070
78 103 8326
78 104 8054
78 105 8310
78 106 8326
78 107 8582
78 108 8310
78 109 8566
78 110 8582
78 111 8838
78 112 8742
78 113 8870
78 114 9030
78 115 9158
78 116 9046
78 117 9174
78 118 9318
78 119 9446
78 120 9366
78 121 9430
78 122 9638
78 123 9702
78 124 9622
78 125 9686
78 126 9894
78 127 9958
78 128 9990
78 129 10246
78 130 10278
78 131 10534
78 132 10294
78 133 10550
78 134 10566
78 135 10822
78 136 10614
78 137 10806
78 138 10886
78 139 11078
78 140 10870
78 141 11062
78 142 11142
78 143 11334
78 144 11366
78 145 11622
78 146 11654
78 147 11910
78 148 11670
78 149 11926
78 150 11942
78 151 12198
78 152 11926
78 153 12182
78 154 12198
78 155 12454
78 156 12182
78 157 12438
78 158 12454
78 159 12710
78 160 12614
78 161 12870
78 162 12902
78 163 13158
78 164 12918
78 165 13174
78 166 13190
78 167 13446
78 168 13174
78 169 13430
78 170 13446
78 171 13702
78 172 13430
78 173 13686
78 174 13702
78 175 13958
78 176 13862
78 177 13862
78 178 14150
78 179 14150
78 180 14166
78 181 14166
78 182 14438
78 183 14438
78 184 14486
78 185 14422
78 186 14758
78 187 14694
78 188 14742
78 189 14678
78 190 15014
78 191 14950
78 192 14982
78 193 15110
78 194 15270
78 195 15398
78 196 15286
78 197 15414
78 198 15558
78 199 15686
78 200 15606
78 201 15670
78 202 15878
78 203 15942
78 204 15862
78 205 15926
78 206 16134
78 207 16198
78 208 16230
78 209 16486
78 210 16518
78 211 16774
78 212 16534
78 213 16790
78 214 16806
78 215 17062
78 216 16790
78 217 17046
78 218 17062
78 219 17318
78 220 17046
78 221 17302
78 222 17318
78 223 17574
78 224 17478
78 225 17734
78 226 17766
78 227 18022
78 228 17782
78 229 18038
78 230 18054
78 231 18310
78 232 18038
78 233 18294
78 234 18310
78 235 18566
78 236 18294
78 237 18550
78 238 18566
78 239 18822
78 240 18726
78 241 18854
78 242 19014
78 243 19142
78 244 19030
78 245 19158
78 246 19302
78 247 19430
78 248 19350
78 249 19414
78 250 19622
78 251 19686
78 252 19606
78 253 19670
78 254 19878
78 255 19942
79 0 6
79 1 262
79 2 294
79 3 550
79 4 310
79 5 566
79 6 582
79 7 838
79 8 630
79 9 822
79 10 902
79 11 1094
79 12 886
79 13 1078
79 14 1158
79 15 1350
79 16 1398
79 17 1654
79 18 1686
79 19 1942
79 20 1702
79 21 1958
79 22 1974
79 23 2230
79 24 1958
79 25 2214
79 26 2230
79 27 2486
79 28 2214
79 29 2470
79 30 2486
79 31 2742
79 32 2662
79 33 2918
79 34 2950
79 35 3206
79 36 2966
79 37 3222
79 38 3238
79 39 3494
79 40 3222
79 41 3478
79 42 3494
79 43 3750
79 44 3478
79 45 3734
79 46 3750
79 47 4006
79 48 3990
79 49 3990
79 50 4278
79 51 4278
79 52 4294
79 53 4294
79 54 4566
79 55 4566
79 56 4550
79 57 4550
79 58 4822
79 59 4822
79 60 4806
79 61 4806
79 62 5078
79 63 5078
79 64 5062
79 65 5190
79 66 5350
79 67 5478
79 68 5366
79 69 5494
79 70 5638
79 71 5766
79 72 5622
79 73 5750
79 74 5894
79 75 6022
79 76 5878
79 77 6006
79 78 6150
79 79 6278
79 80 6454
79 81 6454
79 82 6742
79 83 6742
79 84 6758
79 85 6758
79 86 7030
79 87 7030
79 88 7078
79 89 7014
79 90 7350
79 91 7286
79 92 7334
79 93 7270
79 94 7606
79 95 7542
79 96 7718
79 97 7718
79 98 8006
79 99 8006
79 100 8022
79 101 8022
79 102 8294
79 103 8294
79 104 8342
79 105 8278
79 106 8614
79 107 8550
79 108 8598
79 109 8534
79 110 8870
79 111 8806
79 112 8854
79 113 8982
79 114 9142
79 115 9270
79 116 9158
79 117 9286
79 118 9430
79 119 9558
79 120 9414
79 121 9542
79 122 9686
79 123 9814
79 124 9670
79 125 9798
79 126 9942
79 127 10070
79 128 10118
79 129 10246
79 130 10406
79 131 10534
79 132 10422
79 133 10550
79 134 10694
79 135 10822
79 136 10742
79 137 10806
79 138 11014
79 139 11078
79 140 10998
79 141 11062
79 142 11270
79 143 11334
79 144 11382
79 145 11638
79 146 11670
79 147 11926
79 148 11686
79 149 11942
79 150 11958
79 151 12214
79 152 11942
79 153 12198
79 154 12214
79 155 12470
79 156 12198
79 157 12454
79 158 12470
79 159 12726
79 160 12646
79 161 12902
79 162 12934
79 163 13190
79 164 12950
79 165 13206
79 166 13222
79 167 13478
79 168 13206
79 169 13462
79 170 13478
79 171 13734
79 172 13462
79 173 13718
79 174 13734
79 175 13990
79 176 13974
79 177 14102
79 178 14262
79 179 14390
79 180 14278
79 181 14406
79 182 14550
79 183 14678
79 184 14534
79 185 14662
79 186 14806
79 187 14934
79 188 14790
79 189 14918
79 190 15062
79 191 15190
79 192 15046
79 193 15174
79 194 15334
79 195 15462
79 196 15350
79 197 15478
79 198 15622
79 199 15750
79 200 15606
79 201 15734
79 202 15878
79 203 16006
79 204 15862
79 205 15990
79 206 16134
79 207 16262
79 208 16438
79 209 16438
79 210 16726
79 211 16726
79 212 16742
79 213 16742
79 214 17014
79 215 17014
79 216 17062
79 217 16998
79 218 17334
79 219 17270
79 220 17318
79 221 17254
79 222 17590
79 223 17526
79 224 17702
79 225 17702
79 226 17990
79 227 17990
79 228 18006
79 229 18006
79 230 18278
79 231 18278
79 232 18326
79 233 18262
79 234 18598
79 235 18534
79 236 18582
79 237 18518
79 238 18854
79 239 18790
79 240 18838
79 241 18966
79 242 19126
79 243 19254
79 244 19142
79 245 19270
79 246 19414
79 247 19542
79 248 19398
79 249 19526
79 250 19670
79 251 19798
79 252 19654
79 253 19782
79 254 19926
79 255 20054
80 0 6
80 1 294
80 2 390
80 3 678
80 4 326
80 5 550
80 6 646
80 7 934
80 8 646
80 9 806
80 10 902
80 11 1190
80 12 966
80 13 1062
80 14 1158
80 15 1446
80 16 1286
80 17 1574
80 18 1670
80 19 1958
80 20 1606
80 21 1830
80 22 1926
80 23 2214
80 24 1926
80 25 2086
80 26 2182
80 27 2470
80 28 2246
80 29 2342
80 30 2438
80 31 2726
80 32 2566
80 33 2854
80 34 2950
80 35 3238
80 36 2886
80 37 3110
80 38 3206
80 39 3494
80 40 3206
80 41 3366
80 42 3462
80 43 3750
80 44 3526
80 45 3622
80 46 3718
80 47 4006
80 48 3846
80 49 4134
80 50 4230
80 51 4518
80 52 4166
80 53 4390
80 54 4486
80 55 4774
80 56 4486
80 57 4646
80 58 4742
80 59 5030
80 60 4806
80 61 4902
80 62 4998
80 63 5286
80 64 5126
80 65 5414
80 66 5510
80 67 5798
80 68 5446
80 69 5670
80 70 5766
80 71 6054
80 72 5766
80 73 5926
80 74 6022
80 75 6310
80 76 6086
80 77 6182
80 78 6278
80 79 6566
80 80 6406
80 81 6694
80 82 6790
80 83 7078
80 84 6726
80 85 6950
80 86 7046
80 87 7334
80 88 7046
80 89 7206
80 90 7302
80 91 7590
80 92 7366
80 93 7462
80 94 7558
80 95 7846
80 96 7686
80 97 7974
80 98 8070
80 99 8358
80 100 8006
80 101 8230
80 102 8326
80 103 8614
80 104 8326
80 105 8486
80 106 8582
80 107 8870
80 108 8646
80 109 8742
80 110 8838
80 111 9126
80 112 8966
80 113 9254
80 114 9350
80 115 9638
80 116 9286
80 117 9510
80 118 9606
80 119 9894
80 120 9606
80 121 9766
80 122 9862
80 123 10150
80 124 9926
80 125 10022
80 126 10118
80 127 10406
80 128 10246
80 129 10534
80 130 10630
80 131 10918
80 132 10566
80 133 10790
80 134 10886
80 135 11174
80 136 10886
80 137 11046
80 138 11142
80 139 11430
80 140 11206
80 141 11302
80 142 11398
80 143 11686
80 144 11526
80 145 11814
80 146 11910
80 147 12198
80 148 11846
80 149 12070
80 150 12166
80 151 12454
80 152 12166
80 153 12326
80 154 12422
80 155 12710
80 156 12486
80 157 12582
80 158 12678
80 159 12966
80 160 12806
80 161 13094
80 162 13190
80 163 13478
80 164 13126
80 165 13350
80 166 13446
80 167 13734
80 168 13446
80 169 13606
80 170 13702
80 171 13990
80 172 13766
80 173 13862
80 174 13958
80 175 14246
80 176 14086
80 177 14374
80 178 14470
80 179 14758
80 180 14406
80 181 14630
80 182 14726
80 183 15014
80 184 14726
80 185 14886
80 186 14982
80 187 15270
80 188 15046
80 189 15142
80 190 15238
80 191 15526
80 192 15366
80 193 15654
80 194 15750
80 195 16038
80 196 15686
80 197 15910
80 198 16006
80 199 16294
80 200 16006
80 201 16166
80 202 16262
80 203 16550
80 204 16326
80 205 16422
80 206 16518
80 207 16806
80 208 16646
80 209 16934
80 210 17030
80 211 17318
80 212 16966
80 213 17190
80 214 17286
80 215 17574
80 216 17286
80 217 17446
80 218 17542
80 219 17830
80 220 17606
80 221 17702
80 222 17798
80 223 18086
80 224 17926
80 225 18214
80 226 18310
80 227 18598
80 228 18246
80 229 18470
80 230 18566
80 231 18854
80 232 18566
80 233 18726
80 234 18822
80 235 19110
80 236 18886
80 237 18982
80 238 19078
80 239 19366
80 240 19206
80 241 19494
80 242 19590
80 243 19878
80 244 19526
80 245 19750
80 246 19846
80 247 20134
80 248 19846
80 249 20006
80 250 20102
80 251 20390
80 252 20166
80 253 20262
80 254 20358
80 255 20646
81 0 6
81 1 294
81 2 390
81 3 678
81 4 326
81 5 550
81 6 646
81 7 934
81 8 646
81 9 806
81 10 902
81 11 1190
81 12 966
81 13 1062
81 14 1158
81 15 1446
81 16 1302
81 17 1590
81 18 1686
81 19 1974
81 20 1622
81 21 1846
81 22 1942
81 23 2230
81 24 1942
81 25 2102
81 26 2198
81 27 2486
81 28 2262
81 29 2358
81 30 2454
81 31 2742
81 32 2598
81 33 2886
81 34 2982
81 35 3270
81 36 2918
81 37 3142
81 38 3238
81 39 3526
81 40 3238
81 41 3398
81 42 3494
81 43 3782
81 44 3558
81 45 3654
81 46 3750
81 47 4038
81 48 3894
81 49 4182
81 50 4278
81 51 4566
81 52 4214
81 53 4438
81 54 4534
81 55 4822
81 56 4534
81 57 4694
81 58 4790
81 59 5078
81 60 4854
81 61 4950
81 62 5046
81 63 5334
81 64 5190
81 65 5478
81 66 5510
81 67 5798
81 68 5446
81 69 5734
81 70 5766
81 71 6054
81 72 5830
81 73 5990
81 74 6022
81 75 6310
81 76 6086
81 77 6246
81 78 6278
81 79 6566
81 80 6486
81 81 6774
81 82 6806
81 83 7094
81 84 6742
81 85 7030
81 86 7062
81 87 7350
81 88 7126
81 89 7286
81 90 7318
81 91 7606
81 92 7382
81 93 7542
81 94 7574
81 95 7862
81 96 7782
81 97 8070
81 98 8102
81 99 8390
81 100 8038
81 101 8326
81 102 8358
81 103 8646
81 104 8422
81 105 8582
81 106 8614
81 107 8902
81 108 8678
81 109 8838
81 110 8870
81 111 9158
81 112 9078
81 113 9366
81 114 9398
81 115 9686
81 116 9334
81 117 9622
81 118 9654
81 119 9942
81 120 9718
81 121 9878
81 122 9910
81 123 10198
81 124 9974
81 125 10134
81 126 10166
81 127 10454
81 128 10374
81 129 10534
81 130 10758
81 131 10918
81 132 10694
81 133 10790
81 134 11014
81 135 11174
81 136 10886
81 137 11046
81 138 11270
81 139 11430
81 140 11206
81 141 11302
81 142 11526
81 143 11686
81 144 11670
81 145 11830
81 146 12054
81 147 12214
81 148 11990
81 149 12086
81 150 12310
81 151 12470
81 152 12182
81 153 12342
81 154 12566
81 155 12726
81 156 12502
81 157 12598
81 158 12822
81 159 12982
81 160 12966
81 161 13126
81 162 13350
81 163 13510
81 164 13286
81 165 13382
81 166 13606
81 167 13766
81 168 13478
81 169 13638
81 170 13862
81 171 14022
81 172 13798
81 173 13894
81 174 14118
81 175 14278
81 176 14262
81 177 14422
81 178 14646
81 179 14806
81 180 14582
81 181 14678
81 182 14902
81 183 15062
81 184 14774
81 185 14934
81 186 15158
81 187 15318
81 188 15094
81 189 15190
81 190 15414
81 191 15574
81 192 15558
81 193 15718
81 194 15878
81 195 16038
81 196 15814
81 197 15974
81 198 16134
81 199 16294
81 200 16070
81 201 16230
81 202 16390
81 203 16550
81 204 16326
81 205 16486
81 206 16646
81 207 16806
81 208 16854
81 209 17014
81 210 17174
81 211 17334
81 212 17110
81 213 17270
81 214 17430
81 215 17590
81 216 17366
81 217 17526
81 218 17686
81 219 17846
81 220 17622
81 221 17782
81 222 17942
81 223 18102
81 224 18150
81 225 18310
81 226 18470
81 227 18630
81 228 18406
81 229 18566
81 230 18726
81 231 18886
81 232 18662
81 233 18822
81 234 18982
81 235 19142
81 236 18918
81 237 19078
81 238 19238
81 239 19398
81 240 19446
81 241 19606
81 242 19766
81 243 19926
81 244 19702
81 245 19862
81 246 20022
81 247 20182
81 248 19958
81 249 20118
81 250 20278
81 251 20438
81 252 20214
81 253 20374
81 254 20534
81 255 20694
82 0 6
82 1 294
82 2 390
82 3 678
82 4 326
82 5 550
82 6 646
82 7 934
82 8 662
82 9 806
82 10 918
82 11 1190
82 12 982
82 13 1062
82 14 1174
82 15 1446
82 16 1318
82 17 1606
82 18 1702
82 19 1990
82 20 1638
82 21 1862
82 22 1958
82 23 2246
82 24 1974
82 25 2118
82 26 2230
82 27 2502
82 28 2294
82 29 2374
82 30 2486
82 31 2758
82 32 2630
82 33 2918
82 34 2950
82 35 3238
82 36 2886
82 37 3174
82 38 3206
82 39 3494
82 40 3286
82 41 3430
82 42 3478
82 43 3750
82 44 3542
82 45 3686
82 46 3734
82 47 4006
82 48 3942
82 49 4230
82 50 4262
82 51 4550
82 52 4198
82 53 4486
82 54 4518
82 55 4806
82 56 4598
82 57 4742
82 58 4790
82 59 5062
82 60 4854
82 61 4998
82 62 5046
82 63 5318
82 64 5254
82 65 5414
82 66 5638
82 67 5798
82 68 5574
82 69 5670
82 70 5894
82 71 6054
82 72 5782
82 73 5926
82 74 6166
82 75 6310
82 76 6102
82 77 6182
82 78 6422
82 79 6566
82 80 6566
82 81 6726
82 82 6950
82 83 7110
82 84 6886
82 85 6982
82 86 7206
82 87 7366
82 88 7094
82 89 7238
82 90 7478
82 91 7622
82 92 7414
82 93 7494
82 94 7734
82 95 7878
82 96 7878
82 97 8038
82 98 8198
82 99 8358
82 100 8134
82 101 8294
82 102 8454
82 103 8614
82 104 8406
82 105 8550
82 106 8726
82 107 8870
82 108 8662
82 109 8806
82 110 8982
82 111 9126
82 112 9190
82 113 9350
82 114 9510
82 115 9670
82 116 9446
82 117 9606
82 118 9766
82 119 9926
82 120 9718
82 121 9862
82 122 10038
82 123 10182
82 124 9974
82 125 10118
82 126 10294
82 127 10438
82 128 10502
82 129 10790
82 130 10886
82 131 11174
82 132 10822
82 133 11046
82 134 11142
82 135 11430
82 136 11158
82 137 11302
82 138 11414
82 139 11686
82 140 11478
82 141 11558
82 142 11670
82 143 11942
82 144 11814
82 145 12102
82 146 12198
82 147 12486
82 148 12134
82 149 12358
82 150 12454
82 151 12742
82 152 12470
82 153 12614
82 154 12726
82 155 12998
82 156 12790
82 157 12870
82 158 12982
82 159 13254
82 160 13126
82 161 13414
82 162 13446
82 163 13734
82 164 13382
82 165 13670
82 166 13702
82 167 13990
82 168 13782
82 169 13926
82 170 13974
82 171 14246
82 172 14038
82 173 14182
82 174 14230
82 175 14502
82 176 14438
82 177 14726
82 178 14758
82 179 15046
82 180 14694
82 181 14982
82 182 15014
82 183 15302
82 184 15094
82 185 15238
82 186 15286
82 187 15558
82 188 15350
82 189 15494
82 190 15542
82 191 15814
82 192 15750
82 193 15910
82 194 16134
82 195 16294
82 196 16070
82 197 16166
82 198 16390
82 199 16550
82 200 16278
82 201 16422
82 202 16662
82 203 16806
82 204 16598
82 205 16678
82 206 16918
82 207 17062
82 208 17062
82 209 17222
82 210 17446
82 211 17606
82 212 17382
82 213 17478
82 214 17702
82 215 17862
82 216 17590
82 217 17734
82 218 17974
82 219 18118
82 220 17910
82 221 17990
82 222 18230
82 223 18374
82 224 18374
82 225 18534
82 226 18694
82 227 18854
82 228 18630
82 229 18790
82 230 18950
82 231 19110
82 232 18902
82 233 19046
82 234 19222
82 235 19366
82 236 19158
82 237 19302
82 238 19478
82 239 19622
82 240 19686
82 241 19846
82 242 20006
82 243 20166
82 244 19942
82 245 20102
82 246 20262
82 247 20422
82 248 20214
82 249 20358
82 250 20534
82 251 20678
82 252 20470
82 253 20614
82 254 20790
82 255 20934
83 0 6
83 1 294
83 2 390
83 3 678
83 4 326
83 5 550
83 6 646
83 7 934
83 8 662
83 9 806
83 10 918
83 11 1190
83 12 982
83 13 1062
83 14 1174
83 15 1446
83 16 1334
83 17 1622
83 18 1718
83 19 2006
83 20 1654
83 21 1878
83 22 1974
83 23 2262
83 24 1990
83 25 2134
83 26 2246
83 27 2518
83 28 2310
83 29 2390
83 30 2502
83 31 2774
83 32 2662
83 33 2950
83 34 2982
83 35 3270
83 36 2918
83 37 3206
83 38 3238
83 39 3526
83 40 3318
83 41 3462
83 42 3510
83 43 3782
83 44 3574
83 45 3718
83 46 3766
83 47 4038
83 48 3990
83 49 4278
83 50 4310
83 51 4598
83 52 4246
83 53 4534
83 54 4566
83 55 4854
83 56 4646
83 57 4790
83 58 4838
83 59 5110
83 60 4902
83 61 5046
83 62 5094
83 63 5366
83 64 5318
83 65 5478
83 66 5638
83 67 5798
83 68 5574
83 69 5734
83 70 5894
83 71 6054
83 72 5846
83 73 5990
83 74 6166
83 75 6310
83 76 6102
83 77 6246
83 78 6422
83 79 6566
83 80 6646
83 81 6806
83 82 6966
83 83 7126
83 84 6902
83 85 7062
83 86 7222
83 87 7382
83 88 7174
83 89 7318
83 90 7494
83 91 7638
83 92 7430
83 93 7574
83 94 7750
83 95 7894
83 96 7974
83 97 8134
83 98 8358
83 99 8518
83 100 8294
83 101 8390
83 102 8614
83 103 8774
83 104 8502
83 105 8646
83 106 8886
83 107 9030
83 108 8822
83 109 8902
83 110 9142
83 111 9286
83 112 9366
83 113 9526
83 114 9622
83 115 9782
83 116 9622
83 117 9782
83 118 9942
83 119 10038
83 120 9894
83 121 10038
83 122 10150
83 123 10294
83 124 10150
83 125 10294
83 126 10470
83 127 10550
83 128 10630
83 129 10790
83 130 11014
83 131 11174
83 132 10950
83 133 11046
83 134 11270
83 135 11430
83 136 11158
83 137 11302
83 138 11542
83 139 11686
83 140 11478
83 141 11558
83 142 11798
83 143 11942
83 144 11958
83 145 12118
83 146 12342
83 147 12502
83 148 12278
83 149 12374
83 150 12598
83 151 12758
83 152 12486
83 153 12630
83 154 12870
83 155 13014
83 156 12806
83 157 12886
83 158 13126
83 159 13270
83 160 13286
83 161 13446
83 162 13606
83 163 13766
83 164 13542
83 165 13702
83 166 13862
83 167 14022
83 168 13814
83 169 13958
83 170 14134
83 171 14278
83 172 14070
83 173 14214
83 174 14390
83 175 14534
83 176 14614
83 177 14774
83 178 14934
83 179 15094
83 180 14870
83 181 15030
83 182 15190
83 183 15350
83 184 15142
83 185 15286
83 186 15462
83 187 15606
83 188 15398
83 189 15542
83 190 15718
83 191 15862
83 192 15814
83 193 15974
83 194 16134
83 195 16294
83 196 16070
83 197 16230
83 198 16390
83 199 16550
83 200 16342
83 201 16486
83 202 16662
83 203 16806
83 204 16598
83 205 16742
83 206 16918
83 207 17062
83 208 17142
83 209 17302
83 210 17462
83 211 17622
83 212 17398
83 213 17558
83 214 17718
83 215 17878
83 216 17670
83 217 17814
83 218 17990
83 219 18134
83 220 17926
83 221 18070
83 222 18246
83 223 18390
83 224 18470
83 225 18630
83 226 18854
83 227 19014
83 228 18790
83 229 18886
83 230 19110
83 231 19270
83 232 18998
83 233 19142
83 234 19382
83 235 19526
83 236 19318
83 237 19398
83 238 19638
83 239 19782
83 240 19862
83 241 20022
83 242 20118
83 243 20278
83 244 20118
83 245 20278
83 246 20438
83 247 20534
83 248 20390
83 249 20534
83 250 20646
83 251 20790
83 252 20646
83 253 20790
83 254 20966
83 255 21046
84 0 6
84 1 294
84 2 390
84 3 678
84 4 342
84 5 550
84 6 662
84 7 934
84 8 678
84 9 838
84 10 902
84 11 1190
84 12 1014
84 13 1094
84 14 1174
84 15 1446
84 16 1350
84 17 1638
84 18 1670
84 19 1958
84 20 1622
84 21 1894
84 22 1942
84 23 2214
84 24 2022
84 25 2182
84 26 2182
84 27 2470
84 28 2294
84 29 2438
84 30 2454
84 31 2726
84 32 2822
84 33 3110
84 34 3206
84 35 3494
84 36 3158
84 37 3366
84 38 3478
84 39 3750
84 40 3494
84 41 3654
84 42 3718
84 43 4006
84 44 3830
84 45 3910
84 46 3990
84 47 4262
84 48 4166
84 49 4454
84 50 4486
84 51 4774
84 52 4438
84 53 4710
84 54 4758
84 55 5030
84 56 4838
84 57 4998
84 58 4998
84 59 5286
84 60 5110
84 61 5254
84 62 5270
84 63 5542
84 64 5382
84 65 5670
84 66 5766
84 67 6054
84 68 5718
84 69 5926
84 70 6038
84 71 6310
84 72 6054
84 73 6214
84 74 6278
84 75 6566
84 76 6390
84 77 6470
84 78 6550
84 79 6822
84 80 6726
84 81 7014
84 82 7046
84 83 7334
84 84 6998
84 85 7270
84 86 7318
84 87 7590
84 88 7398
84 89 7558
84 90 7558
84 91 7846
84 92 7670
84 93 7814
84 94 7830
84 95 8102
84 96 8198
84 97 8486
84 98 8582
84 99 8870
84 100 8534
84 101 8742
84 102 8854
84 103 9126
84 104 8870
84 105 9030
84 106 9094
84 107 9382
84 108 9206
84 109 9286
84 110 9366
84 111 9638
84 112 9542
84 113 9830
84 114 9862
84 115 10150
84 116 9814
84 117 10086
84 118 10134
84 119 10406
84 120 10214
84 121 10374
84 122 10374
84 123 10662
84 124 10486
84 125 10630
84 126 10646
84 127 10918
84 128 10758
84 129 11046
84 130 11142
84 131 11430
84 132 11094
84 133 11302
84 134 11414
84 135 11686
84 136 11430
84 137 11590
84 138 11654
84 139 11942
84 140 11766
84 141 11846
84 142 11926
84 143 12198
84 144 12102
84 145 12390
84 146 12422
84 147 12710
84 148 12374
84 149 12646
84 150 12694
84 151 12966
84 152 12774
84 153 12934
84 154 12934
84 155 13222
84 156 13046
84 157 13190
84 158 13206
84 159 13478
84 160 13574
84 161 13862
84 162 13958
84 163 14246
84 164 13910
84 165 14118
84 166 14230
84 167 14502
84 168 14246
84 169 14406
84 170 14470
84 171 14758
84 172 14582
84 173 14662
84 174 14742
84 175 15014
84 176 14918
84 177 15206
84 178 15238
84 179 15526
84 180 15190
84 181 15462
84 182 15510
84 183 15782
84 184 15590
84 185 15750
84 186 15750
84 187 16038
84 188 15862
84 189 16006
84 190 16022
84 191 16294
84 192 16134
84 193 16422
84 194 16518
84 195 16806
84 196 16470
84 197 16678
84 198 16790
84 199 17062
84 200 16806
84 201 16966
84 202 17030
84 203 17318
84 204 17142
84 205 17222
84 206 17302
84 207 17574
84 208 17478
84 209 17766
84 210 17798
84 211 18086
84 212 17750
84 213 18022
84 214 18070
84 215 18342
84 216 18150
84 217 18310
84 218 18310
84 219 18598
84 220 18422
84 221 18566
84 222 18582
84 223 18854
84 224 18950
84 225 19238
84 226 19334
84 227 19622
84 228 19286
84 229 19494
84 230 19606
84 231 19878
84 232 19622
84 233 19782
84 234 19846
84 235 20134
84 236 19958
84 237 20038
84 238 20118
84 239 20390
84 240 20294
84 241 20582
84 242 20614
84 243 20902
84 244 20566
84 245 20838
84 246 20886
84 247 21158
84 248 20966
84 249 21126
84 250 21126
84 251 21414
84 252 21238
84 253 21382
84 254 21398
84 255 21670
85 0 6
85 1 294
85 2 390
85 3 678
85 4 342
85 5 550
85 6 662
85 7 934
85 8 678
85 9 838
85 10 902
85 11 1190
85 12 1014
85 13 1094
85 14 1174
85 15 1446
85 16 1366
85 17 1654
85 18 1686
85 19 1974
85 20 1638
85 21 1910
85 22 1958
85 23 2230
85 24 2038
85 25 2198
85 26 2198
85 27 2486
85 28 2310
85 29 2454
85 30 2470
85 31 2742
85 32 2854
85 33 3142
85 34 3238
85 35 3526
85 36 3190
85 37 3398
85 38 3510
85 39 3782
85 40 3526
85 41 3686
85 42 3750
85 43 4038
85 44 3862
85 45 3942
85 46 4022
85 47 4294
85 48 4214
85 49 4502
85 50 4534
85 51 4822
85 52 4486
85 53 4758
85 54 4806
85 55 5078
85 56 4886
85 57 5046
85 58 5046
85 59 5334
85 60 5158
85 61 5302
85 62 5318
85 63 5590
85 64 5446
85 65 5734
85 66 5766
85 67 6054
85 68 5718
85 69 5990
85 70 6038
85 71 6310
85 72 6118
85 73 6278
85 74 6278
85 75 6566
85 76 6390
85 77 6534
85 78 6550
85 79 6822
85 80 6934
85 81 6966
85 82 7318
85 83 7350
85 84 7270
85 85 7222
85 86 7590
85 87 7606
85 88 7478
85 89 7638
85 90 7830
85 91 7862
85 92 7814
85 93 7894
85 94 8102
85 95 8118
85 96 8294
85 97 8582
85 98 8614
85 99 8902
85 100 8566
85 101 8838
85 102 8886
85 103 9158
85 104 8966
85 105 9126
85 106 9126
85 107 9414
85 108 9238
85 109 9382
85 110 9398
85 111 9670
85 112 9782
85 113 9814
85 114 10166
85 115 10198
85 116 10118
85 117 10070
85 118 10438
85 119 10454
85 120 10326
85 121 10486
85 122 10678
85 123 10710
85 124 10662
85 125 10742
85 126 10950
85 127 10966
85 128 10886
85 129 11046
85 130 11270
85 131 11430
85 132 11222
85 133 11302
85 134 11542
85 135 11686
85 136 11430
85 137 11590
85 138 11782
85 139 11942
85 140 11766
85 141 11846
85 142 12054
85 143 12198
85 144 12246
85 145 12406
85 146 12566
85 147 12726
85 148 12518
85 149 12662
85 150 12838
85 151 12982
85 152 12790
85 153 12950
85 154 13078
85 155 13238
85 156 13062
85 157 13206
85 158 13350
85 159 13494
85 160 13606
85 161 13894
85 162 13990
85 163 14278
85 164 13942
85 165 14150
85 166 14262
85 167 14534
85 168 14278
85 169 14438
85 170 14502
85 171 14790
85 172 14614
85 173 14694
85 174 14774
85 175 15046
85 176 14966
85 177 15254
85 178 15286
85 179 15574
85 180 15238
85 181 15510
85 182 15558
85 183 15830
85 184 15638
85 185 15798
85 186 15798
85 187 16086
85 188 15910
85 189 16054
85 190 16070
85 191 16342
85 192 16326
85 193 16486
85 194 16646
85 195 16806
85 196 16598
85 197 16742
85 198 16918
85 199 17062
85 200 16870
85 201 17030
85 202 17158
85 203 17318
85 204 17142
85 205 17286
85 206 17430
85 207 17574
85 208 17686
85 209 17846
85 210 18070
85 211 18230
85 212 18022
85 213 18102
85 214 18342
85 215 18486
85 216 18230
85 217 18390
85 218 18582
85 219 18742
85 220 18566
85 221 18646
85 222 18854
85 223 18998
85 224 19046
85 225 19334
85 226 19366
85 227 19654
85 228 19318
85 229 19590
85 230 19638
85 231 19910
85 232 19718
85 233 19878
85 234 19878
85 235 20166
85 236 19990
85 237 20134
85 238 20150
85 239 20422
85 240 20534
85 241 20566
85 242 20918
85 243 20950
85 244 20870
85 245 20822
85 246 21190
85 247 21206
85 248 21078
85 249 21238
85 250 21430
85 251 21462
85 252 21414
85 253 21494
85 254 21702
85 255 21718
86 0 6
86 1 294
86 2 390
86 3 678
86 4 342
86 5 550
86 6 662
86 7 934
86 8 694
86 9 838
86 10 918
86 11 1190
86 12 1014
86 13 1094
86 14 1174
86 15 1446
86 16 1382
86 17 1670
86 18 1702
86 19 1990
86 20 1654
86 21 1926
86 22 1974
86 23 2246
86 24 2070
86 25 2214
86 26 2230
86 27 2502
86 28 2326
86 29 2470
86 30 2486
86 31 2758
86 32 2886
86 33 3174
86 34 3206
86 35 3494
86 36 3158
86 37 3430
86 38 3478
86 39 3750
86 40 3574
86 41 3718
86 42 3734
86 43 4006
86 44 3830
86 45 3974
86 46 3990
86 47 4262
86 48 4390
86 49 4422
86 50 4774
86 51 4806
86 52 4726
86 53 4678
86 54 5046
86 55 5062
86 56 4950
86 57 5094
86 58 5302
86 59 5318
86 60 5270
86 61 5350
86 62 5558
86 63 5574
86 64 5510
86 65 5670
86 66 5894
86 67 6054
86 68 5846
86 69 5926
86 70 6166
86 71 6310
86 72 6070
86 73 6214
86 74 6422
86 75 6566
86 76 6390
86 77 6470
86 78 6678
86 79 6822
86 80 6886
86 81 7046
86 82 7206
86 83 7366
86 84 7158
86 85 7302
86 86 7478
86 87 7622
86 88 7446
86 89 7590
86 90 7734
86 91 7878
86 92 7702
86 93 7846
86 94 7990
86 95 8134
86 96 8262
86 97 8550
86 98 8582
86 99 8870
86 100 8534
86 101 8806
86 102 8854
86 103 9126
86 104 8950
86 105 9094
86 106 9110
86 107 9382
86 108 9206
86 109 9350
86 110 9366
86 111 9638
86 112 9766
86 113 9798
86 114 10150
86 115 10182
86 116 10102
86 117 10054
86 118 10422
86 119 10438
86 120 10326
86 121 10470
86 122 10678
86 123 10694
86 124 10646
86 125 10726
86 126 10934
86 127 10950
86 128 11014
86 129 11302
86 130 11398
86 131 11686
86 132 11350
86 133 11558
86 134 11670
86 135 11942
86 136 11702
86 137 11846
86 138 11926
86 139 12198
86 140 12022
86 141 12102
86 142 12182
86 143 12454
86 144 12390
86 145 12678
86 146 12710
86 147 12998
86 148 12662
86 149 12934
86 150 12982
86 151 13254
86 152 13078
86 153 13222
86 154 13238
86 155 13510
86 156 13334
86 157 13478
86 158 13494
86 159 13766
86 160 13894
86 161 14182
86 162 14214
86 163 14502
86 164 14166
86 165 14438
86 166 14486
86 167 14758
86 168 14582
86 169 14726
86 170 14742
86 171 15014
86 172 14838
86 173 14982
86 174 14998
86 175 15270
86 176 15398
86 177 15430
86 178 15782
86 179 15814
86 180 15734
86 181 15686
86 182 16054
86 183 16070
86 184 15958
86 185 16102
86 186 16310
86 187 16326
86 188 16278
86 189 16358
86 190 16566
86 191 16582
86 192 16518
86 193 16678
86 194 16902
86 195 17062
86 196 16854
86 197 16934
86 198 17174
86 199 17318
86 200 17078
86 201 17222
86 202 17430
86 203 17574
86 204 17398
86 205 17478
86 206 17686
86 207 17830
86 208 17894
86 209 18054
86 210 18214
86 211 18374
86 212 18166
86 213 18310
86 214 18486
86 215 18630
86 216 18454
86 217 18598
86 218 18742
86 219 18886
86 220 18710
86 221 18854
86 222 18998
86 223 19142
86 224 19270
86 225 19558
86 226 19590
86 227 19878
86 228 19542
86 229 19814
86 230 19862
86 231 20134
86 232 19958
86 233 20102
86 234 20118
86 235 20390
86 236 20214
86 237 20358
86 238 20374
86 239 20646
86 240 20774
86 241 20806
86 242 21158
86 243 21190
86 244 21110
86 245 21062
86 246 21430
86 247 21446
86 248 21334
86 249 21478
86 250 21686
86 251 21702
86 252 21654
86 253 21734
86 254 21942
86 255 21958
87 0 6
87 1 294
87 2 390
87 3 678
87 4 342
87 5 550
87 6 662
87 7 934
87 8 694
87 9 838
87 10 918
87 11 1190
87 12 1014
87 13 1094
87 14 1174
87 15 1446
87 16 1398
87 17 1686
87 18 1718
87 19 2006
87 20 1670
87 21 1942
87 22 1990
87 23 2262
87 24 2086
87 25 2230
87 26 2246
87 27 2518
87 28 2342
87 29 2486
87 30 2502
87 31 2774
87 32 2918
87 33 3206
87 34 3238
87 35 3526
87 36 3190
87 37 3462
87 38 3510
87 39 3782
87 40 3606
87 41 3750
87 42 3766
87 43 4038
87 44 3862
87 45 4006
87 46 4022
87 47 4294
87 48 4502
87 49 4534
87 50 4758
87 51 4790
87 52 4774
87 53 4790
87 54 5094
87 55 5046
87 56 5062
87 57 5206
87 58 5286
87 59 5302
87 60 5318
87 61 5462
87 62 5606
87 63 5558
87 64 5574
87 65 5734
87 66 5894
87 67 6054
87 68 5846
87 69 5990
87 70 6166
87 71 6310
87 72 6134
87 73 6278
87 74 6422
87 75 6566
87 76 6390
87 77 6534
87 78 6678
87 79 6822
87 80 6966
87 81 7126
87 82 7350
87 83 7510
87 84 7302
87 85 7382
87 86 7622
87 87 7766
87 88 7526
87 89 7670
87 90 7878
87 91 8022
87 92 7846
87 93 7926
87 94 8134
87 95 8278
87 96 8486
87 97 8518
87 98 8870
87 99 8902
87 100 8822
87 101 8774
87 102 9142
87 103 9158
87 104 9046
87 105 9190
87 106 9398
87 107 9414
87 108 9366
87 109 9446
87 110 9654
87 111 9670
87 112 9878
87 113 9910
87 114 10198
87 115 10230
87 116 10150
87 117 10166
87 118 10470
87 119 10486
87 120 10438
87 121 10582
87 122 10726
87 123 10742
87 124 10694
87 125 10838
87 126 10982
87 127 10998
87 128 11142
87 129 11302
87 130 11526
87 131 11686
87 132 11478
87 133 11558
87 134 11798
87 135 11942
87 136 11702
87 137 11846
87 138 12054
87 139 12198
87 140 12022
87 141 12102
87 142 12310
87 143 12454
87 144 12534
87 145 12694
87 146 12854
87 147 13014
87 148 12806
87 149 12950
87 150 13126
87 151 13270
87 152 13094
87 153 13238
87 154 13382
87 155 13526
87 156 13350
87 157 13494
87 158 13638
87 159 13782
87 160 13926
87 161 14214
87 162 14246
87 163 14534
87 164 14198
87 165 14470
87 166 14518
87 167 14790
87 168 14614
87 169 14758
87 170 14774
87 171 15046
87 172 14870
87 173 15014
87 174 15030
87 175 15302
87 176 15510
87 177 15542
87 178 15766
87 179 15798
87 180 15782
87 181 15798
87 182 16102
87 183 16054
87 184 16070
87 185 16214
87 186 16294
87 187 16310
87 188 16326
87 189 16470
87 190 16614
87 191 16566
87 192 16582
87 193 16742
87 194 16902
87 195 17062
87 196 16854
87 197 16998
87 198 17174
87 199 17318
87 200 17142
87 201 17286
87 202 17430
87 203 17574
87 204 17398
87 205 17542
87 206 17686
87 207 17830
87 208 17974
87 209 18134
87 210 18358
87 211 18518
87 212 18310
87 213 18390
87 214 18630
87 215 18774
87 216 18534
87 217 18678
87 218 18886
87 219 19030
87 220 18854
87 221 18934
87 222 19142
87 223 19286
87 224 19494
87 225 19526
87 226 19878
87 227 19910
87 228 19830
87 229 19782
87 230 20150
87 231 20166
87 232 20054
87 233 20198
87 234 20406
87 235 20422
87 236 20374
87 237 20454
87 238 20662
87 239 20678
87 240 20886
87 241 20918
87 242 21206
87 243 21238
87 244 21158
87 245 21174
87 246 21478
87 247 21494
87 248 21446
87 249 21590
87 250 21734
87 251 21750
87 252 21702
87 253 21846
87 254 21990
87 255 22006
88 0 6
88 1 294
88 2 422
88 3 678
88 4 358
88 5 582
88 6 678
88 7 934
88 8 710
88 9 806
88 10 934
88 11 1190
88 12 998
88 13 1094
88 14 1190
88 15 1446
88 16 1542
88 17 1830
88 18 1958
88 19 2214
88 20 1894
88 21 2118
88 22 2214
88 23 2470
88 24 2246
88 25 2342
88 26 2470
88 27 2726
88 28 2534
88 29 2630
88 30 2726
88 31 2982
88 32 2822
88 33 3110
88 34 3238
88 35 3494
88 36 3174
88 37 3398
88 38 3494
88 39 3750
88 40 3526
88 41 3622
88 42 3750
88 43 4006
88 44 3814
88 45 3910
88 46 4006
88 47 4262
88 48 4358
88 49 4646
88 50 4774
88 51 5030
88 52 4710
88 53 4934
88 54 5030
88 55 5286
88 56 5062
88 57 5158
88 58 5286
88 59 5542
88 60 5350
88 61 5446
88 62 5542
88 63 5798
88 64 5638
88 65 5926
88 66 6054
88 67 6310
88 68 5990
88 69 6214
88 70 6310
88 71 6566
88 72 6342
88 73 6438
88 74 6566
88 75 6822
88 76 6630
88 77 6726
88 78 6822
88 79 7078
88 80 7174
88 81 7462
88 82 7590
88 83 7846
88 84 7526
88 85 7750
88 86 7846
88 87 8102
88 88 7878
88 89 7974
88 90 8102
88 91 8358
88 92 8166
88 93 8262
88 94 8358
88 95 8614
88 96 8454
88 97 8742
88 98 8870
88 99 9126
88 100 8806
88 101 9030
88 102 9126
88 103 9382
88 104 9158
88 105 9254
88 106 9382
88 107 9638
88 108 9446
88 109 9542
88 110 9638
88 111 9894
88 112 9990
88 113 10278
88 114 10406
88 115 10662
88 116 10342
88 117 10566
88 118 10662
88 119 10918
88 120 10694
88 121 10790
88 122 10918
88 123 11174
88 124 10982
88 125 11078
88 126 11174
88 127 11430
88 128 11270
88 129 11558
88 130 11686
88 131 11942
88 132 11622
88 133 11846
88 134 11942
88 135 12198
88 136 11974
88 137 12070
88 138 12198
88 139 12454
88 140 12262
88 141 12358
88 142 12454
88 143 12710
88 144 12806
88 145 13094
88 146 13222
88 147 13478
88 148 13158
88 149 13382
88 150 13478
88 151 13734
88 152 13510
88 153 13606
88 154 13734
88 155 13990
88 156 13798
88 157 13894
88 158 13990
88 159 14246
88 160 14086
88 161 14374
88 162 14502
88 163 14758
88 164 14438
88 165 14662
88 166 14758
88 167 15014
88 168 14790
88 169 14886
88 170 15014
88 171 15270
88 172 15078
88 173 15174
88 174 15270
88 175 15526
88 176 15622
88 177 15910
88 178 16038
88 179 16294
88 180 15974
88 181 16198
88 182 16294
88 183 16550
88 184 16326
88 185 16422
88 186 16550
88 187 16806
88 188 16614
88 189 16710
88 190 16806
88 191 17062
88 192 16902
88 193 17190
88 194 17318
88 195 17574
88 196 17254
88 197 17478
88 198 17574
88 199 17830
88 200 17606
88 201 17702
88 202 17830
88 203 18086
88 204 17894
88 205 17990
88 206 18086
88 207 18342
88 208 18438
88 209 18726
88 210 18854
88 211 19110
88 212 18790
88 213 19014
88 214 19110
88 215 19366
88 216 19142
88 217 19238
88 218 19366
88 219 19622
88 220 19430
88 221 19526
88 222 19622
88 223 19878
88 224 19718
88 225 20006
88 226 20134
88 227 20390
88 228 20070
88 229 20294
88 230 20390
88 231 20646
88 232 20422
88 233 20518
88 234 20646
88 235 20902
88 236 20710
88 237 20806
88 238 20902
88 239 21158
88 240 21254
88 241 21542
88 242 21670
88 243 21926
88 244 21606
88 245 21830
88 246 21926
88 247 22182
88 248 21958
88 249 22054
88 250 22182
88 251 22438
88 252 22246
88 253 22342
88 254 22438
88 255 22694
89 0 6
89 1 294
89 2 422
89 3 678
89 4 358
89 5 582
89 6 678
89 7 934
89 8 710
89 9 806
89 10 934
89 11 1190
89 12 998
89 13 1094
89 14 1190
89 15 1446
89 16 1558
89 17 1846
89 18 1974
89 19 2230
89 20 1910
89 21 2134
89 22 2230
89 23 2486
89 24 2262
89 25 2358
89 26 2486
89 27 2742
89 28 2550
89 29 2646
89 30 2742
89 31 2998
89 32 2854
89 33 3142
89 34 3270
89 35 3526
89 36 3206
89 37 3430
89 38 3526
89 39 3782
89 40 3558
89 41 3654
89 42 3782
89 43 4038
89 44 3846
89 45 3942
89 46 4038
89 47 4294
89 48 4406
89 49 4694
89 50 4822
89 51 5078
89 52 4758
89 53 4982
89 54 5078
89 55 5334
89 56 5110
89 57 5206
89 58 5334
89 59 5590
89 60 5398
89 61 5494
89 62 5590
89 63 5846
89 64 5702
89 65 5990
89 66 6054
89 67 6310
89 68 5990
89 69 6278
89 70 6310
89 71 6566
89 72 6342
89 73 6502
89 74 6566
89 75 6822
89 76 6630
89 77 6790
89 78 6822
89 79 7078
89 80 7254
89 81 7542
89 82 7606
89 83 7862
89 84 7542
89 85 7830
89 86 7862
89 87 8118
89 88 7894
89 89 8054
89 90 8118
89 91 8374
89 92 8182
89 93 8342
89 94 8374
89 95 8630
89 96 8550
89 97 8838
89 98 8902
89 99 9158
89 100 8838
89 101 9126
89 102 9158
89 103 9414
89 104 9190
89 105 9350
89 106 9414
89 107 9670
89 108 9478
89 109 9638
89 110 9670
89 111 9926
89 112 10102
89 113 10390
89 114 10454
89 115 10710
89 116 10390
89 117 10678
89 118 10710
89 119 10966
89 120 10742
89 121 10902
89 122 10966
89 123 11222
89 124 11030
89 125 11190
89 126 11222
89 127 11478
89 128 11398
89 129 11558
89 130 11814
89 131 11942
89 132 11750
89 133 11846
89 134 12070
89 135 12198
89 136 11974
89 137 12070
89 138 12326
89 139 12454
89 140 12262
89 141 12358
89 142 12582
89 143 12710
89 144 12822
89 145 13110
89 146 13238
89 147 13494
89 148 13174
89 149 13398
89 150 13494
89 151 13750
89 152 13526
89 153 13622
89 154 13750
89 155 14006
89 156 13814
89 157 13910
89 158 14006
89 159 14262
89 160 14246
89 161 14406
89 162 14662
89 163 14790
89 164 14598
89 165 14694
89 166 14918
89 167 15046
89 168 14822
89 169 14918
89 170 15174
89 171 15302
89 172 15110
89 173 15206
89 174 15430
89 175 15558
89 176 15670
89 177 15958
89 178 16086
89 179 16342
89 180 16022
89 181 16246
89 182 16342
89 183 16598
89 184 16374
89 185 16470
89 186 16598
89 187 16854
89 188 16662
89 189 16758
89 190 16854
89 191 17110
89 192 17094
89 193 17254
89 194 17446
89 195 17574
89 196 17382
89 197 17542
89 198 17702
89 199 17830
89 200 17606
89 201 17766
89 202 17958
89 203 18086
89 204 17894
89 205 18054
89 206 18214
89 207 18342
89 208 18518
89 209 18806
89 210 18870
89 211 19126
89 212 18806
89 213 19094
89 214 19126
89 215 19382
89 216 19158
89 217 19318
89 218 19382
89 219 19638
89 220 19446
89 221 19606
89 222 19638
89 223 19894
89 224 19942
89 225 20102
89 226 20294
89 227 20422
89 228 20230
89 229 20390
89 230 20550
89 231 20678
89 232 20454
89 233 20614
89 234 20806
89 235 20934
89 236 20742
89 237 20902
89 238 21062
89 239 21190
89 240 21366
89 241 21654
89 242 21718
89 243 21974
89 244 21654
89 245 21942
89 246 21974
89 247 22230
89 248 22006
89 249 22166
89 250 22230
89 251 22486
89 252 22294
89 253 22454
89 254 22486
89 255 22742
90 0 6
90 1 294
90 2 422
90 3 678
90 4 358
90 5 582
90 6 678
90 7 934
90 8 726
90 9 806
90 10 934
90 11 1206
90 12 1014
90 13 1094
90 14 1190
90 15 1462
90 16 1574
90 17 1862
90 18 1990
90 19 2246
90 20 1926
90 21 2150
90 22 2246
90 23 2502
90 24 2294
90 25 2374
90 26 2502
90 27 2774
90 28 2582
90 29 2662
90 30 2758
90 31 3030
90 32 2886
90 33 3174
90 34 3238
90 35 3494
90 36 3174
90 37 3462
90 38 3494
90 39 3750
90 40 3542
90 41 3686
90 42 3750
90 43 4022
90 44 3830
90 45 3974
90 46 4006
90 47 4278
90 48 4454
90 49 4742
90 50 4806
90 51 5062
90 52 4742
90 53 5030
90 54 5062
90 55 5318
90 56 5110
90 57 5254
90 58 5318
90 59 5590
90 60 5398
90 61 5542
90 62 5574
90 63 5846
90 64 5766
90 65 5926
90 66 6182
90 67 6310
90 68 6118
90 69 6214
90 70 6438
90 71 6566
90 72 6358
90 73 6438
90 74 6694
90 75 6838
90 76 6646
90 77 6726
90 78 6950
90 79 7094
90 80 7206
90 81 7494
90 82 7622
90 83 7878
90 84 7558
90 85 7782
90 86 7878
90 87 8134
90 88 7926
90 89 8006
90 90 8134
90 91 8406
90 92 8214
90 93 8294
90 94 8390
90 95 8662
90 96 8646
90 97 8806
90 98 8998
90 99 9126
90 100 8934
90 101 9094
90 102 9254
90 103 9382
90 104 9174
90 105 9318
90 106 9510
90 107 9654
90 108 9462
90 109 9606
90 110 9766
90 111 9910
90 112 10086
90 113 10374
90 114 10438
90 115 10694
90 116 10374
90 117 10662
90 118 10694
90 119 10950
90 120 10742
90 121 10886
90 122 10950
90 123 11222
90 124 11030
90 125 11174
90 126 11206
90 127 11478
90 128 11526
90 129 11814
90 130 11942
90 131 12198
90 132 11878
90 133 12102
90 134 12198
90 135 12454
90 136 12246
90 137 12326
90 138 12454
90 139 12726
90 140 12534
90 141 12614
90 142 12710
90 143 12982
90 144 13094
90 145 13382
90 146 13510
90 147 13766
90 148 13446
90 149 13670
90 150 13766
90 151 14022
90 152 13814
90 153 13894
90 154 14022
90 155 14294
90 156 14102
90 157 14182
90 158 14278
90 159 14550
90 160 14406
90 161 14694
90 162 14758
90 163 15014
90 164 14694
90 165 14982
90 166 15014
90 167 15270
90 168 15062
90 169 15206
90 170 15270
90 171 15542
90 172 15350
90 173 15494
90 174 15526
90 175 15798
90 176 15974
90 177 16262
90 178 16326
90 179 16582
90 180 16262
90 181 16550
90 182 16582
90 183 16838
90 184 16630
90 185 16774
90 186 16838
90 187 17110
90 188 16918
90 189 17062
90 190 17094
90 191 17366
90 192 17286
90 193 17446
90 194 17702
90 195 17830
90 196 17638
90 197 17734
90 198 17958
90 199 18086
90 200 17878
90 201 17958
90 202 18214
90 203 18358
90 204 18166
90 205 18246
90 206 18470
90 207 18614
90 208 18726
90 209 19014
90 210 19142
90 211 19398
90 212 19078
90 213 19302
90 214 19398
90 215 19654
90 216 19446
90 217 19526
90 218 19654
90 219 19926
90 220 19734
90 221 19814
90 222 19910
90 223 20182
90 224 20166
90 225 20326
90 226 20518
90 227 20646
90 228 20454
90 229 20614
90 230 20774
90 231 20902
90 232 20694
90 233 20838
90 234 21030
90 235 21174
90 236 20982
90 237 21126
90 238 21286
90 239 21430
90 240 21606
90 241 21894
90 242 21958
90 243 22214
90 244 21894
90 245 22182
90 246 22214
90 247 22470
90 248 22262
90 249 22406
90 250 22470
90 251 22742
90 252 22550
90 253 22694
90 254 22726
90 255 22998
91 0 6
91 1 294
91 2 422
91 3 678
91 4 358
91 5 582
91 6 678
91 7 934
91 8 726
91 9 806
91 10 934
91 11 1206
91 12 1014
91 13 1094
91 14 1190
91 15 1462
91 16 1590
91 17 1878
91 18 2006
91 19 2262
91 20 1942
91 21 2166
91 22 2262
91 23 2518
91 24 2310
91 25 2390
91 26 2518
91 27 2790
91 28 2598
91 29 2678
91 30 2774
91 31 3046
91 32 2918
91 33 3206
91 34 3270
91 35 3526
91 36 3206
91 37 3494
91 38 3526
91 39 3782
91 40 3574
91 41 3718
91 42 3782
91 43 4054
91 44 3862
91 45 4006
91 46 4038
91 47 4310
91 48 4502
91 49 4790
91 50 4854
91 51 5110
91 52 4790
91 53 5078
91 54 5110
91 55 5366
91 56 5158
91 57 5302
91 58 5366
91 59 5638
91 60 5446
91 61 5590
91 62 5622
91 63 5894
91 64 5830
91 65 5990
91 66 6182
91 67 6310
91 68 6118
91 69 6278
91 70 6438
91 71 6566
91 72 6358
91 73 6502
91 74 6694
91 75 6838
91 76 6646
91 77 6790
91 78 6950
91 79 7094
91 80 7286
91 81 7574
91 82 7638
91 83 7894
91 84 7574
91 85 7862
91 86 7894
91 87 8150
91 88 7942
91 89 8086
91 90 8150
91 91 8422
91 92 8230
91 93 8374
91 94 8406
91 95 8678
91 96 8742
91 97 8902
91 98 9158
91 99 9286
91 100 9094
91 101 9190
91 102 9414
91 103 9542
91 104 9334
91 105 9414
91 106 9670
91 107 9814
91 108 9622
91 109 9702
91 110 9926
91 111 10070
91 112 10390
91 113 10422
91 114 10678
91 115 10678
91 116 10678
91 117 10710
91 118 10998
91 119 10934
91 120 10918
91 121 11062
91 122 11254
91 123 11206
91 124 11206
91 125 11350
91 126 11510
91 127 11462
91 128 11654
91 129 11814
91 130 12070
91 131 12198
91 132 12006
91 133 12102
91 134 12326
91 135 12454
91 136 12246
91 137 12326
91 138 12582
91 139 12726
91 140 12534
91 141 12614
91 142 12838
91 143 12982
91 144 13110
91 145 13398
91 146 13526
91 147 13782
91 148 13462
91 149 13686
91 150 13782
91 151 14038
91 152 13830
91 153 13910
91 154 14038
91 155 14310
91 156 14118
91 157 14198
91 158 14294
91 159 14566
91 160 14566
91 161 14726
91 162 14918
91 163 15046
91 164 14854
91 165 15014
91 166 15174
91 167 15302
91 168 15094
91 169 15238
91 170 15430
91 171 15574
91 172 15382
91 173 15526
91 174 15686
91 175 15830
91 176 16022
91 177 16310
91 178 16374
91 179 16630
91 180 16310
91 181 16598
91 182 16630
91 183 16886
91 184 16678
91 185 16822
91 186 16886
91 187 17158
91 188 16966
91 189 17110
91 190 17142
91 191 17414
91 192 17350
91 193 17510
91 194 17702
91 195 17830
91 196 17638
91 197 17798
91 198 17958
91 199 18086
91 200 17878
91 201 18022
91 202 18214
91 203 18358
91 204 18166
91 205 18310
91 206 18470
91 207 18614
91 208 18806
91 209 19094
91 210 19158
91 211 19414
91 212 19094
91 213 19382
91 214 19414
91 215 19670
91 216 19462
91 217 19606
91 218 19670
91 219 19942
91 220 19750
91 221 19894
91 222 19926
91 223 20198
91 224 20262
91 225 20422
91 226 20678
91 227 20806
91 228 20614
91 229 20710
91 230 20934
91 231 21062
91 232 20854
91 233 20934
91 234 21190
91 235 21334
91 236 21142
91 237 21222
91 238 21446
91 239 21590
91 240 21910
91 241 21942
91 242 22198
91 243 22198
91 244 22198
91 245 22230
91 246 22518
91 247 22454
91 248 22438
91 249 22582
91 250 22774
91 251 22726
91 252 22726
91 253 22870
91 254 23030
91 255 22982
92 0 6
92 1 294
92 2 422
92 3 678
92 4 374
92 5 582
92 6 678
92 7 950
92 8 742
92 9 838
92 10 934
92 11 1190
92 12 1014
92 13 1094
92 14 1190
92 15 1462
92 16 1606
92 17 1894
92 18 1958
92 19 2214
92 20 1910
92 21 2182
92 22 2214
92 23 2486
92 24 2278
92 25 2438
92 26 2470
92 27 2726
92 28 2550
92 29 2694
92 30 2726
92 31 2998
92 32 3078
92 33 3366
92 34 3494
92 35 3750
92 36 3446
92 37 3654
92 38 3750
92 39 4022
92 40 3814
92 41 3910
92 42 4006
92 43 4262
92 44 4086
92 45 4166
92 46 4262
92 47 4534
92 48 4422
92 49 4710
92 50 4774
92 51 5030
92 52 4726
92 53 4998
92 54 5030
92 55 5302
92 56 5094
92 57 5254
92 58 5286
92 59 5542
92 60 5366
92 61 5510
92 62 5542
92 63 5814
92 64 5894
92 65 6182
92 66 6310
92 67 6566
92 68 6262
92 69 6470
92 70 6566
92 71 6838
92 72 6630
92 73 6726
92 74 6822
92 75 7078
92 76 6902
92 77 6982
92 78 7078
92 79 7350
92 80 7494
92 81 7782
92 82 7846
92 83 8102
92 84 7798
92 85 8070
92 86 8102
92 87 8374
92 88 8166
92 89 8326
92 90 8358
92 91 8614
92 92 8438
92 93 8582
92 94 8614
92 95 8886
92 96 8966
92 97 9254
92 98 9382
92 99 9638
92 100 9334
92 101 9542
92 102 9638
92 103 9910
92 104 9702
92 105 9798
92 106 9894
92 107 10150
92 108 9974
92 109 10054
92 110 10150
92 111 10422
92 112 10310
92 113 10598
92 114 10662
92 115 10918
92 116 10614
92 117 10886
92 118 10918
92 119 11190
92 120 10982
92 121 11142
92 122 11174
92 123 11430
92 124 11254
92 125 11398
92 126 11430
92 127 11702
92 128 11782
92 129 12070
92 130 12198
92 131 12454
92 132 12150
92 133 12358
92 134 12454
92 135 12726
92 136 12518
92 137 12614
92 138 12710
92 139 12966
92 140 12790
92 141 12870
92 142 12966
92 143 13238
92 144 13382
92 145 13670
92 146 13734
92 147 13990
92 148 13686
92 149 13958
92 150 13990
92 151 14262
92 152 14054
92 153 14214
92 154 14246
92 155 14502
92 156 14326
92 157 14470
92 158 14502
92 159 14774
92 160 14854
92 161 15142
92 162 15270
92 163 15526
92 164 15222
92 165 15430
92 166 15526
92 167 15798
92 168 15590
92 169 15686
92 170 15782
92 171 16038
92 172 15862
92 173 15942
92 174 16038
92 175 16310
92 176 16198
92 177 16486
92 178 16550
92 179 16806
92 180 16502
92 181 16774
92 182 16806
92 183 17078
92 184 16870
92 185 17030
92 186 17062
92 187 17318
92 188 17142
92 189 17286
92 190 17318
92 191 17590
92 192 17670
92 193 17958
92 194 18086
92 195 18342
92 196 18038
92 197 18246
92 198 18342
92 199 18614
92 200 18406
92 201 18502
92 202 18598
92 203 18854
92 204 18678
92 205 18758
92 206 18854
92 207 19126
92 208 19270
92 209 19558
92 210 19622
92 211 19878
92 212 19574
92 213 19846
92 214 19878
92 215 20150
92 216 19942
92 217 20102
92 218 20134
92 219 20390
92 220 20214
92 221 20358
92 222 20390
92 223 20662
92 224 20742
92 225 21030
92 226 21158
92 227 21414
92 228 21110
92 229 21318
92 230 21414
92 231 21686
92 232 21478
92 233 21574
92 234 21670
92 235 21926
92 236 21750
92 237 21830
92 238 21926
92 239 22198
92 240 22086
92 241 22374
92 242 22438
92 243 22694
92 244 22390
92 245 22662
92 246 22694
92 247 22966
92 248 22758
92 249 22918
92 250 22950
92 251 23206
92 252 23030
92 253 23174
92 254 23206
92 255 23478
93 0 6
93 1 294
93 2 422
93 3 678
93 4 374
93 5 582
93 6 678
93 7 950
93 8 742
93 9 838
93 10 934
93 11 1190
93 12 1014
93 13 1094
93 14 1190
93 15 1462
93 16 1622
93 17 1910
93 18 1974
93 19 2230
93 20 1926
93 21 2198
93 22 2230
93 23 2502
93 24 2294
93 25 2454
93 26 2486
93 27 2742
93 28 2566
93 29 2710
93 30 2742
93 31 3014
93 32 3110
93 33 3398
93 34 3526
93 35 3782
93 36 3478
93 37 3686
93 38 3782
93 39 4054
93 40 3846
93 41 3942
93 42 4038
93 43 4294
93 44 4118
93 45 4198
93 46 4294
93 47 4566
93 48 4470
93 49 4758
93 50 4822
93 51 5078
93 52 4774
93 53 5046
93 54 5078
93 55 5350
93 56 5142
93 57 5302
93 58 5334
93 59 5590
93 60 5414
93 61 5558
93 62 5590
93 63 5862
93 64 5958
93 65 6246
93 66 6310
93 67 6566
93 68 6262
93 69 6534
93 70 6566
93 71 6838
93 72 6630
93 73 6790
93 74 6822
93 75 7078
93 76 6902
93 77 7046
93 78 7078
93 79 7350
93 80 7702
93 81 7734
93 82 8118
93 83 8118
93 84 8070
93 85 8022
93 86 8374
93 87 8390
93 88 8310
93 89 8406
93 90 8630
93 91 8630
93 92 8582
93 93 8662
93 94 8886
93 95 8902
93 96 9062
93 97 9350
93 98 9414
93 99 9670
93 100 9366
93 101 9638
93 102 9670
93 103 9942
93 104 9734
93 105 9894
93 106 9926
93 107 10182
93 108 10006
93 109 10150
93 110 10182
93 111 10454
93 112 10550
93 113 10582
93 114 10966
93 115 10966
93 116 10918
93 117 10870
93 118 11222
93 119 11238
93 120 11158
93 121 11254
93 122 11478
93 123 11478
93 124 11430
93 125 11510
93 126 11734
93 127 11750
93 128 11910
93 129 12070
93 130 12326
93 131 12454
93 132 12278
93 133 12358
93 134 12582
93 135 12726
93 136 12518
93 137 12614
93 138 12838
93 139 12966
93 140 12790
93 141 12870
93 142 13094
93 143 13238
93 144 13398
93 145 13686
93 146 13750
93 147 14006
93 148 13702
93 149 13974
93 150 14006
93 151 14278
93 152 14070
93 153 14230
93 154 14262
93 155 14518
93 156 14342
93 157 14486
93 158 14518
93 159 14790
93 160 14886
93 161 15174
93 162 15302
93 163 15558
93 164 15254
93 165 15462
93 166 15558
93 167 15830
93 168 15622
93 169 15718
93 170 15814
93 171 16070
93 172 15894
93 173 15974
93 174 16070
93 175 16342
93 176 16374
93 177 16534
93 178 16726
93 179 16854
93 180 16678
93 181 16822
93 182 16982
93 183 17126
93 184 16918
93 185 17078
93 186 17238
93 187 17366
93 188 17190
93 189 17334
93 190 17494
93 191 17638
93 192 17862
93 193 18022
93 194 18214
93 195 18342
93 196 18166
93 197 18310
93 198 18470
93 199 18614
93 200 18406
93 201 18566
93 202 18726
93 203 18854
93 204 18678
93 205 18822
93 206 18982
93 207 19126
93 208 19478
93 209 19510
93 210 19894
93 211 19894
93 212 19846
93 213 19798
93 214 20150
93 215 20166
93 216 20086
93 217 20182
93 218 20406
93 219 20406
93 220 20358
93 221 20438
93 222 20662
93 223 20678
93 224 20838
93 225 21126
93 226 21190
93 227 21446
93 228 21142
93 229 21414
93 230 21446
93 231 21718
93 232 21510
93 233 21670
93 234 21702
93 235 21958
93 236 21782
93 237 21926
93 238 21958
93 239 22230
93 240 22326
93 241 22486
93 242 22742
93 243 22870
93 244 22694
93 245 22774
93 246 22998
93 247 23142
93 248 22934
93 249 23030
93 250 23254
93 251 23382
93 252 23206
93 253 23286
93 254 23510
93 255 23654
94 0 6
94 1 294
94 2 422
94 3 678
94 4 374
94 5 582
94 6 678
94 7 950
94 8 758
94 9 838
94 10 934
94 11 1206
94 12 1014
94 13 1094
94 14 1190
94 15 1462
94 16 1638
94 17 1926
94 18 1990
94 19 2246
94 20 1942
94 21 2214
94 22 2246
94 23 2518
94 24 2326
94 25 2470
94 26 2502
94 27 2774
94 28 2582
94 29 2726
94 30 2758
94 31 3030
94 32 3142
94 33 3430
94 34 3494
94 35 3750
94 36 3446
94 37 3718
94 38 3750
94 39 4022
94 40 3830
94 41 3974
94 42 4006
94 43 4278
94 44 4086
94 45 4230
94 46 4262
94 47 4534
94 48 4646
94 49 4678
94 50 5062
94 51 5062
94 52 5014
94 53 4966
94 54 5318
94 55 5334
94 56 5270
94 57 5350
94 58 5574
94 59 5590
94 60 5526
94 61 5606
94 62 5830
94 63 5846
94 64 6022
94 65 6182
94 66 6438
94 67 6566
94 68 6390
94 69 6470
94 70 6694
94 71 6838
94 72 6646
94 73 6726
94 74 6950
94 75 7094
94 76 6902
94 77 6982
94 78 7206
94 79 7350
94 80 7526
94 81 7814
94 82 7878
94 83 8134
94 84 7830
94 85 8102
94 86 8134
94 87 8406
94 88 8214
94 89 8358
94 90 8390
94 91 8662
94 92 8470
94 93 8614
94 94 8646
94 95 8918
94 96 9030
94 97 9318
94 98 9382
94 99 9638
94 100 9334
94 101 9606
94 102 9638
94 103 9910
94 104 9718
94 105 9862
94 106 9894
94 107 10166
94 108 9974
94 109 10118
94 110 10150
94 111 10422
94 112 10534
94 113 10694
94 114 10950
94 115 11078
94 116 10902
94 117 10982
94 118 11206
94 119 11350
94 120 11158
94 121 11238
94 122 11462
94 123 11606
94 124 11414
94 125 11494
94 126 11718
94 127 11862
94 128 12038
94 129 12326
94 130 12454
94 131 12710
94 132 12406
94 133 12614
94 134 12710
94 135 12982
94 136 12790
94 137 12870
94 138 12966
94 139 13238
94 140 13046
94 141 13126
94 142 13222
94 143 13494
94 144 13670
94 145 13958
94 146 14022
94 147 14278
94 148 13974
94 149 14246
94 150 14278
94 151 14550
94 152 14358
94 153 14502
94 154 14534
94 155 14806
94 156 14614
94 157 14758
94 158 14790
94 159 15062
94 160 15174
94 161 15462
94 162 15526
94 163 15782
94 164 15478
94 165 15750
94 166 15782
94 167 16054
94 168 15862
94 169 16006
94 170 16038
94 171 16310
94 172 16118
94 173 16262
94 174 16294
94 175 16566
94 176 16678
94 177 16710
94 178 17094
94 179 17094
94 180 17046
94 181 16998
94 182 17350
94 183 17366
94 184 17302
94 185 17382
94 186 17606
94 187 17622
94 188 17558
94 189 17638
94 190 17862
94 191 17878
94 192 18054
94 193 18214
94 194 18470
94 195 18598
94 196 18422
94 197 18502
94 198 18726
94 199 18870
94 200 18678
94 201 18758
94 202 18982
94 203 19126
94 204 18934
94 205 19014
94 206 19238
94 207 19382
94 208 19558
94 209 19846
94 210 19910
94 211 20166
94 212 19862
94 213 20134
94 214 20166
94 215 20438
94 216 20246
94 217 20390
94 218 20422
94 219 20694
94 220 20502
94 221 20646
94 222 20678
94 223 20950
94 224 21062
94 225 21350
94 226 21414
94 227 21670
94 228 21366
94 229 21638
94 230 21670
94 231 21942
94 232 21750
94 233 21894
94 234 21926
94 235 22198
94 236 22006
94 237 22150
94 238 22182
94 239 22454
94 240 22566
94 241 22726
94 242 22982
94 243 23110
94 244 22934
94 245 23014
94 246 23238
94 247 23382
94 248 23190
94 249 23270
94 250 23494
94 251 23638
94 252 23446
94 253 23526
94 254 23750
94 255 23894
95 0 6
95 1 294
95 2 422
95 3 678
95 4 374
95 5 582
95 6 678
95 7 950
95 8 758
95 9 838
95 10 934
95 11 1206
95 12 1014
95 13 1094
95 14 1190
95 15 1462
95 16 1654
95 17 1942
95 18 2006
95 19 2262
95 20 1958
95 21 2230
95 22 2262
95 23 2534
95 24 2342
95 25 2486
95 26 2518
95 27 2790
95 28 2598
95 29 2742
95 30 2774
95 31 3046
95 32 3174
95 33 3462
95 34 3526
95 35 3782
95 36 3478
95 37 3750
95 38 3782
95 39 4054
95 40 3862
95 41 4006
95 42 4038
95 43 4310
95 44 4118
95 45 4262
95 46 4294
95 47 4566
95 48 4758
95 49 4790
95 50 5046
95 51 5046
95 52 5062
95 53 5078
95 54 5366
95 55 5318
95 56 5318
95 57 5462
95 58 5622
95 59 5574
95 60 5574
95 61 5718
95 62 5878
95 63 5830
95 64 6086
95 65 6246
95 66 6438
95 67 6566
95 68 6390
95 69 6534
95 70 6694
95 71 6838
95 72 6646
95 73 6790
95 74 6950
95 75 7094
95 76 6902
95 77 7046
95 78 7206
95 79 7350
95 80 7734
95 81 7766
95 82 8150
95 83 8150
95 84 8102
95 85 8054
95 86 8406
95 87 8422
95 88 8358
95 89 8438
95 90 8662
95 91 8678
95 92 8614
95 93 8694
95 94 8918
95 95 8934
95 96 9254
95 97 9286
95 98 9670
95 99 9670
95 100 9622
95 101 9574
95 102 9926
95 103 9942
95 104 9878
95 105 9958
95 106 10182
95 107 10198
95 108 10134
95 109 10214
95 110 10438
95 111 10454
95 112 10646
95 113 10806
95 114 10998
95 115 11126
95 116 10950
95 117 11094
95 118 11254
95 119 11398
95 120 11206
95 121 11350
95 122 11510
95 123 11654
95 124 11462
95 125 11606
95 126 11766
95 127 11910
95 128 12166
95 129 12326
95 130 12582
95 131 12710
95 132 12534
95 133 12614
95 134 12838
95 135 12982
95 136 12790
95 137 12870
95 138 13094
95 139 13238
95 140 13046
95 141 13126
95 142 13350
95 143 13494
95 144 13686
95 145 13974
95 146 14038
95 147 14294
95 148 13990
95 149 14262
95 150 14294
95 151 14566
95 152 14374
95 153 14518
95 154 14550
95 155 14822
95 156 14630
95 157 14774
95 158 14806
95 159 15078
95 160 15206
95 161 15494
95 162 15558
95 163 15814
95 164 15510
95 165 15782
95 166 15814
95 167 16086
95 168 15894
95 169 16038
95 170 16070
95 171 16342
95 172 16150
95 173 16294
95 174 16326
95 175 16598
95 176 16790
95 177 16950
95 178 17078
95 179 17206
95 180 17094
95 181 17238
95 182 17398
95 183 17478
95 184 17350
95 185 17494
95 186 17654
95 187 17734
95 188 17606
95 189 17750
95 190 17910
95 191 17990
95 192 18118
95 193 18278
95 194 18470
95 195 18598
95 196 18422
95 197 18566
95 198 18726
95 199 18870
95 200 18678
95 201 18822
95 202 18982
95 203 19126
95 204 18934
95 205 19078
95 206 19238
95 207 19382
95 208 19766
95 209 19798
95 210 20182
95 211 20182
95 212 20134
95 213 20086
95 214 20438
95 215 20454
95 216 20390
95 217 20470
95 218 20694
95 219 20710
95 220 20646
95 221 20726
95 222 20950
95 223 20966
95 224 21286
95 225 21318
95 226 21702
95 227 21702
95 228 21654
95 229 21606
95 230 21958
95 231 21974
95 232 21910
95 233 21990
95 234 22214
95 235 22230
95 236 22166
95 237 22246
95 238 22470
95 239 22486
95 240 22678
95 241 22838
95 242 23030
95 243 23158
95 244 22982
95 245 23126
95 246 23286
95 247 23430
95 248 23238
95 249 23382
95 250 23542
95 251 23686
95 252 23494
95 253 23638
95 254 23798
95 255 23942
96 0 6
96 1 390
96 2 518
96 3 646
96 4 390
96 5 646
96 6 774
96 7 902
96 8 774
96 9 1158
96 10 1286
96 11 1414
96 12 1158
96 13 1414
96 14 1542
96 15 1670
96 16 1542
96 17 1926
96 18 2054
96 19 2182
96 20 1926
96 21 2182
96 22 2310
96 23 2438
96 24 2310
96 25 2694
96 26 2822
96 27 2950
96 28 2694
96 29 2950
96 30 3078
96 31 3206
96 32 3078
96 33 3462
96 34 3590
96 35 3718
96 36 3462
96 37 3718
96 38 3846
96 39 3974
96 40 3846
96 41 4230
96 42 4358
96 43 4486
96 44 4230
96 45 4486
96 46 4614
96 47 4742
96 48 4614
96 49 4998
96 50 5126
96 51 5254
96 52 4998
96 53 5254
96 54 5382
96 55 5510
96 56 5382
96 57 5766
96 58 5894
96 59 6022
96 60 5766
96 61 6022
96 62 6150
96 63 6278
96 64 6150
96 65 6534
96 66 6662
96 67 6790
96 68 6534
96 69 6790
96 70 6918
96 71 7046
96 72 6918
96 73 7302
96 74 7430
96 75 7558
96 76 7302
96 77 7558
96 78 7686
96 79 7814
96 80 7686
96 81 8070
96 82 8198
96 83 8326
96 84 8070
96 85 8326
96 86 8454
96 87 8582
96 88 8454
96 89 8838
96 90 8966
96 91 9094
96 92 8838
96 93 9094
96 94 9222
96 95 9350
96 96 9222
96 97 9606
96 98 9734
96 99 9862
96 100 9606
96 101 9862
96 102 9990
96 103 10118
96 104 9990
96 105 10374
96 106 10502
96 107 10630
96 108 10374
96 109 10630
96 110 10758
96 111 10886
96 112 10758
96 113 11142
96 114 11270
96 115 11398
96 116 11142
96 117 11398
96 118 11526
96 119 11654
96 120 11526
96 121 11910
96 122 12038
96 123 12166
96 124 11910
96 125 12166
96 126 12294
96 127 12422
96 128 12294
96 129 12678
96 130 12806
96 131 12934
96 132 12678
96 133 12934
96 134 13062
96 135 13190
96 136 13062
96 137 13446
96 138 13574
96 139 13702
96 140 13446
96 141 13702
96 142 13830
96 143 13958
96 144 13830
96 145 14214
96 146 14342
96 147 14470
96 148 14214
96 149 14470
96 150 14598
96 151 14726
96 152 14598
96 153 14982
96 154 15110
96 155 15238
96 156 14982
96 157 15238
96 158 15366
96 159 15494
96 160 15366
96 161 15750
96 162 15878
96 163 16006
96 164 15750
96 165 16006
96 166 16134
96 167 16262
96 168 16134
96 169 16518
96 170 16646
96 171 16774
96 172 16518
96 173 16774
96 174 16902
96 175 17030
96 176 16902
96 177 17286
96 178 17414
96 179 17542
96 180 17286
96 181 17542
96 182 17670
96 183 17798
96 184 17670
96 185 18054
96 186 18182
96 187 18310
96 188 18054
96 189 18310
96 190 18438
96 191 18566
96 192 18438
96 193 18822
96 194 18950
96 195 19078
96 196 18822
96 197 19078
96 198 19206
96 199 19334
96 200 19206
96 201 19590
96 202 19718
96 203 19846
96 204 19590
96 205 19846
96 206 19974
96 207 20102
96 208 19974
96 209 20358
96 210 20486
96 211 20614
96 212 20358
96 213 20614
96 214 20742
96 215 20870
96 216 20742
96 217 21126
96 218 21254
96 219 21382
96 220 21126
96 221 21382
96 222 21510
96 223 21638
96 224 21510
96 225 21894
96 226 22022
96 227 22150
96 228 21894
96 229 22150
96 230 22278
96 231 22406
96 232 22278
96 233 22662
96 234 22790
96 235 22918
96 236 22662
96 237 22918
96 238 23046
96 239 23174
96 240 23046
96 241 23430
96 242 23558
96 243 23686
96 244 23430
96 245 23686
96 246 23814
96 247 23942
96 248 23814
96 249 24198
96 250 24326
96 251 24454
96 252 24198
96 253 24454
96 254 24582
96 255 24710
97 0 6
97 1 390
97 2 518
97 3 646
97 4 390
97 5 646
97 6 774
97 7 902
97 8 774
97 9 1158
97 10 1286
97 11 1414
97 12 1158
97 13 1414
97 14 1542
97 15 1670
97 16 1558
97 17 1942
97 18 2070
97 19 2198
97 20 1942
97 21 2198
97 22 2326
97 23 2454
97 24 2326
97 25 2710
97 26 2838
97 27 2966
97 28 2710
97 29 2966
97 30 3094
97 31 3222
97 32 3110
97 33 3494
97 34 3622
97 35 3750
97 36 3494
97 37 3750
97 38 3878
97 39 4006
97 40 3878
97 41 4262
97 42 4390
97 43 4518
97 44 4262
97 45 4518
97 46 4646
97 47 4774
97 48 4662
97 49 5046
97 50 5174
97 51 5302
97 52 5046
97 53 5302
97 54 5430
97 55 5558
97 56 5430
97 57 5814
97 58 5942
97 59 6070
97 60 5814
97 61 6070
97 62 6198
97 63 6326
97 64 6214
97 65 6534
97 66 6726
97 67 6790
97 68 6598
97 69 6790
97 70 6982
97 71 7046
97 72 6982
97 73 7302
97 74 7494
97 75 7558
97 76 7366
97 77 7558
97 78 7750
97 79 7814
97 80 7766
97 81 8086
97 82 8278
97 83 8342
97 84 8150
97 85 8342
97 86 8534
97 87 8598
97 88 8534
97 89 8854
97 90 9046
97 91 9110
97 92 8918
97 93 9110
97 94 9302
97 95 9366
97 96 9318
97 97 9638
97 98 9830
97 99 9894
97 100 9702
97 101 9894
97 102 10086
97 103 10150
97 104 10086
97 105 10406
97 106 10598
97 107 10662
97 108 10470
97 109 10662
97 110 10854
97 111 10918
97 112 10870
97 113 11190
97 114 11382
97 115 11446
97 116 11254
97 117 11446
97 118 11638
97 119 11702
97 120 11638
97 121 11958
97 122 12150
97 123 12214
97 124 12022
97 125 12214
97 126 12406
97 127 12470
97 128 12422
97 129 12678
97 130 12806
97 131 12934
97 132 12678
97 133 12934
97 134 13062
97 135 13190
97 136 13190
97 137 13446
97 138 13574
97 139 13702
97 140 13446
97 141 13702
97 142 13830
97 143 13958
97 144 13974
97 145 14230
97 146 14358
97 147 14486
97 148 14230
97 149 14486
97 150 14614
97 151 14742
97 152 14742
97 153 14998
97 154 15126
97 155 15254
97 156 14998
97 157 15254
97 158 15382
97 159 15510
97 160 15526
97 161 15782
97 162 15910
97 163 16038
97 164 15782
97 165 16038
97 166 16166
97 167 16294
97 168 16294
97 169 16550
97 170 16678
97 171 16806
97 172 16550
97 173 16806
97 174 16934
97 175 17062
97 176 17078
97 177 17334
97 178 17462
97 179 17590
97 180 17334
97 181 17590
97 182 17718
97 183 17846
97 184 17846
97 185 18102
97 186 18230
97 187 18358
97 188 18102
97 189 18358
97 190 18486
97 191 18614
97 192 18630
97 193 18822
97 194 19014
97 195 19078
97 196 18886
97 197 19078
97 198 19270
97 199 19334
97 200 19398
97 201 19590
97 202 19782
97 203 19846
97 204 19654
97 205 19846
97 206 20038
97 207 20102
97 208 20182
97 209 20374
97 210 20566
97 211 20630
97 212 20438
97 213 20630
97 214 20822
97 215 20886
97 216 20950
97 217 21142
97 218 21334
97 219 21398
97 220 21206
97 221 21398
97 222 21590
97 223 21654
97 224 21734
97 225 21926
97 226 22118
97 227 22182
97 228 21990
97 229 22182
97 230 22374
97 231 22438
97 232 22502
97 233 22694
97 234 22886
97 235 22950
97 236 22758
97 237 22950
97 238 23142
97 239 23206
97 240 23286
97 241 23478
97 242 23670
97 243 23734
97 244 23542
97 245 23734
97 246 23926
97 247 23990
97 248 24054
97 249 24246
97 250 24438
97 251 24502
97 252 24310
97 253 24502
97 254 24694
97 255 24758
98 0 6
98 1 390
98 2 518
98 3 646
98 4 390
98 5 646
98 6 774
98 7 902
98 8 790
98 9 1174
98 10 1302
98 11 1430
98 12 1174
98 13 1430
98 14 1558
98 15 1686
98 16 1574
98 17 1958
98 18 2086
98 19 2214
98 20 1958
98 21 2214
98 22 2342
98 23 2470
98 24 2358
98 25 2742
98 26 2870
98 27 2998
98 28 2742
98 29 2998
98 30 3126
98 31 3254
98 32 3142
98 33 3462
98 34 3654
98 35 3718
98 36 3526
98 37 3718
98 38 3910
98 39 3974
98 40 3926
98 41 4246
98 42 4438
98 43 4502
98 44 4310
98 45 4502
98 46 4694
98 47 4758
98 48 4710
98 49 5030
98 50 5222
98 51 5286
98 52 5094
98 53 5286
98 54 5478
98 55 5542
98 56 5494
98 57 5814
98 58 6006
98 59 6070
98 60 5878
98 61 6070
98 62 6262
98 63 6326
98 64 6278
98 65 6534
98 66 6662
98 67 6790
98 68 6534
98 69 6790
98 70 6918
98 71 7046
98 72 7062
98 73 7318
98 74 7446
98 75 7574
98 76 7318
98 77 7574
98 78 7702
98 79 7830
98 80 7846
98 81 8102
98 82 8230
98 83 8358
98 84 8102
98 85 8358
98 86 8486
98 87 8614
98 88 8630
98 89 8886
98 90 9014
98 91 9142
98 92 8886
98 93 9142
98 94 9270
98 95 9398
98 96 9414
98 97 9606
98 98 9798
98 99 9862
98 100 9670
98 101 9862
98 102 10054
98 103 10118
98 104 10198
98 105 10390
98 106 10582
98 107 10646
98 108 10454
98 109 10646
98 110 10838
98 111 10902
98 112 10982
98 113 11174
98 114 11366
98 115 11430
98 116 11238
98 117 11430
98 118 11622
98 119 11686
98 120 11766
98 121 11958
98 122 12150
98 123 12214
98 124 12022
98 125 12214
98 126 12406
98 127 12470
98 128 12550
98 129 12934
98 130 13062
98 131 13190
98 132 12934
98 133 13190
98 134 13318
98 135 13446
98 136 13334
98 137 13718
98 138 13846
98 139 13974
98 140 13718
98 141 13974
98 142 14102
98 143 14230
98 144 14118
98 145 14502
98 146 14630
98 147 14758
98 148 14502
98 149 14758
98 150 14886
98 151 15014
98 152 14902
98 153 15286
98 154 15414
98 155 15542
98 156 15286
98 157 15542
98 158 15670
98 159 15798
98 160 15686
98 161 16006
98 162 16198
98 163 16262
98 164 16070
98 165 16262
98 166 16454
98 167 16518
98 168 16470
98 169 16790
98 170 16982
98 171 17046
98 172 16854
98 173 17046
98 174 17238
98 175 17302
98 176 17254
98 177 17574
98 178 17766
98 179 17830
98 180 17638
98 181 17830
98 182 18022
98 183 18086
98 184 18038
98 185 18358
98 186 18550
98 187 18614
98 188 18422
98 189 18614
98 190 18806
98 191 18870
98 192 18822
98 193 19078
98 194 19206
98 195 19334
98 196 19078
98 197 19334
98 198 19462
98 199 19590
98 200 19606
98 201 19862
98 202 19990
98 203 20118
98 204 19862
98 205 20118
98 206 20246
98 207 20374
98 208 20390
98 209 20646
98 210 20774
98 211 20902
98 212 20646
98 213 20902
98 214 21030
98 215 21158
98 216 21174
98 217 21430
98 218 21558
98 219 21686
98 220 21430
98 221 21686
98 222 21814
98 223 21942
98 224 21958
98 225 22150
98 226 22342
98 227 22406
98 228 22214
98 229 22406
98 230 22598
98 231 22662
98 232 22742
98 233 22934
98 234 23126
98 235 23190
98 236 22998
98 237 23190
98 238 23382
98 239 23446
98 240 23526
98 241 23718
98 242 23910
98 243 23974
98 244 23782
98 245 23974
98 246 24166
98 247 24230
98 248 24310
98 249 24502
98 250 24694
98 251 24758
98 252 24566
98 253 24758
98 254 24950
98 255 25014
99 0 6
99 1 390
99 2 518
99 3 646
99 4 390
99 5 646
99 6 774
99 7 902
99 8 790
99 9 1174
99 10 1302
99 11 1430
99 12 1174
99 13 1430
99 14 1558
99 15 1686
99 16 1590
99 17 1974
99 18 2102
99 19 2230
99 20 1974
99 21 2230
99 22 2358
99 23 2486
99 24 2374
99 25 2758
99 26 2886
99 27 3014
99 28 2758
99 29 3014
99 30 3142
99 31 3270
99 32 3174
99 33 3494
99 34 3686
99 35 3750
99 36 3558
99 37 3750
99 38 3942
99 39 4006
99 40 3958
99 41 4278
99 42 4470
99 43 4534
99 44 4342
99 45 4534
99 46 4726
99 47 4790
99 48 4758
99 49 5078
99 50 5270
99 51 5334
99 52 5142
99 53 5334
99 54 5526
99 55 5590
99 56 5542
99 57 5862
99 58 6054
99 59 6118
99 60 5926
99 61 6118
99 62 6310
99 63 6374
99 64 6342
99 65 6534
99 66 6726
99 67 6790
99 68 6598
99 69 6790
99 70 6982
99 71 7046
99 72 7126
99 73 7318
99 74 7510
99 75 7574
99 76 7382
99 77 7574
99 78 7766
99 79 7830
99 80 7926
99 81 8118
99 82 8310
99 83 8374
99 84 8182
99 85 8374
99 86 8566
99 87 8630
99 88 8710
99 89 8902
99 90 9094
99 91 9158
99 92 8966
99 93 9158
99 94 9350
99 95 9414
99 96 9510
99 97 9766
99 98 9894
99 99 10022
99 100 9766
99 101 10022
99 102 10150
99 103 10278
99 104 10294
99 105 10550
99 106 10678
99 107 10806
99 108 10550
99 109 10806
99 110 10934
99 111 11062
99 112 11158
99 113 11286
99 114 11542
99 115 11542
99 116 11414
99 117 11542
99 118 11798
99 119 11798
99 120 11942
99 121 12070
99 122 12326
99 123 12326
99 124 12198
99 125 12326
99 126 12582
99 127 12582
99 128 12678
99 129 12934
99 130 13062
99 131 13190
99 132 12934
99 133 13190
99 134 13318
99 135 13446
99 136 13462
99 137 13718
99 138 13846
99 139 13974
99 140 13718
99 141 13974
99 142 14102
99 143 14230
99 144 14262
99 145 14518
99 146 14646
99 147 14774
99 148 14518
99 149 14774
99 150 14902
99 151 15030
99 152 15046
99 153 15302
99 154 15430
99 155 15558
99 156 15302
99 157 15558
99 158 15686
99 159 15814
99 160 15846
99 161 16038
99 162 16230
99 163 16294
99 164 16102
99 165 16294
99 166 16486
99 167 16550
99 168 16630
99 169 16822
99 170 17014
99 171 17078
99 172 16886
99 173 17078
99 174 17270
99 175 17334
99 176 17430
99 177 17622
99 178 17814
99 179 17878
99 180 17686
99 181 17878
99 182 18070
99 183 18134
99 184 18214
99 185 18406
99 186 18598
99 187 18662
99 188 18470
99 189 18662
99 190 18854
99 191 18918
99 192 18886
99 193 19078
99 194 19270
99 195 19334
99 196 19142
99 197 19334
99 198 19526
99 199 19590
99 200 19670
99 201 19862
99 202 20054
99 203 20118
99 204 19926
99 205 20118
99 206 20310
99 207 20374
99 208 20470
99 209 20662
99 210 20854
99 211 20918
99 212 20726
99 213 20918
99 214 21110
99 215 21174
99 216 21254
99 217 21446
99 218 21638
99 219 21702
99 220 21510
99 221 21702
99 222 21894
99 223 21958
99 224 22054
99 225 22310
99 226 22438
99 227 22566
99 228 22310
99 229 22566
99 230 22694
99 231 22822
99 232 22838
99 233 23094
99 234 23222
99 235 23350
99 236 23094
99 237 23350
99 238 23478
99 239 23606
99 240 23702
99 241 23830
99 242 24086
99 243 24086
99 244 23958
99 245 24086
99 246 24342
99 247 24342
99 248 24486
99 249 24614
99 250 24870
99 251 24870
99 252 24742
99 253 24870
99 254 25126
99 255 25126
100 0 6
100 1 390
100 2 518
100 3 646
100 4 406
100 5 662
100 6 790
100 7 918
100 8 806
100 9 1158
100 10 1318
100 11 1414
100 12 1206
100 13 1430
100 14 1590
100 15 1686
100 16 1606
100 17 1926
100 18 2118
100 19 2182
100 20 2006
100 21 2198
100 22 2390
100 23 2454
100 24 2406
100 25 2694
100 26 2918
100 27 2950
100 28 2806
100 29 2966
100 30 3190
100 31 3222
100 32 3334
100 33 3718
100 34 3846
100 35 3974
100 36 3734
100 37 3990
100 38 4118
100 39 4246
100 40 4134
100 41 4486
100 42 4646
100 43 4742
100 44 4534
100 45 4758
100 46 4918
100 47 5014
100 48 4934
100 49 5254
100 50 5446
100 51 5510
100 52 5334
100 53 5526
100 54 5718
100 55 5782
100 56 5734
100 57 6022
100 58 6246
100 59 6278
100 60 6134
100 61 6294
100 62 6518
100 63 6550
100 64 6406
100 65 6790
100 66 6918
100 67 7046
100 68 6806
100 69 7062
100 70 7190
100 71 7318
100 72 7206
100 73 7558
100 74 7718
100 75 7814
100 76 7606
100 77 7830
100 78 7990
100 79 8086
100 80 8006
100 81 8326
100 82 8518
100 83 8582
100 84 8406
100 85 8598
100 86 8790
100 87 8854
100 88 8806
100 89 9094
100 90 9318
100 91 9350
100 92 9206
100 93 9366
100 94 9590
100 95 9622
100 96 9734
100 97 10118
100 98 10246
100 99 10374
100 100 10134
100 101 10390
100 102 10518
100 103 10646
100 104 10534
100 105 10886
100 106 11046
100 107 11142
100 108 10934
100 109 11158
100 110 11318
100 111 11414
100 112 11334
100 113 11654
100 114 11846
100 115 11910
100 116 11734
100 117 11926
100 118 12118
100 119 12182
100 120 12134
100 121 12422
100 122 12646
100 123 12678
100 124 12534
100 125 12694
100 126 12918
100 127 12950
100 128 12806
100 129 13190
100 130 13318
100 131 13446
100 132 13206
100 133 13462
100 134 13590
100 135 13718
100 136 13606
100 137 13958
100 138 14118
100 139 14214
100 140 14006
100 141 14230
100 142 14390
100 143 14486
100 144 14406
100 145 14726
100 146 14918
100 147 14982
100 148 14806
100 149 14998
100 150 15190
100 151 15254
100 152 15206
100 153 15494
100 154 15718
100 155 15750
100 156 15606
100 157 15766
100 158 15990
100 159 16022
100 160 16134
100 161 16518
100 162 16646
100 163 16774
100 164 16534
100 165 16790
100 166 16918
100 167 17046
100 168 16934
100 169 17286
100 170 17446
100 171 17542
100 172 17334
100 173 17558
100 174 17718
100 175 17814
100 176 17734
100 177 18054
100 178 18246
100 179 18310
100 180 18134
100 181 18326
100 182 18518
100 183 18582
100 184 18534
100 185 18822
100 186 19046
100 187 19078
100 188 18934
100 189 19094
100 190 19318
100 191 19350
100 192 19206
100 193 19590
100 194 19718
100 195 19846
100 196 19606
100 197 19862
100 198 19990
100 199 20118
100 200 20006
100 201 20358
100 202 20518
100 203 20614
100 204 20406
100 205 20630
100 206 20790
100 207 20886
100 208 20806
100 209 21126
100 210 21318
100 211 21382
100 212 21206
100 213 21398
100 214 21590
100 215 21654
100 216 21606
100 217 21894
100 218 22118
100 219 22150
100 220 22006
100 221 22166
100 222 22390
100 223 22422
100 224 22534
100 225 22918
100 226 23046
100 227 23174
100 228 22934
100 229 23190
100 230 23318
100 231 23446
100 232 23334
100 233 23686
100 234 23846
100 235 23942
100 236 23734
100 237 23958
100 238 24118
100 239 24214
100 240 24134
100 241 24454
100 242 24646
100 243 24710
100 244 24534
100 245 24726
100 246 24918
100 247 24982
100 248 24934
100 249 25222
100 250 25446
100 251 25478
100 252 25334
100 253 25494
100 254 25718
100 255 25750
101 0 6
101 1 390
101 2 518
101 3 646
101 4 406
101 5 662
101 6 790
101 7 918
101 8 806
101 9 1158
101 10 1318
101 11 1414
101 12 1206
101 13 1430
101 14 1590
101 15 1686
101 16 1622
101 17 1942
101 18 2134
101 19 2198
101 20 2022
101 21 2214
101 22 2406
101 23 2470
101 24 2422
101 25 2710
101 26 2934
101 27 2966
101 28 2822
101 29 2982
101 30 3206
101 31 3238
101 32 3366
101 33 3750
101 34 3878
101 35 4006
101 36 3766
101 37 4022
101 38 4150
101 39 4278
101 40 4166
101 41 4518
101 42 4678
101 43 4774
101 44 4566
101 45 4790
101 46 4950
101 47 5046
101 48 4982
101 49 5302
101 50 5494
101 51 5558
101 52 5382
101 53 5574
101 54 5766
101 55 5830
101 56 5782
101 57 6070
101 58 6294
101 59 6326
101 60 6182
101 61 6342
101 62 6566
101 63 6598
101 64 6470
101 65 6790
101 66 6982
101 67 7046
101 68 6870
101 69 7062
101 70 7254
101 71 7318
101 72 7270
101 73 7558
101 74 7782
101 75 7814
101 76 7670
101 77 7830
101 78 8054
101 79 8086
101 80 8214
101 81 8342
101 82 8470
101 83 8598
101 84 8486
101 85 8742
101 86 8742
101 87 8870
101 88 9014
101 89 9110
101 90 9270
101 91 9366
101 92 9286
101 93 9510
101 94 9542
101 95 9638
101 96 9830
101 97 10150
101 98 10342
101 99 10406
101 100 10230
101 101 10422
101 102 10614
101 103 10678
101 104 10630
101 105 10918
101 106 11142
101 107 11174
101 108 11030
101 109 11190
101 110 11414
101 111 11446
101 112 11574
101 113 11702
101 114 11830
101 115 11958
101 116 11846
101 117 12102
101 118 12102
101 119 12230
101 120 12374
101 121 12470
101 122 12630
101 123 12726
101 124 12646
101 125 12870
101 126 12902
101 127 12998
101 128 12934
101 129 13190
101 130 13318
101 131 13446
101 132 13206
101 133 13462
101 134 13590
101 135 13718
101 136 13734
101 137 13958
101 138 14118
101 139 14214
101 140 14006
101 141 14230
101 142 14390
101 143 14486
101 144 14550
101 145 14742
101 146 14934
101 147 14998
101 148 14822
101 149 15014
101 150 15206
101 151 15270
101 152 15350
101 153 15510
101 154 15734
101 155 15766
101 156 15622
101 157 15782
101 158 16006
101 159 16038
101 160 16166
101 161 16550
101 162 16678
101 163 16806
101 164 16566
101 165 16822
101 166 16950
101 167 17078
101 168 16966
101 169 17318
101 170 17478
101 171 17574
101 172 17366
101 173 17590
101 174 17750
101 175 17846
101 176 17782
101 177 18102
101 178 18294
101 179 18358
101 180 18182
101 181 18374
101 182 18566
101 183 18630
101 184 18582
101 185 18870
101 186 19094
101 187 19126
101 188 18982
101 189 19142
101 190 19366
101 191 19398
101 192 19398
101 193 19590
101 194 19782
101 195 19846
101 196 19670
101 197 19862
101 198 20054
101 199 20118
101 200 20198
101 201 20358
101 202 20582
101 203 20614
101 204 20470
101 205 20630
101 206 20854
101 207 20886
101 208 21014
101 209 21270
101 210 21398
101 211 21526
101 212 21286
101 213 21542
101 214 21670
101 215 21798
101 216 21814
101 217 22038
101 218 22198
101 219 22294
101 220 22086
101 221 22310
101 222 22470
101 223 22566
101 224 22630
101 225 22950
101 226 23142
101 227 23206
101 228 23030
101 229 23222
101 230 23414
101 231 23478
101 232 23430
101 233 23718
101 234 23942
101 235 23974
101 236 23830
101 237 23990
101 238 24214
101 239 24246
101 240 24374
101 241 24502
101 242 24630
101 243 24758
101 244 24646
101 245 24902
101 246 24902
101 247 25030
101 248 25174
101 249 25270
101 250 25430
101 251 25526
101 252 25446
101 253 25670
101 254 25702
101 255 25798
102 0 6
102 1 390
102 2 518
102 3 646
102 4 406
102 5 662
102 6 790
102 7 918
102 8 822
102 9 1174
102 10 1334
102 11 1430
102 12 1206
102 13 1430
102 14 1590
102 15 1686
102 16 1638
102 17 1958
102 18 2150
102 19 2214
102 20 2038
102 21 2230
102 22 2422
102 23 2486
102 24 2454
102 25 2742
102 26 2966
102 27 2998
102 28 2838
102 29 2998
102 30 3222
102 31 3254
102 32 3398
102 33 3718
102 34 3910
102 35 3974
102 36 3798
102 37 3990
102 38 4182
102 39 4246
102 40 4214
102 41 4502
102 42 4726
102 43 4758
102 44 4598
102 45 4758
102 46 4982
102 47 5014
102 48 5158
102 49 5286
102 50 5414
102 51 5542
102 52 5430
102 53 5686
102 54 5686
102 55 5814
102 56 5974
102 57 6070
102 58 6230
102 59 6326
102 60 6230
102 61 6454
102 62 6486
102 63 6582
102 64 6534
102 65 6790
102 66 6918
102 67 7046
102 68 6806
102 69 7062
102 70 7190
102 71 7318
102 72 7350
102 73 7574
102 74 7734
102 75 7830
102 76 7606
102 77 7830
102 78 7990
102 79 8086
102 80 8166
102 81 8358
102 82 8550
102 83 8614
102 84 8438
102 85 8630
102 86 8822
102 87 8886
102 88 8982
102 89 9142
102 90 9366
102 91 9398
102 92 9238
102 93 9398
102 94 9622
102 95 9654
102 96 9798
102 97 10118
102 98 10310
102 99 10374
102 100 10198
102 101 10390
102 102 10582
102 103 10646
102 104 10614
102 105 10902
102 106 11126
102 107 11158
102 108 10998
102 109 11158
102 110 11382
102 111 11414
102 112 11558
102 113 11686
102 114 11814
102 115 11942
102 116 11830
102 117 12086
102 118 12086
102 119 12214
102 120 12374
102 121 12470
102 122 12630
102 123 12726
102 124 12630
102 125 12854
102 126 12886
102 127 12982
102 128 13062
102 129 13446
102 130 13574
102 131 13702
102 132 13462
102 133 13718
102 134 13846
102 135 13974
102 136 13878
102 137 14230
102 138 14390
102 139 14486
102 140 14262
102 141 14486
102 142 14646
102 143 14742
102 144 14694
102 145 15014
102 146 15206
102 147 15270
102 148 15094
102 149 15286
102 150 15478
102 151 15542
102 152 15510
102 153 15798
102 154 16022
102 155 16054
102 156 15894
102 157 16054
102 158 16278
102 159 16310
102 160 16454
102 161 16774
102 162 16966
102 163 17030
102 164 16854
102 165 17046
102 166 17238
102 167 17302
102 168 17270
102 169 17558
102 170 17782
102 171 17814
102 172 17654
102 173 17814
102 174 18038
102 175 18070
102 176 18214
102 177 18342
102 178 18470
102 179 18598
102 180 18486
102 181 18742
102 182 18742
102 183 18870
102 184 19030
102 185 19126
102 186 19286
102 187 19382
102 188 19286
102 189 19510
102 190 19542
102 191 19638
102 192 19590
102 193 19846
102 194 19974
102 195 20102
102 196 19862
102 197 20118
102 198 20246
102 199 20374
102 200 20406
102 201 20630
102 202 20790
102 203 20886
102 204 20662
102 205 20886
102 206 21046
102 207 21142
102 208 21222
102 209 21414
102 210 21606
102 211 21670
102 212 21494
102 213 21686
102 214 21878
102 215 21942
102 216 22038
102 217 22198
102 218 22422
102 219 22454
102 220 22294
102 221 22454
102 222 22678
102 223 22710
102 224 22854
102 225 23174
102 226 23366
102 227 23430
102 228 23254
102 229 23446
102 230 23638
102 231 23702
102 232 23670
102 233 23958
102 234 24182
102 235 24214
102 236 24054
102 237 24214
102 238 24438
102 239 24470
102 240 24614
102 241 24742
102 242 24870
102 243 24998
102 244 24886
102 245 25142
102 246 25142
102 247 25270
102 248 25430
102 249 25526
102 250 25686
102 251 25782
102 252 25686
102 253 25910
102 254 25942
102 255 26038
103 0 6
103 1 390
103 2 518
103 3 646
103 4 406
103 5 662
103 6 790
103 7 918
103 8 822
103 9 1174
103 10 1334
103 11 1430
103 12 1206
103 13 1430
103 14 1590
103 15 1686
103 16 1654
103 17 1974
103 18 2166
103 19 2230
103 20 2054
103 21 2246
103 22 2438
103 23 2502
103 24 2470
103 25 2758
103 26 2982
103 27 3014
103 28 2854
103 29 3014
103 30 3238
103 31 3270
103 32 3430
103 33 3750
103 34 3942
103 35 4006
103 36 3830
103 37 4022
103 38 4214
103 39 4278
103 40 4246
103 41 4534
103 42 4758
103 43 4790
103 44 4630
103 45 4790
103 46 5014
103 47 5046
103 48 5270
103 49 5270
103 50 5526
103 51 5526
103 52 5542
103 53 5670
103 54 5798
103 55 5798
103 56 6086
103 57 6054
103 58 6342
103 59 6310
103 60 6342
103 61 6438
103 62 6598
103 63 6566
103 64 6598
103 65 6790
103 66 6982
103 67 7046
103 68 6870
103 69 7062
103 70 7254
103 71 7318
103 72 7414
103 73 7574
103 74 7798
103 75 7830
103 76 7670
103 77 7830
103 78 8054
103 79 8086
103 80 8246
103 81 8502
103 82 8630
103 83 8758
103 84 8518
103 85 8774
103 86 8902
103 87 9030
103 88 9062
103 89 9286
103 90 9446
103 91 9542
103 92 9318
103 93 9542
103 94 9702
103 95 9798
103 96 10022
103 97 10150
103 98 10278
103 99 10406
103 100 10294
103 101 10550
103 102 10550
103 103 10678
103 104 10838
103 105 10934
103 106 11094
103 107 11190
103 108 11094
103 109 11318
103 110 11350
103 111 11446
103 112 11670
103 113 11734
103 114 11926
103 115 11990
103 116 11942
103 117 12134
103 118 12198
103 119 12262
103 120 12486
103 121 12518
103 122 12742
103 123 12774
103 124 12742
103 125 12902
103 126 12998
103 127 13030
103 128 13190
103 129 13446
103 130 13574
103 131 13702
103 132 13462
103 133 13718
103 134 13846
103 135 13974
103 136 14006
103 137 14230
103 138 14390
103 139 14486
103 140 14262
103 141 14486
103 142 14646
103 143 14742
103 144 14838
103 145 15030
103 146 15222
103 147 15286
103 148 15110
103 149 15302
103 150 15494
103 151 15558
103 152 15654
103 153 15814
103 154 16038
103 155 16070
103 156 15910
103 157 16070
103 158 16294
103 159 16326
103 160 16486
103 161 16806
103 162 16998
103 163 17062
103 164 16886
103 165 17078
103 166 17270
103 167 17334
103 168 17302
103 169 17590
103 170 17814
103 171 17846
103 172 17686
103 173 17846
103 174 18070
103 175 18102
103 176 18326
103 177 18326
103 178 18582
103 179 18582
103 180 18598
103 181 18726
103 182 18854
103 183 18854
103 184 19142
103 185 19110
103 186 19398
103 187 19366
103 188 19398
103 189 19494
103 190 19654
103 191 19622
103 192 19654
103 193 19846
103 194 20038
103 195 20102
103 196 19926
103 197 20118
103 198 20310
103 199 20374
103 200 20470
103 201 20630
103 202 20854
103 203 20886
103 204 20726
103 205 20886
103 206 21110
103 207 21142
103 208 21302
103 209 21558
103 210 21686
103 211 21814
103 212 21574
103 213 21830
103 214 21958
103 215 22086
103 216 22118
103 217 22342
103 218 22502
103 219 22598
103 220 22374
103 221 22598
103 222 22758
103 223 22854
103 224 23078
103 225 23206
103 226 23334
103 227 23462
103 228 23350
103 229 23606
103 230 23606
103 231 23734
103 232 23894
103 233 23990
103 234 24150
103 235 24246
103 236 24150
103 237 24374
103 238 24406
103 239 24502
103 240 24726
103 241 24790
103 242 24982
103 243 25046
103 244 24998
103 245 25190
103 246 25254
103 247 25318
103 248 25542
103 249 25574
103 250 25798
103 251 25830
103 252 25798
103 253 25958
103 254 26054
103 255 26086
104 0 6
104 1 390
104 2 550
104 3 678
104 4 422
104 5 646
104 6 838
104 7 934
104 8 838
104 9 1158
104 10 1318
104 11 1446
104 12 1254
104 13 1414
104 14 1606
104 15 1702
104 16 1798
104 17 2182
104 18 2342
104 19 2470
104 20 2214
104 21 2438
104 22 2630
104 23 2726
104 24 2630
104 25 2950
104 26 3110
104 27 3238
104 28 3046
104 29 3206
104 30 3398
104 31 3494
104 32 3334
104 33 3718
104 34 3878
104 35 4006
104 36 3750
104 37 3974
104 38 4166
104 39 4262
104 40 4166
104 41 4486
104 42 4646
104 43 4774
104 44 4582
104 45 4742
104 46 4934
104 47 5030
104 48 5126
104 49 5510
104 50 5670
104 51 5798
104 52 5542
104 53 5766
104 54 5958
104 55 6054
104 56 5958
104 57 6278
104 58 6438
104 59 6566
104 60 6374
104 61 6534
104 62 6726
104 63 6822
104 64 6662
104 65 7046
104 66 7206
104 67 7334
104 68 7078
104 69 7302
104 70 7494
104 71 7590
104 72 7494
104 73 7814
104 74 7974
104 75 8102
104 76 7910
104 77 8070
104 78 8262
104 79 8358
104 80 8454
104 81 8838
104 82 8998
104 83 9126
104 84 8870
104 85 9094
104 86 9286
104 87 9382
104 88 9286
104 89 9606
104 90 9766
104 91 9894
104 92 9702
104 93 9862
104 94 10054
104 95 10150
104 96 9990
104 97 10374
104 98 10534
104 99 10662
104 100 10406
104 101 10630
104 102 10822
104 103 10918
104 104 10822
104 105 11142
104 106 11302
104 107 11430
104 108 11238
104 109 11398
104 110 11590
104 111 11686
104 112 11782
104 113 12166
104 114 12326
104 115 12454
104 116 12198
104 117 12422
104 118 12614
104 119 12710
104 120 12614
104 121 12934
104 122 13094
104 123 13222
104 124 13030
104 125 13190
104 126 13382
104 127 13478
104 128 13318
104 129 13702
104 130 13862
104 131 13990
104 132 13734
104 133 13958
104 134 14150
104 135 14246
104 136 14150
104 137 14470
104 138 14630
104 139 14758
104 140 14566
104 141 14726
104 142 14918
104 143 15014
104 144 15110
104 145 15494
104 146 15654
104 147 15782
104 148 15526
104 149 15750
104 150 15942
104 151 16038
104 152 15942
104 153 16262
104 154 16422
104 155 16550
104 156 16358
104 157 16518
104 158 16710
104 159 16806
104 160 16646
104 161 17030
104 162 17190
104 163 17318
104 164 17062
104 165 17286
104 166 17478
104 167 17574
104 168 17478
104 169 17798
104 170 17958
104 171 18086
104 172 17894
104 173 18054
104 174 18246
104 175 18342
104 176 18438
104 177 18822
104 178 18982
104 179 19110
104 180 18854
104 181 19078
104 182 19270
104 183 19366
104 184 19270
104 185 19590
104 186 19750
104 187 19878
104 188 19686
104 189 19846
104 190 20038
104 191 20134
104 192 19974
104 193 20358
104 194 20518
104 195 20646
104 196 20390
104 197 20614
104 198 20806
104 199 20902
104 200 20806
104 201 21126
104 202 21286
104 203 21414
104 204 21222
104 205 21382
104 206 21574
104 207 21670
104 208 21766
104 209 22150
104 210 22310
104 211 22438
104 212 22182
104 213 22406
104 214 22598
104 215 22694
104 216 22598
104 217 22918
104 218 23078
104 219 23206
104 220 23014
104 221 23174
104 222 23366
104 223 23462
104 224 23302
104 225 23686
104 226 23846
104 227 23974
104 228 23718
104 229 23942
104 230 24134
104 231 24230
104 232 24134
104 233 24454
104 234 24614
104 235 24742
104 236 24550
104 237 24710
104 238 24902
104 239 24998
104 240 25094
104 241 25478
104 242 25638
104 243 25766
104 244 25510
104 245 25734
104 246 25926
104 247 26022
104 248 25926
104 249 26246
104 250 26406
104 251 26534
104 252 26342
104 253 26502
104 254 26694
104 255 26790
105 0 6
105 1 390
105 2 550
105 3 678
105 4 422
105 5 646
105 6 838
105 7 934
105 8 838
105 9 1158
105 10 1318
105 11 1446
105 12 1254
105 13 1414
105 14 1606
105 15 1702
105 16 1814
105 17 2198
105 18 2358
105 19 2486
105 20 2230
105 21 2454
105 22 2646
105 23 2742
105 24 2646
105 25 2966
105 26 3126
105 27 3254
105 28 3062
105 29 3222
105 30 3414
105 31 3510
105 32 3366
105 33 3750
105 34 3910
105 35 4038
105 36 3782
105 37 4006
105 38 4198
105 39 4294
105 40 4198
105 41 4518
105 42 4678
105 43 4806
105 44 4614
105 45 4774
105 46 4966
105 47 5062
105 48 5174
105 49 5558
105 50 5718
105 51 5846
105 52 5590
105 53 5814
105 54 6006
105 55 6102
105 56 6006
105 57 6326
105 58 6486
105 59 6614
105 60 6422
105 61 6582
105 62 6774
105 63 6870
105 64 6726
105 65 7046
105 66 7270
105 67 7334
105 68 7142
105 69 7302
105 70 7558
105 71 7590
105 72 7494
105 73 7814
105 74 8038
105 75 8102
105 76 7910
105 77 8070
105 78 8326
105 79 8358
105 80 8534
105 81 8854
105 82 9078
105 83 9142
105 84 8950
105 85 9110
105 86 9366
105 87 9398
105 88 9302
105 89 9622
105 90 9846
105 91 9910
105 92 9718
105 93 9878
105 94 10134
105 95 10166
105 96 10086
105 97 10406
105 98 10630
105 99 10694
105 100 10502
105 101 10662
105 102 10918
105 103 10950
105 104 10854
105 105 11174
105 106 11398
105 107 11462
105 108 11270
105 109 11430
105 110 11686
105 111 11718
105 112 11894
105 113 12214
105 114 12438
105 115 12502
105 116 12310
105 117 12470
105 118 12726
105 119 12758
105 120 12662
105 121 12982
105 122 13206
105 123 13270
105 124 13078
105 125 13238
105 126 13494
105 127 13526
105 128 13446
105 129 13702
105 130 13862
105 131 13990
105 132 13734
105 133 13958
105 134 14150
105 135 14246
105 136 14278
105 137 14470
105 138 14630
105 139 14758
105 140 14566
105 141 14726
105 142 14918
105 143 15014
105 144 15126
105 145 15510
105 146 15670
105 147 15798
105 148 15542
105 149 15766
105 150 15958
105 151 16054
105 152 15958
105 153 16278
105 154 16438
105 155 16566
105 156 16374
105 157 16534
105 158 16726
105 159 16822
105 160 16806
105 161 17062
105 162 17222
105 163 17350
105 164 17094
105 165 17318
105 166 17510
105 167 17606
105 168 17638
105 169 17830
105 170 17990
105 171 18118
105 172 17926
105 173 18086
105 174 18278
105 175 18374
105 176 18486
105 177 18870
105 178 19030
105 179 19158
105 180 18902
105 181 19126
105 182 19318
105 183 19414
105 184 19318
105 185 19638
105 186 19798
105 187 19926
105 188 19734
105 189 19894
105 190 20086
105 191 20182
105 192 20166
105 193 20358
105 194 20582
105 195 20646
105 196 20454
105 197 20614
105 198 20870
105 199 20902
105 200 20934
105 201 21126
105 202 21350
105 203 21414
105 204 21222
105 205 21382
105 206 21638
105 207 21670
105 208 21846
105 209 22166
105 210 22390
105 211 22454
105 212 22262
105 213 22422
105 214 22678
105 215 22710
105 216 22614
105 217 22934
105 218 23158
105 219 23222
105 220 23030
105 221 23190
105 222 23446
105 223 23478
105 224 23526
105 225 23718
105 226 23942
105 227 24006
105 228 23814
105 229 23974
105 230 24230
105 231 24262
105 232 24294
105 233 24486
105 234 24710
105 235 24774
105 236 24582
105 237 24742
105 238 24998
105 239 25030
105 240 25206
105 241 25526
105 242 25750
105 243 25814
105 244 25622
105 245 25782
105 246 26038
105 247 26070
105 248 25974
105 249 26294
105 250 26518
105 251 26582
105 252 26390
105 253 26550
105 254 26806
105 255 26838
106 0 6
106 1 390
106 2 550
106 3 678
106 4 422
106 5 646
106 6 838
106 7 934
106 8 854
106 9 1174
106 10 1318
106 11 1446
106 12 1270
106 13 1430
106 14 1606
106 15 1702
106 16 1830
106 17 2214
106 18 2374
106 19 2502
106 20 2246
106 21 2470
106 22 2662
106 23 2758
106 24 2678
106 25 2998
106 26 3142
106 27 3270
106 28 3094
106 29 3254
106 30 3430
106 31 3526
106 32 3398
106 33 3718
106 34 3942
106 35 4006
106 36 3814
106 37 3974
106 38 4230
106 39 4262
106 40 4182
106 41 4502
106 42 4710
106 43 4774
106 44 4598
106 45 4758
106 46 4998
106 47 5030
106 48 5222
106 49 5542
106 50 5766
106 51 5830
106 52 5638
106 53 5798
106 54 6054
106 55 6086
106 56 6006
106 57 6326
106 58 6534
106 59 6598
106 60 6422
106 61 6582
106 62 6822
106 63 6854
106 64 6790
106 65 7046
106 66 7206
106 67 7334
106 68 7078
106 69 7302
106 70 7494
106 71 7590
106 72 7638
106 73 7830
106 74 7974
106 75 8102
106 76 7926
106 77 8086
106 78 8262
106 79 8358
106 80 8486
106 81 8870
106 82 9030
106 83 9158
106 84 8902
106 85 9126
106 86 9318
106 87 9414
106 88 9334
106 89 9654
106 90 9798
106 91 9926
106 92 9750
106 93 9910
106 94 10086
106 95 10182
106 96 10182
106 97 10374
106 98 10598
106 99 10662
106 100 10470
106 101 10630
106 102 10886
106 103 10918
106 104 10966
106 105 11158
106 106 11366
106 107 11430
106 108 11254
106 109 11414
106 110 11654
106 111 11686
106 112 11878
106 113 12198
106 114 12422
106 115 12486
106 116 12294
106 117 12454
106 118 12710
106 119 12742
106 120 12662
106 121 12982
106 122 13190
106 123 13254
106 124 13078
106 125 13238
106 126 13478
106 127 13510
106 128 13574
106 129 13958
106 130 14118
106 131 14246
106 132 13990
106 133 14214
106 134 14406
106 135 14502
106 136 14422
106 137 14742
106 138 14886
106 139 15014
106 140 14838
106 141 14998
106 142 15174
106 143 15270
106 144 15398
106 145 15782
106 146 15942
106 147 16070
106 148 15814
106 149 16038
106 150 16230
106 151 16326
106 152 16246
106 153 16566
106 154 16710
106 155 16838
106 156 16662
106 157 16822
106 158 16998
106 159 17094
106 160 16966
106 161 17286
106 162 17510
106 163 17574
106 164 17382
106 165 17542
106 166 17798
106 167 17830
106 168 17750
106 169 18070
106 170 18278
106 171 18342
106 172 18166
106 173 18326
106 174 18566
106 175 18598
106 176 18790
106 177 19110
106 178 19334
106 179 19398
106 180 19206
106 181 19366
106 182 19622
106 183 19654
106 184 19574
106 185 19894
106 186 20102
106 187 20166
106 188 19990
106 189 20150
106 190 20390
106 191 20422
106 192 20358
106 193 20614
106 194 20774
106 195 20902
106 196 20646
106 197 20870
106 198 21062
106 199 21158
106 200 21206
106 201 21398
106 202 21542
106 203 21670
106 204 21494
106 205 21654
106 206 21830
106 207 21926
106 208 22054
106 209 22438
106 210 22598
106 211 22726
106 212 22470
106 213 22694
106 214 22886
106 215 22982
106 216 22902
106 217 23222
106 218 23366
106 219 23494
106 220 23318
106 221 23478
106 222 23654
106 223 23750
106 224 23750
106 225 23942
106 226 24166
106 227 24230
106 228 24038
106 229 24198
106 230 24454
106 231 24486
106 232 24534
106 233 24726
106 234 24934
106 235 24998
106 236 24822
106 237 24982
106 238 25222
106 239 25254
106 240 25446
106 241 25766
106 242 25990
106 243 26054
106 244 25862
106 245 26022
106 246 26278
106 247 26310
106 248 26230
106 249 26550
106 250 26758
106 251 26822
106 252 26646
106 253 26806
106 254 27046
106 255 27078
107 0 6
107 1 390
107 2 550
107 3 678
107 4 422
107 5 646
107 6 838
107 7 934
107 8 854
107 9 1174
107 10 1318
107 11 1446
107 12 1270
107 13 1430
107 14 1606
107 15 1702
107 16 1846
107 17 2230
107 18 2390
107 19 2518
107 20 2262
107 21 2486
107 22 2678
107 23 2774
107 24 2694
107 25 3014
107 26 3158
107 27 3286
107 28 3110
107 29 3270
107 30 3446
107 31 3542
107 32 3430
107 33 3750
107 34 3974
107 35 4038
107 36 3846
107 37 4006
107 38 4262
107 39 4294
107 40 4214
107 41 4534
107 42 4742
107 43 4806
107 44 4630
107 45 4790
107 46 5030
107 47 5062
107 48 5270
107 49 5590
107 50 5814
107 51 5878
107 52 5686
107 53 5846
107 54 6102
107 55 6134
107 56 6054
107 57 6374
107 58 6582
107 59 6646
107 60 6470
107 61 6630
107 62 6870
107 63 6902
107 64 6854
107 65 7046
107 66 7270
107 67 7334
107 68 7142
107 69 7302
107 70 7558
107 71 7590
107 72 7638
107 73 7830
107 74 8038
107 75 8102
107 76 7926
107 77 8086
107 78 8326
107 79 8358
107 80 8566
107 81 8886
107 82 9110
107 83 9174
107 84 8982
107 85 9142
107 86 9398
107 87 9430
107 88 9350
107 89 9670
107 90 9878
107 91 9942
107 92 9766
107 93 9926
107 94 10166
107 95 10198
107 96 10278
107 97 10534
107 98 10694
107 99 10822
107 100 10566
107 101 10790
107 102 10982
107 103 11078
107 104 11126
107 105 11318
107 106 11462
107 107 11590
107 108 11414
107 109 11574
107 110 11750
107 111 11846
107 112 12182
107 113 12182
107 114 12470
107 115 12470
107 116 12470
107 117 12566
107 118 12758
107 119 12726
107 120 12966
107 121 12966
107 122 13238
107 123 13302
107 124 13254
107 125 13350
107 126 13526
107 127 13558
107 128 13702
107 129 13958
107 130 14118
107 131 14246
107 132 13990
107 133 14214
107 134 14406
107 135 14502
107 136 14550
107 137 14742
107 138 14886
107 139 15014
107 140 14838
107 141 14998
107 142 15174
107 143 15270
107 144 15414
107 145 15798
107 146 15958
107 147 16086
107 148 15830
107 149 16054
107 150 16246
107 151 16342
107 152 16262
107 153 16582
107 154 16726
107 155 16854
107 156 16678
107 157 16838
107 158 17014
107 159 17110
107 160 17126
107 161 17318
107 162 17542
107 163 17606
107 164 17414
107 165 17574
107 166 17830
107 167 17862
107 168 17910
107 169 18102
107 170 18310
107 171 18374
107 172 18198
107 173 18358
107 174 18598
107 175 18630
107 176 18838
107 177 19158
107 178 19382
107 179 19446
107 180 19254
107 181 19414
107 182 19670
107 183 19702
107 184 19622
107 185 19942
107 186 20150
107 187 20214
107 188 20038
107 189 20198
107 190 20438
107 191 20470
107 192 20422
107 193 20614
107 194 20838
107 195 20902
107 196 20710
107 197 20870
107 198 21126
107 199 21158
107 200 21206
107 201 21398
107 202 21606
107 203 21670
107 204 21494
107 205 21654
107 206 21894
107 207 21926
107 208 22134
107 209 22454
107 210 22678
107 211 22742
107 212 22550
107 213 22710
107 214 22966
107 215 22998
107 216 22918
107 217 23238
107 218 23446
107 219 23510
107 220 23334
107 221 23494
107 222 23734
107 223 23766
107 224 23846
107 225 24102
107 226 24262
107 227 24390
107 228 24134
107 229 24358
107 230 24550
107 231 24646
107 232 24694
107 233 24886
107 234 25030
107 235 25158
107 236 24982
107 237 25142
107 238 25318
107 239 25414
107 240 25750
107 241 25750
107 242 26038
107 243 26038
107 244 26038
107 245 26134
107 246 26326
107 247 26294
107 248 26534
107 249 26534
107 250 26806
107 251 26870
107 252 26822
107 253 26918
107 254 27094
107 255 27126
108 0 6
108 1 390
108 2 550
108 3 678
108 4 438
108 5 662
108 6 838
108 7 934
108 8 870
108 9 1158
108 10 1350
108 11 1446
108 12 1270
108 13 1430
108 14 1606
108 15 1702
108 16 1862
108 17 2182
108 18 2406
108 19 2470
108 20 2294
108 21 2454
108 22 2694
108 23 2726
108 24 2662
108 25 2950
108 26 3206
108 27 3238
108 28 3062
108 29 3222
108 30 3462
108 31 3494
108 32 3590
108 33 3974
108 34 4134
108 35 4262
108 36 4022
108 37 4246
108 38 4422
108 39 4518
108 40 4454
108 41 4742
108 42 4934
108 43 5030
108 44 4854
108 45 5014
108 46 5190
108 47 5286
108 48 5190
108 49 5510
108 50 5734
108 51 5798
108 52 5622
108 53 5782
108 54 6022
108 55 6054
108 56 5990
108 57 6278
108 58 6534
108 59 6566
108 60 6390
108 61 6550
108 62 6790
108 63 6822
108 64 6918
108 65 7302
108 66 7462
108 67 7590
108 68 7350
108 69 7574
108 70 7750
108 71 7846
108 72 7782
108 73 8070
108 74 8262
108 75 8358
108 76 8182
108 77 8342
108 78 8518
108 79 8614
108 80 8774
108 81 9094
108 82 9318
108 83 9382
108 84 9206
108 85 9366
108 86 9606
108 87 9638
108 88 9574
108 89 9862
108 90 10118
108 91 10150
108 92 9974
108 93 10134
108 94 10374
108 95 10406
108 96 10502
108 97 10886
108 98 11046
108 99 11174
108 100 10934
108 101 11158
108 102 11334
108 103 11430
108 104 11366
108 105 11654
108 106 11846
108 107 11942
108 108 11766
108 109 11926
108 110 12102
108 111 12198
108 112 12102
108 113 12422
108 114 12646
108 115 12710
108 116 12534
108 117 12694
108 118 12934
108 119 12966
108 120 12902
108 121 13190
108 122 13446
108 123 13478
108 124 13302
108 125 13462
108 126 13702
108 127 13734
108 128 13830
108 129 14214
108 130 14374
108 131 14502
108 132 14262
108 133 14486
108 134 14662
108 135 14758
108 136 14694
108 137 14982
108 138 15174
108 139 15270
108 140 15094
108 141 15254
108 142 15430
108 143 15526
108 144 15686
108 145 16006
108 146 16230
108 147 16294
108 148 16118
108 149 16278
108 150 16518
108 151 16550
108 152 16486
108 153 16774
108 154 17030
108 155 17062
108 156 16886
108 157 17046
108 158 17286
108 159 17318
108 160 17414
108 161 17798
108 162 17958
108 163 18086
108 164 17846
108 165 18070
108 166 18246
108 167 18342
108 168 18278
108 169 18566
108 170 18758
108 171 18854
108 172 18678
108 173 18838
108 174 19014
108 175 19110
108 176 19014
108 177 19334
108 178 19558
108 179 19622
108 180 19446
108 181 19606
108 182 19846
108 183 19878
108 184 19814
108 185 20102
108 186 20358
108 187 20390
108 188 20214
108 189 20374
108 190 20614
108 191 20646
108 192 20742
108 193 21126
108 194 21286
108 195 21414
108 196 21174
108 197 21398
108 198 21574
108 199 21670
108 200 21606
108 201 21894
108 202 22086
108 203 22182
108 204 22006
108 205 22166
108 206 22342
108 207 22438
108 208 22598
108 209 22918
108 210 23142
108 211 23206
108 212 23030
108 213 23190
108 214 23430
108 215 23462
108 216 23398
108 217 23686
108 218 23942
108 219 23974
108 220 23798
108 221 23958
108 222 24198
108 223 24230
108 224 24326
108 225 24710
108 226 24870
108 227 24998
108 228 24758
108 229 24982
108 230 25158
108 231 25254
108 232 25190
108 233 25478
108 234 25670
108 235 25766
108 236 25590
108 237 25750
108 238 25926
108 239 26022
108 240 25926
108 241 26246
108 242 26470
108 243 26534
108 244 26358
108 245 26518
108 246 26758
108 247 26790
108 248 26726
108 249 27014
108 250 27270
108 251 27302
108 252 27126
108 253 27286
108 254 27526
108 255 27558
109 0 6
109 1 390
109 2 550
109 3 678
109 4 438
109 5 662
109 6 838
109 7 934
109 8 870
109 9 1158
109 10 1350
109 11 1446
109 12 1270
109 13 1430
109 14 1606
109 15 1702
109 16 1878
109 17 2198
109 18 2422
109 19 2486
109 20 2310
109 21 2470
109 22 2710
109 23 2742
109 24 2678
109 25 2966
109 26 3222
109 27 3254
109 28 3078
109 29 3238
109 30 3478
109 31 3510
109 32 3622
109 33 4006
109 34 4166
109 35 4294
109 36 4054
109 37 4278
109 38 4454
109 39 4550
109 40 4486
109 41 4774
109 42 4966
109 43 5062
109 44 4886
109 45 5046
109 46 5222
109 47 5318
109 48 5238
109 49 5558
109 50 5782
109 51 5846
109 52 5670
109 53 5830
109 54 6070
109 55 6102
109 56 6038
109 57 6326
109 58 6582
109 59 6614
109 60 6438
109 61 6598
109 62 6838
109 63 6870
109 64 6982
109 65 7302
109 66 7526
109 67 7590
109 68 7414
109 69 7574
109 70 7814
109 71 7846
109 72 7782
109 73 8070
109 74 8326
109 75 8358
109 76 8182
109 77 8342
109 78 8582
109 79 8614
109 80 8982
109 81 9110
109 82 9270
109 83 9398
109 84 9286
109 85 9510
109 86 9558
109 87 9654
109 88 9846
109 89 9878
109 90 10070
109 91 10166
109 92 10118
109 93 10278
109 94 10326
109 95 10422
109 96 10598
109 97 10918
109 98 11142
109 99 11206
109 100 11030
109 101 11190
109 102 11430
109 103 11462
109 104 11398
109 105 11686
109 106 11942
109 107 11974
109 108 11798
109 109 11958
109 110 12198
109 111 12230
109 112 12342
109 113 12470
109 114 12630
109 115 12758
109 116 12646
109 117 12870
109 118 12918
109 119 13014
109 120 13206
109 121 13238
109 122 13430
109 123 13526
109 124 13478
109 125 13638
109 126 13686
109 127 13782
109 128 13958
109 129 14214
109 130 14374
109 131 14502
109 132 14262
109 133 14486
109 134 14662
109 135 14758
109 136 14822
109 137 14982
109 138 15174
109 139 15270
109 140 15094
109 141 15254
109 142 15430
109 143 15526
109 144 15702
109 145 16022
109 146 16246
109 147 16310
109 148 16134
109 149 16294
109 150 16534
109 151 16566
109 152 16502
109 153 16790
109 154 17046
109 155 17078
109 156 16902
109 157 17062
109 158 17302
109 159 17334
109 160 17446
109 161 17830
109 162 17990
109 163 18118
109 164 17878
109 165 18102
109 166 18278
109 167 18374
109 168 18310
109 169 18598
109 170 18790
109 171 18886
109 172 18710
109 173 18870
109 174 19046
109 175 19142
109 176 19190
109 177 19382
109 178 19606
109 179 19670
109 180 19494
109 181 19654
109 182 19894
109 183 19926
109 184 19990
109 185 20150
109 186 20406
109 187 20438
109 188 20262
109 189 20422
109 190 20662
109 191 20694
109 192 20934
109 193 21126
109 194 21350
109 195 21414
109 196 21238
109 197 21398
109 198 21638
109 199 21670
109 200 21734
109 201 21894
109 202 22150
109 203 22182
109 204 22006
109 205 22166
109 206 22406
109 207 22438
109 208 22806
109 209 22934
109 210 23094
109 211 23222
109 212 23110
109 213 23334
109 214 23382
109 215 23478
109 216 23670
109 217 23702
109 218 23894
109 219 23990
109 220 23942
109 221 24102
109 222 24150
109 223 24246
109 224 24422
109 225 24742
109 226 24966
109 227 25030
109 228 24854
109 229 25014
109 230 25254
109 231 25286
109 232 25222
109 233 25510
109 234 25766
109 235 25798
109 236 25622
109 237 25782
109 238 26022
109 239 26054
109 240 26166
109 241 26422
109 242 26582
109 243 26710
109 244 26470
109 245 26694
109 246 26870
109 247 26966
109 248 27030
109 249 27190
109 250 27382
109 251 27478
109 252 27302
109 253 27462
109 254 27638
109 255 27734
110 0 6
110 1 390
110 2 550
110 3 678
110 4 438
110 5 662
110 6 838
110 7 934
110 8 886
110 9 1174
110 10 1350
110 11 1446
110 12 1270
110 13 1430
110 14 1606
110 15 1702
110 16 1894
110 17 2214
110 18 2438
110 19 2502
110 20 2326
110 21 2486
110 22 2726
110 23 2758
110 24 2710
110 25 2998
110 26 3238
110 27 3270
110 28 3094
110 29 3254
110 30 3494
110 31 3526
110 32 3654
110 33 3974
110 34 4198
110 35 4262
110 36 4086
110 37 4246
110 38 4486
110 39 4518
110 40 4470
110 41 4758
110 42 4998
110 43 5030
110 44 4854
110 45 5014
110 46 5254
110 47 5286
110 48 5414
110 49 5542
110 50 5702
110 51 5830
110 52 5718
110 53 5942
110 54 5990
110 55 6086
110 56 6294
110 57 6326
110 58 6502
110 59 6598
110 60 6550
110 61 6710
110 62 6758
110 63 6854
110 64 7046
110 65 7302
110 66 7462
110 67 7590
110 68 7350
110 69 7574
110 70 7750
110 71 7846
110 72 7926
110 73 8086
110 74 8262
110 75 8358
110 76 8182
110 77 8342
110 78 8518
110 79 8614
110 80 8806
110 81 9126
110 82 9350
110 83 9414
110 84 9238
110 85 9398
110 86 9638
110 87 9670
110 88 9622
110 89 9910
110 90 10150
110 91 10182
110 92 10006
110 93 10166
110 94 10406
110 95 10438
110 96 10566
110 97 10886
110 98 11110
110 99 11174
110 100 10998
110 101 11158
110 102 11398
110 103 11430
110 104 11382
110 105 11670
110 106 11910
110 107 11942
110 108 11766
110 109 11926
110 110 12166
110 111 12198
110 112 12326
110 113 12582
110 114 12742
110 115 12870
110 116 12630
110 117 12854
110 118 13030
110 119 13126
110 120 13206
110 121 13366
110 122 13542
110 123 13638
110 124 13462
110 125 13622
110 126 13798
110 127 13894
110 128 14086
110 129 14470
110 130 14630
110 131 14758
110 132 14518
110 133 14742
110 134 14918
110 135 15014
110 136 14966
110 137 15254
110 138 15430
110 139 15526
110 140 15350
110 141 15510
110 142 15686
110 143 15782
110 144 15974
110 145 16294
110 146 16518
110 147 16582
110 148 16406
110 149 16566
110 150 16806
110 151 16838
110 152 16790
110 153 17078
110 154 17318
110 155 17350
110 156 17174
110 157 17334
110 158 17574
110 159 17606
110 160 17734
110 161 18054
110 162 18278
110 163 18342
110 164 18166
110 165 18326
110 166 18566
110 167 18598
110 168 18550
110 169 18838
110 170 19078
110 171 19110
110 172 18934
110 173 19094
110 174 19334
110 175 19366
110 176 19494
110 177 19622
110 178 19782
110 179 19910
110 180 19798
110 181 20022
110 182 20070
110 183 20166
110 184 20374
110 185 20406
110 186 20582
110 187 20678
110 188 20630
110 189 20790
110 190 20838
110 191 20934
110 192 21126
110 193 21382
110 194 21542
110 195 21670
110 196 21430
110 197 21654
110 198 21830
110 199 21926
110 200 22006
110 201 22166
110 202 22342
110 203 22438
110 204 22262
110 205 22422
110 206 22598
110 207 22694
110 208 22886
110 209 23206
110 210 23430
110 211 23494
110 212 23318
110 213 23478
110 214 23718
110 215 23750
110 216 23702
110 217 23990
110 218 24230
110 219 24262
110 220 24086
110 221 24246
110 222 24486
110 223 24518
110 224 24646
110 225 24966
110 226 25190
110 227 25254
110 228 25078
110 229 25238
110 230 25478
110 231 25510
110 232 25462
110 233 25750
110 234 25990
110 235 26022
110 236 25846
110 237 26006
110 238 26246
110 239 26278
110 240 26406
110 241 26662
110 242 26822
110 243 26950
110 244 26710
110 245 26934
110 246 27110
110 247 27206
110 248 27286
110 249 27446
110 250 27622
110 251 27718
110 252 27542
110 253 27702
110 254 27878
110 255 27974
111 0 6
111 1 390
111 2 550
111 3 678
111 4 438
111 5 662
111 6 838
111 7 934
111 8 886
111 9 1174
111 10 1350
111 11 1446
111 12 1270
111 13 1430
111 14 1606
111 15 1702
111 16 1910
111 17 2230
111 18 2454
111 19 2518
111 20 2342
111 21 2502
111 22 2742
111 23 2774
111 24 2726
111 25 3014
111 26 3254
111 27 3286
111 28 3110
111 29 3270
111 30 3510
111 31 3542
111 32 3686
111 33 4006
111 34 4230
111 35 4294
111 36 4118
111 37 4278
111 38 4518
111 39 4550
111 40 4502
111 41 4790
111 42 5030
111 43 5062
111 44 4886
111 45 5046
111 46 5286
111 47 5318
111 48 5526
111 49 5526
111 50 5814
111 51 5814
111 52 5830
111 53 5926
111 54 6102
111 55 6070
111 56 6342
111 57 6310
111 58 6614
111 59 6646
111 60 6598
111 61 6694
111 62 6870
111 63 6902
111 64 7110
111 65 7302
111 66 7526
111 67 7590
111 68 7414
111 69 7574
111 70 7814
111 71 7846
111 72 7926
111 73 8086
111 74 8326
111 75 8358
111 76 8182
111 77 8342
111 78 8582
111 79 8614
111 80 9014
111 81 9142
111 82 9302
111 83 9430
111 84 9318
111 85 9542
111 86 9590
111 87 9686
111 88 9894
111 89 9926
111 90 10102
111 91 10198
111 92 10150
111 93 10310
111 94 10358
111 95 10454
111 96 10790
111 97 10918
111 98 11078
111 99 11206
111 100 11094
111 101 11318
111 102 11366
111 103 11462
111 104 11670
111 105 11702
111 106 11878
111 107 11974
111 108 11926
111 109 12086
111 110 12134
111 111 12230
111 112 12438
111 113 12630
111 114 12854
111 115 12918
111 116 12742
111 117 12902
111 118 13142
111 119 13174
111 120 13254
111 121 13414
111 122 13654
111 123 13686
111 124 13510
111 125 13670
111 126 13910
111 127 13942
111 128 14214
111 129 14470
111 130 14630
111 131 14758
111 132 14518
111 133 14742
111 134 14918
111 135 15014
111 136 15094
111 137 15254
111 138 15430
111 139 15526
111 140 15350
111 141 15510
111 142 15686
111 143 15782
111 144 15990
111 145 16310
111 146 16534
111 147 16598
111 148 16422
111 149 16582
111 150 16822
111 151 16854
111 152 16806
111 153 17094
111 154 17334
111 155 17366
111 156 17190
111 157 17350
111 158 17590
111 159 17622
111 160 17766
111 161 18086
111 162 18310
111 163 18374
111 164 18198
111 165 18358
111 166 18598
111 167 18630
111 168 18582
111 169 18870
111 170 19110
111 171 19142
111 172 18966
111 173 19126
111 174 19366
111 175 19398
111 176 19606
111 177 19734
111 178 20022
111 179 20022
111 180 19910
111 181 20006
111 182 20310
111 183 20278
111 184 20422
111 185 20518
111 186 20822
111 187 20854
111 188 20678
111 189 20774
111 190 21078
111 191 21110
111 192 21190
111 193 21382
111 194 21606
111 195 21670
111 196 21494
111 197 21654
111 198 21894
111 199 21926
111 200 22006
111 201 22166
111 202 22406
111 203 22438
111 204 22262
111 205 22422
111 206 22662
111 207 22694
111 208 23094
111 209 23222
111 210 23382
111 211 23510
111 212 23398
111 213 23622
111 214 23670
111 215 23766
111 216 23974
111 217 24006
111 218 24182
111 219 24278
111 220 24230
111 221 24390
111 222 24438
111 223 24534
111 224 24870
111 225 24998
111 226 25158
111 227 25286
111 228 25174
111 229 25398
111 230 25446
111 231 25542
111 232 25750
111 233 25782
111 234 25958
111 235 26054
111 236 26006
111 237 26166
111 238 26214
111 239 26310
111 240 26518
111 241 26710
111 242 26934
111 243 26998
111 244 26822
111 245 26982
111 246 27222
111 247 27254
111 248 27334
111 249 27494
111 250 27734
111 251 27766
111 252 27590
111 253 27750
111 254 27990
111 255 28022
112 0 6
112 1 422
112 2 646
112 3 678
112 4 454
112 5 678
112 6 902
112 7 934
112 8 902
112 9 1190
112 10 1414
112 11 1446
112 12 1222
112 13 1446
112 14 1670
112 15 1702
112 16 1798
112 17 2214
112 18 2438
112 19 2470
112 20 2246
112 21 2470
112 22 2694
112 23 2726
112 24 2694
112 25 2982
112 26 3206
112 27 3238
112 28 3014
112 29 3238
112 30 3462
112 31 3494
112 32 3590
112 33 4006
112 34 4230
112 35 4262
112 36 4038
112 37 4262
112 38 4486
112 39 4518
112 40 4486
112 41 4774
112 42 4998
112 43 5030
112 44 4806
112 45 5030
112 46 5254
112 47 5286
112 48 5382
112 49 5798
112 50 6022
112 51 6054
112 52 5830
112 53 6054
112 54 6278
112 55 6310
112 56 6278
112 57 6566
112 58 6790
112 59 6822
112 60 6598
112 61 6822
112 62 7046
112 63 7078
112 64 7174
112 65 7590
112 66 7814
112 67 7846
112 68 7622
112 69 7846
112 70 8070
112 71 8102
112 72 8070
112 73 8358
112 74 8582
112 75 8614
112 76 8390
112 77 8614
112 78 8838
112 79 8870
112 80 8966
112 81 9382
112 82 9606
112 83 9638
112 84 9414
112 85 9638
112 86 9862
112 87 9894
112 88 9862
112 89 10150
112 90 10374
112 91 10406
112 92 10182
112 93 10406
112 94 10630
112 95 10662
112 96 10758
112 97 11174
112 98 11398
112 99 11430
112 100 11206
112 101 11430
112 102 11654
112 103 11686
112 104 11654
112 105 11942
112 106 12166
112 107 12198
112 108 11974
112 109 12198
112 110 12422
112 111 12454
112 112 12550
112 113 12966
112 114 13190
112 115 13222
112 116 12998
112 117 13222
112 118 13446
112 119 13478
112 120 13446
112 121 13734
112 122 13958
112 123 13990
112 124 13766
112 125 13990
112 126 14214
112 127 14246
112 128 14342
112 129 14758
112 130 14982
112 131 15014
112 132 14790
112 133 15014
112 134 15238
112 135 15270
112 136 15238
112 137 15526
112 138 15750
112 139 15782
112 140 15558
112 141 15782
112 142 16006
112 143 16038
112 144 16134
112 145 16550
112 146 16774
112 147 16806
112 148 16582
112 149 16806
112 150 17030
112 151 17062
112 152 17030
112 153 17318
112 154 17542
112 155 17574
112 156 17350
112 157 17574
112 158 17798
112 159 17830
112 160 17926
112 161 18342
112 162 18566
112 163 18598
112 164 18374
112 165 18598
112 166 18822
112 167 18854
112 168 18822
112 169 19110
112 170 19334
112 171 19366
112 172 19142
112 173 19366
112 174 19590
112 175 19622
112 176 19718
112 177 20134
112 178 20358
112 179 20390
112 180 20166
112 181 20390
112 182 20614
112 183 20646
112 184 20614
112 185 20902
112 186 21126
112 187 21158
112 188 20934
112 189 21158
112 190 21382
112 191 21414
112 192 21510
112 193 21926
112 194 22150
112 195 22182
112 196 21958
112 197 22182
112 198 22406
112 199 22438
112 200 22406
112 201 22694
112 202 22918
112 203 22950
112 204 22726
112 205 22950
112 206 23174
112 207 23206
112 208 23302
112 209 23718
112 210 23942
112 211 23974
112 212 23750
112 213 23974
112 214 24198
112 215 24230
112 216 24198
112 217 24486
112 218 24710
112 219 24742
112 220 24518
112 221 24742
112 222 24966
112 223 24998
112 224 25094
112 225 25510
112 226 25734
112 227 25766
112 228 25542
112 229 25766
112 230 25990
112 231 26022
112 232 25990
112 233 26278
112 234 26502
112 235 26534
112 236 26310
112 237 26534
112 238 26758
112 239 26790
112 240 26886
112 241 27302
112 242 27526
112 243 27558
112 244 27334
112 245 27558
112 246 27782
112 247 27814
112 248 27782
112 249 28070
112 250 28294
112 251 28326
112 252 28102
112 253 28326
112 254 28550
112 255 28582
113 0 6
113 1 422
113 2 646
113 3 678
113 4 454
113 5 678
113 6 902
113 7 934
113 8 902
113 9 1190
113 10 1414
113 11 1446
113 12 1222
113 13 1446
113 14 1670
113 15 1702
113 16 1814
113 17 2230
113 18 2454
113 19 2486
113 20 2262
113 21 2486
113 22 2710
113 23 2742
113 24 2710
113 25 2998
113 26 3222
113 27 3254
113 28 3030
113 29 3254
113 30 3478
113 31 3510
113 32 3622
113 33 4038
113 34 4262
113 35 4294
113 36 4070
113 37 4294
113 38 4518
113 39 4550
113 40 4518
113 41 4806
113 42 5030
113 43 5062
113 44 4838
113 45 5062
113 46 5286
113 47 5318
113 48 5430
113 49 5846
113 50 6070
113 51 6102
113 52 5878
113 53 6102
113 54 6326
113 55 6358
113 56 6326
113 57 6614
113 58 6838
113 59 6870
113 60 6646
113 61 6870
113 62 7094
113 63 7126
113 64 7238
113 65 7590
113 66 7814
113 67 7846
113 68 7622
113 69 7846
113 70 8070
113 71 8102
113 72 8134
113 73 8358
113 74 8582
113 75 8614
113 76 8390
113 77 8614
113 78 8838
113 79 8870
113 80 9046
113 81 9398
113 82 9622
113 83 9654
113 84 9430
113 85 9654
113 86 9878
113 87 9910
113 88 9942
113 89 10166
113 90 10390
113 91 10422
113 92 10198
113 93 10422
113 94 10646
113 95 10678
113 96 10854
113 97 11206
113 98 11430
113 99 11462
113 100 11238
113 101 11462
113 102 11686
113 103 11718
113 104 11750
113 105 11974
113 106 12198
113 107 12230
113 108 12006
113 109 12230
113 110 12454
113 111 12486
113 112 12662
113 113 13014
113 114 13238
113 115 13270
113 116 13046
113 117 13270
113 118 13494
113 119 13526
113 120 13558
113 121 13782
113 122 14006
113 123 14038
113 124 13814
113 125 14038
113 126 14262
113 127 14294
113 128 14470
113 129 14758
113 130 14982
113 131 15014
113 132 14790
113 133 15014
113 134 15238
113 135 15270
113 136 15238
113 137 15526
113 138 15750
113 139 15782
113 140 15558
113 141 15782
113 142 16006
113 143 16038
113 144 16278
113 145 16566
113 146 16790
113 147 16822
113 148 16598
113 149 16822
113 150 17046
113 151 17078
113 152 17046
113 153 17334
113 154 17558
113 155 17590
113 156 17366
113 157 17590
113 158 17814
113 159 17846
113 160 18086
113 161 18374
113 162 18598
113 163 18630
113 164 18406
113 165 18630
113 166 18854
113 167 18886
113 168 18854
113 169 19142
113 170 19366
113 171 19398
113 172 19174
113 173 19398
113 174 19622
113 175 19654
113 176 19894
113 177 20182
113 178 20406
113 179 20438
113 180 20214
113 181 20438
113 182 20662
113 183 20694
113 184 20662
113 185 20950
113 186 21174
113 187 21206
113 188 20982
113 189 21206
113 190 21430
113 191 21462
113 192 21702
113 193 21926
113 194 22150
113 195 22182
113 196 21958
113 197 22182
113 198 22406
113 199 22438
113 200 22470
113 201 22694
113 202 22918
113 203 22950
113 204 22726
113 205 22950
113 206 23174
113 207 23206
113 208 23510
113 209 23734
113 210 23958
113 211 23990
113 212 23766
113 213 23990
113 214 24214
113 215 24246
113 216 24278
113 217 24502
113 218 24726
113 219 24758
113 220 24534
113 221 24758
113 222 24982
113 223 25014
113 224 25318
113 225 25542
113 226 25766
113 227 25798
113 228 25574
113 229 25798
113 230 26022
113 231 26054
113 232 26086
113 233 26310
113 234 26534
113 235 26566
113 236 26342
113 237 26566
113 238 26790
113 239 26822
113 240 27126
113 241 27350
113 242 27574
113 243 27606
113 244 27382
113 245 27606
113 246 27830
113 247 27862
113 248 27894
113 249 28118
113 250 28342
113 251 28374
113 252 28150
113 253 28374
113 254 28598
113 255 28630
114 0 6
114 1 422
114 2 646
114 3 678
114 4 454
114 5 678
114 6 902
114 7 934
114 8 918
114 9 1190
114 10 1430
114 11 1446
114 12 1238
114 13 1446
114 14 1686
114 15 1702
114 16 1830
114 17 2246
114 18 2470
114 19 2502
114 20 2278
114 21 2502
114 22 2726
114 23 2758
114 24 2742
114 25 3014
114 26 3254
114 27 3270
114 28 3062
114 29 3270
114 30 3510
114 31 3526
114 32 3654
114 33 4006
114 34 4230
114 35 4262
114 36 4038
114 37 4262
114 38 4486
114 39 4518
114 40 4566
114 41 4774
114 42 5014
114 43 5030
114 44 4822
114 45 5030
114 46 5270
114 47 5286
114 48 5478
114 49 5830
114 50 6054
114 51 6086
114 52 5862
114 53 6086
114 54 6310
114 55 6342
114 56 6390
114 57 6598
114 58 6838
114 59 6854
114 60 6646
114 61 6854
114 62 7094
114 63 7110
114 64 7302
114 65 7590
114 66 7814
114 67 7846
114 68 7622
114 69 7846
114 70 8070
114 71 8102
114 72 8086
114 73 8358
114 74 8598
114 75 8614
114 76 8406
114 77 8614
114 78 8854
114 79 8870
114 80 9126
114 81 9414
114 82 9638
114 83 9670
114 84 9446
114 85 9670
114 86 9894
114 87 9926
114 88 9910
114 89 10182
114 90 10422
114 91 10438
114 92 10230
114 93 10438
114 94 10678
114 95 10694
114 96 10950
114 97 11174
114 98 11398
114 99 11430
114 100 11206
114 101 11430
114 102 11654
114 103 11686
114 104 11734
114 105 11942
114 106 12182
114 107 12198
114 108 11990
114 109 12198
114 110 12438
114 111 12454
114 112 12774
114 113 12998
114 114 13222
114 115 13254
114 116 13030
114 117 13254
114 118 13478
114 119 13510
114 120 13558
114 121 13766
114 122 14006
114 123 14022
114 124 13814
114 125 14022
114 126 14262
114 127 14278
114 128 14598
114 129 15014
114 130 15238
114 131 15270
114 132 15046
114 133 15270
114 134 15494
114 135 15526
114 136 15510
114 137 15782
114 138 16022
114 139 16038
114 140 15830
114 141 16038
114 142 16278
114 143 16294
114 144 16422
114 145 16838
114 146 17062
114 147 17094
114 148 16870
114 149 17094
114 150 17318
114 151 17350
114 152 17334
114 153 17606
114 154 17846
114 155 17862
114 156 17654
114 157 17862
114 158 18102
114 159 18118
114 160 18246
114 161 18598
114 162 18822
114 163 18854
114 164 18630
114 165 18854
114 166 19078
114 167 19110
114 168 19158
114 169 19366
114 170 19606
114 171 19622
114 172 19414
114 173 19622
114 174 19862
114 175 19878
114 176 20070
114 177 20422
114 178 20646
114 179 20678
114 180 20454
114 181 20678
114 182 20902
114 183 20934
114 184 20982
114 185 21190
114 186 21430
114 187 21446
114 188 21238
114 189 21446
114 190 21686
114 191 21702
114 192 21894
114 193 22182
114 194 22406
114 195 22438
114 196 22214
114 197 22438
114 198 22662
114 199 22694
114 200 22678
114 201 22950
114 202 23190
114 203 23206
114 204 22998
114 205 23206
114 206 23446
114 207 23462
114 208 23718
114 209 24006
114 210 24230
114 211 24262
114 212 24038
114 213 24262
114 214 24486
114 215 24518
114 216 24502
114 217 24774
114 218 25014
114 219 25030
114 220 24822
114 221 25030
114 222 25270
114 223 25286
114 224 25542
114 225 25766
114 226 25990
114 227 26022
114 228 25798
114 229 26022
114 230 26246
114 231 26278
114 232 26326
114 233 26534
114 234 26774
114 235 26790
114 236 26582
114 237 26790
114 238 27030
114 239 27046
114 240 27366
114 241 27590
114 242 27814
114 243 27846
114 244 27622
114 245 27846
114 246 28070
114 247 28102
114 248 28150
114 249 28358
114 250 28598
114 251 28614
114 252 28406
114 253 28614
114 254 28854
114 255 28870
115 0 6
115 1 422
115 2 646
115 3 678
115 4 454
115 5 678
115 6 902
115 7 934
115 8 918
115 9 1190
115 10 1430
115 11 1446
115 12 1238
115 13 1446
115 14 1686
115 15 1702
115 16 1846
115 17 2262
115 18 2486
115 19 2518
115 20 2294
115 21 2518
115 22 2742
115 23 2774
115 24 2758
115 25 3030
115 26 3270
115 27 3286
115 28 3078
115 29 3286
115 30 3526
115 31 3542
115 32 3686
115 33 4038
115 34 4262
115 35 4294
115 36 4070
115 37 4294
115 38 4518
115 39 4550
115 40 4598
115 41 4806
115 42 5046
115 43 5062
115 44 4854
115 45 5062
115 46 5302
115 47 5318
115 48 5526
115 49 5878
115 50 6102
115 51 6134
115 52 5910
115 53 6134
115 54 6358
115 55 6390
115 56 6438
115 57 6646
115 58 6886
115 59 6902
115 60 6694
115 61 6902
115 62 7142
115 63 7158
115 64 7366
115 65 7590
115 66 7814
115 67 7846
115 68 7622
115 69 7846
115 70 8070
115 71 8102
115 72 8150
115 73 8358
115 74 8598
115 75 8614
115 76 8406
115 77 8614
115 78 8854
115 79 8870
115 80 9206
115 81 9430
115 82 9654
115 83 9686
115 84 9462
115 85 9686
115 86 9910
115 87 9942
115 88 9990
115 89 10198
115 90 10438
115 91 10454
115 92 10246
115 93 10454
115 94 10694
115 95 10710
115 96 11046
115 97 11334
115 98 11558
115 99 11590
115 100 11366
115 101 11590
115 102 11814
115 103 11846
115 104 11830
115 105 12102
115 106 12342
115 107 12358
115 108 12150
115 109 12358
115 110 12598
115 111 12614
115 112 12950
115 113 13110
115 114 13334
115 115 13366
115 116 13206
115 117 13366
115 118 13590
115 119 13686
115 120 13734
115 121 13878
115 122 14118
115 123 14134
115 124 13990
115 125 14134
115 126 14374
115 127 14454
115 128 14726
115 129 15014
115 130 15238
115 131 15270
115 132 15046
115 133 15270
115 134 15494
115 135 15526
115 136 15510
115 137 15782
115 138 16022
115 139 16038
115 140 15830
115 141 16038
115 142 16278
115 143 16294
115 144 16566
115 145 16854
115 146 17078
115 147 17110
115 148 16886
115 149 17110
115 150 17334
115 151 17366
115 152 17350
115 153 17622
115 154 17862
115 155 17878
115 156 17670
115 157 17878
115 158 18118
115 159 18134
115 160 18406
115 161 18630
115 162 18854
115 163 18886
115 164 18662
115 165 18886
115 166 19110
115 167 19142
115 168 19190
115 169 19398
115 170 19638
115 171 19654
115 172 19446
115 173 19654
115 174 19894
115 175 19910
115 176 20246
115 177 20470
115 178 20694
115 179 20726
115 180 20502
115 181 20726
115 182 20950
115 183 20982
115 184 21030
115 185 21238
115 186 21478
115 187 21494
115 188 21286
115 189 21494
115 190 21734
115 191 21750
115 192 21958
115 193 22182
115 194 22406
115 195 22438
115 196 22214
115 197 22438
115 198 22662
115 199 22694
115 200 22742
115 201 22950
115 202 23190
115 203 23206
115 204 22998
115 205 23206
115 206 23446
115 207 23462
115 208 23798
115 209 24022
115 210 24246
115 211 24278
115 212 24054
115 213 24278
115 214 24502
115 215 24534
115 216 24582
115 217 24790
115 218 25030
115 219 25046
115 220 24838
115 221 25046
115 222 25286
115 223 25302
115 224 25638
115 225 25926
115 226 26150
115 227 26182
115 228 25958
115 229 26182
115 230 26406
115 231 26438
115 232 26422
115 233 26694
115 234 26934
115 235 26950
115 236 26742
115 237 26950
115 238 27190
115 239 27206
115 240 27542
115 241 27702
115 242 27926
115 243 27958
115 244 27798
115 245 27958
115 246 28182
115 247 28278
115 248 28326
115 249 28470
115 250 28710
115 251 28726
115 252 28582
115 253 28726
115 254 28966
115 255 29046
116 0 6
116 1 422
116 2 646
116 3 678
116 4 470
116 5 678
116 6 918
116 7 934
116 8 934
116 9 1190
116 10 1414
116 11 1478
116 12 1270
116 13 1446
116 14 1686
116 15 1734
116 16 1862
116 17 2214
116 18 2438
116 19 2470
116 20 2262
116 21 2470
116 22 2710
116 23 2726
116 24 2790
116 25 2982
116 26 3206
116 27 3270
116 28 3062
116 29 3238
116 30 3478
116 31 3526
116 32 3846
116 33 4262
116 34 4486
116 35 4518
116 36 4310
116 37 4518
116 38 4758
116 39 4774
116 40 4774
116 41 5030
116 42 5254
116 43 5318
116 44 5110
116 45 5286
116 46 5526
116 47 5574
116 48 5702
116 49 6054
116 50 6278
116 51 6310
116 52 6102
116 53 6310
116 54 6550
116 55 6566
116 56 6630
116 57 6822
116 58 7046
116 59 7110
116 60 6902
116 61 7078
116 62 7318
116 63 7366
116 64 7430
116 65 7846
116 66 8070
116 67 8102
116 68 7894
116 69 8102
116 70 8342
116 71 8358
116 72 8358
116 73 8614
116 74 8838
116 75 8902
116 76 8694
116 77 8870
116 78 9110
116 79 9158
116 80 9286
116 81 9638
116 82 9862
116 83 9894
116 84 9686
116 85 9894
116 86 10134
116 87 10150
116 88 10214
116 89 10406
116 90 10630
116 91 10694
116 92 10486
116 93 10662
116 94 10902
116 95 10950
116 96 11270
116 97 11686
116 98 11910
116 99 11942
116 100 11734
116 101 11942
116 102 12182
116 103 12198
116 104 12198
116 105 12454
116 106 12678
116 107 12742
116 108 12534
116 109 12710
116 110 12950
116 111 12998
116 112 13126
116 113 13478
116 114 13702
116 115 13734
116 116 13526
116 117 13734
116 118 13974
116 119 13990
116 120 14054
116 121 14246
116 122 14470
116 123 14534
116 124 14326
116 125 14502
116 126 14742
116 127 14790
116 128 14854
116 129 15270
116 130 15494
116 131 15526
116 132 15318
116 133 15526
116 134 15766
116 135 15782
116 136 15782
116 137 16038
116 138 16262
116 139 16326
116 140 16118
116 141 16294
116 142 16534
116 143 16582
116 144 16710
116 145 17062
116 146 17286
116 147 17318
116 148 17110
116 149 17318
116 150 17558
116 151 17574
116 152 17638
116 153 17830
116 154 18054
116 155 18118
116 156 17910
116 157 18086
116 158 18326
116 159 18374
116 160 18694
116 161 19110
116 162 19334
116 163 19366
116 164 19158
116 165 19366
116 166 19606
116 167 19622
116 168 19622
116 169 19878
116 170 20102
116 171 20166
116 172 19958
116 173 20134
116 174 20374
116 175 20422
116 176 20550
116 177 20902
116 178 21126
116 179 21158
116 180 20950
116 181 21158
116 182 21398
116 183 21414
116 184 21478
116 185 21670
116 186 21894
116 187 21958
116 188 21750
116 189 21926
116 190 22166
116 191 22214
116 192 22278
116 193 22694
116 194 22918
116 195 22950
116 196 22742
116 197 22950
116 198 23190
116 199 23206
116 200 23206
116 201 23462
116 202 23686
116 203 23750
116 204 23542
116 205 23718
116 206 23958
116 207 24006
116 208 24134
116 209 24486
116 210 24710
116 211 24742
116 212 24534
116 213 24742
116 214 24982
116 215 24998
116 216 25062
116 217 25254
116 218 25478
116 219 25542
116 220 25334
116 221 25510
116 222 25750
116 223 25798
116 224 26118
116 225 26534
116 226 26758
116 227 26790
116 228 26582
116 229 26790
116 230 27030
116 231 27046
116 232 27046
116 233 27302
116 234 27526
116 235 27590
116 236 27382
116 237 27558
116 238 27798
116 239 27846
116 240 27974
116 241 28326
116 242 28550
116 243 28582
116 244 28374
116 245 28582
116 246 28822
116 247 28838
116 248 28902
116 249 29094
116 250 29318
116 251 29382
116 252 29174
116 253 29350
116 254 29590
116 255 29638
117 0 6
117 1 422
117 2 646
117 3 678
117 4 470
117 5 678
117 6 918
117 7 934
117 8 934
117 9 1190
117 10 1414
117 11 1478
117 12 1270
117 13 1446
117 14 1686
117 15 1734
117 16 1878
117 17 2230
117 18 2454
117 19 2486
117 20 2278
117 21 2486
117 22 2726
117 23 2742
117 24 2806
117 25 2998
117 26 3222
117 27 3286
117 28 3078
117 29 3254
117 30 3494
117 31 3542
117 32 3878
117 33 4294
117 34 4518
117 35 4550
117 36 4342
117 37 4550
117 38 4790
117 39 4806
117 40 4806
117 41 5062
117 42 5286
117 43 5350
117 44 5142
117 45 5318
117 46 5558
117 47 5606
117 48 5750
117 49 6102
117 50 6326
117 51 6358
117 52 6150
117 53 6358
117 54 6598
117 55 6614
117 56 6678
117 57 6870
117 58 7094
117 59 7158
117 60 6950
117 61 7126
117 62 7366
117 63 7414
117 64 7494
117 65 7846
117 66 8070
117 67 8102
117 68 7894
117 69 8102
117 70 8342
117 71 8358
117 72 8422
117 73 8614
117 74 8838
117 75 8902
117 76 8694
117 77 8870
117 78 9110
117 79 9158
117 80 9494
117 81 9654
117 82 9878
117 83 9910
117 84 9830
117 85 10038
117 86 10150
117 87 10166
117 88 10294
117 89 10550
117 90 10646
117 91 10710
117 92 10630
117 93 10806
117 94 10918
117 95 10966
117 96 11366
117 97 11718
117 98 11942
117 99 11974
117 100 11766
117 101 11974
117 102 12214
117 103 12230
117 104 12294
117 105 12486
117 106 12710
117 107 12774
117 108 12566
117 109 12742
117 110 12982
117 111 13030
117 112 13366
117 113 13526
117 114 13750
117 115 13782
117 116 13702
117 117 13910
117 118 14022
117 119 14038
117 120 14166
117 121 14422
117 122 14518
117 123 14582
117 124 14502
117 125 14678
117 126 14790
117 127 14838
117 128 14982
117 129 15270
117 130 15494
117 131 15526
117 132 15318
117 133 15526
117 134 15766
117 135 15782
117 136 15782
117 137 16038
117 138 16262
117 139 16326
117 140 16118
117 141 16294
117 142 16534
117 143 16582
117 144 16854
117 145 17078
117 146 17302
117 147 17334
117 148 17126
117 149 17334
117 150 17574
117 151 17590
117 152 17654
117 153 17846
117 154 18070
117 155 18134
117 156 17926
117 157 18102
117 158 18342
117 159 18390
117 160 18726
117 161 19142
117 162 19366
117 163 19398
117 164 19190
117 165 19398
117 166 19638
117 167 19654
117 168 19654
117 169 19910
117 170 20134
117 171 20198
117 172 19990
117 173 20166
117 174 20406
117 175 20454
117 176 20598
117 177 20950
117 178 21174
117 179 21206
117 180 20998
117 181 21206
117 182 21446
117 183 21462
117 184 21526
117 185 21718
117 186 21942
117 187 22006
117 188 21798
117 189 21974
117 190 22214
117 191 22262
117 192 22470
117 193 22694
117 194 22918
117 195 22950
117 196 22742
117 197 22950
117 198 23190
117 199 23206
117 200 23270
117 201 23462
117 202 23686
117 203 23750
117 204 23542
117 205 23718
117 206 23958
117 207 24006
117 208 24342
117 209 24630
117 210 24854
117 211 24886
117 212 24678
117 213 24886
117 214 25126
117 215 25142
117 216 25142
117 217 25398
117 218 25622
117 219 25686
117 220 25478
117 221 25654
117 222 25894
117 223 25942
117 224 26214
117 225 26566
117 226 26790
117 227 26822
117 228 26614
117 229 26822
117 230 27062
117 231 27078
117 232 27142
117 233 27334
117 234 27558
117 235 27622
117 236 27414
117 237 27590
117 238 27830
117 239 27878
117 240 28214
117 241 28374
117 242 28598
117 243 28630
117 244 28550
117 245 28758
117 246 28870
117 247 28886
117 248 29014
117 249 29270
117 250 29366
117 251 29430
117 252 29350
117 253 29526
117 254 29638
117 255 29686
118 0 6
118 1 422
118 2 646
118 3 678
118 4 470
118 5 678
118 6 918
118 7 934
118 8 950
118 9 1190
118 10 1430
118 11 1478
118 12 1270
118 13 1446
118 14 1686
118 15 1734
118 16 1894
118 17 2246
118 18 2470
118 19 2502
118 20 2294
118 21 2502
118 22 2742
118 23 2758
118 24 2838
118 25 3014
118 26 3254
118 27 3302
118 28 3094
118 29 3270
118 30 3510
118 31 3558
118 32 3910
118 33 4262
118 34 4486
118 35 4518
118 36 4310
118 37 4518
118 38 4758
118 39 4774
118 40 4854
118 41 5030
118 42 5270
118 43 5318
118 44 5110
118 45 5286
118 46 5526
118 47 5574
118 48 5926
118 49 6086
118 50 6310
118 51 6342
118 52 6262
118 53 6470
118 54 6582
118 55 6598
118 56 6742
118 57 6982
118 58 7094
118 59 7142
118 60 7062
118 61 7238
118 62 7350
118 63 7398
118 64 7558
118 65 7846
118 66 8070
118 67 8102
118 68 7894
118 69 8102
118 70 8342
118 71 8358
118 72 8374
118 73 8614
118 74 8854
118 75 8902
118 76 8694
118 77 8870
118 78 9110
118 79 9158
118 80 9446
118 81 9670
118 82 9894
118 83 9926
118 84 9718
118 85 9926
118 86 10166
118 87 10182
118 88 10262
118 89 10438
118 90 10678
118 91 10726
118 92 10518
118 93 10694
118 94 10934
118 95 10982
118 96 11334
118 97 11686
118 98 11910
118 99 11942
118 100 11734
118 101 11942
118 102 12182
118 103 12198
118 104 12278
118 105 12454
118 106 12694
118 107 12742
118 108 12534
118 109 12710
118 110 12950
118 111 12998
118 112 13350
118 113 13510
118 114 13734
118 115 13766
118 116 13686
118 117 13894
118 118 14006
118 119 14022
118 120 14166
118 121 14406
118 122 14518
118 123 14566
118 124 14486
118 125 14662
118 126 14774
118 127 14822
118 128 15110
118 129 15526
118 130 15750
118 131 15782
118 132 15574
118 133 15782
118 134 16022
118 135 16038
118 136 16054
118 137 16294
118 138 16534
118 139 16582
118 140 16374
118 141 16550
118 142 16790
118 143 16838
118 144 16998
118 145 17350
118 146 17574
118 147 17606
118 148 17398
118 149 17606
118 150 17846
118 151 17862
118 152 17942
118 153 18118
118 154 18358
118 155 18406
118 156 18198
118 157 18374
118 158 18614
118 159 18662
118 160 19014
118 161 19366
118 162 19590
118 163 19622
118 164 19414
118 165 19622
118 166 19862
118 167 19878
118 168 19958
118 169 20134
118 170 20374
118 171 20422
118 172 20214
118 173 20390
118 174 20630
118 175 20678
118 176 21030
118 177 21190
118 178 21414
118 179 21446
118 180 21366
118 181 21574
118 182 21686
118 183 21702
118 184 21846
118 185 22086
118 186 22198
118 187 22246
118 188 22166
118 189 22342
118 190 22454
118 191 22502
118 192 22662
118 193 22950
118 194 23174
118 195 23206
118 196 22998
118 197 23206
118 198 23446
118 199 23462
118 200 23478
118 201 23718
118 202 23958
118 203 24006
118 204 23798
118 205 23974
118 206 24214
118 207 24262
118 208 24550
118 209 24774
118 210 24998
118 211 25030
118 212 24822
118 213 25030
118 214 25270
118 215 25286
118 216 25366
118 217 25542
118 218 25782
118 219 25830
118 220 25622
118 221 25798
118 222 26038
118 223 26086
118 224 26438
118 225 26790
118 226 27014
118 227 27046
118 228 26838
118 229 27046
118 230 27286
118 231 27302
118 232 27382
118 233 27558
118 234 27798
118 235 27846
118 236 27638
118 237 27814
118 238 28054
118 239 28102
118 240 28454
118 241 28614
118 242 28838
118 243 28870
118 244 28790
118 245 28998
118 246 29110
118 247 29126
118 248 29270
118 249 29510
118 250 29622
118 251 29670
118 252 29590
118 253 29766
118 254 29878
118 255 29926
119 0 6
119 1 422
119 2 646
119 3 678
119 4 470
119 5 678
119 6 918
119 7 934
119 8 950
119 9 1190
119 10 1430
119 11 1478
119 12 1270
119 13 1446
119 14 1686
119 15 1734
119 16 1910
119 17 2262
119 18 2486
119 19 2518
119 20 2310
119 21 2518
119 22 2758
119 23 2774
119 24 2854
119 25 3030
119 26 3270
119 27 3318
119 28 3110
119 29 3286
119 30 3526
119 31 3574
119 32 3942
119 33 4294
119 34 4518
119 35 4550
119 36 4342
119 37 4550
119 38 4790
119 39 4806
119 40 4886
119 41 5062
119 42 5302
119 43 5350
119 44 5142
119 45 5318
119 46 5558
119 47 5606
119 48 6038
119 49 6070
119 50 6294
119 51 6326
119 52 6310
119 53 6454
119 54 6566
119 55 6646
119 56 6854
119 57 6966
119 58 7078
119 59 7126
119 60 7110
119 61 7222
119 62 7334
119 63 7446
119 64 7622
119 65 7846
119 66 8070
119 67 8102
119 68 7894
119 69 8102
119 70 8342
119 71 8358
119 72 8438
119 73 8614
119 74 8854
119 75 8902
119 76 8694
119 77 8870
119 78 9110
119 79 9158
119 80 9526
119 81 9814
119 82 10038
119 83 10070
119 84 9862
119 85 10070
119 86 10310
119 87 10326
119 88 10342
119 89 10582
119 90 10822
119 91 10870
119 92 10662
119 93 10838
119 94 11078
119 95 11126
119 96 11558
119 97 11718
119 98 11942
119 99 11974
119 100 11894
119 101 12102
119 102 12214
119 103 12230
119 104 12374
119 105 12614
119 106 12726
119 107 12774
119 108 12694
119 109 12870
119 110 12982
119 111 13030
119 112 13462
119 113 13558
119 114 13782
119 115 13814
119 116 13734
119 117 13942
119 118 14054
119 119 14070
119 120 14278
119 121 14454
119 122 14566
119 123 14614
119 124 14534
119 125 14710
119 126 14822
119 127 14870
119 128 15238
119 129 15526
119 130 15750
119 131 15782
119 132 15574
119 133 15782
119 134 16022
119 135 16038
119 136 16054
119 137 16294
119 138 16534
119 139 16582
119 140 16374
119 141 16550
119 142 16790
119 143 16838
119 144 17142
119 145 17366
119 146 17590
119 147 17622
119 148 17414
119 149 17622
119 150 17862
119 151 17878
119 152 17958
119 153 18134
119 154 18374
119 155 18422
119 156 18214
119 157 18390
119 158 18630
119 159 18678
119 160 19046
119 161 19398
119 162 19622
119 163 19654
119 164 19446
119 165 19654
119 166 19894
119 167 19910
119 168 19990
119 169 20166
119 170 20406
119 171 20454
119 172 20246
119 173 20422
119 174 20662
119 175 20710
119 176 21142
119 177 21174
119 178 21398
119 179 21430
119 180 21414
119 181 21558
119 182 21670
119 183 21750
119 184 21958
119 185 22070
119 186 22182
119 187 22230
119 188 22214
119 189 22326
119 190 22438
119 191 22550
119 192 22726
119 193 22950
119 194 23174
119 195 23206
119 196 22998
119 197 23206
119 198 23446
119 199 23462
119 200 23542
119 201 23718
119 202 23958
119 203 24006
119 204 23798
119 205 23974
119 206 24214
119 207 24262
119 208 24630
119 209 24918
119 210 25142
119 211 25174
119 212 24966
119 213 25174
119 214 25414
119 215 25430
119 216 25446
119 217 25686
119 218 25926
119 219 25974
119 220 25766
119 221 25942
119 222 26182
119 223 26230
119 224 26662
119 225 26822
119 226 27046
119 227 27078
119 228 26998
119 229 27206
119 230 27318
119 231 27334
119 232 27478
119 233 27718
119 234 27830
119 235 27878
119 236 27798
119 237 27974
119 238 28086
119 239 28134
119 240 28566
119 241 28662
119 242 28886
119 243 28918
119 244 28838
119 245 29046
119 246 29158
119 247 29174
119 248 29382
119 249 29558
119 250 29670
119 251 29718
119 252 29638
119 253 29814
119 254 29926
119 255 29974
120 0 6
120 1 422
120 2 678
120 3 678
120 4 486
120 5 678
120 6 934
120 7 966
120 8 966
120 9 1190
120 10 1446
120 11 1446
120 12 1254
120 13 1446
120 14 1702
120 15 1734
120 16 2054
120 17 2470
120 18 2726
120 19 2726
120 20 2534
120 21 2726
120 22 2982
120 23 3014
120 24 3014
120 25 3238
120 26 3494
120 27 3494
120 28 3302
120 29 3494
120 30 3750
120 31 3782
120 32 3846
120 33 4262
120 34 4518
120 35 4518
120 36 4326
120 37 4518
120 38 4774
120 39 4806
120 40 4806
120 41 5030
120 42 5286
120 43 5286
120 44 5094
120 45 5286
120 46 5542
120 47 5574
120 48 5894
120 49 6310
120 50 6566
120 51 6566
120 52 6374
120 53 6566
120 54 6822
120 55 6854
120 56 6854
120 57 7078
120 58 7334
120 59 7334
120 60 7142
120 61 7334
120 62 7590
120 63 7622
120 64 7686
120 65 8102
120 66 8358
120 67 8358
120 68 8166
120 69 8358
120 70 8614
120 71 8646
120 72 8646
120 73 8870
120 74 9126
120 75 9126
120 76 8934
120 77 9126
120 78 9382
120 79 9414
120 80 9734
120 81 10150
120 82 10406
120 83 10406
120 84 10214
120 85 10406
120 86 10662
120 87 10694
120 88 10694
120 89 10918
120 90 11174
120 91 11174
120 92 10982
120 93 11174
120 94 11430
120 95 11462
120 96 11526
120 97 11942
120 98 12198
120 99 12198
120 100 12006
120 101 12198
120 102 12454
120 103 12486
120 104 12486
120 105 12710
120 106 12966
120 107 12966
120 108 12774
120 109 12966
120 110 13222
120 111 13254
120 112 13574
120 113 13990
120 114 14246
120 115 14246
120 116 14054
120 117 14246
120 118 14502
120 119 14534
120 120 14534
120 121 14758
120 122 15014
120 123 15014
120 124 14822
120 125 15014
120 126 15270
120 127 15302
120 128 15366
120 129 15782
120 130 16038
120 131 16038
120 132 15846
120 133 16038
120 134 16294
120 135 16326
120 136 16326
120 137 16550
120 138 16806
120 139 16806
120 140 16614
120 141 16806
120 142 17062
120 143 17094
120 144 17414
120 145 17830
120 146 18086
120 147 18086
120 148 17894
120 149 18086
120 150 18342
120 151 18374
120 152 18374
120 153 18598
120 154 18854
120 155 18854
120 156 18662
120 157 18854
120 158 19110
120 159 19142
120 160 19206
120 161 19622
120 162 19878
120 163 19878
120 164 19686
120 165 19878
120 166 20134
120 167 20166
120 168 20166
120 169 20390
120 170 20646
120 171 20646
120 172 20454
120 173 20646
120 174 20902
120 175 20934
120 176 21254
120 177 21670
120 178 21926
120 179 21926
120 180 21734
120 181 21926
120 182 22182
120 183 22214
120 184 22214
120 185 22438
120 186 22694
120 187 22694
120 188 22502
120 189 22694
120 190 22950
120 191 22982
120 192 23046
120 193 23462
120 194 23718
120 195 23718
120 196 23526
120 197 23718
120 198 23974
120 199 24006
120 200 24006
120 201 24230
120 202 24486
120 203 24486
120 204 24294
120 205 24486
120 206 24742
120 207 24774
120 208 25094
120 209 25510
120 210 25766
120 211 25766
120 212 25574
120 213 25766
120 214 26022
120 215 26054
120 216 26054
120 217 26278
120 218 26534
120 219 26534
120 220 26342
120 221 26534
120 222 26790
120 223 26822
120 224 26886
120 225 27302
120 226 27558
120 227 27558
120 228 27366
120 229 27558
120 230 27814
120 231 27846
120 232 27846
120 233 28070
120 234 28326
120 235 28326
120 236 28134
120 237 28326
120 238 28582
120 239 28614
120 240 28934
120 241 29350
120 242 29606
120 243 29606
120 244 29414
120 245 29606
120 246 29862
120 247 29894
120 248 29894
120 249 30118
120 250 30374
120 251 30374
120 252 30182
120 253 30374
120 254 30630
120 255 30662
121 0 6
121 1 422
121 2 678
121 3 678
121 4 486
121 5 678
121 6 934
121 7 966
121 8 966
121 9 1190
121 10 1446
121 11 1446
121 12 1254
121 13 1446
121 14 1702
121 15 1734
121 16 2070
121 17 2486
121 18 2742
121 19 2742
121 20 2550
121 21 2742
121 22 2998
121 23 3030
121 24 3030
121 25 3254
121 26 3510
121 27 3510
121 28 3318
121 29 3510
121 30 3766
121 31 3798
121 32 3878
121 33 4294
121 34 4550
121 35 4550
121 36 4358
121 37 4550
121 38 4806
121 39 4838
121 40 4838
121 41 5062
121 42 5318
121 43 5318
121 44 5126
121 45 5318
121 46 5574
121 47 5606
121 48 5942
121 49 6358
121 50 6614
121 51 6614
121 52 6422
121 53 6614
121 54 6870
121 55 6902
121 56 6902
121 57 7126
121 58 7382
121 59 7382
121 60 7190
121 61 7382
121 62 7638
121 63 7670
121 64 7750
121 65 8102
121 66 8358
121 67 8358
121 68 8166
121 69 8358
121 70 8614
121 71 8646
121 72 8646
121 73 8870
121 74 9126
121 75 9126
121 76 8934
121 77 9126
121 78 9382
121 79 9414
121 80 9814
121 81 10166
121 82 10422
121 83 10422
121 84 10230
121 85 10422
121 86 10678
121 87 10710
121 88 10710
121 89 10934
121 90 11190
121 91 11190
121 92 10998
121 93 11190
121 94 11446
121 95 11478
121 96 11622
121 97 11974
121 98 12230
121 99 12230
121 100 12038
121 101 12230
121 102 12486
121 103 12518
121 104 12518
121 105 12742
121 106 12998
121 107 12998
121 108 12806
121 109 12998
121 110 13254
121 111 13286
121 112 13686
121 113 14038
121 114 14294
121 115 14294
121 116 14102
121 117 14294
121 118 14550
121 119 14582
121 120 14582
121 121 14806
121 122 15062
121 123 15062
121 124 14870
121 125 15062
121 126 15318
121 127 15350
121 128 15494
121 129 15782
121 130 16038
121 131 16038
121 132 15846
121 133 16038
121 134 16294
121 135 16326
121 136 16326
121 137 16550
121 138 16806
121 139 16806
121 140 16614
121 141 16806
121 142 17062
121 143 17094
121 144 17430
121 145 17846
121 146 18102
121 147 18102
121 148 17910
121 149 18102
121 150 18358
121 151 18390
121 152 18390
121 153 18614
121 154 18870
121 155 18870
121 156 18678
121 157 18870
121 158 19126
121 159 19158
121 160 19366
121 161 19654
121 162 19910
121 163 19910
121 164 19718
121 165 19910
121 166 20166
121 167 20198
121 168 20198
121 169 20422
121 170 20678
121 171 20678
121 172 20486
121 173 20678
121 174 20934
121 175 20966
121 176 21302
121 177 21718
121 178 21974
121 179 21974
121 180 21782
121 181 21974
121 182 22230
121 183 22262
121 184 22262
121 185 22486
121 186 22742
121 187 22742
121 188 22550
121 189 22742
121 190 22998
121 191 23030
121 192 23238
121 193 23462
121 194 23718
121 195 23718
121 196 23526
121 197 23718
121 198 23974
121 199 24006
121 200 24006
121 201 24230
121 202 24486
121 203 24486
121 204 24294
121 205 24486
121 206 24742
121 207 24774
121 208 25174
121 209 25526
121 210 25782
121 211 25782
121 212 25590
121 213 25782
121 214 26038
121 215 26070
121 216 26070
121 217 26294
121 218 26550
121 219 26550
121 220 26358
121 221 26550
121 222 26806
121 223 26838
121 224 27110
121 225 27334
121 226 27590
121 227 27590
121 228 27398
121 229 27590
121 230 27846
121 231 27878
121 232 27878
121 233 28102
121 234 28358
121 235 28358
121 236 28166
121 237 28358
121 238 28614
121 239 28646
121 240 29046
121 241 29398
121 242 29654
121 243 29654
121 244 29462
121 245 29654
121 246 29910
121 247 29942
121 248 29942
121 249 30166
121 250 30422
121 251 30422
121 252 30230
121 253 30422
121 254 30678
121 255 30710
122 0 6
122 1 422
122 2 678
122 3 678
122 4 486
122 5 678
122 6 934
122 7 966
122 8 982
122 9 1190
122 10 1446
122 11 1462
122 12 1270
122 13 1446
122 14 1702
122 15 1750
122 16 2086
122 17 2502
122 18 2758
122 19 2758
122 20 2566
122 21 2758
122 22 3014
122 23 3046
122 24 3062
122 25 3270
122 26 3526
122 27 3542
122 28 3350
122 29 3526
122 30 3782
122 31 3830
122 32 3910
122 33 4262
122 34 4518
122 35 4518
122 36 4326
122 37 4518
122 38 4774
122 39 4806
122 40 4822
122 41 5030
122 42 5286
122 43 5302
122 44 5110
122 45 5286
122 46 5542
122 47 5590
122 48 5990
122 49 6342
122 50 6598
122 51 6598
122 52 6406
122 53 6598
122 54 6854
122 55 6886
122 56 6902
122 57 7110
122 58 7366
122 59 7382
122 60 7190
122 61 7366
122 62 7622
122 63 7670
122 64 7814
122 65 8102
122 66 8358
122 67 8358
122 68 8166
122 69 8358
122 70 8614
122 71 8646
122 72 8662
122 73 8870
122 74 9126
122 75 9142
122 76 8950
122 77 9126
122 78 9382
122 79 9430
122 80 9766
122 81 10182
122 82 10438
122 83 10438
122 84 10246
122 85 10438
122 86 10694
122 87 10726
122 88 10742
122 89 10950
122 90 11206
122 91 11222
122 92 11030
122 93 11206
122 94 11462
122 95 11510
122 96 11718
122 97 11942
122 98 12198
122 99 12198
122 100 12006
122 101 12198
122 102 12454
122 103 12486
122 104 12502
122 105 12710
122 106 12966
122 107 12982
122 108 12790
122 109 12966
122 110 13222
122 111 13270
122 112 13670
122 113 14022
122 114 14278
122 115 14278
122 116 14086
122 117 14278
122 118 14534
122 119 14566
122 120 14582
122 121 14790
122 122 15046
122 123 15062
122 124 14870
122 125 15046
122 126 15302
122 127 15350
122 128 15622
122 129 16038
122 130 16294
122 131 16294
122 132 16102
122 133 16294
122 134 16550
122 135 16582
122 136 16598
122 137 16806
122 138 17062
122 139 17078
122 140 16886
122 141 17062
122 142 17318
122 143 17366
122 144 17702
122 145 18118
122 146 18374
122 147 18374
122 148 18182
122 149 18374
122 150 18630
122 151 18662
122 152 18678
122 153 18886
122 154 19142
122 155 19158
122 156 18966
122 157 19142
122 158 19398
122 159 19446
122 160 19526
122 161 19878
122 162 20134
122 163 20134
122 164 19942
122 165 20134
122 166 20390
122 167 20422
122 168 20438
122 169 20646
122 170 20902
122 171 20918
122 172 20726
122 173 20902
122 174 21158
122 175 21206
122 176 21606
122 177 21958
122 178 22214
122 179 22214
122 180 22022
122 181 22214
122 182 22470
122 183 22502
122 184 22518
122 185 22726
122 186 22982
122 187 22998
122 188 22806
122 189 22982
122 190 23238
122 191 23286
122 192 23430
122 193 23718
122 194 23974
122 195 23974
122 196 23782
122 197 23974
122 198 24230
122 199 24262
122 200 24278
122 201 24486
122 202 24742
122 203 24758
122 204 24566
122 205 24742
122 206 24998
122 207 25046
122 208 25382
122 209 25798
122 210 26054
122 211 26054
122 212 25862
122 213 26054
122 214 26310
122 215 26342
122 216 26358
122 217 26566
122 218 26822
122 219 26838
122 220 26646
122 221 26822
122 222 27078
122 223 27126
122 224 27334
122 225 27558
122 226 27814
122 227 27814
122 228 27622
122 229 27814
122 230 28070
122 231 28102
122 232 28118
122 233 28326
122 234 28582
122 235 28598
122 236 28406
122 237 28582
122 238 28838
122 239 28886
122 240 29286
122 241 29638
122 242 29894
122 243 29894
122 244 29702
122 245 29894
122 246 30150
122 247 30182
122 248 30198
122 249 30406
122 250 30662
122 251 30678
122 252 30486
122 253 30662
122 254 30918
122 255 30966
123 0 6
123 1 422
123 2 678
123 3 678
123 4 486
123 5 678
123 6 934
123 7 966
123 8 982
123 9 1190
123 10 1446
123 11 1462
123 12 1270
123 13 1446
123 14 1702
123 15 1750
123 16 2102
123 17 2518
123 18 2774
123 19 2774
123 20 2582
123 21 2774
123 22 3030
123 23 3062
123 24 3078
123 25 3286
123 26 3542
123 27 3558
123 28 3366
123 29 3542
123 30 3798
123 31 3846
123 32 3942
123 33 4294
123 34 4550
123 35 4550
123 36 4358
123 37 4550
123 38 4806
123 39 4838
123 40 4854
123 41 5062
123 42 5318
123 43 5334
123 44 5142
123 45 5318
123 46 5574
123 47 5622
123 48 6038
123 49 6390
123 50 6646
123 51 6646
123 52 6454
123 53 6646
123 54 6902
123 55 6934
123 56 6950
123 57 7158
123 58 7414
123 59 7430
123 60 7238
123 61 7414
123 62 7670
123 63 7718
123 64 7878
123 65 8102
123 66 8358
123 67 8358
123 68 8166
123 69 8358
123 70 8614
123 71 8646
123 72 8662
123 73 8870
123 74 9126
123 75 9142
123 76 8950
123 77 9126
123 78 9382
123 79 9430
123 80 9846
123 81 10198
123 82 10454
123 83 10454
123 84 10262
123 85 10454
123 86 10710
123 87 10742
123 88 10758
123 89 10966
123 90 11222
123 91 11238
123 92 11046
123 93 11222
123 94 11478
123 95 11526
123 96 11814
123 97 12102
123 98 12358
123 99 12358
123 100 12166
123 101 12358
123 102 12614
123 103 12646
123 104 12662
123 105 12870
123 106 13126
123 107 13142
123 108 12950
123 109 13126
123 110 13382
123 111 13430
123 112 13974
123 113 14006
123 114 14262
123 115 14262
123 116 14262
123 117 14390
123 118 14518
123 119 14614
123 120 14758
123 121 14902
123 122 15030
123 123 15110
123 124 15046
123 125 15158
123 126 15286
123 127 15398
123 128 15750
123 129 16038
123 130 16294
123 131 16294
123 132 16102
123 133 16294
123 134 16550
123 135 16582
123 136 16598
123 137 16806
123 138 17062
123 139 17078
123 140 16886
123 141 17062
123 142 17318
123 143 17366
123 144 17718
123 145 18134
123 146 18390
123 147 18390
123 148 18198
123 149 18390
123 150 18646
123 151 18678
123 152 18694
123 153 18902
123 154 19158
123 155 19174
123 156 18982
123 157 19158
123 158 19414
123 159 19462
123 160 19686
123 161 19910
123 162 20166
123 163 20166
123 164 19974
123 165 20166
123 166 20422
123 167 20454
123 168 20470
123 169 20678
123 170 20934
123 171 20950
123 172 20758
123 173 20934
123 174 21190
123 175 21238
123 176 21654
123 177 22006
123 178 22262
123 179 22262
123 180 22070
123 181 22262
123 182 22518
123 183 22550
123 184 22566
123 185 22774
123 186 23030
123 187 23046
123 188 22854
123 189 23030
123 190 23286
123 191 23334
123 192 23494
123 193 23718
123 194 23974
123 195 23974
123 196 23782
123 197 23974
123 198 24230
123 199 24262
123 200 24278
123 201 24486
123 202 24742
123 203 24758
123 204 24566
123 205 24742
123 206 24998
123 207 25046
123 208 25462
123 209 25814
123 210 26070
123 211 26070
123 212 25878
123 213 26070
123 214 26326
123 215 26358
123 216 26374
123 217 26582
123 218 26838
123 219 26854
123 220 26662
123 221 26838
123 222 27094
123 223 27142
123 224 27430
123 225 27718
123 226 27974
123 227 27974
123 228 27782
123 229 27974
123 230 28230
123 231 28262
123 232 28278
123 233 28486
123 234 28742
123 235 28758
123 236 28566
123 237 28742
123 238 28998
123 239 29046
123 240 29590
123 241 29622
123 242 29878
123 243 29878
123 244 29878
123 245 30006
123 246 30134
123 247 30230
123 248 30374
123 249 30518
123 250 30646
123 251 30726
123 252 30662
123 253 30774
123 254 30902
123 255 31014
124 0 6
124 1 422
124 2 678
124 3 678
124 4 502
124 5 678
124 6 934
124 7 982
124 8 998
124 9 1190
124 10 1446
124 11 1478
124 12 1270
124 13 1446
124 14 1702
124 15 1750
124 16 2118
124 17 2470
124 18 2726
124 19 2726
124 20 2550
124 21 2726
124 22 2982
124 23 3030
124 24 3046
124 25 3238
124 26 3494
124 27 3526
124 28 3318
124 29 3494
124 30 3750
124 31 3798
124 32 4102
124 33 4518
124 34 4774
124 35 4774
124 36 4598
124 37 4774
124 38 5030
124 39 5078
124 40 5094
124 41 5286
124 42 5542
124 43 5574
124 44 5366
124 45 5542
124 46 5798
124 47 5846
124 48 5958
124 49 6310
124 50 6566
124 51 6566
124 52 6390
124 53 6566
124 54 6822
124 55 6870
124 56 6886
124 57 7078
124 58 7334
124 59 7366
124 60 7158
124 61 7334
124 62 7590
124 63 7638
124 64 7942
124 65 8358
124 66 8614
124 67 8614
124 68 8438
124 69 8614
124 70 8870
124 71 8918
124 72 8934
124 73 9126
124 74 9382
124 75 9414
124 76 9206
124 77 9382
124 78 9638
124 79 9686
124 80 10054
124 81 10406
124 82 10662
124 83 10662
124 84 10486
124 85 10662
124 86 10918
124 87 10966
124 88 10982
124 89 11174
124 90 11430
124 91 11462
124 92 11254
124 93 11430
124 94 11686
124 95 11734
124 96 12038
124 97 12454
124 98 12710
124 99 12710
124 100 12534
124 101 12710
124 102 12966
124 103 13014
124 104 13030
124 105 13222
124 106 13478
124 107 13510
124 108 13302
124 109 13478
124 110 13734
124 111 13782
124 112 13894
124 113 14246
124 114 14502
124 115 14502
124 116 14326
124 117 14502
124 118 14758
124 119 14806
124 120 14822
124 121 15014
124 122 15270
124 123 15302
124 124 15094
124 125 15270
124 126 15526
124 127 15574
124 128 15878
124 129 16294
124 130 16550
124 131 16550
124 132 16374
124 133 16550
124 134 16806
124 135 16854
124 136 16870
124 137 17062
124 138 17318
124 139 17350
124 140 17142
124 141 17318
124 142 17574
124 143 17622
124 144 17990
124 145 18342
124 146 18598
124 147 18598
124 148 18422
124 149 18598
124 150 18854
124 151 18902
124 152 18918
124 153 19110
124 154 19366
124 155 19398
124 156 19190
124 157 19366
124 158 19622
124 159 19670
124 160 19974
124 161 20390
124 162 20646
124 163 20646
124 164 20470
124 165 20646
124 166 20902
124 167 20950
124 168 20966
124 169 21158
124 170 21414
124 171 21446
124 172 21238
124 173 21414
124 174 21670
124 175 21718
124 176 21830
124 177 22182
124 178 22438
124 179 22438
124 180 22262
124 181 22438
124 182 22694
124 183 22742
124 184 22758
124 185 22950
124 186 23206
124 187 23238
124 188 23030
124 189 23206
124 190 23462
124 191 23510
124 192 23814
124 193 24230
124 194 24486
124 195 24486
124 196 24310
124 197 24486
124 198 24742
124 199 24790
124 200 24806
124 201 24998
124 202 25254
124 203 25286
124 204 25078
124 205 25254
124 206 25510
124 207 25558
124 208 25926
124 209 26278
124 210 26534
124 211 26534
124 212 26358
124 213 26534
124 214 26790
124 215 26838
124 216 26854
124 217 27046
124 218 27302
124 219 27334
124 220 27126
124 221 27302
124 222 27558
124 223 27606
124 224 27910
124 225 28326
124 226 28582
124 227 28582
124 228 28406
124 229 28582
124 230 28838
124 231 28886
124 232 28902
124 233 29094
124 234 29350
124 235 29382
124 236 29174
124 237 29350
124 238 29606
124 239 29654
124 240 29766
124 241 30118
124 242 30374
124 243 30374
124 244 30198
124 245 30374
124 246 30630
124 247 30678
124 248 30694
124 249 30886
124 250 31142
124 251 31174
124 252 30966
124 253 31142
124 254 31398
124 255 31446
125 0 6
125 1 422
125 2 678
125 3 678
125 4 502
125 5 678
125 6 934
125 7 982
125 8 998
125 9 1190
125 10 1446
125 11 1478
125 12 1270
125 13 1446
125 14 1702
125 15 1750
125 16 2134
125 17 2486
125 18 2742
125 19 2742
125 20 2566
125 21 2742
125 22 2998
125 23 3046
125 24 3062
125 25 3254
125 26 3510
125 27 3542
125 28 3334
125 29 3510
125 30 3766
125 31 3814
125 32 4134
125 33 4550
125 34 4806
125 35 4806
125 36 4630
125 37 4806
125 38 5062
125 39 5110
125 40 5126
125 41 5318
125 42 5574
125 43 5606
125 44 5398
125 45 5574
125 46 5830
125 47 5878
125 48 6006
125 49 6358
125 50 6614
125 51 6614
125 52 6438
125 53 6614
125 54 6870
125 55 6918
125 56 6934
125 57 7126
125 58 7382
125 59 7414
125 60 7206
125 61 7382
125 62 7638
125 63 7686
125 64 8006
125 65 8358
125 66 8614
125 67 8614
125 68 8438
125 69 8614
125 70 8870
125 71 8918
125 72 8934
125 73 9126
125 74 9382
125 75 9414
125 76 9206
125 77 9382
125 78 9638
125 79 9686
125 80 10262
125 81 10422
125 82 10678
125 83 10678
125 84 10630
125 85 10806
125 86 10934
125 87 10982
125 88 11126
125 89 11318
125 90 11446
125 91 11478
125 92 11398
125 93 11574
125 94 11702
125 95 11750
125 96 12134
125 97 12486
125 98 12742
125 99 12742
125 100 12566
125 101 12742
125 102 12998
125 103 13046
125 104 13062
125 105 13254
125 106 13510
125 107 13542
125 108 13334
125 109 13510
125 110 13766
125 111 13814
125 112 14134
125 113 14294
125 114 14550
125 115 14550
125 116 14502
125 117 14678
125 118 14806
125 119 14854
125 120 14998
125 121 15190
125 122 15318
125 123 15350
125 124 15270
125 125 15446
125 126 15574
125 127 15622
125 128 16006
125 129 16294
125 130 16550
125 131 16550
125 132 16374
125 133 16550
125 134 16806
125 135 16854
125 136 16870
125 137 17062
125 138 17318
125 139 17350
125 140 17142
125 141 17318
125 142 17574
125 143 17622
125 144 18006
125 145 18358
125 146 18614
125 147 18614
125 148 18438
125 149 18614
125 150 18870
125 151 18918
125 152 18934
125 153 19126
125 154 19382
125 155 19414
125 156 19206
125 157 19382
125 158 19638
125 159 19686
125 160 20006
125 161 20422
125 162 20678
125 163 20678
125 164 20502
125 165 20678
125 166 20934
125 167 20982
125 168 20998
125 169 21190
125 170 21446
125 171 21478
125 172 21270
125 173 21446
125 174 21702
125 175 21750
125 176 22006
125 177 22230
125 178 22486
125 179 22486
125 180 22310
125 181 22486
125 182 22742
125 183 22790
125 184 22806
125 185 22998
125 186 23254
125 187 23286
125 188 23078
125 189 23254
125 190 23510
125 191 23558
125 192 24006
125 193 24230
125 194 24486
125 195 24486
125 196 24310
125 197 24486
125 198 24742
125 199 24790
125 200 24806
125 201 24998
125 202 25254
125 203 25286
125 204 25078
125 205 25254
125 206 25510
125 207 25558
125 208 26134
125 209 26294
125 210 26550
125 211 26550
125 212 26502
125 213 26678
125 214 26806
125 215 26854
125 216 26998
125 217 27190
125 218 27318
125 219 27350
125 220 27270
125 221 27446
125 222 27574
125 223 27622
125 224 28006
125 225 28358
125 226 28614
125 227 28614
125 228 28438
125 229 28614
125 230 28870
125 231 28918
125 232 28934
125 233 29126
125 234 29382
125 235 29414
125 236 29206
125 237 29382
125 238 29638
125 239 29686
125 240 30006
125 241 30294
125 242 30550
125 243 30550
125 244 30374
125 245 30550
125 246 30806
125 247 30854
125 248 30870
125 249 31062
125 250 31318
125 251 31350
125 252 31142
125 253 31318
125 254 31574
125 255 31622
126 0 6
126 1 422
126 2 678
126 3 678
126 4 502
126 5 678
126 6 934
126 7 982
126 8 1014
126 9 1190
126 10 1446
126 11 1494
126 12 1270
126 13 1446
126 14 1702
126 15 1750
126 16 2150
126 17 2502
126 18 2758
126 19 2758
126 20 2582
126 21 2758
126 22 3014
126 23 3062
126 24 3094
126 25 3270
126 26 3526
126 27 3574
126 28 3350
126 29 3526
126 30 3782
126 31 3830
126 32 4166
126 33 4518
126 34 4774
126 35 4774
126 36 4598
126 37 4774
126 38 5030
126 39 5078
126 40 5110
126 41 5286
126 42 5542
126 43 5590
126 44 5366
126 45 5542
126 46 5798
126 47 5846
126 48 6182
126 49 6342
126 50 6598
126 51 6598
126 52 6550
126 53 6726
126 54 6854
126 55 6902
126 56 7062
126 57 7238
126 58 7366
126 59 7414
126 60 7318
126 61 7494
126 62 7622
126 63 7670
126 64 8070
126 65 8358
126 66 8614
126 67 8614
126 68 8438
126 69 8614
126 70 8870
126 71 8918
126 72 8950
126 73 9126
126 74 9382
126 75 9430
126 76 9206
126 77 9382
126 78 9638
126 79 9686
126 80 10086
126 81 10438
126 82 10694
126 83 10694
126 84 10518
126 85 10694
126 86 10950
126 87 10998
126 88 11030
126 89 11206
126 90 11462
126 91 11510
126 92 11286
126 93 11462
126 94 11718
126 95 11766
126 96 12102
126 97 12454
126 98 12710
126 99 12710
126 100 12534
126 101 12710
126 102 12966
126 103 13014
126 104 13046
126 105 13222
126 106 13478
126 107 13526
126 108 13302
126 109 13478
126 110 13734
126 111 13782
126 112 14118
126 113 14406
126 114 14662
126 115 14662
126 116 14486
126 117 14662
126 118 14918
126 119 14966
126 120 14998
126 121 15174
126 122 15430
126 123 15478
126 124 15254
126 125 15430
126 126 15686
126 127 15734
126 128 16134
126 129 16550
126 130 16806
126 131 16806
126 132 16630
126 133 16806
126 134 17062
126 135 17110
126 136 17142
126 137 17318
126 138 17574
126 139 17622
126 140 17398
126 141 17574
126 142 17830
126 143 17878
126 144 18278
126 145 18630
126 146 18886
126 147 18886
126 148 18710
126 149 18886
126 150 19142
126 151 19190
126 152 19222
126 153 19398
126 154 19654
126 155 19702
126 156 19478
126 157 19654
126 158 19910
126 159 19958
126 160 20294
126 161 20646
126 162 20902
126 163 20902
126 164 20726
126 165 20902
126 166 21158
126 167 21206
126 168 21238
126 169 21414
126 170 21670
126 171 21718
126 172 21494
126 173 21670
126 174 21926
126 175 21974
126 176 22310
126 177 22470
126 178 22726
126 179 22726
126 180 22678
126 181 22854
126 182 22982
126 183 23030
126 184 23190
126 185 23366
126 186 23494
126 187 23542
126 188 23446
126 189 23622
126 190 23750
126 191 23798
126 192 24198
126 193 24486
126 194 24742
126 195 24742
126 196 24566
126 197 24742
126 198 24998
126 199 25046
126 200 25078
126 201 25254
126 202 25510
126 203 25558
126 204 25334
126 205 25510
126 206 25766
126 207 25814
126 208 26214
126 209 26566
126 210 26822
126 211 26822
126 212 26646
126 213 26822
126 214 27078
126 215 27126
126 216 27158
126 217 27334
126 218 27590
126 219 27638
126 220 27414
126 221 27590
126 222 27846
126 223 27894
126 224 28230
126 225 28582
126 226 28838
126 227 28838
126 228 28662
126 229 28838
126 230 29094
126 231 29142
126 232 29174
126 233 29350
126 234 29606
126 235 29654
126 236 29430
126 237 29606
126 238 29862
126 239 29910
126 240 30246
126 241 30534
126 242 30790
126 243 30790
126 244 30614
126 245 30790
126 246 31046
126 247 31094
126 248 31126
126 249 31302
126 250 31558
126 251 31606
126 252 31382
126 253 31558
126 254 31814
126 255 31862
127 0 6
127 1 422
127 2 678
127 3 678
127 4 502
127 5 678
127 6 934
127 7 982
127 8 1014
127 9 1190
127 10 1446
127 11 1494
127 12 1270
127 13 1446
127 14 1702
127 15 1750
127 16 2166
127 17 2518
127 18 2774
127 19 2774
127 20 2598
127 21 2774
127 22 3030
127 23 3078
127 24 3110
127 25 3286
127 26 3542
127 27 3590
127 28 3366
127 29 3542
127 30 3798
127 31 3846
127 32 4198
127 33 4550
127 34 4806
127 35 4806
127 36 4630
127 37 4806
127 38 5062
127 39 5110
127 40 5142
127 41 5318
127 42 5574
127 43 5622
127 44 5398
127 45 5574
127 46 5830
127 47 5878
127 48 6294
127 49 6326
127 50 6582
127 51 6582
127 52 6598
127 53 6710
127 54 6838
127 55 6950
127 56 7110
127 57 7222
127 58 7350
127 59 7462
127 60 7366
127 61 7478
127 62 7606
127 63 7718
127 64 8134
127 65 8358
127 66 8614
127 67 8614
127 68 8438
127 69 8614
127 70 8870
127 71 8918
127 72 8950
127 73 9126
127 74 9382
127 75 9430
127 76 9206
127 77 9382
127 78 9638
127 79 9686
127 80 10294
127 81 10454
127 82 10710
127 83 10710
127 84 10662
127 85 10838
127 86 10966
127 87 11014
127 88 11174
127 89 11350
127 90 11478
127 91 11526
127 92 11430
127 93 11606
127 94 11734
127 95 11782
127 96 12326
127 97 12486
127 98 12742
127 99 12742
127 100 12694
127 101 12870
127 102 12998
127 103 13046
127 104 13206
127 105 13382
127 106 13510
127 107 13558
127 108 13462
127 109 13638
127 110 13766
127 111 13814
127 112 14230
127 113 14454
127 114 14710
127 115 14710
127 116 14534
127 117 14710
127 118 14966
127 119 15014
127 120 15046
127 121 15222
127 122 15478
127 123 15526
127 124 15302
127 125 15478
127 126 15734
127 127 15782
127 128 16262
127 129 16550
127 130 16806
127 131 16806
127 132 16630
127 133 16806
127 134 17062
127 135 17110
127 136 17142
127 137 17318
127 138 17574
127 139 17622
127 140 17398
127 141 17574
127 142 17830
127 143 17878
127 144 18294
127 145 18646
127 146 18902
127 147 18902
127 148 18726
127 149 18902
127 150 19158
127 151 19206
127 152 19238
127 153 19414
127 154 19670
127 155 19718
127 156 19494
127 157 19670
127 158 19926
127 159 19974
127 160 20326
127 161 20678
127 162 20934
127 163 20934
127 164 20758
127 165 20934
127 166 21190
127 167 21238
127 168 21270
127 169 21446
127 170 21702
127 171 21750
127 172 21526
127 173 21702
127 174 21958
127 175 22006
127 176 22422
127 177 22582
127 178 22838
127 179 22838
127 180 22726
127 181 22838
127 182 23094
127 183 23206
127 184 23238
127 185 23350
127 186 23606
127 187 23718
127 188 23494
127 189 23606
127 190 23862
127 191 23974
127 192 24262
127 193 24486
127 194 24742
127 195 24742
127 196 24566
127 197 24742
127 198 24998
127 199 25046
127 200 25078
127 201 25254
127 202 25510
127 203 25558
127 204 25334
127 205 25510
127 206 25766
127 207 25814
127 208 26422
127 209 26582
127 210 26838
127 211 26838
127 212 26790
127 213 26966
127 214 27094
127 215 27142
127 216 27302
127 217 27478
127 218 27606
127 219 27654
127 220 27558
127 221 27734
127 222 27862
127 223 27910
127 224 28454
127 225 28614
127 226 28870
127 227 28870
127 228 28822
127 229 28998
127 230 29126
127 231 29174
127 232 29334
127 233 29510
127 234 29638
127 235 29686
127 236 29590
127 237 29766
127 238 29894
127 239 29942
127 240 30358
127 241 30582
127 242 30838
127 243 30838
127 244 30662
127 245 30838
127 246 31094
127 247 31142
127 248 31174
127 249 31350
127 250 31606
127 251 31654
127 252 31430
127 253 31606
127 254 31862
127 255 31910
128 0 6
128 1 262
128 2 262
128 3 518
128 4 518
128 5 774
128 6 774
128 7 1030
128 8 1030
128 9 1286
128 10 1286
128 11 1542
128 12 1542
128 13 1798
128 14 1798
128 15 2054
128 16 2054
128 17 2310
128 18 2310
128 19 2566
128 20 2566
128 21 2822
128 22 2822
128 23 3078
128 24 3078
128 25 3334
128 26 3334
128 27 3590
128 28 3590
128 29 3846
128 30 3846
128 31 4102
128 32 4102
128 33 4358
128 34 4358
128 35 4614
128 36 4614
128 37 4870
128 38 4870
128 39 5126
128 40 5126
128 41 5382
128 42 5382
128 43 5638
128 44 5638
128 45 5894
128 46 5894
128 47 6150
128 48 6150
128 49 6406
128 50 6406
128 51 6662
128 52 6662
128 53 6918
128 54 6918
128 55 7174
128 56 7174
128 57 7430
128 58 7430
128 59 7686
128 60 7686
128 61 7942
128 62 7942
128 63 8198
128 64 8198
128 65 8454
128 66 8454
128 67 8710
128 68 8710
128 69 8966
128 70 8966
128 71 9222
128 72 9222
128 73 9478
128 74 9478
128 75 9734
128 76 9734
128 77 9990
128 78 9990
128 79 10246
128 80 10246
128 81 10502
128 82 10502
128 83 10758
128 84 10758
128 85 11014
128 86 11014
128 87 11270
128 88 11270
128 89 11526
128 90 11526
128 91 11782
128 92 11782
128 93 12038
128 94 12038
128 95 12294
128 96 12294
128 97 12550
128 98 12550
128 99 12806
128 100 12806
128 101 13062
128 102 13062
128 103 13318
128 104 13318
128 105 13574
128 106 13574
128 107 13830
128 108 13830
128 109 14086
128 110 14086
128 111 14342
128 112 14342
128 113 14598
128 114 14598
128 115 14854
128 116 14854
128 117 15110
128 118 15110
128 119 15366
128 120 15366
128 121 15622
128 122 15622
128 123 15878
128 124 15878
128 125 16134
128 126 16134
128 127 16390
128 128 16390
128 129 16646
128 130 16646
128 131 16902
128 132 16902
128 133 17158
128 134 17158
128 135 17414
128 136 17414
128 137 17670
128 138 17670
128 139 17926
128 140 17926
128 141 18182
128 142 18182
128 143 18438
128 144 18438
128 145 18694
128 146 18694
128 147 18950
128 148 18950
128 149 19206
128 150 19206
128 151 19462
128 152 19462
128 153 19718
128 154 19718
128 155 19974
128 156 19974
128 157 20230
128 158 20230
128 159 20486
128 160 20486
128 161 20742
128 162 20742
128 163 20998
128 164 20998
128 165 21254
128 166 21254
128 167 21510
128 168 21510
128 169 21766
128 170 21766
128 171 22022
128 172 22022
128 173 22278
128 174 22278
128 175 22534
128 176 22534
128 177 22790
128 178 22790
128 179 23046
128 180 23046
128 181 23302
128 182 23302
128 183 23558
128 184 23558
128 185 23814
128 186 23814
128 187 24070
128 188 24070
128 189 24326
128 190 24326
128 191 24582
128 192 24582
128 193 24838
128 194 24838
128 195 25094
128 196 25094
128 197 25350
128 198 25350
128 199 25606
128 200 25606
128 201 25862
128 202 25862
128 203 26118
128 204 26118
128 205 26374
128 206 26374
128 207 26630
128 208 26630
128 209 26886
128 210 26886
128 211 27142
128 212 27142
128 213 27398
128 214 27398
128 215 27654
128 216 27654
128 217 27910
128 218 27910
128 219 28166
128 220 28166
128 221 28422
128 222 28422
128 223 28678
128 224 28678
128 225 28934
128 226 28934
128 227 29190
128 228 29190
128 229 29446
128 230 29446
128 231 29702
128 232 29702
128 233 29958
128 234 29958
128 235 30214
128 236 30214
128 237 30470
128 238 30470
128 239 30726
128 240 30726
128 241 30982
128 242 30982
128 243 31238
128 244 31238
128 245 31494
128 246 31494
128 247 31750
128 248 31750
128 249 32006
128 250 32006
128 251 32262
128 252 32262
128 253 32518
128 254 32518
128 255 32774
129 0 6
129 1 262
129 2 262
129 3 518
129 4 518
129 5 774
129 6 774
129 7 1030
129 8 1030
129 9 1286
129 10 1286
129 11 1542
129 12 1542
129 13 1798
129 14 1798
129 15 2054
129 16 2070
129 17 2326
129 18 2326
129 19 2582
129 20 2582
129 21 2838
129 22 2838
129 23 3094
129 24 3094
129 25 3350
129 26 3350
129 27 3606
129 28 3606
129 29 3862
129 30 3862
129 31 4118
129 32 4134
129 33 4390
129 34 4390
129 35 4646
129 36 4646
129 37 4902
129 38 4902
129 39 5158
129 40 5158
129 41 5414
129 42 5414
129 43 5670
129 44 5670
129 45 5926
129 46 5926
129 47 6182
129 48 6198
129 49 6454
129 50 6454
129 51 6710
129 52 6710
129 53 6966
129 54 6966
129 55 7222
129 56 7222
129 57 7478
129 58 7478
129 59 7734
129 60 7734
129 61 7990
129 62 7990
129 63 8246
129 64 8262
129 65 8518
129 66 8518
129 67 8774
129 68 8774
129 69 9030
129 70 9030
129 71 9286
129 72 9286
129 73 9542
129 74 9542
129 75 9798
129 76 9798
129 77 10054
129 78 10054
129 79 10310
129 80 10326
129 81 10582
129 82 10582
129 83 10838
129 84 10838
129 85 11094
129 86 11094
129 87 11350
129 88 11350
129 89 11606
129 90 11606
129 91 11862
129 92 11862
129 93 12118
129 94 12118
129 95 12374
129 96 12390
129 97 12646
129 98 12646
129 99 12902
129 100 12902
129 101 13158
129 102 13158
129 103 13414
129 104 13414
129 105 13670
129 106 13670
129 107 13926
129 108 13926
129 109 14182
129 110 14182
129 111 14438
129 112 14454
129 113 14710
129 114 14710
129 115 14966
129 116 14966
129 117 15222
129 118 15222
129 119 15478
129 120 15478
129 121 15734
129 122 15734
129 123 15990
129 124 15990
129 125 16246
129 126 16246
129 127 16502
129 128 16518
129 129 16774
129 130 16774
129 131 17030
129 132 17030
129 133 17286
129 134 17286
129 135 17542
129 136 17542
129 137 17798
129 138 17798
129 139 18054
129 140 18054
129 141 18310
129 142 18310
129 143 18566
129 144 18582
129 145 18838
129 146 18838
129 147 19094
129 148 19094
129 149 19350
129 150 19350
129 151 19606
129 152 19606
129 153 19862
129 154 19862
129 155 20118
129 156 20118
129 157 20374
129 158 20374
129 159 20630
129 160 20646
129 161 20902
129 162 20902
129 163 21158
129 164 21158
129 165 21414
129 166 21414
129 167 21670
129 168 21670
129 169 21926
129 170 21926
129 171 22182
129 172 22182
129 173 22438
129 174 22438
129 175 22694
129 176 22710
129 177 22966
129 178 22966
129 179 23222
129 180 23222
129 181 23478
129 182 23478
129 183 23734
129 184 23734
129 185 23990
129 186 23990
129 187 24246
129 188 24246
129 189 24502
129 190 24502
129 191 24758
129 192 24774
129 193 25030
129 194 25030
129 195 25286
129 196 25286
129 197 25542
129 198 25542
129 199 25798
129 200 25798
129 201 26054
129 202 26054
129 203 26310
129 204 26310
129 205 26566
129 206 26566
129 207 26822
129 208 26838
129 209 27094
129 210 27094
129 211 27350
129 212 27350
129 213 27606
129 214 27606
129 215 27862
129 216 27862
129 217 28118
129 218 28118
129 219 28374
129 220 28374
129 221 28630
129 222 28630
129 223 28886
129 224 28902
129 225 29158
129 226 29158
129 227 29414
129 228 29414
129 229 29670
129 230 29670
129 231 29926
129 232 29926
129 233 30182
129 234 30182
129 235 30438
129 236 30438
129 237 30694
129 238 30694
129 239 30950
129 240 30966
129 241 31222
129 242 31222
129 243 31478
129 244 31478
129 245 31734
129 246 31734
129 247 31990
129 248 31990
129 249 32246
129 250 32246
129 251 32502
129 252 32502
129 253 32758
129 254 32758
129 255 33014
130 0 6
130 1 262
130 2 262
130 3 518
130 4 518
130 5 774
130 6 774
130 7 1030
130 8 1046
130 9 1302
130 10 1302
130 11 1558
130 12 1558
130 13 1814
130 14 1814
130 15 2070
130 16 2086
130 17 2342
130 18 2342
130 19 2598
130 20 2598
130 21 2854
130 22 2854
130 23 3110
130 24 3126
130 25 3382
130 26 3382
130 27 3638
130 28 3638
130 29 3894
130 30 3894
130 31 4150
130 32 4166
130 33 4422
130 34 4422
130 35 4678
130 36 4678
130 37 4934
130 38 4934
130 39 5190
130 40 5206
130 41 5462
130 42 5462
130 43 5718
130 44 5718
130 45 5974
130 46 5974
130 47 6230
130 48 6246
130 49 6502
130 50 6502
130 51 6758
130 52 6758
130 53 7014
130 54 7014
130 55 7270
130 56 7286
130 57 7542
130 58 7542
130 59 7798
130 60 7798
130 61 8054
130 62 8054
130 63 8310
130 64 8326
130 65 8582
130 66 8582
130 67 8838
130 68 8838
130 69 9094
130 70 9094
130 71 9350
130 72 9366
130 73 9622
130 74 9622
130 75 9878
130 76 9878
130 77 10134
130 78 10134
130 79 10390
130 80 10406
130 81 10662
130 82 10662
130 83 10918
130 84 10918
130 85 11174
130 86 11174
130 87 11430
130 88 11446
130 89 11702
130 90 11702
130 91 11958
130 92 11958
130 93 12214
130 94 12214
130 95 12470
130 96 12486
130 97 12742
130 98 12742
130 99 12998
130 100 12998
130 101 13254
130 102 13254
130 103 13510
130 104 13526
130 105 13782
130 106 13782
130 107 14038
130 108 14038
130 109 14294
130 110 14294
130 111 14550
130 112 14566
130 113 14822
130 114 14822
130 115 15078
130 116 15078
130 117 15334
130 118 15334
130 119 15590
130 120 15606
130 121 15862
130 122 15862
130 123 16118
130 124 16118
130 125 16374
130 126 16374
130 127 16630
130 128 16646
130 129 16902
130 130 16902
130 131 17158
130 132 17158
130 133 17414
130 134 17414
130 135 17670
130 136 17686
130 137 17942
130 138 17942
130 139 18198
130 140 18198
130 141 18454
130 142 18454
130 143 18710
130 144 18726
130 145 18982
130 146 18982
130 147 19238
130 148 19238
130 149 19494
130 150 19494
130 151 19750
130 152 19766
130 153 20022
130 154 20022
130 155 20278
130 156 20278
130 157 20534
130 158 20534
130 159 20790
130 160 20806
130 161 21062
130 162 21062
130 163 21318
130 164 21318
130 165 21574
130 166 21574
130 167 21830
130 168 21846
130 169 22102
130 170 22102
130 171 22358
130 172 22358
130 173 22614
130 174 22614
130 175 22870
130 176 22886
130 177 23142
130 178 23142
130 179 23398
130 180 23398
130 181 23654
130 182 23654
130 183 23910
130 184 23926
130 185 24182
130 186 24182
130 187 24438
130 188 24438
130 189 24694
130 190 24694
130 191 24950
130 192 24966
130 193 25222
130 194 25222
130 195 25478
130 196 25478
130 197 25734
130 198 25734
130 199 25990
130 200 26006
130 201 26262
130 202 26262
130 203 26518
130 204 26518
130 205 26774
130 206 26774
130 207 27030
130 208 27046
130 209 27302
130 210 27302
130 211 27558
130 212 27558
130 213 27814
130 214 27814
130 215 28070
130 216 28086
130 217 28342
130 218 28342
130 219 28598
130 220 28598
130 221 28854
130 222 28854
130 223 29110
130 224 29126
130 225 29382
130 226 29382
130 227 29638
130 228 29638
130 229 29894
130 230 29894
130 231 30150
130 232 30166
130 233 30422
130 234 30422
130 235 30678
130 236 30678
130 237 30934
130 238 30934
130 239 31190
130 240 31206
130 241 31462
130 242 31462
130 243 31718
130 244 31718
130 245 31974
130 246 31974
130 247 32230
130 248 32246
130 249 32502
130 250 32502
130 251 32758
130 252 32758
130 253 33014
130 254 33014
130 255 33270
131 0 6
131 1 262
131 2 262
131 3 518
131 4 518
131 5 774
131 6 774
131 7 1030
131 8 1046
131 9 1302
131 10 1302
131 11 1558
131 12 1558
131 13 1814
131 14 1814
131 15 2070
131 16 2102
131 17 2358
131 18 2358
131 19 2614
131 20 2614
131 21 2870
131 22 2870
131 23 3126
131 24 3142
131 25 3398
131 26 3398
131 27 3654
131 28 3654
131 29 3910
131 30 3910
131 31 4166
131 32 4198
131 33 4454
131 34 4454
131 35 4710
131 36 4710
131 37 4966
131 38 4966
131 39 5222
131 40 5238
131 41 5494
131 42 5494
131 43 5750
131 44 5750
131 45 6006
131 46 6006
131 47 6262
131 48 6294
131 49 6550
131 50 6550
131 51 6806
131 52 6806
131 53 7062
131 54 7062
131 55 7318
131 56 7334
131 57 7590
131 58 7590
131 59 7846
131 60 7846
131 61 8102
131 62 8102
131 63 8358
131 64 8390
131 65 8646
131 66 8646
131 67 8902
131 68 8902
131 69 9158
131 70 9158
131 71 9414
131 72 9430
131 73 9686
131 74 9686
131 75 9942
131 76 9942
131 77 10198
131 78 10198
131 79 10454
131 80 10486
131 81 10742
131 82 10742
131 83 10998
131 84 10998
131 85 11254
131 86 11254
131 87 11510
131 88 11526
131 89 11782
131 90 11782
131 91 12038
131 92 12038
131 93 12294
131 94 12294
131 95 12550
131 96 12582
131 97 12838
131 98 12838
131 99 13094
131 100 13094
131 101 13350
131 102 13350
131 103 13606
131 104 13622
131 105 13878
131 106 13878
131 107 14134
131 108 14134
131 109 14390
131 110 14390
131 111 14646
131 112 14742
131 113 14998
131 114 14998
131 115 15254
131 116 15254
131 117 15510
131 118 15510
131 119 15766
131 120 15782
131 121 16038
131 122 16038
131 123 16294
131 124 16294
131 125 16550
131 126 16550
131 127 16806
131 128 16774
131 129 17030
131 130 17030
131 131 17286
131 132 17286
131 133 17542
131 134 17542
131 135 17798
131 136 17814
131 137 18070
131 138 18070
131 139 18326
131 140 18326
131 141 18582
131 142 18582
131 143 18838
131 144 18870
131 145 19126
131 146 19126
131 147 19382
131 148 19382
131 149 19638
131 150 19638
131 151 19894
131 152 19910
131 153 20166
131 154 20166
131 155 20422
131 156 20422
131 157 20678
131 158 20678
131 159 20934
131 160 20966
131 161 21222
131 162 21222
131 163 21478
131 164 21478
131 165 21734
131 166 21734
131 167 21990
131 168 22006
131 169 22262
131 170 22262
131 171 22518
131 172 22518
131 173 22774
131 174 22774
131 175 23030
131 176 23062
131 177 23318
131 178 23318
131 179 23574
131 180 23574
131 181 23830
131 182 23830
131 183 24086
131 184 24102
131 185 24358
131 186 24358
131 187 24614
131 188 24614
131 189 24870
131 190 24870
131 191 25126
131 192 25030
131 193 25286
131 194 25286
131 195 25542
131 196 25542
131 197 25798
131 198 25798
131 199 26054
131 200 26070
131 201 26326
131 202 26326
131 203 26582
131 204 26582
131 205 26838
131 206 26838
131 207 27094
131 208 27126
131 209 27382
131 210 27382
131 211 27638
131 212 27638
131 213 27894
131 214 27894
131 215 28150
131 216 28166
131 217 28422
131 218 28422
131 219 28678
131 220 28678
131 221 28934
131 222 28934
131 223 29190
131 224 29222
131 225 29478
131 226 29478
131 227 29734
131 228 29734
131 229 29990
131 230 29990
131 231 30246
131 232 30262
131 233 30518
131 234 30518
131 235 30774
131 236 30774
131 237 31030
131 238 31030
131 239 31286
131 240 31382
131 241 31638
131 242 31638
131 243 31894
131 244 31894
131 245 32150
131 246 32150
131 247 32406
131 248 32422
131 249 32678
131 250 32678
131 251 32934
131 252 32934
131 253 33190
131 254 33190
131 255 33446
132 0 6
132 1 262
132 2 262
132 3 518
132 4 534
132 5 790
132 6 790
132 7 1046
132 8 1062
132 9 1318
132 10 1318
132 11 1574
132 12 1590
132 13 1846
132 14 1846
132 15 2102
132 16 2118
132 17 2374
132 18 2374
132 19 2630
132 20 2646
132 21 2902
132 22 2902
132 23 3158
132 24 3174
132 25 3430
132 26 3430
132 27 3686
132 28 3702
132 29 3958
132 30 3958
132 31 4214
132 32 4358
132 33 4614
132 34 4614
132 35 4870
132 36 4886
132 37 5142
132 38 5142
132 39 5398
132 40 5414
132 41 5670
132 42 5670
132 43 5926
132 44 5942
132 45 6198
132 46 6198
132 47 6454
132 48 6470
132 49 6726
132 50 6726
132 51 6982
132 52 6998
132 53 7254
132 54 7254
132 55 7510
132 56 7526
132 57 7782
132 58 7782
132 59 8038
132 60 8054
132 61 8310
132 62 8310
132 63 8566
132 64 8454
132 65 8710
132 66 8710
132 67 8966
132 68 8982
132 69 9238
132 70 9238
132 71 9494
132 72 9510
132 73 9766
132 74 9766
132 75 10022
132 76 10038
132 77 10294
132 78 10294
132 79 10550
132 80 10566
132 81 10822
132 82 10822
132 83 11078
132 84 11094
132 85 11350
132 86 11350
132 87 11606
132 88 11622
132 89 11878
132 90 11878
132 91 12134
132 92 12150
132 93 12406
132 94 12406
132 95 12662
132 96 12806
132 97 13062
132 98 13062
132 99 13318
132 100 13334
132 101 13590
132 102 13590
132 103 13846
132 104 13862
132 105 14118
132 106 14118
132 107 14374
132 108 14390
132 109 14646
132 110 14646
132 111 14902
132 112 14918
132 113 15174
132 114 15174
132 115 15430
132 116 15446
132 117 15702
132 118 15702
132 119 15958
132 120 15974
132 121 16230
132 122 16230
132 123 16486
132 124 16502
132 125 16758
132 126 16758
132 127 17014
132 128 16902
132 129 17158
132 130 17158
132 131 17414
132 132 17430
132 133 17686
132 134 17686
132 135 17942
132 136 17958
132 137 18214
132 138 18214
132 139 18470
132 140 18486
132 141 18742
132 142 18742
132 143 18998
132 144 19014
132 145 19270
132 146 19270
132 147 19526
132 148 19542
132 149 19798
132 150 19798
132 151 20054
132 152 20070
132 153 20326
132 154 20326
132 155 20582
132 156 20598
132 157 20854
132 158 20854
132 159 21110
132 160 21254
132 161 21510
132 162 21510
132 163 21766
132 164 21782
132 165 22038
132 166 22038
132 167 22294
132 168 22310
132 169 22566
132 170 22566
132 171 22822
132 172 22838
132 173 23094
132 174 23094
132 175 23350
132 176 23366
132 177 23622
132 178 23622
132 179 23878
132 180 23894
132 181 24150
132 182 24150
132 183 24406
132 184 24422
132 185 24678
132 186 24678
132 187 24934
132 188 24950
132 189 25206
132 190 25206
132 191 25462
132 192 25350
132 193 25606
132 194 25606
132 195 25862
132 196 25878
132 197 26134
132 198 26134
132 199 26390
132 200 26406
132 201 26662
132 202 26662
132 203 26918
132 204 26934
132 205 27190
132 206 27190
132 207 27446
132 208 27462
132 209 27718
132 210 27718
132 211 27974
132 212 27990
132 213 28246
132 214 28246
132 215 28502
132 216 28518
132 217 28774
132 218 28774
132 219 29030
132 220 29046
132 221 29302
132 222 29302
132 223 29558
132 224 29702
132 225 29958
132 226 29958
132 227 30214
132 228 30230
132 229 30486
132 230 30486
132 231 30742
132 232 30758
132 233 31014
132 234 31014
132 235 31270
132 236 31286
132 237 31542
132 238 31542
132 239 31798
132 240 31814
132 241 32070
132 242 32070
132 243 32326
132 244 32342
132 245 32598
132 246 32598
132 247 32854
132 248 32870
132 249 33126
132 250 33126
132 251 33382
132 252 33398
132 253 33654
132 254 33654
132 255 33910
133 0 6
133 1 262
133 2 262
133 3 518
133 4 534
133 5 790
133 6 790
133 7 1046
133 8 1062
133 9 1318
133 10 1318
133 11 1574
133 12 1590
133 13 1846
133 14 1846
133 15 2102
133 16 2134
133 17 2390
133 18 2390
133 19 2646
133 20 2662
133 21 2918
133 22 2918
133 23 3174
133 24 3190
133 25 3446
133 26 3446
133 27 3702
133 28 3718
133 29 3974
133 30 3974
133 31 4230
133 32 4390
133 33 4646
133 34 4646
133 35 4902
133 36 4918
133 37 5174
133 38 5174
133 39 5430
133 40 5446
133 41 5702
133 42 5702
133 43 5958
133 44 5974
133 45 6230
133 46 6230
133 47 6486
133 48 6518
133 49 6774
133 50 6774
133 51 7030
133 52 7046
133 53 7302
133 54 7302
133 55 7558
133 56 7574
133 57 7830
133 58 7830
133 59 8086
133 60 8102
133 61 8358
133 62 8358
133 63 8614
133 64 8518
133 65 8774
133 66 8774
133 67 9030
133 68 9046
133 69 9302
133 70 9302
133 71 9558
133 72 9574
133 73 9830
133 74 9830
133 75 10086
133 76 10102
133 77 10358
133 78 10358
133 79 10614
133 80 10774
133 81 11030
133 82 11030
133 83 11286
133 84 11302
133 85 11558
133 86 11558
133 87 11814
133 88 11830
133 89 12086
133 90 12086
133 91 12342
133 92 12358
133 93 12614
133 94 12614
133 95 12870
133 96 12902
133 97 13158
133 98 13158
133 99 13414
133 100 13430
133 101 13686
133 102 13686
133 103 13942
133 104 13958
133 105 14214
133 106 14214
133 107 14470
133 108 14486
133 109 14742
133 110 14742
133 111 14998
133 112 15158
133 113 15414
133 114 15414
133 115 15670
133 116 15686
133 117 15942
133 118 15942
133 119 16198
133 120 16214
133 121 16470
133 122 16470
133 123 16726
133 124 16742
133 125 16998
133 126 16998
133 127 17254
133 128 17030
133 129 17286
133 130 17286
133 131 17542
133 132 17558
133 133 17814
133 134 17814
133 135 18070
133 136 18086
133 137 18342
133 138 18342
133 139 18598
133 140 18614
133 141 18870
133 142 18870
133 143 19126
133 144 19158
133 145 19414
133 146 19414
133 147 19670
133 148 19686
133 149 19942
133 150 19942
133 151 20198
133 152 20214
133 153 20470
133 154 20470
133 155 20726
133 156 20742
133 157 20998
133 158 20998
133 159 21254
133 160 21286
133 161 21542
133 162 21542
133 163 21798
133 164 21814
133 165 22070
133 166 22070
133 167 22326
133 168 22342
133 169 22598
133 170 22598
133 171 22854
133 172 22870
133 173 23126
133 174 23126
133 175 23382
133 176 23414
133 177 23670
133 178 23670
133 179 23926
133 180 23942
133 181 24198
133 182 24198
133 183 24454
133 184 24470
133 185 24726
133 186 24726
133 187 24982
133 188 24998
133 189 25254
133 190 25254
133 191 25510
133 192 25542
133 193 25798
133 194 25798
133 195 26054
133 196 26070
133 197 26326
133 198 26326
133 199 26582
133 200 26598
133 201 26854
133 202 26854
133 203 27110
133 204 27126
133 205 27382
133 206 27382
133 207 27638
133 208 27670
133 209 27926
133 210 27926
133 211 28182
133 212 28198
133 213 28454
133 214 28454
133 215 28710
133 216 28726
133 217 28982
133 218 28982
133 219 29238
133 220 29254
133 221 29510
133 222 29510
133 223 29766
133 224 29798
133 225 30054
133 226 30054
133 227 30310
133 228 30326
133 229 30582
133 230 30582
133 231 30838
133 232 30854
133 233 31110
133 234 31110
133 235 31366
133 236 31382
133 237 31638
133 238 31638
133 239 31894
133 240 32054
133 241 32310
133 242 32310
133 243 32566
133 244 32582
133 245 32838
133 246 32838
133 247 33094
133 248 33110
133 249 33366
133 250 33366
133 251 33622
133 252 33638
133 253 33894
133 254 33894
133 255 34150
134 0 6
134 1 262
134 2 262
134 3 518
134 4 534
134 5 790
134 6 790
134 7 1046
134 8 1078
134 9 1334
134 10 1334
134 11 1590
134 12 1590
134 13 1846
134 14 1846
134 15 2102
134 16 2150
134 17 2406
134 18 2406
134 19 2662
134 20 2678
134 21 2934
134 22 2934
134 23 3190
134 24 3222
134 25 3478
134 26 3478
134 27 3734
134 28 3734
134 29 3990
134 30 3990
134 31 4246
134 32 4422
134 33 4678
134 34 4678
134 35 4934
134 36 4950
134 37 5206
134 38 5206
134 39 5462
134 40 5494
134 41 5750
134 42 5750
134 43 6006
134 44 6006
134 45 6262
134 46 6262
134 47 6518
134 48 6694
134 49 6950
134 50 6950
134 51 7206
134 52 7222
134 53 7478
134 54 7478
134 55 7734
134 56 7766
134 57 8022
134 58 8022
134 59 8278
134 60 8278
134 61 8534
134 62 8534
134 63 8790
134 64 8582
134 65 8838
134 66 8838
134 67 9094
134 68 9110
134 69 9366
134 70 9366
134 71 9622
134 72 9654
134 73 9910
134 74 9910
134 75 10166
134 76 10166
134 77 10422
134 78 10422
134 79 10678
134 80 10726
134 81 10982
134 82 10982
134 83 11238
134 84 11254
134 85 11510
134 86 11510
134 87 11766
134 88 11798
134 89 12054
134 90 12054
134 91 12310
134 92 12310
134 93 12566
134 94 12566
134 95 12822
134 96 12870
134 97 13126
134 98 13126
134 99 13382
134 100 13398
134 101 13654
134 102 13654
134 103 13910
134 104 13942
134 105 14198
134 106 14198
134 107 14454
134 108 14454
134 109 14710
134 110 14710
134 111 14966
134 112 15142
134 113 15398
134 114 15398
134 115 15654
134 116 15670
134 117 15926
134 118 15926
134 119 16182
134 120 16214
134 121 16470
134 122 16470
134 123 16726
134 124 16726
134 125 16982
134 126 16982
134 127 17238
134 128 17158
134 129 17414
134 130 17414
134 131 17670
134 132 17686
134 133 17942
134 134 17942
134 135 18198
134 136 18230
134 137 18486
134 138 18486
134 139 18742
134 140 18742
134 141 18998
134 142 18998
134 143 19254
134 144 19302
134 145 19558
134 146 19558
134 147 19814
134 148 19830
134 149 20086
134 150 20086
134 151 20342
134 152 20374
134 153 20630
134 154 20630
134 155 20886
134 156 20886
134 157 21142
134 158 21142
134 159 21398
134 160 21574
134 161 21830
134 162 21830
134 163 22086
134 164 22102
134 165 22358
134 166 22358
134 167 22614
134 168 22646
134 169 22902
134 170 22902
134 171 23158
134 172 23158
134 173 23414
134 174 23414
134 175 23670
134 176 23846
134 177 24102
134 178 24102
134 179 24358
134 180 24374
134 181 24630
134 182 24630
134 183 24886
134 184 24918
134 185 25174
134 186 25174
134 187 25430
134 188 25430
134 189 25686
134 190 25686
134 191 25942
134 192 25734
134 193 25990
134 194 25990
134 195 26246
134 196 26262
134 197 26518
134 198 26518
134 199 26774
134 200 26806
134 201 27062
134 202 27062
134 203 27318
134 204 27318
134 205 27574
134 206 27574
134 207 27830
134 208 27878
134 209 28134
134 210 28134
134 211 28390
134 212 28406
134 213 28662
134 214 28662
134 215 28918
134 216 28950
134 217 29206
134 218 29206
134 219 29462
134 220 29462
134 221 29718
134 222 29718
134 223 29974
134 224 30022
134 225 30278
134 226 30278
134 227 30534
134 228 30550
134 229 30806
134 230 30806
134 231 31062
134 232 31094
134 233 31350
134 234 31350
134 235 31606
134 236 31606
134 237 31862
134 238 31862
134 239 32118
134 240 32294
134 241 32550
134 242 32550
134 243 32806
134 244 32822
134 245 33078
134 246 33078
134 247 33334
134 248 33366
134 249 33622
134 250 33622
134 251 33878
134 252 33878
134 253 34134
134 254 34134
134 255 34390
135 0 6
135 1 262
135 2 262
135 3 518
135 4 534
135 5 790
135 6 790
135 7 1046
135 8 1078
135 9 1334
135 10 1334
135 11 1590
135 12 1590
135 13 1846
135 14 1846
135 15 2102
135 16 2166
135 17 2422
135 18 2422
135 19 2678
135 20 2694
135 21 2950
135 22 2950
135 23 3206
135 24 3238
135 25 3494
135 26 3494
135 27 3750
135 28 3750
135 29 4006
135 30 4006
135 31 4262
135 32 4454
135 33 4710
135 34 4710
135 35 4966
135 36 4982
135 37 5238
135 38 5238
135 39 5494
135 40 5526
135 41 5782
135 42 5782
135 43 6038
135 44 6038
135 45 6294
135 46 6294
135 47 6550
135 48 6806
135 49 7062
135 50 7062
135 51 7318
135 52 7334
135 53 7590
135 54 7590
135 55 7846
135 56 7878
135 57 8134
135 58 8134
135 59 8390
135 60 8390
135 61 8646
135 62 8646
135 63 8902
135 64 8646
135 65 8902
135 66 8902
135 67 9158
135 68 9174
135 69 9430
135 70 9430
135 71 9686
135 72 9718
135 73 9974
135 74 9974
135 75 10230
135 76 10230
135 77 10486
135 78 10486
135 79 10742
135 80 10806
135 81 11062
135 82 11062
135 83 11318
135 84 11334
135 85 11590
135 86 11590
135 87 11846
135 88 11878
135 89 12134
135 90 12134
135 91 12390
135 92 12390
135 93 12646
135 94 12646
135 95 12902
135 96 13094
135 97 13350
135 98 13350
135 99 13606
135 100 13622
135 101 13878
135 102 13878
135 103 14134
135 104 14166
135 105 14422
135 106 14422
135 107 14678
135 108 14678
135 109 14934
135 110 14934
135 111 15190
135 112 15254
135 113 15510
135 114 15510
135 115 15766
135 116 15782
135 117 16038
135 118 16038
135 119 16294
135 120 16326
135 121 16582
135 122 16582
135 123 16838
135 124 16838
135 125 17094
135 126 17094
135 127 17350
135 128 17286
135 129 17542
135 130 17542
135 131 17798
135 132 17814
135 133 18070
135 134 18070
135 135 18326
135 136 18358
135 137 18614
135 138 18614
135 139 18870
135 140 18870
135 141 19126
135 142 19126
135 143 19382
135 144 19446
135 145 19702
135 146 19702
135 147 19958
135 148 19974
135 149 20230
135 150 20230
135 151 20486
135 152 20518
135 153 20774
135 154 20774
135 155 21030
135 156 21030
135 157 21286
135 158 21286
135 159 21542
135 160 21606
135 161 21862
135 162 21862
135 163 22118
135 164 22134
135 165 22390
135 166 22390
135 167 22646
135 168 22678
135 169 22934
135 170 22934
135 171 23190
135 172 23190
135 173 23446
135 174 23446
135 175 23702
135 176 23958
135 177 24214
135 178 24214
135 179 24470
135 180 24486
135 181 24742
135 182 24742
135 183 24998
135 184 25030
135 185 25286
135 186 25286
135 187 25542
135 188 25542
135 189 25798
135 190 25798
135 191 26054
135 192 25798
135 193 26054
135 194 26054
135 195 26310
135 196 26326
135 197 26582
135 198 26582
135 199 26838
135 200 26870
135 201 27126
135 202 27126
135 203 27382
135 204 27382
135 205 27638
135 206 27638
135 207 27894
135 208 27958
135 209 28214
135 210 28214
135 211 28470
135 212 28486
135 213 28742
135 214 28742
135 215 28998
135 216 29030
135 217 29286
135 218 29286
135 219 29542
135 220 29542
135 221 29798
135 222 29798
135 223 30054
135 224 30246
135 225 30502
135 226 30502
135 227 30758
135 228 30774
135 229 31030
135 230 31030
135 231 31286
135 232 31318
135 233 31574
135 234 31574
135 235 31830
135 236 31830
135 237 32086
135 238 32086
135 239 32342
135 240 32406
135 241 32662
135 242 32662
135 243 32918
135 244 32934
135 245 33190
135 246 33190
135 247 33446
135 248 33478
135 249 33734
135 250 33734
135 251 33990
135 252 33990
135 253 34246
135 254 34246
135 255 34502
136 0 6
136 1 262
136 2 294
136 3 550
136 4 550
136 5 806
136 6 838
136 7 1094
136 8 1094
136 9 1350
136 10 1382
136 11 1638
136 12 1638
136 13 1894
136 14 1926
136 15 2182
136 16 2310
136 17 2566
136 18 2598
136 19 2854
136 20 2854
136 21 3110
136 22 3142
136 23 3398
136 24 3398
136 25 3654
136 26 3686
136 27 3942
136 28 3942
136 29 4198
136 30 4230
136 31 4486
136 32 4358
136 33 4614
136 34 4646
136 35 4902
136 36 4902
136 37 5158
136 38 5190
136 39 5446
136 40 5446
136 41 5702
136 42 5734
136 43 5990
136 44 5990
136 45 6246
136 46 6278
136 47 6534
136 48 6662
136 49 6918
136 50 6950
136 51 7206
136 52 7206
136 53 7462
136 54 7494
136 55 7750
136 56 7750
136 57 8006
136 58 8038
136 59 8294
136 60 8294
136 61 8550
136 62 8582
136 63 8838
136 64 8710
136 65 8966
136 66 8998
136 67 9254
136 68 9254
136 69 9510
136 70 9542
136 71 9798
136 72 9798
136 73 10054
136 74 10086
136 75 10342
136 76 10342
136 77 10598
136 78 10630
136 79 10886
136 80 11014
136 81 11270
136 82 11302
136 83 11558
136 84 11558
136 85 11814
136 86 11846
136 87 12102
136 88 12102
136 89 12358
136 90 12390
136 91 12646
136 92 12646
136 93 12902
136 94 12934
136 95 13190
136 96 13062
136 97 13318
136 98 13350
136 99 13606
136 100 13606
136 101 13862
136 102 13894
136 103 14150
136 104 14150
136 105 14406
136 106 14438
136 107 14694
136 108 14694
136 109 14950
136 110 14982
136 111 15238
136 112 15366
136 113 15622
136 114 15654
136 115 15910
136 116 15910
136 117 16166
136 118 16198
136 119 16454
136 120 16454
136 121 16710
136 122 16742
136 123 16998
136 124 16998
136 125 17254
136 126 17286
136 127 17542
136 128 17414
136 129 17670
136 130 17702
136 131 17958
136 132 17958
136 133 18214
136 134 18246
136 135 18502
136 136 18502
136 137 18758
136 138 18790
136 139 19046
136 140 19046
136 141 19302
136 142 19334
136 143 19590
136 144 19718
136 145 19974
136 146 20006
136 147 20262
136 148 20262
136 149 20518
136 150 20550
136 151 20806
136 152 20806
136 153 21062
136 154 21094
136 155 21350
136 156 21350
136 157 21606
136 158 21638
136 159 21894
136 160 21766
136 161 22022
136 162 22054
136 163 22310
136 164 22310
136 165 22566
136 166 22598
136 167 22854
136 168 22854
136 169 23110
136 170 23142
136 171 23398
136 172 23398
136 173 23654
136 174 23686
136 175 23942
136 176 24070
136 177 24326
136 178 24358
136 179 24614
136 180 24614
136 181 24870
136 182 24902
136 183 25158
136 184 25158
136 185 25414
136 186 25446
136 187 25702
136 188 25702
136 189 25958
136 190 25990
136 191 26246
136 192 26118
136 193 26374
136 194 26406
136 195 26662
136 196 26662
136 197 26918
136 198 26950
136 199 27206
136 200 27206
136 201 27462
136 202 27494
136 203 27750
136 204 27750
136 205 28006
136 206 28038
136 207 28294
136 208 28422
136 209 28678
136 210 28710
136 211 28966
136 212 28966
136 213 29222
136 214 29254
136 215 29510
136 216 29510
136 217 29766
136 218 29798
136 219 30054
136 220 30054
136 221 30310
136 222 30342
136 223 30598
136 224 30470
136 225 30726
136 226 30758
136 227 31014
136 228 31014
136 229 31270
136 230 31302
136 231 31558
136 232 31558
136 233 31814
136 234 31846
136 235 32102
136 236 32102
136 237 32358
136 238 32390
136 239 32646
136 240 32774
136 241 33030
136 242 33062
136 243 33318
136 244 33318
136 245 33574
136 246 33606
136 247 33862
136 248 33862
136 249 34118
136 250 34150
136 251 34406
136 252 34406
136 253 34662
136 254 34694
136 255 34950
137 0 6
137 1 262
137 2 294
137 3 550
137 4 550
137 5 806
137 6 838
137 7 1094
137 8 1094
137 9 1350
137 10 1382
137 11 1638
137 12 1638
137 13 1894
137 14 1926
137 15 2182
137 16 2326
137 17 2582
137 18 2614
137 19 2870
137 20 2870
137 21 3126
137 22 3158
137 23 3414
137 24 3414
137 25 3670
137 26 3702
137 27 3958
137 28 3958
137 29 4214
137 30 4246
137 31 4502
137 32 4390
137 33 4646
137 34 4678
137 35 4934
137 36 4934
137 37 5190
137 38 5222
137 39 5478
137 40 5478
137 41 5734
137 42 5766
137 43 6022
137 44 6022
137 45 6278
137 46 6310
137 47 6566
137 48 6710
137 49 6966
137 50 6998
137 51 7254
137 52 7254
137 53 7510
137 54 7542
137 55 7798
137 56 7798
137 57 8054
137 58 8086
137 59 8342
137 60 8342
137 61 8598
137 62 8630
137 63 8886
137 64 8774
137 65 9030
137 66 9062
137 67 9318
137 68 9318
137 69 9574
137 70 9606
137 71 9862
137 72 9798
137 73 10054
137 74 10086
137 75 10342
137 76 10342
137 77 10598
137 78 10630
137 79 10886
137 80 11094
137 81 11350
137 82 11382
137 83 11638
137 84 11638
137 85 11894
137 86 11926
137 87 12182
137 88 12118
137 89 12374
137 90 12406
137 91 12662
137 92 12662
137 93 12918
137 94 12950
137 95 13206
137 96 13158
137 97 13414
137 98 13446
137 99 13702
137 100 13702
137 101 13958
137 102 13990
137 103 14246
137 104 14182
137 105 14438
137 106 14470
137 107 14726
137 108 14726
137 109 14982
137 110 15014
137 111 15270
137 112 15478
137 113 15734
137 114 15766
137 115 16022
137 116 16022
137 117 16278
137 118 16310
137 119 16566
137 120 16502
137 121 16758
137 122 16790
137 123 17046
137 124 17046
137 125 17302
137 126 17334
137 127 17590
137 128 17542
137 129 17798
137 130 17830
137 131 18086
137 132 18086
137 133 18342
137 134 18374
137 135 18630
137 136 18630
137 137 18886
137 138 18918
137 139 19174
137 140 19174
137 141 19430
137 142 19462
137 143 19718
137 144 19734
137 145 19990
137 146 20022
137 147 20278
137 148 20278
137 149 20534
137 150 20566
137 151 20822
137 152 20822
137 153 21078
137 154 21110
137 155 21366
137 156 21366
137 157 21622
137 158 21654
137 159 21910
137 160 21926
137 161 22182
137 162 22214
137 163 22470
137 164 22470
137 165 22726
137 166 22758
137 167 23014
137 168 23014
137 169 23270
137 170 23302
137 171 23558
137 172 23558
137 173 23814
137 174 23846
137 175 24102
137 176 24118
137 177 24374
137 178 24406
137 179 24662
137 180 24662
137 181 24918
137 182 24950
137 183 25206
137 184 25206
137 185 25462
137 186 25494
137 187 25750
137 188 25750
137 189 26006
137 190 26038
137 191 26294
137 192 26310
137 193 26566
137 194 26598
137 195 26854
137 196 26854
137 197 27110
137 198 27142
137 199 27398
137 200 27334
137 201 27590
137 202 27622
137 203 27878
137 204 27878
137 205 28134
137 206 28166
137 207 28422
137 208 28502
137 209 28758
137 210 28790
137 211 29046
137 212 29046
137 213 29302
137 214 29334
137 215 29590
137 216 29526
137 217 29782
137 218 29814
137 219 30070
137 220 30070
137 221 30326
137 222 30358
137 223 30614
137 224 30694
137 225 30950
137 226 30982
137 227 31238
137 228 31238
137 229 31494
137 230 31526
137 231 31782
137 232 31718
137 233 31974
137 234 32006
137 235 32262
137 236 32262
137 237 32518
137 238 32550
137 239 32806
137 240 32886
137 241 33142
137 242 33174
137 243 33430
137 244 33430
137 245 33686
137 246 33718
137 247 33974
137 248 33910
137 249 34166
137 250 34198
137 251 34454
137 252 34454
137 253 34710
137 254 34742
137 255 34998
138 0 6
138 1 262
138 2 294
138 3 550
138 4 550
138 5 806
138 6 838
138 7 1094
138 8 1110
138 9 1366
138 10 1382
138 11 1638
138 12 1654
138 13 1910
138 14 1926
138 15 2182
138 16 2342
138 17 2598
138 18 2630
138 19 2886
138 20 2886
138 21 3142
138 22 3174
138 23 3430
138 24 3446
138 25 3702
138 26 3718
138 27 3974
138 28 3990
138 29 4246
138 30 4262
138 31 4518
138 32 4422
138 33 4678
138 34 4710
138 35 4966
138 36 4966
138 37 5222
138 38 5254
138 39 5510
138 40 5462
138 41 5718
138 42 5734
138 43 5990
138 44 6006
138 45 6262
138 46 6278
138 47 6534
138 48 6758
138 49 7014
138 50 7046
138 51 7302
138 52 7302
138 53 7558
138 54 7590
138 55 7846
138 56 7798
138 57 8054
138 58 8070
138 59 8326
138 60 8342
138 61 8598
138 62 8614
138 63 8870
138 64 8838
138 65 9094
138 66 9126
138 67 9382
138 68 9382
138 69 9638
138 70 9670
138 71 9926
138 72 9942
138 73 10198
138 74 10214
138 75 10470
138 76 10486
138 77 10742
138 78 10758
138 79 11014
138 80 11046
138 81 11302
138 82 11334
138 83 11590
138 84 11590
138 85 11846
138 86 11878
138 87 12134
138 88 12150
138 89 12406
138 90 12422
138 91 12678
138 92 12694
138 93 12950
138 94 12966
138 95 13222
138 96 13254
138 97 13510
138 98 13542
138 99 13798
138 100 13798
138 101 14054
138 102 14086
138 103 14342
138 104 14294
138 105 14550
138 106 14566
138 107 14822
138 108 14838
138 109 15094
138 110 15110
138 111 15366
138 112 15462
138 113 15718
138 114 15750
138 115 16006
138 116 16006
138 117 16262
138 118 16294
138 119 16550
138 120 16502
138 121 16758
138 122 16774
138 123 17030
138 124 17046
138 125 17302
138 126 17318
138 127 17574
138 128 17670
138 129 17926
138 130 17958
138 131 18214
138 132 18214
138 133 18470
138 134 18502
138 135 18758
138 136 18774
138 137 19030
138 138 19046
138 139 19302
138 140 19318
138 141 19574
138 142 19590
138 143 19846
138 144 20006
138 145 20262
138 146 20294
138 147 20550
138 148 20550
138 149 20806
138 150 20838
138 151 21094
138 152 21110
138 153 21366
138 154 21382
138 155 21638
138 156 21654
138 157 21910
138 158 21926
138 159 22182
138 160 22086
138 161 22342
138 162 22374
138 163 22630
138 164 22630
138 165 22886
138 166 22918
138 167 23174
138 168 23126
138 169 23382
138 170 23398
138 171 23654
138 172 23670
138 173 23926
138 174 23942
138 175 24198
138 176 24422
138 177 24678
138 178 24710
138 179 24966
138 180 24966
138 181 25222
138 182 25254
138 183 25510
138 184 25462
138 185 25718
138 186 25734
138 187 25990
138 188 26006
138 189 26262
138 190 26278
138 191 26534
138 192 26502
138 193 26758
138 194 26790
138 195 27046
138 196 27046
138 197 27302
138 198 27334
138 199 27590
138 200 27606
138 201 27862
138 202 27878
138 203 28134
138 204 28150
138 205 28406
138 206 28422
138 207 28678
138 208 28710
138 209 28966
138 210 28998
138 211 29254
138 212 29254
138 213 29510
138 214 29542
138 215 29798
138 216 29814
138 217 30070
138 218 30086
138 219 30342
138 220 30358
138 221 30614
138 222 30630
138 223 30886
138 224 30918
138 225 31174
138 226 31206
138 227 31462
138 228 31462
138 229 31718
138 230 31750
138 231 32006
138 232 31958
138 233 32214
138 234 32230
138 235 32486
138 236 32502
138 237 32758
138 238 32774
138 239 33030
138 240 33126
138 241 33382
138 242 33414
138 243 33670
138 244 33670
138 245 33926
138 246 33958
138 247 34214
138 248 34166
138 249 34422
138 250 34438
138 251 34694
138 252 34710
138 253 34966
138 254 34982
138 255 35238
139 0 6
139 1 262
139 2 294
139 3 550
139 4 550
139 5 806
139 6 838
139 7 1094
139 8 1110
139 9 1366
139 10 1382
139 11 1638
139 12 1654
139 13 1910
139 14 1926
139 15 2182
139 16 2358
139 17 2614
139 18 2646
139 19 2902
139 20 2902
139 21 3158
139 22 3190
139 23 3446
139 24 3462
139 25 3718
139 26 3734
139 27 3990
139 28 4006
139 29 4262
139 30 4278
139 31 4534
139 32 4454
139 33 4710
139 34 4742
139 35 4998
139 36 4998
139 37 5254
139 38 5286
139 39 5542
139 40 5494
139 41 5750
139 42 5766
139 43 6022
139 44 6038
139 45 6294
139 46 6310
139 47 6566
139 48 6806
139 49 7062
139 50 7094
139 51 7350
139 52 7350
139 53 7606
139 54 7638
139 55 7894
139 56 7846
139 57 8102
139 58 8118
139 59 8374
139 60 8390
139 61 8646
139 62 8662
139 63 8918
139 64 8902
139 65 9158
139 66 9190
139 67 9446
139 68 9446
139 69 9702
139 70 9734
139 71 9990
139 72 9942
139 73 10198
139 74 10214
139 75 10470
139 76 10486
139 77 10742
139 78 10758
139 79 11014
139 80 11126
139 81 11382
139 82 11414
139 83 11670
139 84 11670
139 85 11926
139 86 11958
139 87 12214
139 88 12166
139 89 12422
139 90 12438
139 91 12694
139 92 12710
139 93 12966
139 94 12982
139 95 13238
139 96 13350
139 97 13606
139 98 13638
139 99 13894
139 100 13894
139 101 14150
139 102 14182
139 103 14438
139 104 14454
139 105 14710
139 106 14726
139 107 14982
139 108 14998
139 109 15254
139 110 15270
139 111 15526
139 112 15766
139 113 16022
139 114 16054
139 115 16310
139 116 16310
139 117 16566
139 118 16598
139 119 16854
139 120 16806
139 121 17062
139 122 17078
139 123 17334
139 124 17350
139 125 17606
139 126 17622
139 127 17878
139 128 17798
139 129 18054
139 130 18086
139 131 18342
139 132 18342
139 133 18598
139 134 18630
139 135 18886
139 136 18902
139 137 19158
139 138 19174
139 139 19430
139 140 19446
139 141 19702
139 142 19718
139 143 19974
139 144 20022
139 145 20278
139 146 20310
139 147 20566
139 148 20566
139 149 20822
139 150 20854
139 151 21110
139 152 21126
139 153 21382
139 154 21398
139 155 21654
139 156 21670
139 157 21926
139 158 21942
139 159 22198
139 160 22246
139 161 22502
139 162 22534
139 163 22790
139 164 22790
139 165 23046
139 166 23078
139 167 23334
139 168 23286
139 169 23542
139 170 23558
139 171 23814
139 172 23830
139 173 24086
139 174 24102
139 175 24358
139 176 24470
139 177 24726
139 178 24758
139 179 25014
139 180 25014
139 181 25270
139 182 25302
139 183 25558
139 184 25510
139 185 25766
139 186 25782
139 187 26038
139 188 26054
139 189 26310
139 190 26326
139 191 26582
139 192 26566
139 193 26822
139 194 26854
139 195 27110
139 196 27110
139 197 27366
139 198 27398
139 199 27654
139 200 27606
139 201 27862
139 202 27878
139 203 28134
139 204 28150
139 205 28406
139 206 28422
139 207 28678
139 208 28790
139 209 29046
139 210 29078
139 211 29334
139 212 29334
139 213 29590
139 214 29622
139 215 29878
139 216 29830
139 217 30086
139 218 30102
139 219 30358
139 220 30374
139 221 30630
139 222 30646
139 223 30902
139 224 31014
139 225 31270
139 226 31302
139 227 31558
139 228 31558
139 229 31814
139 230 31846
139 231 32102
139 232 32118
139 233 32374
139 234 32390
139 235 32646
139 236 32662
139 237 32918
139 238 32934
139 239 33190
139 240 33430
139 241 33686
139 242 33718
139 243 33974
139 244 33974
139 245 34230
139 246 34262
139 247 34518
139 248 34470
139 249 34726
139 250 34742
139 251 34998
139 252 35014
139 253 35270
139 254 35286
139 255 35542
140 0 6
140 1 262
140 2 294
140 3 550
140 4 566
140 5 822
140 6 838
140 7 1094
140 8 1126
140 9 1382
140 10 1414
140 11 1670
140 12 1654
140 13 1910
140 14 1926
140 15 2182
140 16 2374
140 17 2630
140 18 2662
140 19 2918
140 20 2934
140 21 3190
140 22 3206
140 23 3462
140 24 3430
140 25 3686
140 26 3718
140 27 3974
140 28 3958
140 29 4214
140 30 4230
140 31 4486
140 32 4614
140 33 4870
140 34 4902
140 35 5158
140 36 5174
140 37 5430
140 38 5446
140 39 5702
140 40 5734
140 41 5990
140 42 6022
140 43 6278
140 44 6262
140 45 6518
140 46 6534
140 47 6790
140 48 6726
140 49 6982
140 50 7014
140 51 7270
140 52 7286
140 53 7542
140 54 7558
140 55 7814
140 56 7782
140 57 8038
140 58 8070
140 59 8326
140 60 8310
140 61 8566
140 62 8582
140 63 8838
140 64 8966
140 65 9222
140 66 9254
140 67 9510
140 68 9526
140 69 9782
140 70 9798
140 71 10054
140 72 10086
140 73 10342
140 74 10374
140 75 10630
140 76 10614
140 77 10870
140 78 10886
140 79 11142
140 80 11334
140 81 11590
140 82 11622
140 83 11878
140 84 11894
140 85 12150
140 86 12166
140 87 12422
140 88 12390
140 89 12646
140 90 12678
140 91 12934
140 92 12918
140 93 13174
140 94 13190
140 95 13446
140 96 13574
140 97 13830
140 98 13862
140 99 14118
140 100 14134
140 101 14390
140 102 14406
140 103 14662
140 104 14694
140 105 14950
140 106 14982
140 107 15238
140 108 15222
140 109 15478
140 110 15494
140 111 15750
140 112 15686
140 113 15942
140 114 15974
140 115 16230
140 116 16246
140 117 16502
140 118 16518
140 119 16774
140 120 16742
140 121 16998
140 122 17030
140 123 17286
140 124 17270
140 125 17526
140 126 17542
140 127 17798
140 128 17926
140 129 18182
140 130 18214
140 131 18470
140 132 18486
140 133 18742
140 134 18758
140 135 19014
140 136 19046
140 137 19302
140 138 19334
140 139 19590
140 140 19574
140 141 19830
140 142 19846
140 143 20102
140 144 20294
140 145 20550
140 146 20582
140 147 20838
140 148 20854
140 149 21110
140 150 21126
140 151 21382
140 152 21350
140 153 21606
140 154 21638
140 155 21894
140 156 21878
140 157 22134
140 158 22150
140 159 22406
140 160 22534
140 161 22790
140 162 22822
140 163 23078
140 164 23094
140 165 23350
140 166 23366
140 167 23622
140 168 23654
140 169 23910
140 170 23942
140 171 24198
140 172 24182
140 173 24438
140 174 24454
140 175 24710
140 176 24646
140 177 24902
140 178 24934
140 179 25190
140 180 25206
140 181 25462
140 182 25478
140 183 25734
140 184 25702
140 185 25958
140 186 25990
140 187 26246
140 188 26230
140 189 26486
140 190 26502
140 191 26758
140 192 26886
140 193 27142
140 194 27174
140 195 27430
140 196 27446
140 197 27702
140 198 27718
140 199 27974
140 200 28006
140 201 28262
140 202 28294
140 203 28550
140 204 28534
140 205 28790
140 206 28806
140 207 29062
140 208 29254
140 209 29510
140 210 29542
140 211 29798
140 212 29814
140 213 30070
140 214 30086
140 215 30342
140 216 30310
140 217 30566
140 218 30598
140 219 30854
140 220 30838
140 221 31094
140 222 31110
140 223 31366
140 224 31494
140 225 31750
140 226 31782
140 227 32038
140 228 32054
140 229 32310
140 230 32326
140 231 32582
140 232 32614
140 233 32870
140 234 32902
140 235 33158
140 236 33142
140 237 33398
140 238 33414
140 239 33670
140 240 33606
140 241 33862
140 242 33894
140 243 34150
140 244 34166
140 245 34422
140 246 34438
140 247 34694
140 248 34662
140 249 34918
140 250 34950
140 251 35206
140 252 35190
140 253 35446
140 254 35462
140 255 35718
141 0 6
141 1 262
141 2 294
141 3 550
141 4 566
141 5 822
141 6 838
141 7 1094
141 8 1126
141 9 1382
141 10 1414
141 11 1670
141 12 1654
141 13 1910
141 14 1926
141 15 2182
141 16 2390
141 17 2646
141 18 2678
141 19 2934
141 20 2950
141 21 3206
141 22 3222
141 23 3478
141 24 3446
141 25 3702
141 26 3734
141 27 3990
141 28 3974
141 29 4230
141 30 4246
141 31 4502
141 32 4646
141 33 4902
141 34 4934
141 35 5190
141 36 5206
141 37 5462
141 38 5478
141 39 5734
141 40 5766
141 41 6022
141 42 6054
141 43 6310
141 44 6294
141 45 6550
141 46 6566
141 47 6822
141 48 6774
141 49 7030
141 50 7062
141 51 7318
141 52 7334
141 53 7590
141 54 7606
141 55 7862
141 56 7830
141 57 8086
141 58 8118
141 59 8374
141 60 8358
141 61 8614
141 62 8630
141 63 8886
141 64 9030
141 65 9286
141 66 9318
141 67 9574
141 68 9590
141 69 9846
141 70 9862
141 71 10118
141 72 10086
141 73 10342
141 74 10374
141 75 10630
141 76 10614
141 77 10870
141 78 10886
141 79 11142
141 80 11542
141 81 11798
141 82 11830
141 83 12086
141 84 12102
141 85 12358
141 86 12374
141 87 12630
141 88 12662
141 89 12918
141 90 12950
141 91 13206
141 92 13190
141 93 13446
141 94 13462
141 95 13718
141 96 13670
141 97 13926
141 98 13958
141 99 14214
141 100 14230
141 101 14486
141 102 14502
141 103 14758
141 104 14726
141 105 14982
141 106 15014
141 107 15270
141 108 15254
141 109 15510
141 110 15526
141 111 15782
141 112 15926
141 113 16182
141 114 16214
141 115 16470
141 116 16486
141 117 16742
141 118 16758
141 119 17014
141 120 17046
141 121 17302
141 122 17334
141 123 17590
141 124 17574
141 125 17830
141 126 17846
141 127 18102
141 128 18054
141 129 18310
141 130 18342
141 131 18598
141 132 18614
141 133 18870
141 134 18886
141 135 19142
141 136 19174
141 137 19430
141 138 19462
141 139 19718
141 140 19702
141 141 19958
141 142 19974
141 143 20230
141 144 20310
141 145 20566
141 146 20598
141 147 20854
141 148 20870
141 149 21126
141 150 21142
141 151 21398
141 152 21366
141 153 21622
141 154 21654
141 155 21910
141 156 21894
141 157 22150
141 158 22166
141 159 22422
141 160 22566
141 161 22822
141 162 22854
141 163 23110
141 164 23126
141 165 23382
141 166 23398
141 167 23654
141 168 23686
141 169 23942
141 170 23974
141 171 24230
141 172 24214
141 173 24470
141 174 24486
141 175 24742
141 176 24822
141 177 25078
141 178 25110
141 179 25366
141 180 25382
141 181 25638
141 182 25654
141 183 25910
141 184 25878
141 185 26134
141 186 26166
141 187 26422
141 188 26406
141 189 26662
141 190 26678
141 191 26934
141 192 27078
141 193 27334
141 194 27366
141 195 27622
141 196 27638
141 197 27894
141 198 27910
141 199 28166
141 200 28134
141 201 28390
141 202 28422
141 203 28678
141 204 28662
141 205 28918
141 206 28934
141 207 29190
141 208 29462
141 209 29718
141 210 29750
141 211 30006
141 212 30022
141 213 30278
141 214 30294
141 215 30550
141 216 30582
141 217 30838
141 218 30870
141 219 31126
141 220 31110
141 221 31366
141 222 31382
141 223 31638
141 224 31590
141 225 31846
141 226 31878
141 227 32134
141 228 32150
141 229 32406
141 230 32422
141 231 32678
141 232 32646
141 233 32902
141 234 32934
141 235 33190
141 236 33174
141 237 33430
141 238 33446
141 239 33702
141 240 33846
141 241 34102
141 242 34134
141 243 34390
141 244 34406
141 245 34662
141 246 34678
141 247 34934
141 248 34966
141 249 35222
141 250 35254
141 251 35510
141 252 35494
141 253 35750
141 254 35766
141 255 36022
142 0 6
142 1 262
142 2 294
142 3 550
142 4 566
142 5 822
142 6 838
142 7 1094
142 8 1142
142 9 1398
142 10 1414
142 11 1670
142 12 1654
142 13 1910
142 14 1926
142 15 2182
142 16 2406
142 17 2662
142 18 2694
142 19 2950
142 20 2966
142 21 3222
142 22 3238
142 23 3494
142 24 3478
142 25 3734
142 26 3750
142 27 4006
142 28 3990
142 29 4246
142 30 4262
142 31 4518
142 32 4678
142 33 4934
142 34 4966
142 35 5222
142 36 5238
142 37 5494
142 38 5510
142 39 5766
142 40 5750
142 41 6006
142 42 6022
142 43 6278
142 44 6262
142 45 6518
142 46 6534
142 47 6790
142 48 6950
142 49 7206
142 50 7238
142 51 7494
142 52 7510
142 53 7766
142 54 7782
142 55 8038
142 56 8086
142 57 8342
142 58 8358
142 59 8614
142 60 8598
142 61 8854
142 62 8870
142 63 9126
142 64 9094
142 65 9350
142 66 9382
142 67 9638
142 68 9654
142 69 9910
142 70 9926
142 71 10182
142 72 10230
142 73 10486
142 74 10502
142 75 10758
142 76 10742
142 77 10998
142 78 11014
142 79 11270
142 80 11366
142 81 11622
142 82 11654
142 83 11910
142 84 11926
142 85 12182
142 86 12198
142 87 12454
142 88 12438
142 89 12694
142 90 12710
142 91 12966
142 92 12950
142 93 13206
142 94 13222
142 95 13478
142 96 13638
142 97 13894
142 98 13926
142 99 14182
142 100 14198
142 101 14454
142 102 14470
142 103 14726
142 104 14710
142 105 14966
142 106 14982
142 107 15238
142 108 15222
142 109 15478
142 110 15494
142 111 15750
142 112 15910
142 113 16166
142 114 16198
142 115 16454
142 116 16470
142 117 16726
142 118 16742
142 119 16998
142 120 17046
142 121 17302
142 122 17318
142 123 17574
142 124 17558
142 125 17814
142 126 17830
142 127 18086
142 128 18182
142 129 18438
142 130 18470
142 131 18726
142 132 18742
142 133 18998
142 134 19014
142 135 19270
142 136 19318
142 137 19574
142 138 19590
142 139 19846
142 140 19830
142 141 20086
142 142 20102
142 143 20358
142 144 20582
142 145 20838
142 146 20870
142 147 21126
142 148 21142
142 149 21398
142 150 21414
142 151 21670
142 152 21654
142 153 21910
142 154 21926
142 155 22182
142 156 22166
142 157 22422
142 158 22438
142 159 22694
142 160 22854
142 161 23110
142 162 23142
142 163 23398
142 164 23414
142 165 23670
142 166 23686
142 167 23942
142 168 23926
142 169 24182
142 170 24198
142 171 24454
142 172 24438
142 173 24694
142 174 24710
142 175 24966
142 176 25126
142 177 25382
142 178 25414
142 179 25670
142 180 25686
142 181 25942
142 182 25958
142 183 26214
142 184 26262
142 185 26518
142 186 26534
142 187 26790
142 188 26774
142 189 27030
142 190 27046
142 191 27302
142 192 27270
142 193 27526
142 194 27558
142 195 27814
142 196 27830
142 197 28086
142 198 28102
142 199 28358
142 200 28406
142 201 28662
142 202 28678
142 203 28934
142 204 28918
142 205 29174
142 206 29190
142 207 29446
142 208 29542
142 209 29798
142 210 29830
142 211 30086
142 212 30102
142 213 30358
142 214 30374
142 215 30630
142 216 30614
142 217 30870
142 218 30886
142 219 31142
142 220 31126
142 221 31382
142 222 31398
142 223 31654
142 224 31814
142 225 32070
142 226 32102
142 227 32358
142 228 32374
142 229 32630
142 230 32646
142 231 32902
142 232 32886
142 233 33142
142 234 33158
142 235 33414
142 236 33398
142 237 33654
142 238 33670
142 239 33926
142 240 34086
142 241 34342
142 242 34374
142 243 34630
142 244 34646
142 245 34902
142 246 34918
142 247 35174
142 248 35222
142 249 35478
142 250 35494
142 251 35750
142 252 35734
142 253 35990
142 254 36006
142 255 36262
143 0 6
143 1 262
143 2 294
143 3 550
143 4 566
143 5 822
143 6 838
143 7 1094
143 8 1142
143 9 1398
143 10 1414
143 11 1670
143 12 1654
143 13 1910
143 14 1926
143 15 2182
143 16 2422
143 17 2678
143 18 2710
143 19 2966
143 20 2982
143 21 3238
143 22 3254
143 23 3510
143 24 3494
143 25 3750
143 26 3766
143 27 4022
143 28 4006
143 29 4262
143 30 4278
143 31 4534
143 32 4710
143 33 4966
143 34 4998
143 35 5254
143 36 5270
143 37 5526
143 38 5542
143 39 5798
143 40 5782
143 41 6038
143 42 6054
143 43 6310
143 44 6294
143 45 6550
143 46 6566
143 47 6822
143 48 7062
143 49 7318
143 50 7350
143 51 7606
143 52 7622
143 53 7878
143 54 7894
143 55 8150
143 56 8134
143 57 8390
143 58 8406
143 59 8662
143 60 8646
143 61 8902
143 62 8918
143 63 9174
143 64 9158
143 65 9414
143 66 9446
143 67 9702
143 68 9718
143 69 9974
143 70 9990
143 71 10246
143 72 10230
143 73 10486
143 74 10502
143 75 10758
143 76 10742
143 77 10998
143 78 11014
143 79 11270
143 80 11574
143 81 11830
143 82 11862
143 83 12118
143 84 12134
143 85 12390
143 86 12406
143 87 12662
143 88 12710
143 89 12966
143 90 12982
143 91 13238
143 92 13222
143 93 13478
143 94 13494
143 95 13750
143 96 13862
143 97 14118
143 98 14150
143 99 14406
143 100 14422
143 101 14678
143 102 14694
143 103 14950
143 104 14998
143 105 15254
143 106 15270
143 107 15526
143 108 15510
143 109 15766
143 110 15782
143 111 16038
143 112 16022
143 113 16278
143 114 16310
143 115 16566
143 116 16582
143 117 16838
143 118 16854
143 119 17110
143 120 17094
143 121 17350
143 122 17366
143 123 17622
143 124 17606
143 125 17862
143 126 17878
143 127 18134
143 128 18310
143 129 18566
143 130 18598
143 131 18854
143 132 18870
143 133 19126
143 134 19142
143 135 19398
143 136 19446
143 137 19702
143 138 19718
143 139 19974
143 140 19958
143 141 20214
143 142 20230
143 143 20486
143 144 20598
143 145 20854
143 146 20886
143 147 21142
143 148 21158
143 149 21414
143 150 21430
143 151 21686
143 152 21670
143 153 21926
143 154 21942
143 155 22198
143 156 22182
143 157 22438
143 158 22454
143 159 22710
143 160 22886
143 161 23142
143 162 23174
143 163 23430
143 164 23446
143 165 23702
143 166 23718
143 167 23974
143 168 23958
143 169 24214
143 170 24230
143 171 24486
143 172 24470
143 173 24726
143 174 24742
143 175 24998
143 176 25238
143 177 25494
143 178 25526
143 179 25782
143 180 25798
143 181 26054
143 182 26070
143 183 26326
143 184 26310
143 185 26566
143 186 26582
143 187 26838
143 188 26822
143 189 27078
143 190 27094
143 191 27350
143 192 27334
143 193 27590
143 194 27622
143 195 27878
143 196 27894
143 197 28150
143 198 28166
143 199 28422
143 200 28406
143 201 28662
143 202 28678
143 203 28934
143 204 28918
143 205 29174
143 206 29190
143 207 29446
143 208 29750
143 209 30006
143 210 30038
143 211 30294
143 212 30310
143 213 30566
143 214 30582
143 215 30838
143 216 30886
143 217 31142
143 218 31158
143 219 31414
143 220 31398
143 221 31654
143 222 31670
143 223 31926
143 224 32038
143 225 32294
143 226 32326
143 227 32582
143 228 32598
143 229 32854
143 230 32870
143 231 33126
143 232 33174
143 233 33430
143 234 33446
143 235 33702
143 236 33686
143 237 33942
143 238 33958
143 239 34214
143 240 34198
143 241 34454
143 242 34486
143 243 34742
143 244 34758
143 245 35014
143 246 35030
143 247 35286
143 248 35270
143 249 35526
143 250 35542
143 251 35798
143 252 35782
143 253 36038
143 254 36054
143 255 36310
144 0 6
144 1 294
144 2 390
144 3 678
144 4 582
144 5 870
144 6 902
144 7 1190
144 8 1158
144 9 1318
144 10 1542
144 11 1702
144 12 1734
144 13 1894
144 14 2054
144 15 2214
144 16 2310
144 17 2598
144 18 2694
144 19 2982
144 20 2886
144 21 3174
144 22 3206
144 23 3494
144 24 3462
144 25 3622
144 26 3846
144 27 4006
144 28 4038
144 29 4198
144 30 4358
144 31 4518
144 32 4614
144 33 4902
144 34 4998
144 35 5286
144 36 5190
144 37 5478
144 38 5510
144 39 5798
144 40 5766
144 41 5926
144 42 6150
144 43 6310
144 44 6342
144 45 6502
144 46 6662
144 47 6822
144 48 6918
144 49 7206
144 50 7302
144 51 7590
144 52 7494
144 53 7782
144 54 7814
144 55 8102
144 56 8070
144 57 8230
144 58 8454
144 59 8614
144 60 8646
144 61 8806
144 62 8966
144 63 9126
144 64 9222
144 65 9510
144 66 9606
144 67 9894
144 68 9798
144 69 10086
144 70 10118
144 71 10406
144 72 10374
144 73 10534
144 74 10758
144 75 10918
144 76 10950
144 77 11110
144 78 11270
144 79 11430
144 80 11526
144 81 11814
144 82 11910
144 83 12198
144 84 12102
144 85 12390
144 86 12422
144 87 12710
144 88 12678
144 89 12838
144 90 13062
144 91 13222
144 92 13254
144 93 13414
144 94 13574
144 95 13734
144 96 13830
144 97 14118
144 98 14214
144 99 14502
144 100 14406
144 101 14694
144 102 14726
144 103 15014
144 104 14982
144 105 15142
144 106 15366
144 107 15526
144 108 15558
144 109 15718
144 110 15878
144 111 16038
144 112 16134
144 113 16422
144 114 16518
144 115 16806
144 116 16710
144 117 16998
144 118 17030
144 119 17318
144 120 17286
144 121 17446
144 122 17670
144 123 17830
144 124 17862
144 125 18022
144 126 18182
144 127 18342
144 128 18438
144 129 18726
144 130 18822
144 131 19110
144 132 19014
144 133 19302
144 134 19334
144 135 19622
144 136 19590
144 137 19750
144 138 19974
144 139 20134
144 140 20166
144 141 20326
144 142 20486
144 143 20646
144 144 20742
144 145 21030
144 146 21126
144 147 21414
144 148 21318
144 149 21606
144 150 21638
144 151 21926
144 152 21894
144 153 22054
144 154 22278
144 155 22438
144 156 22470
144 157 22630
144 158 22790
144 159 22950
144 160 23046
144 161 23334
144 162 23430
144 163 23718
144 164 23622
144 165 23910
144 166 23942
144 167 24230
144 168 24198
144 169 24358
144 170 24582
144 171 24742
144 172 24774
144 173 24934
144 174 25094
144 175 25254
144 176 25350
144 177 25638
144 178 25734
144 179 26022
144 180 25926
144 181 26214
144 182 26246
144 183 26534
144 184 26502
144 185 26662
144 186 26886
144 187 27046
144 188 27078
144 189 27238
144 190 27398
144 191 27558
144 192 27654
144 193 27942
144 194 28038
144 195 28326
144 196 28230
144 197 28518
144 198 28550
144 199 28838
144 200 28806
144 201 28966
144 202 29190
144 203 29350
144 204 29382
144 205 29542
144 206 29702
144 207 29862
144 208 29958
144 209 30246
144 210 30342
144 211 30630
144 212 30534
144 213 30822
144 214 30854
144 215 31142
144 216 31110
144 217 31270
144 218 31494
144 219 31654
144 220 31686
144 221 31846
144 222 32006
144 223 32166
144 224 32262
144 225 32550
144 226 32646
144 227 32934
144 228 32838
144 229 33126
144 230 33158
144 231 33446
144 232 33414
144 233 33574
144 234 33798
144 235 33958
144 236 33990
144 237 34150
144 238 34310
144 239 34470
144 240 34566
144 241 34854
144 242 34950
144 243 35238
144 244 35142
144 245 35430
144 246 35462
144 247 35750
144 248 35718
144 249 35878
144 250 36102
144 251 36262
144 252 36294
144 253 36454
144 254 36614
144 255 36774
145 0 6
145 1 294
145 2 390
145 3 678
145 4 582
145 5 870
145 6 902
145 7 1190
145 8 1158
145 9 1318
145 10 1542
145 11 1702
145 12 1734
145 13 1894
145 14 2054
145 15 2214
145 16 2326
145 17 2614
145 18 2710
145 19 2998
145 20 2902
145 21 3190
145 22 3222
145 23 3510
145 24 3478
145 25 3638
145 26 3862
145 27 4022
145 28 4054
145 29 4214
145 30 4374
145 31 4534
145 32 4646
145 33 4934
145 34 5030
145 35 5318
145 36 5222
145 37 5510
145 38 5542
145 39 5830
145 40 5798
145 41 5958
145 42 6182
145 43 6342
145 44 6374
145 45 6534
145 46 6694
145 47 6854
145 48 6966
145 49 7254
145 50 7350
145 51 7638
145 52 7542
145 53 7830
145 54 7862
145 55 8150
145 56 8118
145 57 8278
145 58 8502
145 59 8662
145 60 8694
145 61 8854
145 62 9014
145 63 9174
145 64 9286
145 65 9574
145 66 9606
145 67 9894
145 68 9798
145 69 10086
145 70 10118
145 71 10406
145 72 10438
145 73 10598
145 74 10758
145 75 10918
145 76 10950
145 77 11110
145 78 11270
145 79 11430
145 80 11606
145 81 11894
145 82 11926
145 83 12214
145 84 12118
145 85 12406
145 86 12438
145 87 12726
145 88 12758
145 89 12918
145 90 13078
145 91 13238
145 92 13270
145 93 13430
145 94 13590
145 95 13750
145 96 13926
145 97 14214
145 98 14246
145 99 14534
145 100 14438
145 101 14726
145 102 14758
145 103 15046
145 104 15078
145 105 15238
145 106 15398
145 107 15558
145 108 15590
145 109 15750
145 110 15910
145 111 16070
145 112 16246
145 113 16534
145 114 16566
145 115 16854
145 116 16758
145 117 17046
145 118 17078
145 119 17366
145 120 17398
145 121 17558
145 122 17718
145 123 17878
145 124 17910
145 125 18070
145 126 18230
145 127 18390
145 128 18566
145 129 18854
145 130 18950
145 131 19238
145 132 19142
145 133 19430
145 134 19462
145 135 19750
145 136 19590
145 137 19878
145 138 19974
145 139 20262
145 140 20166
145 141 20454
145 142 20486
145 143 20774
145 144 20886
145 145 21174
145 146 21270
145 147 21558
145 148 21462
145 149 21750
145 150 21782
145 151 22070
145 152 21910
145 153 22198
145 154 22294
145 155 22582
145 156 22486
145 157 22774
145 158 22806
145 159 23094
145 160 23206
145 161 23494
145 162 23590
145 163 23878
145 164 23782
145 165 24070
145 166 24102
145 167 24390
145 168 24230
145 169 24518
145 170 24614
145 171 24902
145 172 24806
145 173 25094
145 174 25126
145 175 25414
145 176 25526
145 177 25814
145 178 25910
145 179 26198
145 180 26102
145 181 26390
145 182 26422
145 183 26710
145 184 26550
145 185 26838
145 186 26934
145 187 27222
145 188 27126
145 189 27414
145 190 27446
145 191 27734
145 192 27846
145 193 28134
145 194 28166
145 195 28454
145 196 28358
145 197 28646
145 198 28678
145 199 28966
145 200 28870
145 201 29158
145 202 29190
145 203 29478
145 204 29382
145 205 29670
145 206 29702
145 207 29990
145 208 30166
145 209 30454
145 210 30486
145 211 30774
145 212 30678
145 213 30966
145 214 30998
145 215 31286
145 216 31190
145 217 31478
145 218 31510
145 219 31798
145 220 31702
145 221 31990
145 222 32022
145 223 32310
145 224 32486
145 225 32774
145 226 32806
145 227 33094
145 228 32998
145 229 33286
145 230 33318
145 231 33606
145 232 33510
145 233 33798
145 234 33830
145 235 34118
145 236 34022
145 237 34310
145 238 34342
145 239 34630
145 240 34806
145 241 35094
145 242 35126
145 243 35414
145 244 35318
145 245 35606
145 246 35638
145 247 35926
145 248 35830
145 249 36118
145 250 36150
145 251 36438
145 252 36342
145 253 36630
145 254 36662
145 255 36950
146 0 6
146 1 294
146 2 390
146 3 678
146 4 582
146 5 870
146 6 902
146 7 1190
146 8 1174
146 9 1318
146 10 1558
146 11 1702
146 12 1750
146 13 1894
146 14 2070
146 15 2214
146 16 2342
146 17 2630
146 18 2726
146 19 3014
146 20 2918
146 21 3206
146 22 3238
146 23 3526
146 24 3510
146 25 3654
146 26 3894
146 27 4038
146 28 4086
146 29 4230
146 30 4406
146 31 4550
146 32 4678
146 33 4966
146 34 4998
146 35 5286
146 36 5190
146 37 5478
146 38 5510
146 39 5798
146 40 5846
146 41 5990
146 42 6166
146 43 6310
146 44 6358
146 45 6502
146 46 6678
146 47 6822
146 48 7014
146 49 7302
146 50 7334
146 51 7622
146 52 7526
146 53 7814
146 54 7846
146 55 8134
146 56 8182
146 57 8326
146 58 8502
146 59 8646
146 60 8694
146 61 8838
146 62 9014
146 63 9158
146 64 9350
146 65 9638
146 66 9734
146 67 10022
146 68 9926
146 69 10214
146 70 10246
146 71 10534
146 72 10390
146 73 10662
146 74 10774
146 75 11046
146 76 10966
146 77 11238
146 78 11286
146 79 11558
146 80 11686
146 81 11974
146 82 12070
146 83 12358
146 84 12262
146 85 12550
146 86 12582
146 87 12870
146 88 12726
146 89 12998
146 90 13110
146 91 13382
146 92 13302
146 93 13574
146 94 13622
146 95 13894
146 96 14022
146 97 14310
146 98 14342
146 99 14630
146 100 14534
146 101 14822
146 102 14854
146 103 15142
146 104 15062
146 105 15334
146 106 15382
146 107 15654
146 108 15574
146 109 15846
146 110 15894
146 111 16166
146 112 16358
146 113 16646
146 114 16678
146 115 16966
146 116 16870
146 117 17158
146 118 17190
146 119 17478
146 120 17398
146 121 17670
146 122 17718
146 123 17990
146 124 17910
146 125 18182
146 126 18230
146 127 18502
146 128 18694
146 129 18982
146 130 19078
146 131 19366
146 132 19270
146 133 19558
146 134 19590
146 135 19878
146 136 19862
146 137 20006
146 138 20246
146 139 20390
146 140 20438
146 141 20582
146 142 20758
146 143 20902
146 144 21030
146 145 21318
146 146 21414
146 147 21702
146 148 21606
146 149 21894
146 150 21926
146 151 22214
146 152 22198
146 153 22342
146 154 22582
146 155 22726
146 156 22774
146 157 22918
146 158 23094
146 159 23238
146 160 23366
146 161 23654
146 162 23686
146 163 23974
146 164 23878
146 165 24166
146 166 24198
146 167 24486
146 168 24534
146 169 24678
146 170 24854
146 171 24998
146 172 25046
146 173 25190
146 174 25366
146 175 25510
146 176 25702
146 177 25990
146 178 26022
146 179 26310
146 180 26214
146 181 26502
146 182 26534
146 183 26822
146 184 26870
146 185 27014
146 186 27190
146 187 27334
146 188 27382
146 189 27526
146 190 27702
146 191 27846
146 192 28038
146 193 28326
146 194 28422
146 195 28710
146 196 28614
146 197 28902
146 198 28934
146 199 29222
146 200 29078
146 201 29350
146 202 29462
146 203 29734
146 204 29654
146 205 29926
146 206 29974
146 207 30246
146 208 30374
146 209 30662
146 210 30758
146 211 31046
146 212 30950
146 213 31238
146 214 31270
146 215 31558
146 216 31414
146 217 31686
146 218 31798
146 219 32070
146 220 31990
146 221 32262
146 222 32310
146 223 32582
146 224 32710
146 225 32998
146 226 33030
146 227 33318
146 228 33222
146 229 33510
146 230 33542
146 231 33830
146 232 33750
146 233 34022
146 234 34070
146 235 34342
146 236 34262
146 237 34534
146 238 34582
146 239 34854
146 240 35046
146 241 35334
146 242 35366
146 243 35654
146 244 35558
146 245 35846
146 246 35878
146 247 36166
146 248 36086
146 249 36358
146 250 36406
146 251 36678
146 252 36598
146 253 36870
146 254 36918
146 255 37190
147 0 6
147 1 294
147 2 390
147 3 678
147 4 582
147 5 870
147 6 902
147 7 1190
147 8 1174
147 9 1318
147 10 1558
147 11 1702
147 12 1750
147 13 1894
147 14 2070
147 15 2214
147 16 2358
147 17 2646
147 18 2742
147 19 3030
147 20 2934
147 21 3222
147 22 3254
147 23 3542
147 24 3526
147 25 3670
147 26 3910
147 27 4054
147 28 4102
147 29 4246
147 30 4422
147 31 4566
147 32 4710
147 33 4998
147 34 5030
147 35 5318
147 36 5222
147 37 5510
147 38 5542
147 39 5830
147 40 5878
147 41 6022
147 42 6198
147 43 6342
147 44 6390
147 45 6534
147 46 6710
147 47 6854
147 48 7062
147 49 7350
147 50 7382
147 51 7670
147 52 7574
147 53 7862
147 54 7894
147 55 8182
147 56 8230
147 57 8374
147 58 8550
147 59 8694
147 60 8742
147 61 8886
147 62 9062
147 63 9206
147 64 9414
147 65 9702
147 66 9734
147 67 10022
147 68 9926
147 69 10214
147 70 10246
147 71 10534
147 72 10454
147 73 10726
147 74 10774
147 75 11046
147 76 10966
147 77 11238
147 78 11286
147 79 11558
147 80 11766
147 81 12054
147 82 12086
147 83 12374
147 84 12278
147 85 12566
147 86 12598
147 87 12886
147 88 12806
147 89 13078
147 90 13126
147 91 13398
147 92 13318
147 93 13590
147 94 13638
147 95 13910
147 96 14118
147 97 14406
147 98 14502
147 99 14790
147 100 14694
147 101 14982
147 102 15014
147 103 15302
147 104 15158
147 105 15430
147 106 15542
147 107 15814
147 108 15734
147 109 16006
147 110 16054
147 111 16326
147 112 16534
147 113 16822
147 114 16790
147 115 17078
147 116 17046
147 117 17334
147 118 17366
147 119 17654
147 120 17574
147 121 17846
147 122 17830
147 123 18102
147 124 18086
147 125 18358
147 126 18406
147 127 18678
147 128 18822
147 129 19110
147 130 19206
147 131 19494
147 132 19398
147 133 19686
147 134 19718
147 135 20006
147 136 19862
147 137 20134
147 138 20246
147 139 20518
147 140 20438
147 141 20710
147 142 20758
147 143 21030
147 144 21174
147 145 21462
147 146 21558
147 147 21846
147 148 21750
147 149 22038
147 150 22070
147 151 22358
147 152 22214
147 153 22486
147 154 22598
147 155 22870
147 156 22790
147 157 23062
147 158 23110
147 159 23382
147 160 23526
147 161 23814
147 162 23846
147 163 24134
147 164 24038
147 165 24326
147 166 24358
147 167 24646
147 168 24566
147 169 24838
147 170 24886
147 171 25158
147 172 25078
147 173 25350
147 174 25398
147 175 25670
147 176 25878
147 177 26166
147 178 26198
147 179 26486
147 180 26390
147 181 26678
147 182 26710
147 183 26998
147 184 26918
147 185 27190
147 186 27238
147 187 27510
147 188 27430
147 189 27702
147 190 27750
147 191 28022
147 192 28102
147 193 28390
147 194 28422
147 195 28710
147 196 28614
147 197 28902
147 198 28934
147 199 29222
147 200 29142
147 201 29414
147 202 29462
147 203 29734
147 204 29654
147 205 29926
147 206 29974
147 207 30246
147 208 30454
147 209 30742
147 210 30774
147 211 31062
147 212 30966
147 213 31254
147 214 31286
147 215 31574
147 216 31494
147 217 31766
147 218 31814
147 219 32086
147 220 32006
147 221 32278
147 222 32326
147 223 32598
147 224 32806
147 225 33094
147 226 33190
147 227 33478
147 228 33382
147 229 33670
147 230 33702
147 231 33990
147 232 33846
147 233 34118
147 234 34230
147 235 34502
147 236 34422
147 237 34694
147 238 34742
147 239 35014
147 240 35222
147 241 35510
147 242 35478
147 243 35766
147 244 35734
147 245 36022
147 246 36054
147 247 36342
147 248 36262
147 249 36534
147 250 36518
147 251 36790
147 252 36774
147 253 37046
147 254 37094
147 255 37366
148 0 6
148 1 294
148 2 390
148 3 678
148 4 598
148 5 870
148 6 918
148 7 1190
148 8 1190
148 9 1350
148 10 1542
148 11 1702
148 12 1782
148 13 1926
148 14 2070
148 15 2214
148 16 2374
148 17 2662
148 18 2694
148 19 2982
148 20 2902
148 21 3174
148 22 3222
148 23 3494
148 24 3558
148 25 3718
148 26 3846
148 27 4006
148 28 4086
148 29 4230
148 30 4374
148 31 4518
148 32 4870
148 33 5158
148 34 5254
148 35 5542
148 36 5462
148 37 5734
148 38 5782
148 39 6054
148 40 6054
148 41 6214
148 42 6406
148 43 6566
148 44 6646
148 45 6790
148 46 6934
148 47 7078
148 48 7238
148 49 7526
148 50 7558
148 51 7846
148 52 7766
148 53 8038
148 54 8086
148 55 8358
148 56 8422
148 57 8582
148 58 8710
148 59 8870
148 60 8950
148 61 9094
148 62 9238
148 63 9382
148 64 9478
148 65 9766
148 66 9862
148 67 10150
148 68 10070
148 69 10342
148 70 10390
148 71 10662
148 72 10662
148 73 10822
148 74 11014
148 75 11174
148 76 11254
148 77 11398
148 78 11542
148 79 11686
148 80 11846
148 81 12134
148 82 12166
148 83 12454
148 84 12374
148 85 12646
148 86 12694
148 87 12966
148 88 13030
148 89 13190
148 90 13318
148 91 13478
148 92 13558
148 93 13702
148 94 13846
148 95 13990
148 96 14342
148 97 14630
148 98 14726
148 99 15014
148 100 14934
148 101 15206
148 102 15254
148 103 15526
148 104 15526
148 105 15686
148 106 15878
148 107 16038
148 108 16118
148 109 16262
148 110 16406
148 111 16550
148 112 16710
148 113 16998
148 114 17030
148 115 17318
148 116 17238
148 117 17510
148 118 17558
148 119 17830
148 120 17894
148 121 18054
148 122 18182
148 123 18342
148 124 18422
148 125 18566
148 126 18710
148 127 18854
148 128 18950
148 129 19238
148 130 19334
148 131 19622
148 132 19542
148 133 19814
148 134 19862
148 135 20134
148 136 20134
148 137 20294
148 138 20486
148 139 20646
148 140 20726
148 141 20870
148 142 21014
148 143 21158
148 144 21318
148 145 21606
148 146 21638
148 147 21926
148 148 21846
148 149 22118
148 150 22166
148 151 22438
148 152 22502
148 153 22662
148 154 22790
148 155 22950
148 156 23030
148 157 23174
148 158 23318
148 159 23462
148 160 23814
148 161 24102
148 162 24198
148 163 24486
148 164 24406
148 165 24678
148 166 24726
148 167 24998
148 168 24998
148 169 25158
148 170 25350
148 171 25510
148 172 25590
148 173 25734
148 174 25878
148 175 26022
148 176 26182
148 177 26470
148 178 26502
148 179 26790
148 180 26710
148 181 26982
148 182 27030
148 183 27302
148 184 27366
148 185 27526
148 186 27654
148 187 27814
148 188 27894
148 189 28038
148 190 28182
148 191 28326
148 192 28422
148 193 28710
148 194 28806
148 195 29094
148 196 29014
148 197 29286
148 198 29334
148 199 29606
148 200 29606
148 201 29766
148 202 29958
148 203 30118
148 204 30198
148 205 30342
148 206 30486
148 207 30630
148 208 30790
148 209 31078
148 210 31110
148 211 31398
148 212 31318
148 213 31590
148 214 31638
148 215 31910
148 216 31974
148 217 32134
148 218 32262
148 219 32422
148 220 32502
148 221 32646
148 222 32790
148 223 32934
148 224 33286
148 225 33574
148 226 33670
148 227 33958
148 228 33878
148 229 34150
148 230 34198
148 231 34470
148 232 34470
148 233 34630
148 234 34822
148 235 34982
148 236 35062
148 237 35206
148 238 35350
148 239 35494
148 240 35654
148 241 35942
148 242 35974
148 243 36262
148 244 36182
148 245 36454
148 246 36502
148 247 36774
148 248 36838
148 249 36998
148 250 37126
148 251 37286
148 252 37366
148 253 37510
148 254 37654
148 255 37798
149 0 6
149 1 294
149 2 390
149 3 678
149 4 598
149 5 870
149 6 918
149 7 1190
149 8 1190
149 9 1350
149 10 1542
149 11 1702
149 12 1782
149 13 1926
149 14 2070
149 15 2214
149 16 2390
149 17 2678
149 18 2710
149 19 2998
149 20 2918
149 21 3190
149 22 3238
149 23 3510
149 24 3574
149 25 3734
149 26 3862
149 27 4022
149 28 4102
149 29 4246
149 30 4390
149 31 4534
149 32 4902
149 33 5190
149 34 5286
149 35 5574
149 36 5494
149 37 5766
149 38 5814
149 39 6086
149 40 6086
149 41 6246
149 42 6438
149 43 6598
149 44 6678
149 45 6822
149 46 6966
149 47 7110
149 48 7286
149 49 7574
149 50 7606
149 51 7894
149 52 7814
149 53 8086
149 54 8134
149 55 8406
149 56 8470
149 57 8630
149 58 8758
149 59 8918
149 60 8998
149 61 9142
149 62 9286
149 63 9430
149 64 9542
149 65 9830
149 66 9862
149 67 10150
149 68 10070
149 69 10342
149 70 10390
149 71 10662
149 72 10726
149 73 10886
149 74 11014
149 75 11174
149 76 11254
149 77 11398
149 78 11542
149 79 11686
149 80 12054
149 81 12342
149 82 12438
149 83 12726
149 84 12646
149 85 12918
149 86 12966
149 87 13238
149 88 13110
149 89 13398
149 90 13462
149 91 13750
149 92 13702
149 93 13974
149 94 13990
149 95 14262
149 96 14438
149 97 14726
149 98 14758
149 99 15046
149 100 14966
149 101 15238
149 102 15286
149 103 15558
149 104 15622
149 105 15782
149 106 15910
149 107 16070
149 108 16150
149 109 16294
149 110 16438
149 111 16582
149 112 16950
149 113 17238
149 114 17334
149 115 17622
149 116 17542
149 117 17814
149 118 17862
149 119 18134
149 120 18006
149 121 18294
149 122 18358
149 123 18646
149 124 18598
149 125 18870
149 126 18886
149 127 19158
149 128 19078
149 129 19366
149 130 19462
149 131 19750
149 132 19670
149 133 19942
149 134 19990
149 135 20262
149 136 20134
149 137 20422
149 138 20486
149 139 20774
149 140 20726
149 141 20998
149 142 21014
149 143 21286
149 144 21462
149 145 21750
149 146 21782
149 147 22070
149 148 21990
149 149 22262
149 150 22310
149 151 22582
149 152 22518
149 153 22806
149 154 22806
149 155 23094
149 156 23046
149 157 23318
149 158 23334
149 159 23606
149 160 23846
149 161 24134
149 162 24230
149 163 24518
149 164 24438
149 165 24710
149 166 24758
149 167 25030
149 168 25030
149 169 25190
149 170 25382
149 171 25542
149 172 25622
149 173 25766
149 174 25910
149 175 26054
149 176 26230
149 177 26518
149 178 26550
149 179 26838
149 180 26758
149 181 27030
149 182 27078
149 183 27350
149 184 27414
149 185 27574
149 186 27702
149 187 27862
149 188 27942
149 189 28086
149 190 28230
149 191 28374
149 192 28614
149 193 28902
149 194 28934
149 195 29222
149 196 29142
149 197 29414
149 198 29462
149 199 29734
149 200 29670
149 201 29958
149 202 29958
149 203 30246
149 204 30198
149 205 30470
149 206 30486
149 207 30758
149 208 30998
149 209 31286
149 210 31382
149 211 31670
149 212 31590
149 213 31862
149 214 31910
149 215 32182
149 216 32054
149 217 32342
149 218 32406
149 219 32694
149 220 32646
149 221 32918
149 222 32934
149 223 33206
149 224 33382
149 225 33670
149 226 33702
149 227 33990
149 228 33910
149 229 34182
149 230 34230
149 231 34502
149 232 34566
149 233 34726
149 234 34854
149 235 35014
149 236 35094
149 237 35238
149 238 35382
149 239 35526
149 240 35894
149 241 36182
149 242 36278
149 243 36566
149 244 36486
149 245 36758
149 246 36806
149 247 37078
149 248 36950
149 249 37238
149 250 37302
149 251 37590
149 252 37542
149 253 37814
149 254 37830
149 255 38102
150 0 6
150 1 294
150 2 390
150 3 678
150 4 598
150 5 870
150 6 918
150 7 1190
150 8 1206
150 9 1350
150 10 1558
150 11 1702
150 12 1782
150 13 1926
150 14 2070
150 15 2214
150 16 2406
150 17 2694
150 18 2726
150 19 3014
150 20 2934
150 21 3206
150 22 3254
150 23 3526
150 24 3606
150 25 3750
150 26 3894
150 27 4038
150 28 4118
150 29 4262
150 30 4406
150 31 4550
150 32 4934
150 33 5222
150 34 5254
150 35 5542
150 36 5462
150 37 5734
150 38 5782
150 39 6054
150 40 6134
150 41 6278
150 42 6422
150 43 6566
150 44 6646
150 45 6790
150 46 6934
150 47 7078
150 48 7462
150 49 7750
150 50 7846
150 51 8134
150 52 8054
150 53 8326
150 54 8374
150 55 8646
150 56 8534
150 57 8806
150 58 8886
150 59 9158
150 60 9110
150 61 9382
150 62 9398
150 63 9670
150 64 9606
150 65 9894
150 66 9990
150 67 10278
150 68 10198
150 69 10470
150 70 10518
150 71 10790
150 72 10678
150 73 10950
150 74 11030
150 75 11302
150 76 11254
150 77 11526
150 78 11542
150 79 11814
150 80 12006
150 81 12294
150 82 12326
150 83 12614
150 84 12534
150 85 12806
150 86 12854
150 87 13126
150 88 13078
150 89 13350
150 90 13366
150 91 13638
150 92 13590
150 93 13862
150 94 13878
150 95 14150
150 96 14406
150 97 14694
150 98 14726
150 99 15014
150 100 14934
150 101 15206
150 102 15254
150 103 15526
150 104 15606
150 105 15750
150 106 15894
150 107 16038
150 108 16118
150 109 16262
150 110 16406
150 111 16550
150 112 16934
150 113 17222
150 114 17318
150 115 17606
150 116 17526
150 117 17798
150 118 17846
150 119 18118
150 120 18006
150 121 18278
150 122 18358
150 123 18630
150 124 18582
150 125 18854
150 126 18870
150 127 19142
150 128 19206
150 129 19494
150 130 19590
150 131 19878
150 132 19798
150 133 20070
150 134 20118
150 135 20390
150 136 20406
150 137 20550
150 138 20758
150 139 20902
150 140 20982
150 141 21126
150 142 21270
150 143 21414
150 144 21606
150 145 21894
150 146 21926
150 147 22214
150 148 22134
150 149 22406
150 150 22454
150 151 22726
150 152 22806
150 153 22950
150 154 23094
150 155 23238
150 156 23318
150 157 23462
150 158 23606
150 159 23750
150 160 24134
150 161 24422
150 162 24454
150 163 24742
150 164 24662
150 165 24934
150 166 24982
150 167 25254
150 168 25334
150 169 25478
150 170 25622
150 171 25766
150 172 25846
150 173 25990
150 174 26134
150 175 26278
150 176 26662
150 177 26950
150 178 27046
150 179 27334
150 180 27254
150 181 27526
150 182 27574
150 183 27846
150 184 27734
150 185 28006
150 186 28086
150 187 28358
150 188 28310
150 189 28582
150 190 28598
150 191 28870
150 192 28806
150 193 29094
150 194 29190
150 195 29478
150 196 29398
150 197 29670
150 198 29718
150 199 29990
150 200 29878
150 201 30150
150 202 30230
150 203 30502
150 204 30454
150 205 30726
150 206 30742
150 207 31014
150 208 31206
150 209 31494
150 210 31526
150 211 31814
150 212 31734
150 213 32006
150 214 32054
150 215 32326
150 216 32278
150 217 32550
150 218 32566
150 219 32838
150 220 32790
150 221 33062
150 222 33078
150 223 33350
150 224 33606
150 225 33894
150 226 33926
150 227 34214
150 228 34134
150 229 34406
150 230 34454
150 231 34726
150 232 34806
150 233 34950
150 234 35094
150 235 35238
150 236 35318
150 237 35462
150 238 35606
150 239 35750
150 240 36134
150 241 36422
150 242 36518
150 243 36806
150 244 36726
150 245 36998
150 246 37046
150 247 37318
150 248 37206
150 249 37478
150 250 37558
150 251 37830
150 252 37782
150 253 38054
150 254 38070
150 255 38342
151 0 6
151 1 294
151 2 390
151 3 678
151 4 598
151 5 870
151 6 918
151 7 1190
151 8 1206
151 9 1350
151 10 1558
151 11 1702
151 12 1782
151 13 1926
151 14 2070
151 15 2214
151 16 2422
151 17 2710
151 18 2742
151 19 3030
151 20 2950
151 21 3222
151 22 3270
151 23 3542
151 24 3622
151 25 3766
151 26 3910
151 27 4054
151 28 4134
151 29 4278
151 30 4422
151 31 4566
151 32 4966
151 33 5254
151 34 5286
151 35 5574
151 36 5494
151 37 5766
151 38 5814
151 39 6086
151 40 6166
151 41 6310
151 42 6454
151 43 6598
151 44 6678
151 45 6822
151 46 6966
151 47 7110
151 48 7574
151 49 7862
151 50 7830
151 51 8118
151 52 8102
151 53 8374
151 54 8422
151 55 8694
151 56 8646
151 57 8918
151 58 8870
151 59 9142
151 60 9158
151 61 9430
151 62 9446
151 63 9718
151 64 9670
151 65 9958
151 66 9990
151 67 10278
151 68 10198
151 69 10470
151 70 10518
151 71 10790
151 72 10742
151 73 11014
151 74 11030
151 75 11302
151 76 11254
151 77 11526
151 78 11542
151 79 11814
151 80 12086
151 81 12374
151 82 12470
151 83 12758
151 84 12678
151 85 12950
151 86 12998
151 87 13270
151 88 13158
151 89 13430
151 90 13510
151 91 13782
151 92 13734
151 93 14006
151 94 14022
151 95 14294
151 96 14630
151 97 14918
151 98 15014
151 99 15302
151 100 15222
151 101 15494
151 102 15542
151 103 15814
151 104 15702
151 105 15974
151 106 16054
151 107 16326
151 108 16278
151 109 16550
151 110 16566
151 111 16838
151 112 17046
151 113 17334
151 114 17366
151 115 17654
151 116 17574
151 117 17846
151 118 17894
151 119 18166
151 120 18118
151 121 18390
151 122 18406
151 123 18678
151 124 18630
151 125 18902
151 126 18918
151 127 19190
151 128 19334
151 129 19622
151 130 19718
151 131 20006
151 132 19926
151 133 20198
151 134 20246
151 135 20518
151 136 20406
151 137 20678
151 138 20758
151 139 21030
151 140 20982
151 141 21254
151 142 21270
151 143 21542
151 144 21750
151 145 22038
151 146 22070
151 147 22358
151 148 22278
151 149 22550
151 150 22598
151 151 22870
151 152 22822
151 153 23094
151 154 23110
151 155 23382
151 156 23334
151 157 23606
151 158 23622
151 159 23894
151 160 24166
151 161 24454
151 162 24486
151 163 24774
151 164 24694
151 165 24966
151 166 25014
151 167 25286
151 168 25366
151 169 25510
151 170 25654
151 171 25798
151 172 25878
151 173 26022
151 174 26166
151 175 26310
151 176 26774
151 177 27062
151 178 27030
151 179 27318
151 180 27302
151 181 27574
151 182 27622
151 183 27894
151 184 27846
151 185 28118
151 186 28070
151 187 28342
151 188 28358
151 189 28630
151 190 28646
151 191 28918
151 192 28870
151 193 29158
151 194 29190
151 195 29478
151 196 29398
151 197 29670
151 198 29718
151 199 29990
151 200 29942
151 201 30214
151 202 30230
151 203 30502
151 204 30454
151 205 30726
151 206 30742
151 207 31014
151 208 31286
151 209 31574
151 210 31670
151 211 31958
151 212 31878
151 213 32150
151 214 32198
151 215 32470
151 216 32358
151 217 32630
151 218 32710
151 219 32982
151 220 32934
151 221 33206
151 222 33222
151 223 33494
151 224 33830
151 225 34118
151 226 34214
151 227 34502
151 228 34422
151 229 34694
151 230 34742
151 231 35014
151 232 34902
151 233 35174
151 234 35254
151 235 35526
151 236 35478
151 237 35750
151 238 35766
151 239 36038
151 240 36246
151 241 36534
151 242 36566
151 243 36854
151 244 36774
151 245 37046
151 246 37094
151 247 37366
151 248 37318
151 249 37590
151 250 37606
151 251 37878
151 252 37830
151 253 38102
151 254 38118
151 255 38390
152 0 6
152 1 294
152 2 422
152 3 678
152 4 614
152 5 902
152 6 934
152 7 1190
152 8 1222
152 9 1382
152 10 1574
152 11 1702
152 12 1766
152 13 1926
152 14 2086
152 15 2214
152 16 2566
152 17 2854
152 18 2982
152 19 3238
152 20 3174
152 21 3462
152 22 3494
152 23 3750
152 24 3782
152 25 3942
152 26 4134
152 27 4262
152 28 4326
152 29 4486
152 30 4646
152 31 4774
152 32 4870
152 33 5158
152 34 5286
152 35 5542
152 36 5478
152 37 5766
152 38 5798
152 39 6054
152 40 6086
152 41 6246
152 42 6438
152 43 6566
152 44 6630
152 45 6790
152 46 6950
152 47 7078
152 48 7430
152 49 7718
152 50 7846
152 51 8102
152 52 8038
152 53 8326
152 54 8358
152 55 8614
152 56 8646
152 57 8806
152 58 8998
152 59 9126
152 60 9190
152 61 9350
152 62 9510
152 63 9638
152 64 9734
152 65 10022
152 66 10150
152 67 10406
152 68 10342
152 69 10630
152 70 10662
152 71 10918
152 72 10950
152 73 11110
152 74 11302
152 75 11430
152 76 11494
152 77 11654
152 78 11814
152 79 11942
152 80 12294
152 81 12582
152 82 12710
152 83 12966
152 84 12902
152 85 13190
152 86 13222
152 87 13478
152 88 13510
152 89 13670
152 90 13862
152 91 13990
152 92 14054
152 93 14214
152 94 14374
152 95 14502
152 96 14598
152 97 14886
152 98 15014
152 99 15270
152 100 15206
152 101 15494
152 102 15526
152 103 15782
152 104 15814
152 105 15974
152 106 16166
152 107 16294
152 108 16358
152 109 16518
152 110 16678
152 111 16806
152 112 17158
152 113 17446
152 114 17574
152 115 17830
152 116 17766
152 117 18054
152 118 18086
152 119 18342
152 120 18374
152 121 18534
152 122 18726
152 123 18854
152 124 18918
152 125 19078
152 126 19238
152 127 19366
152 128 19462
152 129 19750
152 130 19878
152 131 20134
152 132 20070
152 133 20358
152 134 20390
152 135 20646
152 136 20678
152 137 20838
152 138 21030
152 139 21158
152 140 21222
152 141 21382
152 142 21542
152 143 21670
152 144 22022
152 145 22310
152 146 22438
152 147 22694
152 148 22630
152 149 22918
152 150 22950
152 151 23206
152 152 23238
152 153 23398
152 154 23590
152 155 23718
152 156 23782
152 157 23942
152 158 24102
152 159 24230
152 160 24326
152 161 24614
152 162 24742
152 163 24998
152 164 24934
152 165 25222
152 166 25254
152 167 25510
152 168 25542
152 169 25702
152 170 25894
152 171 26022
152 172 26086
152 173 26246
152 174 26406
152 175 26534
152 176 26886
152 177 27174
152 178 27302
152 179 27558
152 180 27494
152 181 27782
152 182 27814
152 183 28070
152 184 28102
152 185 28262
152 186 28454
152 187 28582
152 188 28646
152 189 28806
152 190 28966
152 191 29094
152 192 29190
152 193 29478
152 194 29606
152 195 29862
152 196 29798
152 197 30086
152 198 30118
152 199 30374
152 200 30406
152 201 30566
152 202 30758
152 203 30886
152 204 30950
152 205 31110
152 206 31270
152 207 31398
152 208 31750
152 209 32038
152 210 32166
152 211 32422
152 212 32358
152 213 32646
152 214 32678
152 215 32934
152 216 32966
152 217 33126
152 218 33318
152 219 33446
152 220 33510
152 221 33670
152 222 33830
152 223 33958
152 224 34054
152 225 34342
152 226 34470
152 227 34726
152 228 34662
152 229 34950
152 230 34982
152 231 35238
152 232 35270
152 233 35430
152 234 35622
152 235 35750
152 236 35814
152 237 35974
152 238 36134
152 239 36262
152 240 36614
152 241 36902
152 242 37030
152 243 37286
152 244 37222
152 245 37510
152 246 37542
152 247 37798
152 248 37830
152 249 37990
152 250 38182
152 251 38310
152 252 38374
152 253 38534
152 254 38694
152 255 38822
153 0 6
153 1 294
153 2 422
153 3 678
153 4 614
153 5 902
153 6 934
153 7 1190
153 8 1222
153 9 1382
153 10 1574
153 11 1702
153 12 1766
153 13 1926
153 14 2086
153 15 2214
153 16 2582
153 17 2870
153 18 2998
153 19 3254
153 20 3190
153 21 3478
153 22 3510
153 23 3766
153 24 3798
153 25 3958
153 26 4150
153 27 4278
153 28 4342
153 29 4502
153 30 4662
153 31 4790
153 32 4902
153 33 5190
153 34 5318
153 35 5574
153 36 5510
153 37 5798
153 38 5830
153 39 6086
153 40 6118
153 41 6278
153 42 6470
153 43 6598
153 44 6662
153 45 6822
153 46 6982
153 47 7110
153 48 7478
153 49 7766
153 50 7894
153 51 8150
153 52 8086
153 53 8374
153 54 8406
153 55 8662
153 56 8694
153 57 8854
153 58 9046
153 59 9174
153 60 9238
153 61 9398
153 62 9558
153 63 9686
153 64 9798
153 65 10086
153 66 10150
153 67 10406
153 68 10342
153 69 10630
153 70 10662
153 71 10918
153 72 10950
153 73 11110
153 74 11302
153 75 11430
153 76 11494
153 77 11654
153 78 11814
153 79 11942
153 80 12374
153 81 12662
153 82 12726
153 83 12982
153 84 12918
153 85 13206
153 86 13238
153 87 13494
153 88 13526
153 89 13686
153 90 13878
153 91 14006
153 92 14070
153 93 14230
153 94 14390
153 95 14518
153 96 14694
153 97 14982
153 98 15046
153 99 15302
153 100 15238
153 101 15526
153 102 15558
153 103 15814
153 104 15846
153 105 16006
153 106 16198
153 107 16326
153 108 16390
153 109 16550
153 110 16710
153 111 16838
153 112 17270
153 113 17558
153 114 17622
153 115 17878
153 116 17814
153 117 18102
153 118 18134
153 119 18390
153 120 18422
153 121 18582
153 122 18774
153 123 18902
153 124 18966
153 125 19126
153 126 19286
153 127 19414
153 128 19590
153 129 19878
153 130 20006
153 131 20262
153 132 20198
153 133 20486
153 134 20518
153 135 20774
153 136 20678
153 137 20966
153 138 21030
153 139 21286
153 140 21222
153 141 21510
153 142 21542
153 143 21798
153 144 22038
153 145 22326
153 146 22454
153 147 22710
153 148 22646
153 149 22934
153 150 22966
153 151 23222
153 152 23254
153 153 23414
153 154 23606
153 155 23734
153 156 23798
153 157 23958
153 158 24118
153 159 24246
153 160 24486
153 161 24774
153 162 24902
153 163 25158
153 164 25094
153 165 25382
153 166 25414
153 167 25670
153 168 25574
153 169 25862
153 170 25926
153 171 26182
153 172 26118
153 173 26406
153 174 26438
153 175 26694
153 176 26934
153 177 27222
153 178 27350
153 179 27606
153 180 27542
153 181 27830
153 182 27862
153 183 28118
153 184 28150
153 185 28310
153 186 28502
153 187 28630
153 188 28694
153 189 28854
153 190 29014
153 191 29142
153 192 29382
153 193 29670
153 194 29734
153 195 29990
153 196 29926
153 197 30214
153 198 30246
153 199 30502
153 200 30406
153 201 30694
153 202 30758
153 203 31014
153 204 30950
153 205 31238
153 206 31270
153 207 31526
153 208 31830
153 209 32118
153 210 32182
153 211 32438
153 212 32374
153 213 32662
153 214 32694
153 215 32950
153 216 32982
153 217 33142
153 218 33334
153 219 33462
153 220 33526
153 221 33686
153 222 33846
153 223 33974
153 224 34278
153 225 34566
153 226 34630
153 227 34886
153 228 34822
153 229 35110
153 230 35142
153 231 35398
153 232 35302
153 233 35590
153 234 35654
153 235 35910
153 236 35846
153 237 36134
153 238 36166
153 239 36422
153 240 36726
153 241 37014
153 242 37078
153 243 37334
153 244 37270
153 245 37558
153 246 37590
153 247 37846
153 248 37878
153 249 38038
153 250 38230
153 251 38358
153 252 38422
153 253 38582
153 254 38742
153 255 38870
154 0 6
154 1 294
154 2 422
154 3 678
154 4 614
154 5 902
154 6 934
154 7 1190
154 8 1238
154 9 1382
154 10 1574
154 11 1718
154 12 1782
154 13 1926
154 14 2086
154 15 2230
154 16 2598
154 17 2886
154 18 3014
154 19 3270
154 20 3206
154 21 3494
154 22 3526
154 23 3782
154 24 3830
154 25 3974
154 26 4166
154 27 4310
154 28 4374
154 29 4518
154 30 4678
154 31 4822
154 32 4934
154 33 5222
154 34 5286
154 35 5542
154 36 5478
154 37 5766
154 38 5798
154 39 6054
154 40 6102
154 41 6246
154 42 6438
154 43 6582
154 44 6646
154 45 6790
154 46 6950
154 47 7094
154 48 7526
154 49 7814
154 50 7878
154 51 8134
154 52 8070
154 53 8358
154 54 8390
154 55 8646
154 56 8694
154 57 8838
154 58 9030
154 59 9174
154 60 9238
154 61 9382
154 62 9542
154 63 9686
154 64 9862
154 65 10150
154 66 10278
154 67 10534
154 68 10470
154 69 10758
154 70 10790
154 71 11046
154 72 10966
154 73 11238
154 74 11302
154 75 11574
154 76 11510
154 77 11782
154 78 11814
154 79 12086
154 80 12326
154 81 12614
154 82 12742
154 83 12998
154 84 12934
154 85 13222
154 86 13254
154 87 13510
154 88 13558
154 89 13702
154 90 13894
154 91 14038
154 92 14102
154 93 14246
154 94 14406
154 95 14550
154 96 14790
154 97 15078
154 98 15142
154 99 15398
154 100 15334
154 101 15622
154 102 15654
154 103 15910
154 104 15830
154 105 16102
154 106 16166
154 107 16438
154 108 16374
154 109 16646
154 110 16678
154 111 16950
154 112 17254
154 113 17542
154 114 17606
154 115 17862
154 116 17798
154 117 18086
154 118 18118
154 119 18374
154 120 18422
154 121 18566
154 122 18758
154 123 18902
154 124 18966
154 125 19110
154 126 19270
154 127 19414
154 128 19718
154 129 20006
154 130 20134
154 131 20390
154 132 20326
154 133 20614
154 134 20646
154 135 20902
154 136 20950
154 137 21094
154 138 21286
154 139 21430
154 140 21494
154 141 21638
154 142 21798
154 143 21942
154 144 22310
154 145 22598
154 146 22726
154 147 22982
154 148 22918
154 149 23206
154 150 23238
154 151 23494
154 152 23542
154 153 23686
154 154 23878
154 155 24022
154 156 24086
154 157 24230
154 158 24390
154 159 24534
154 160 24646
154 161 24934
154 162 24998
154 163 25254
154 164 25190
154 165 25478
154 166 25510
154 167 25766
154 168 25814
154 169 25958
154 170 26150
154 171 26294
154 172 26358
154 173 26502
154 174 26662
154 175 26806
154 176 27238
154 177 27526
154 178 27590
154 179 27846
154 180 27782
154 181 28070
154 182 28102
154 183 28358
154 184 28406
154 185 28550
154 186 28742
154 187 28886
154 188 28950
154 189 29094
154 190 29254
154 191 29398
154 192 29574
154 193 29862
154 194 29990
154 195 30246
154 196 30182
154 197 30470
154 198 30502
154 199 30758
154 200 30678
154 201 30950
154 202 31014
154 203 31286
154 204 31222
154 205 31494
154 206 31526
154 207 31798
154 208 32038
154 209 32326
154 210 32454
154 211 32710
154 212 32646
154 213 32934
154 214 32966
154 215 33222
154 216 33270
154 217 33414
154 218 33606
154 219 33750
154 220 33814
154 221 33958
154 222 34118
154 223 34262
154 224 34502
154 225 34790
154 226 34854
154 227 35110
154 228 35046
154 229 35334
154 230 35366
154 231 35622
154 232 35542
154 233 35814
154 234 35878
154 235 36150
154 236 36086
154 237 36358
154 238 36390
154 239 36662
154 240 36966
154 241 37254
154 242 37318
154 243 37574
154 244 37510
154 245 37798
154 246 37830
154 247 38086
154 248 38134
154 249 38278
154 250 38470
154 251 38614
154 252 38678
154 253 38822
154 254 38982
154 255 39126
155 0 6
155 1 294
155 2 422
155 3 678
155 4 614
155 5 902
155 6 934
155 7 1190
155 8 1238
155 9 1382
155 10 1574
155 11 1718
155 12 1782
155 13 1926
155 14 2086
155 15 2230
155 16 2614
155 17 2902
155 18 3030
155 19 3286
155 20 3222
155 21 3510
155 22 3542
155 23 3798
155 24 3846
155 25 3990
155 26 4182
155 27 4326
155 28 4390
155 29 4534
155 30 4694
155 31 4838
155 32 4966
155 33 5254
155 34 5318
155 35 5574
155 36 5510
155 37 5798
155 38 5830
155 39 6086
155 40 6134
155 41 6278
155 42 6470
155 43 6614
155 44 6678
155 45 6822
155 46 6982
155 47 7126
155 48 7574
155 49 7862
155 50 7926
155 51 8182
155 52 8118
155 53 8406
155 54 8438
155 55 8694
155 56 8742
155 57 8886
155 58 9078
155 59 9222
155 60 9286
155 61 9430
155 62 9590
155 63 9734
155 64 9926
155 65 10214
155 66 10278
155 67 10534
155 68 10470
155 69 10758
155 70 10790
155 71 11046
155 72 10966
155 73 11238
155 74 11302
155 75 11574
155 76 11510
155 77 11782
155 78 11814
155 79 12086
155 80 12406
155 81 12694
155 82 12758
155 83 13014
155 84 12950
155 85 13238
155 86 13270
155 87 13526
155 88 13574
155 89 13718
155 90 13910
155 91 14054
155 92 14118
155 93 14262
155 94 14422
155 95 14566
155 96 14886
155 97 15174
155 98 15302
155 99 15558
155 100 15494
155 101 15782
155 102 15814
155 103 16070
155 104 15990
155 105 16262
155 106 16326
155 107 16598
155 108 16534
155 109 16806
155 110 16838
155 111 17110
155 112 17558
155 113 17846
155 114 17846
155 115 18102
155 116 18102
155 117 18390
155 118 18422
155 119 18678
155 120 18598
155 121 18870
155 122 18934
155 123 19206
155 124 19142
155 125 19414
155 126 19446
155 127 19718
155 128 19846
155 129 20134
155 130 20262
155 131 20518
155 132 20454
155 133 20742
155 134 20774
155 135 21030
155 136 20950
155 137 21222
155 138 21286
155 139 21558
155 140 21494
155 141 21766
155 142 21798
155 143 22070
155 144 22326
155 145 22614
155 146 22742
155 147 22998
155 148 22934
155 149 23222
155 150 23254
155 151 23510
155 152 23558
155 153 23702
155 154 23894
155 155 24038
155 156 24102
155 157 24246
155 158 24406
155 159 24550
155 160 24806
155 161 25094
155 162 25158
155 163 25414
155 164 25350
155 165 25638
155 166 25670
155 167 25926
155 168 25846
155 169 26118
155 170 26182
155 171 26454
155 172 26390
155 173 26662
155 174 26694
155 175 26966
155 176 27286
155 177 27574
155 178 27638
155 179 27894
155 180 27830
155 181 28118
155 182 28150
155 183 28406
155 184 28454
155 185 28598
155 186 28790
155 187 28934
155 188 28998
155 189 29142
155 190 29302
155 191 29446
155 192 29638
155 193 29926
155 194 29990
155 195 30246
155 196 30182
155 197 30470
155 198 30502
155 199 30758
155 200 30678
155 201 30950
155 202 31014
155 203 31286
155 204 31222
155 205 31494
155 206 31526
155 207 31798
155 208 32118
155 209 32406
155 210 32470
155 211 32726
155 212 32662
155 213 32950
155 214 32982
155 215 33238
155 216 33286
155 217 33430
155 218 33622
155 219 33766
155 220 33830
155 221 33974
155 222 34134
155 223 34278
155 224 34598
155 225 34886
155 226 35014
155 227 35270
155 228 35206
155 229 35494
155 230 35526
155 231 35782
155 232 35702
155 233 35974
155 234 36038
155 235 36310
155 236 36246
155 237 36518
155 238 36550
155 239 36822
155 240 37270
155 241 37558
155 242 37558
155 243 37814
155 244 37814
155 245 38102
155 246 38134
155 247 38390
155 248 38310
155 249 38582
155 250 38646
155 251 38918
155 252 38854
155 253 39126
155 254 39158
155 255 39430
156 0 6
156 1 294
156 2 422
156 3 678
156 4 630
156 5 902
156 6 934
156 7 1206
156 8 1254
156 9 1414
156 10 1574
156 11 1702
156 12 1782
156 13 1926
156 14 2086
156 15 2230
156 16 2630
156 17 2918
156 18 2982
156 19 3238
156 20 3190
156 21 3462
156 22 3494
156 23 3766
156 24 3814
156 25 3974
156 26 4134
156 27 4262
156 28 4342
156 29 4486
156 30 4646
156 31 4790
156 32 5126
156 33 5414
156 34 5542
156 35 5798
156 36 5750
156 37 6022
156 38 6054
156 39 6326
156 40 6374
156 41 6534
156 42 6694
156 43 6822
156 44 6902
156 45 7046
156 46 7206
156 47 7350
156 48 7494
156 49 7782
156 50 7846
156 51 8102
156 52 8054
156 53 8326
156 54 8358
156 55 8630
156 56 8678
156 57 8838
156 58 8998
156 59 9126
156 60 9206
156 61 9350
156 62 9510
156 63 9654
156 64 9990
156 65 10278
156 66 10406
156 67 10662
156 68 10614
156 69 10886
156 70 10918
156 71 11190
156 72 11238
156 73 11398
156 74 11558
156 75 11686
156 76 11766
156 77 11910
156 78 12070
156 79 12214
156 80 12614
156 81 12902
156 82 12966
156 83 13222
156 84 13174
156 85 13446
156 86 13478
156 87 13750
156 88 13798
156 89 13958
156 90 14118
156 91 14246
156 92 14326
156 93 14470
156 94 14630
156 95 14774
156 96 15110
156 97 15398
156 98 15526
156 99 15782
156 100 15734
156 101 16006
156 102 16038
156 103 16310
156 104 16358
156 105 16518
156 106 16678
156 107 16806
156 108 16886
156 109 17030
156 110 17190
156 111 17334
156 112 17478
156 113 17766
156 114 17830
156 115 18086
156 116 18038
156 117 18310
156 118 18342
156 119 18614
156 120 18662
156 121 18822
156 122 18982
156 123 19110
156 124 19190
156 125 19334
156 126 19494
156 127 19638
156 128 19974
156 129 20262
156 130 20390
156 131 20646
156 132 20598
156 133 20870
156 134 20902
156 135 21174
156 136 21222
156 137 21382
156 138 21542
156 139 21670
156 140 21750
156 141 21894
156 142 22054
156 143 22198
156 144 22598
156 145 22886
156 146 22950
156 147 23206
156 148 23158
156 149 23430
156 150 23462
156 151 23734
156 152 23782
156 153 23942
156 154 24102
156 155 24230
156 156 24310
156 157 24454
156 158 24614
156 159 24758
156 160 25094
156 161 25382
156 162 25510
156 163 25766
156 164 25718
156 165 25990
156 166 26022
156 167 26294
156 168 26342
156 169 26502
156 170 26662
156 171 26790
156 172 26870
156 173 27014
156 174 27174
156 175 27318
156 176 27462
156 177 27750
156 178 27814
156 179 28070
156 180 28022
156 181 28294
156 182 28326
156 183 28598
156 184 28646
156 185 28806
156 186 28966
156 187 29094
156 188 29174
156 189 29318
156 190 29478
156 191 29622
156 192 29958
156 193 30246
156 194 30374
156 195 30630
156 196 30582
156 197 30854
156 198 30886
156 199 31158
156 200 31206
156 201 31366
156 202 31526
156 203 31654
156 204 31734
156 205 31878
156 206 32038
156 207 32182
156 208 32582
156 209 32870
156 210 32934
156 211 33190
156 212 33142
156 213 33414
156 214 33446
156 215 33718
156 216 33766
156 217 33926
156 218 34086
156 219 34214
156 220 34294
156 221 34438
156 222 34598
156 223 34742
156 224 35078
156 225 35366
156 226 35494
156 227 35750
156 228 35702
156 229 35974
156 230 36006
156 231 36278
156 232 36326
156 233 36486
156 234 36646
156 235 36774
156 236 36854
156 237 36998
156 238 37158
156 239 37302
156 240 37446
156 241 37734
156 242 37798
156 243 38054
156 244 38006
156 245 38278
156 246 38310
156 247 38582
156 248 38630
156 249 38790
156 250 38950
156 251 39078
156 252 39158
156 253 39302
156 254 39462
156 255 39606
157 0 6
157 1 294
157 2 422
157 3 678
157 4 630
157 5 902
157 6 934
157 7 1206
157 8 1254
157 9 1414
157 10 1574
157 11 1702
157 12 1782
157 13 1926
157 14 2086
157 15 2230
157 16 2646
157 17 2934
157 18 2998
157 19 3254
157 20 3206
157 21 3478
157 22 3510
157 23 3782
157 24 3830
157 25 3990
157 26 4150
157 27 4278
157 28 4358
157 29 4502
157 30 4662
157 31 4806
157 32 5158
157 33 5446
157 34 5574
157 35 5830
157 36 5782
157 37 6054
157 38 6086
157 39 6358
157 40 6406
157 41 6566
157 42 6726
157 43 6854
157 44 6934
157 45 7078
157 46 7238
157 47 7382
157 48 7542
157 49 7830
157 50 7894
157 51 8150
157 52 8102
157 53 8374
157 54 8406
157 55 8678
157 56 8726
157 57 8886
157 58 9046
157 59 9174
157 60 9254
157 61 9398
157 62 9558
157 63 9702
157 64 10054
157 65 10342
157 66 10406
157 67 10662
157 68 10614
157 69 10886
157 70 10918
157 71 11190
157 72 11238
157 73 11398
157 74 11558
157 75 11686
157 76 11766
157 77 11910
157 78 12070
157 79 12214
157 80 12822
157 81 13110
157 82 13238
157 83 13494
157 84 13446
157 85 13718
157 86 13750
157 87 14022
157 88 13942
157 89 14230
157 90 14262
157 91 14518
157 92 14470
157 93 14742
157 94 14774
157 95 15046
157 96 15206
157 97 15494
157 98 15558
157 99 15814
157 100 15766
157 101 16038
157 102 16070
157 103 16342
157 104 16390
157 105 16550
157 106 16710
157 107 16838
157 108 16918
157 109 17062
157 110 17222
157 111 17366
157 112 17718
157 113 18006
157 114 18134
157 115 18390
157 116 18342
157 117 18614
157 118 18646
157 119 18918
157 120 18838
157 121 19126
157 122 19158
157 123 19414
157 124 19366
157 125 19638
157 126 19670
157 127 19942
157 128 20102
157 129 20390
157 130 20518
157 131 20774
157 132 20726
157 133 20998
157 134 21030
157 135 21302
157 136 21222
157 137 21510
157 138 21542
157 139 21798
157 140 21750
157 141 22022
157 142 22054
157 143 22326
157 144 22614
157 145 22902
157 146 22966
157 147 23222
157 148 23174
157 149 23446
157 150 23478
157 151 23750
157 152 23798
157 153 23958
157 154 24118
157 155 24246
157 156 24326
157 157 24470
157 158 24630
157 159 24774
157 160 25126
157 161 25414
157 162 25542
157 163 25798
157 164 25750
157 165 26022
157 166 26054
157 167 26326
157 168 26374
157 169 26534
157 170 26694
157 171 26822
157 172 26902
157 173 27046
157 174 27206
157 175 27350
157 176 27638
157 177 27926
157 178 27990
157 179 28246
157 180 28198
157 181 28470
157 182 28502
157 183 28774
157 184 28694
157 185 28982
157 186 29014
157 187 29270
157 188 29222
157 189 29494
157 190 29526
157 191 29798
157 192 30150
157 193 30438
157 194 30502
157 195 30758
157 196 30710
157 197 30982
157 198 31014
157 199 31286
157 200 31206
157 201 31494
157 202 31526
157 203 31782
157 204 31734
157 205 32006
157 206 32038
157 207 32310
157 208 32790
157 209 33078
157 210 33206
157 211 33462
157 212 33414
157 213 33686
157 214 33718
157 215 33990
157 216 33910
157 217 34198
157 218 34230
157 219 34486
157 220 34438
157 221 34710
157 222 34742
157 223 35014
157 224 35174
157 225 35462
157 226 35526
157 227 35782
157 228 35734
157 229 36006
157 230 36038
157 231 36310
157 232 36358
157 233 36518
157 234 36678
157 235 36806
157 236 36886
157 237 37030
157 238 37190
157 239 37334
157 240 37686
157 241 37974
157 242 38102
157 243 38358
157 244 38310
157 245 38582
157 246 38614
157 247 38886
157 248 38806
157 249 39094
157 250 39126
157 251 39382
157 252 39334
157 253 39606
157 254 39638
157 255 39910
158 0 6
158 1 294
158 2 422
158 3 678
158 4 630
158 5 902
158 6 934
158 7 1206
158 8 1270
158 9 1414
158 10 1574
158 11 1718
158 12 1782
158 13 1926
158 14 2086
158 15 2230
158 16 2662
158 17 2950
158 18 3014
158 19 3270
158 20 3222
158 21 3494
158 22 3526
158 23 3798
158 24 3862
158 25 4006
158 26 4166
158 27 4310
158 28 4374
158 29 4518
158 30 4678
158 31 4822
158 32 5190
158 33 5478
158 34 5542
158 35 5798
158 36 5750
158 37 6022
158 38 6054
158 39 6326
158 40 6390
158 41 6534
158 42 6694
158 43 6838
158 44 6902
158 45 7046
158 46 7206
158 47 7350
158 48 7718
158 49 8006
158 50 8134
158 51 8390
158 52 8342
158 53 8614
158 54 8646
158 55 8918
158 56 8854
158 57 9126
158 58 9158
158 59 9430
158 60 9366
158 61 9638
158 62 9670
158 63 9942
158 64 10118
158 65 10406
158 66 10534
158 67 10790
158 68 10742
158 69 11014
158 70 11046
158 71 11318
158 72 11254
158 73 11526
158 74 11558
158 75 11830
158 76 11766
158 77 12038
158 78 12070
158 79 12342
158 80 12646
158 81 12934
158 82 12998
158 83 13254
158 84 13206
158 85 13478
158 86 13510
158 87 13782
158 88 13846
158 89 13990
158 90 14150
158 91 14294
158 92 14358
158 93 14502
158 94 14662
158 95 14806
158 96 15174
158 97 15462
158 98 15526
158 99 15782
158 100 15734
158 101 16006
158 102 16038
158 103 16310
158 104 16374
158 105 16518
158 106 16678
158 107 16822
158 108 16886
158 109 17030
158 110 17190
158 111 17334
158 112 17702
158 113 17990
158 114 18118
158 115 18374
158 116 18326
158 117 18598
158 118 18630
158 119 18902
158 120 18838
158 121 19110
158 122 19142
158 123 19414
158 124 19350
158 125 19622
158 126 19654
158 127 19926
158 128 20230
158 129 20518
158 130 20646
158 131 20902
158 132 20854
158 133 21126
158 134 21158
158 135 21430
158 136 21494
158 137 21638
158 138 21798
158 139 21942
158 140 22006
158 141 22150
158 142 22310
158 143 22454
158 144 22886
158 145 23174
158 146 23238
158 147 23494
158 148 23446
158 149 23718
158 150 23750
158 151 24022
158 152 24086
158 153 24230
158 154 24390
158 155 24534
158 156 24598
158 157 24742
158 158 24902
158 159 25046
158 160 25414
158 161 25702
158 162 25766
158 163 26022
158 164 25974
158 165 26246
158 166 26278
158 167 26550
158 168 26614
158 169 26758
158 170 26918
158 171 27062
158 172 27126
158 173 27270
158 174 27430
158 175 27574
158 176 27942
158 177 28230
158 178 28358
158 179 28614
158 180 28566
158 181 28838
158 182 28870
158 183 29142
158 184 29078
158 185 29350
158 186 29382
158 187 29654
158 188 29590
158 189 29862
158 190 29894
158 191 30166
158 192 30342
158 193 30630
158 194 30758
158 195 31014
158 196 30966
158 197 31238
158 198 31270
158 199 31542
158 200 31478
158 201 31750
158 202 31782
158 203 32054
158 204 31990
158 205 32262
158 206 32294
158 207 32566
158 208 32870
158 209 33158
158 210 33222
158 211 33478
158 212 33430
158 213 33702
158 214 33734
158 215 34006
158 216 34070
158 217 34214
158 218 34374
158 219 34518
158 220 34582
158 221 34726
158 222 34886
158 223 35030
158 224 35398
158 225 35686
158 226 35750
158 227 36006
158 228 35958
158 229 36230
158 230 36262
158 231 36534
158 232 36598
158 233 36742
158 234 36902
158 235 37046
158 236 37110
158 237 37254
158 238 37414
158 239 37558
158 240 37926
158 241 38214
158 242 38342
158 243 38598
158 244 38550
158 245 38822
158 246 38854
158 247 39126
158 248 39062
158 249 39334
158 250 39366
158 251 39638
158 252 39574
158 253 39846
158 254 39878
158 255 40150
159 0 6
159 1 294
159 2 422
159 3 678
159 4 630
159 5 902
159 6 934
159 7 1206
159 8 1270
159 9 1414
159 10 1574
159 11 1718
159 12 1782
159 13 1926
159 14 2086
159 15 2230
159 16 2678
159 17 2966
159 18 3030
159 19 3286
159 20 3238
159 21 3510
159 22 3542
159 23 3814
159 24 3878
159 25 4022
159 26 4182
159 27 4326
159 28 4390
159 29 4534
159 30 4694
159 31 4838
159 32 5222
159 33 5510
159 34 5574
159 35 5830
159 36 5782
159 37 6054
159 38 6086
159 39 6358
159 40 6422
159 41 6566
159 42 6726
159 43 6870
159 44 6934
159 45 7078
159 46 7238
159 47 7382
159 48 7830
159 49 8118
159 50 8118
159 51 8374
159 52 8390
159 53 8662
159 54 8694
159 55 8966
159 56 8902
159 57 9174
159 58 9206
159 59 9478
159 60 9414
159 61 9686
159 62 9718
159 63 9990
159 64 10182
159 65 10470
159 66 10534
159 67 10790
159 68 10742
159 69 11014
159 70 11046
159 71 11318
159 72 11254
159 73 11526
159 74 11558
159 75 11830
159 76 11766
159 77 12038
159 78 12070
159 79 12342
159 80 12854
159 81 13142
159 82 13270
159 83 13526
159 84 13478
159 85 13750
159 86 13782
159 87 14054
159 88 13990
159 89 14262
159 90 14294
159 91 14566
159 92 14502
159 93 14774
159 94 14806
159 95 15078
159 96 15398
159 97 15686
159 98 15814
159 99 16070
159 100 16022
159 101 16294
159 102 16326
159 103 16598
159 104 16534
159 105 16806
159 106 16838
159 107 17110
159 108 17046
159 109 17318
159 110 17350
159 111 17622
159 112 17814
159 113 18102
159 114 18166
159 115 18422
159 116 18374
159 117 18646
159 118 18678
159 119 18950
159 120 18886
159 121 19158
159 122 19190
159 123 19462
159 124 19398
159 125 19670
159 126 19702
159 127 19974
159 128 20358
159 129 20646
159 130 20774
159 131 21030
159 132 20982
159 133 21254
159 134 21286
159 135 21558
159 136 21494
159 137 21766
159 138 21798
159 139 22070
159 140 22006
159 141 22278
159 142 22310
159 143 22582
159 144 22902
159 145 23190
159 146 23254
159 147 23510
159 148 23462
159 149 23734
159 150 23766
159 151 24038
159 152 24102
159 153 24246
159 154 24406
159 155 24550
159 156 24614
159 157 24758
159 158 24918
159 159 25062
159 160 25446
159 161 25734
159 162 25798
159 163 26054
159 164 26006
159 165 26278
159 166 26310
159 167 26582
159 168 26646
159 169 26790
159 170 26950
159 171 27094
159 172 27158
159 173 27302
159 174 27462
159 175 27606
159 176 28054
159 177 28342
159 178 28342
159 179 28598
159 180 28614
159 181 28886
159 182 28918
159 183 29190
159 184 29126
159 185 29398
159 186 29430
159 187 29702
159 188 29638
159 189 29910
159 190 29942
159 191 30214
159 192 30406
159 193 30694
159 194 30758
159 195 31014
159 196 30966
159 197 31238
159 198 31270
159 199 31542
159 200 31478
159 201 31750
159 202 31782
159 203 32054
159 204 31990
159 205 32262
159 206 32294
159 207 32566
159 208 33078
159 209 33366
159 210 33494
159 211 33750
159 212 33702
159 213 33974
159 214 34006
159 215 34278
159 216 34214
159 217 34486
159 218 34518
159 219 34790
159 220 34726
159 221 34998
159 222 35030
159 223 35302
159 224 35622
159 225 35910
159 226 36038
159 227 36294
159 228 36246
159 229 36518
159 230 36550
159 231 36822
159 232 36758
159 233 37030
159 234 37062
159 235 37334
159 236 37270
159 237 37542
159 238 37574
159 239 37846
159 240 38038
159 241 38326
159 242 38390
159 243 38646
159 244 38598
159 245 38870
159 246 38902
159 247 39174
159 248 39110
159 249 39382
159 250 39414
159 251 39686
159 252 39622
159 253 39894
159 254 39926
159 255 40198
160 0 6
160 1 390
160 2 518
160 3 902
160 4 646
160 5 902
160 6 1030
160 7 1414
160 8 1286
160 9 1670
160 10 1798
160 11 2182
160 12 1926
160 13 2182
160 14 2310
160 15 2694
160 16 2566
160 17 2950
160 18 3078
160 19 3462
160 20 3206
160 21 3462
160 22 3590
160 23 3974
160 24 3846
160 25 4230
160 26 4358
160 27 4742
160 28 4486
160 29 4742
160 30 4870
160 31 5254
160 32 5126
160 33 5510
160 34 5638
160 35 6022
160 36 5766
160 37 6022
160 38 6150
160 39 6534
160 40 6406
160 41 6790
160 42 6918
160 43 7302
160 44 7046
160 45 7302
160 46 7430
160 47 7814
160 48 7686
160 49 8070
160 50 8198
160 51 8582
160 52 8326
160 53 8582
160 54 8710
160 55 9094
160 56 8966
160 57 9350
160 58 9478
160 59 9862
160 60 9606
160 61 9862
160 62 9990
160 63 10374
160 64 10246
160 65 10630
160 66 10758
160 67 11142
160 68 10886
160 69 11142
160 70 11270
160 71 11654
160 72 11526
160 73 11910
160 74 12038
160 75 12422
160 76 12166
160 77 12422
160 78 12550
160 79 12934
160 80 12806
160 81 13190
160 82 13318
160 83 13702
160 84 13446
160 85 13702
160 86 13830
160 87 14214
160 88 14086
160 89 14470
160 90 14598
160 91 14982
160 92 14726
160 93 14982
160 94 15110
160 95 15494
160 96 15366
160 97 15750
160 98 15878
160 99 16262
160 100 16006
160 101 16262
160 102 16390
160 103 16774
160 104 16646
160 105 17030
160 106 17158
160 107 17542
160 108 17286
160 109 17542
160 110 17670
160 111 18054
160 112 17926
160 113 18310
160 114 18438
160 115 18822
160 116 18566
160 117 18822
160 118 18950
160 119 19334
160 120 19206
160 121 19590
160 122 19718
160 123 20102
160 124 19846
160 125 20102
160 126 20230
160 127 20614
160 128 20486
160 129 20870
160 130 20998
160 131 21382
160 132 21126
160 133 21382
160 134 21510
160 135 21894
160 136 21766
160 137 22150
160 138 22278
160 139 22662
160 140 22406
160 141 22662
160 142 22790
160 143 23174
160 144 23046
160 145 23430
160 146 23558
160 147 23942
160 148 23686
160 149 23942
160 150 24070
160 151 24454
160 152 24326
160 153 24710
160 154 24838
160 155 25222
160 156 24966
160 157 25222
160 158 25350
160 159 25734
160 160 25606
160 161 25990
160 162 26118
160 163 26502
160 164 26246
160 165 26502
160 166 26630
160 167 27014
160 168 26886
160 169 27270
160 170 27398
160 171 27782
160 172 27526
160 173 27782
160 174 27910
160 175 28294
160 176 28166
160 177 28550
160 178 28678
160 179 29062
160 180 28806
160 181 29062
160 182 29190
160 183 29574
160 184 29446
160 185 29830
160 186 29958
160 187 30342
160 188 30086
160 189 30342
160 190 30470
160 191 30854
160 192 30726
160 193 31110
160 194 31238
160 195 31622
160 196 31366
160 197 31622
160 198 31750
160 199 32134
160 200 32006
160 201 32390
160 202 32518
160 203 32902
160 204 32646
160 205 32902
160 206 33030
160 207 33414
160 208 33286
160 209 33670
160 210 33798
160 211 34182
160 212 33926
160 213 34182
160 214 34310
160 215 34694
160 216 34566
160 217 34950
160 218 35078
160 219 35462
160 220 35206
160 221 35462
160 222 35590
160 223 35974
160 224 35846
160 225 36230
160 226 36358
160 227 36742
160 228 36486
160 229 36742
160 230 36870
160 231 37254
160 232 37126
160 233 37510
160 234 37638
160 235 38022
160 236 37766
160 237 38022
160 238 38150
160 239 38534
160 240 38406
160 241 38790
160 242 38918
160 243 39302
160 244 39046
160 245 39302
160 246 39430
160 247 39814
160 248 39686
160 249 40070
160 250 40198
160 251 40582
160 252 40326
160 253 40582
160 254 40710
160 255 41094
161 0 6
161 1 390
161 2 518
161 3 902
161 4 646
161 5 902
161 6 1030
161 7 1414
161 8 1286
161 9 1670
161 10 1798
161 11 2182
161 12 1926
161 13 2182
161 14 2310
161 15 2694
161 16 2582
161 17 2966
161 18 3094
161 19 3478
161 20 3222
161 21 3478
161 22 3606
161 23 3990
161 24 3862
161 25 4246
161 26 4374
161 27 4758
161 28 4502
161 29 4758
161 30 4886
161 31 5270
161 32 5158
161 33 5542
161 34 5670
161 35 6054
161 36 5798
161 37 6054
161 38 6182
161 39 6566
161 40 6438
161 41 6822
161 42 6950
161 43 7334
161 44 7078
161 45 7334
161 46 7462
161 47 7846
161 48 7734
161 49 8118
161 50 8246
161 51 8630
161 52 8374
161 53 8630
161 54 8758
161 55 9142
161 56 9014
161 57 9398
161 58 9526
161 59 9910
161 60 9654
161 61 9910
161 62 10038
161 63 10422
161 64 10310
161 65 10630
161 66 10822
161 67 11142
161 68 10950
161 69 11142
161 70 11334
161 71 11654
161 72 11590
161 73 11910
161 74 12102
161 75 12422
161 76 12230
161 77 12422
161 78 12614
161 79 12934
161 80 12886
161 81 13206
161 82 13398
161 83 13718
161 84 13526
161 85 13718
161 86 13910
161 87 14230
161 88 14166
161 89 14486
161 90 14678
161 91 14998
161 92 14806
161 93 14998
161 94 15190
161 95 15510
161 96 15462
161 97 15782
161 98 15974
161 99 16294
161 100 16102
161 101 16294
161 102 16486
161 103 16806
161 104 16742
161 105 17062
161 106 17254
161 107 17574
161 108 17382
161 109 17574
161 110 17766
161 111 18086
161 112 18038
161 113 18358
161 114 18550
161 115 18870
161 116 18678
161 117 18870
161 118 19062
161 119 19382
161 120 19318
161 121 19638
161 122 19830
161 123 20150
161 124 19958
161 125 20150
161 126 20342
161 127 20662
161 128 20614
161 129 20998
161 130 20998
161 131 21382
161 132 21126
161 133 21510
161 134 21510
161 135 21894
161 136 21894
161 137 22278
161 138 22278
161 139 22662
161 140 22406
161 141 22790
161 142 22790
161 143 23174
161 144 23190
161 145 23574
161 146 23574
161 147 23958
161 148 23702
161 149 24086
161 150 24086
161 151 24470
161 152 24470
161 153 24854
161 154 24854
161 155 25238
161 156 24982
161 157 25366
161 158 25366
161 159 25750
161 160 25766
161 161 26150
161 162 26150
161 163 26534
161 164 26278
161 165 26662
161 166 26662
161 167 27046
161 168 27046
161 169 27430
161 170 27430
161 171 27814
161 172 27558
161 173 27942
161 174 27942
161 175 28326
161 176 28342
161 177 28726
161 178 28726
161 179 29110
161 180 28854
161 181 29238
161 182 29238
161 183 29622
161 184 29622
161 185 30006
161 186 30006
161 187 30390
161 188 30134
161 189 30518
161 190 30518
161 191 30902
161 192 30918
161 193 31238
161 194 31302
161 195 31622
161 196 31430
161 197 31750
161 198 31814
161 199 32134
161 200 32198
161 201 32518
161 202 32582
161 203 32902
161 204 32710
161 205 33030
161 206 33094
161 207 33414
161 208 33494
161 209 33814
161 210 33878
161 211 34198
161 212 34006
161 213 34326
161 214 34390
161 215 34710
161 216 34774
161 217 35094
161 218 35158
161 219 35478
161 220 35286
161 221 35606
161 222 35670
161 223 35990
161 224 36070
161 225 36390
161 226 36454
161 227 36774
161 228 36582
161 229 36902
161 230 36966
161 231 37286
161 232 37350
161 233 37670
161 234 37734
161 235 38054
161 236 37862
161 237 38182
161 238 38246
161 239 38566
161 240 38646
161 241 38966
161 242 39030
161 243 39350
161 244 39158
161 245 39478
161 246 39542
161 247 39862
161 248 39926
161 249 40246
161 250 40310
161 251 40630
161 252 40438
161 253 40758
161 254 40822
161 255 41142
162 0 6
162 1 390
162 2 518
162 3 902
162 4 646
162 5 902
162 6 1030
162 7 1414
162 8 1302
162 9 1686
162 10 1814
162 11 2198
162 12 1942
162 13 2198
162 14 2326
162 15 2710
162 16 2598
162 17 2982
162 18 3110
162 19 3494
162 20 3238
162 21 3494
162 22 3622
162 23 4006
162 24 3894
162 25 4278
162 26 4406
162 27 4790
162 28 4534
162 29 4790
162 30 4918
162 31 5302
162 32 5190
162 33 5510
162 34 5702
162 35 6022
162 36 5830
162 37 6022
162 38 6214
162 39 6534
162 40 6486
162 41 6806
162 42 6998
162 43 7318
162 44 7126
162 45 7318
162 46 7510
162 47 7830
162 48 7782
162 49 8102
162 50 8294
162 51 8614
162 52 8422
162 53 8614
162 54 8806
162 55 9126
162 56 9078
162 57 9398
162 58 9590
162 59 9910
162 60 9718
162 61 9910
162 62 10102
162 63 10422
162 64 10374
162 65 10758
162 66 10758
162 67 11142
162 68 10886
162 69 11270
162 70 11270
162 71 11654
162 72 11670
162 73 12054
162 74 12054
162 75 12438
162 76 12182
162 77 12566
162 78 12566
162 79 12950
162 80 12966
162 81 13350
162 82 13350
162 83 13734
162 84 13478
162 85 13862
162 86 13862
162 87 14246
162 88 14262
162 89 14646
162 90 14646
162 91 15030
162 92 14774
162 93 15158
162 94 15158
162 95 15542
162 96 15558
162 97 15878
162 98 15942
162 99 16262
162 100 16070
162 101 16390
162 102 16454
162 103 16774
162 104 16854
162 105 17174
162 106 17238
162 107 17558
162 108 17366
162 109 17686
162 110 17750
162 111 18070
162 112 18150
162 113 18470
162 114 18534
162 115 18854
162 116 18662
162 117 18982
162 118 19046
162 119 19366
162 120 19446
162 121 19766
162 122 19830
162 123 20150
162 124 19958
162 125 20278
162 126 20342
162 127 20662
162 128 20742
162 129 21126
162 130 21254
162 131 21638
162 132 21382
162 133 21638
162 134 21766
162 135 22150
162 136 22038
162 137 22422
162 138 22550
162 139 22934
162 140 22678
162 141 22934
162 142 23062
162 143 23446
162 144 23334
162 145 23718
162 146 23846
162 147 24230
162 148 23974
162 149 24230
162 150 24358
162 151 24742
162 152 24630
162 153 25014
162 154 25142
162 155 25526
162 156 25270
162 157 25526
162 158 25654
162 159 26038
162 160 25926
162 161 26246
162 162 26438
162 163 26758
162 164 26566
162 165 26758
162 166 26950
162 167 27270
162 168 27222
162 169 27542
162 170 27734
162 171 28054
162 172 27862
162 173 28054
162 174 28246
162 175 28566
162 176 28518
162 177 28838
162 178 29030
162 179 29350
162 180 29158
162 181 29350
162 182 29542
162 183 29862
162 184 29814
162 185 30134
162 186 30326
162 187 30646
162 188 30454
162 189 30646
162 190 30838
162 191 31158
162 192 31110
162 193 31494
162 194 31494
162 195 31878
162 196 31622
162 197 32006
162 198 32006
162 199 32390
162 200 32406
162 201 32790
162 202 32790
162 203 33174
162 204 32918
162 205 33302
162 206 33302
162 207 33686
162 208 33702
162 209 34086
162 210 34086
162 211 34470
162 212 34214
162 213 34598
162 214 34598
162 215 34982
162 216 34998
162 217 35382
162 218 35382
162 219 35766
162 220 35510
162 221 35894
162 222 35894
162 223 36278
162 224 36294
162 225 36614
162 226 36678
162 227 36998
162 228 36806
162 229 37126
162 230 37190
162 231 37510
162 232 37590
162 233 37910
162 234 37974
162 235 38294
162 236 38102
162 237 38422
162 238 38486
162 239 38806
162 240 38886
162 241 39206
162 242 39270
162 243 39590
162 244 39398
162 245 39718
162 246 39782
162 247 40102
162 248 40182
162 249 40502
162 250 40566
162 251 40886
162 252 40694
162 253 41014
162 254 41078
162 255 41398
163 0 6
163 1 390
163 2 518
163 3 902
163 4 646
163 5 902
163 6 1030
163 7 1414
163 8 1302
163 9 1686
163 10 1814
163 11 2198
163 12 1942
163 13 2198
163 14 2326
163 15 2710
163 16 2614
163 17 2998
163 18 3126
163 19 3510
163 20 3254
163 21 3510
163 22 3638
163 23 4022
163 24 3910
163 25 4294
163 26 4422
163 27 4806
163 28 4550
163 29 4806
163 30 4934
163 31 5318
163 32 5222
163 33 5542
163 34 5734
163 35 6054
163 36 5862
163 37 6054
163 38 6246
163 39 6566
163 40 6518
163 41 6838
163 42 7030
163 43 7350
163 44 7158
163 45 7350
163 46 7542
163 47 7862
163 48 7830
163 49 8150
163 50 8342
163 51 8662
163 52 8470
163 53 8662
163 54 8854
163 55 9174
163 56 9126
163 57 9446
163 58 9638
163 59 9958
163 60 9766
163 61 9958
163 62 10150
163 63 10470
163 64 10438
163 65 10758
163 66 10822
163 67 11142
163 68 10950
163 69 11270
163 70 11334
163 71 11654
163 72 11734
163 73 12054
163 74 12118
163 75 12438
163 76 12246
163 77 12566
163 78 12630
163 79 12950
163 80 13046
163 81 13366
163 82 13430
163 83 13750
163 84 13558
163 85 13878
163 86 13942
163 87 14262
163 88 14342
163 89 14662
163 90 14726
163 91 15046
163 92 14854
163 93 15174
163 94 15238
163 95 15558
163 96 15654
163 97 16038
163 98 16038
163 99 16422
163 100 16166
163 101 16550
163 102 16550
163 103 16934
163 104 16950
163 105 17334
163 106 17334
163 107 17718
163 108 17462
163 109 17846
163 110 17846
163 111 18230
163 112 18326
163 113 18582
163 114 18710
163 115 18966
163 116 18838
163 117 19094
163 118 19222
163 119 19478
163 120 19622
163 121 19878
163 122 20006
163 123 20262
163 124 20134
163 125 20390
163 126 20518
163 127 20774
163 128 20870
163 129 21254
163 130 21254
163 131 21638
163 132 21382
163 133 21766
163 134 21766
163 135 22150
163 136 22166
163 137 22550
163 138 22550
163 139 22934
163 140 22678
163 141 23062
163 142 23062
163 143 23446
163 144 23478
163 145 23862
163 146 23862
163 147 24246
163 148 23990
163 149 24374
163 150 24374
163 151 24758
163 152 24774
163 153 25158
163 154 25158
163 155 25542
163 156 25286
163 157 25670
163 158 25670
163 159 26054
163 160 26086
163 161 26406
163 162 26470
163 163 26790
163 164 26598
163 165 26918
163 166 26982
163 167 27302
163 168 27382
163 169 27702
163 170 27766
163 171 28086
163 172 27894
163 173 28214
163 174 28278
163 175 28598
163 176 28694
163 177 29014
163 178 29078
163 179 29398
163 180 29206
163 181 29526
163 182 29590
163 183 29910
163 184 29990
163 185 30310
163 186 30374
163 187 30694
163 188 30502
163 189 30822
163 190 30886
163 191 31206
163 192 31174
163 193 31494
163 194 31558
163 195 31878
163 196 31686
163 197 32006
163 198 32070
163 199 32390
163 200 32470
163 201 32790
163 202 32854
163 203 33174
163 204 32982
163 205 33302
163 206 33366
163 207 33686
163 208 33782
163 209 34102
163 210 34166
163 211 34486
163 212 34294
163 213 34614
163 214 34678
163 215 34998
163 216 35078
163 217 35398
163 218 35462
163 219 35782
163 220 35590
163 221 35910
163 222 35974
163 223 36294
163 224 36390
163 225 36774
163 226 36774
163 227 37158
163 228 36902
163 229 37286
163 230 37286
163 231 37670
163 232 37686
163 233 38070
163 234 38070
163 235 38454
163 236 38198
163 237 38582
163 238 38582
163 239 38966
163 240 39062
163 241 39318
163 242 39446
163 243 39702
163 244 39574
163 245 39830
163 246 39958
163 247 40214
163 248 40358
163 249 40614
163 250 40742
163 251 40998
163 252 40870
163 253 41126
163 254 41254
163 255 41510
164 0 6
164 1 390
164 2 518
164 3 902
164 4 662
164 5 918
164 6 1046
164 7 1430
164 8 1318
164 9 1670
164 10 1830
164 11 2182
164 12 1974
164 13 2198
164 14 2358
164 15 2710
164 16 2630
164 17 2950
164 18 3142
164 19 3462
164 20 3286
164 21 3478
164 22 3670
164 23 3990
164 24 3942
164 25 4230
164 26 4454
164 27 4742
164 28 4598
164 29 4758
164 30 4982
164 31 5270
164 32 5382
164 33 5766
164 34 5894
164 35 6278
164 36 6038
164 37 6294
164 38 6422
164 39 6806
164 40 6694
164 41 7046
164 42 7206
164 43 7558
164 44 7350
164 45 7574
164 46 7734
164 47 8086
164 48 8006
164 49 8326
164 50 8518
164 51 8838
164 52 8662
164 53 8854
164 54 9046
164 55 9366
164 56 9318
164 57 9606
164 58 9830
164 59 10118
164 60 9974
164 61 10134
164 62 10358
164 63 10646
164 64 10502
164 65 10886
164 66 11014
164 67 11398
164 68 11158
164 69 11414
164 70 11542
164 71 11926
164 72 11814
164 73 12166
164 74 12326
164 75 12678
164 76 12470
164 77 12694
164 78 12854
164 79 13206
164 80 13126
164 81 13446
164 82 13638
164 83 13958
164 84 13782
164 85 13974
164 86 14166
164 87 14486
164 88 14438
164 89 14726
164 90 14950
164 91 15238
164 92 15094
164 93 15254
164 94 15478
164 95 15766
164 96 15878
164 97 16262
164 98 16390
164 99 16774
164 100 16534
164 101 16790
164 102 16918
164 103 17302
164 104 17190
164 105 17542
164 106 17702
164 107 18054
164 108 17846
164 109 18070
164 110 18230
164 111 18582
164 112 18502
164 113 18822
164 114 19014
164 115 19334
164 116 19158
164 117 19350
164 118 19542
164 119 19862
164 120 19814
164 121 20102
164 122 20326
164 123 20614
164 124 20470
164 125 20630
164 126 20854
164 127 21142
164 128 20998
164 129 21382
164 130 21510
164 131 21894
164 132 21654
164 133 21910
164 134 22038
164 135 22422
164 136 22310
164 137 22662
164 138 22822
164 139 23174
164 140 22966
164 141 23190
164 142 23350
164 143 23702
164 144 23622
164 145 23942
164 146 24134
164 147 24454
164 148 24278
164 149 24470
164 150 24662
164 151 24982
164 152 24934
164 153 25222
164 154 25446
164 155 25734
164 156 25590
164 157 25750
164 158 25974
164 159 26262
164 160 26374
164 161 26758
164 162 26886
164 163 27270
164 164 27030
164 165 27286
164 166 27414
164 167 27798
164 168 27686
164 169 28038
164 170 28198
164 171 28550
164 172 28342
164 173 28566
164 174 28726
164 175 29078
164 176 28998
164 177 29318
164 178 29510
164 179 29830
164 180 29654
164 181 29846
164 182 30038
164 183 30358
164 184 30310
164 185 30598
164 186 30822
164 187 31110
164 188 30966
164 189 31126
164 190 31350
164 191 31638
164 192 31494
164 193 31878
164 194 32006
164 195 32390
164 196 32150
164 197 32406
164 198 32534
164 199 32918
164 200 32806
164 201 33158
164 202 33318
164 203 33670
164 204 33462
164 205 33686
164 206 33846
164 207 34198
164 208 34118
164 209 34438
164 210 34630
164 211 34950
164 212 34774
164 213 34966
164 214 35158
164 215 35478
164 216 35430
164 217 35718
164 218 35942
164 219 36230
164 220 36086
164 221 36246
164 222 36470
164 223 36758
164 224 36870
164 225 37254
164 226 37382
164 227 37766
164 228 37526
164 229 37782
164 230 37910
164 231 38294
164 232 38182
164 233 38534
164 234 38694
164 235 39046
164 236 38838
164 237 39062
164 238 39222
164 239 39574
164 240 39494
164 241 39814
164 242 40006
164 243 40326
164 244 40150
164 245 40342
164 246 40534
164 247 40854
164 248 40806
164 249 41094
164 250 41318
164 251 41606
164 252 41462
164 253 41622
164 254 41846
164 255 42134
165 0 6
165 1 390
165 2 518
165 3 902
165 4 662
165 5 918
165 6 1046
165 7 1430
165 8 1318
165 9 1670
165 10 1830
165 11 2182
165 12 1974
165 13 2198
165 14 2358
165 15 2710
165 16 2646
165 17 2966
165 18 3158
165 19 3478
165 20 3302
165 21 3494
165 22 3686
165 23 4006
165 24 3958
165 25 4246
165 26 4470
165 27 4758
165 28 4614
165 29 4774
165 30 4998
165 31 5286
165 32 5414
165 33 5798
165 34 5926
165 35 6310
165 36 6070
165 37 6326
165 38 6454
165 39 6838
165 40 6726
165 41 7078
165 42 7238
165 43 7590
165 44 7382
165 45 7606
165 46 7766
165 47 8118
165 48 8054
165 49 8374
165 50 8566
165 51 8886
165 52 8710
165 53 8902
165 54 9094
165 55 9414
165 56 9366
165 57 9654
165 58 9878
165 59 10166
165 60 10022
165 61 10182
165 62 10406
165 63 10694
165 64 10566
165 65 10886
165 66 11078
165 67 11398
165 68 11222
165 69 11414
165 70 11606
165 71 11926
165 72 11878
165 73 12166
165 74 12390
165 75 12678
165 76 12534
165 77 12694
165 78 12918
165 79 13206
165 80 13334
165 81 13718
165 82 13590
165 83 13974
165 84 13862
165 85 14246
165 86 14246
165 87 14502
165 88 14646
165 89 14998
165 90 14902
165 91 15254
165 92 15174
165 93 15526
165 94 15558
165 95 15782
165 96 15974
165 97 16294
165 98 16486
165 99 16806
165 100 16630
165 101 16822
165 102 17014
165 103 17334
165 104 17286
165 105 17574
165 106 17798
165 107 18086
165 108 17942
165 109 18102
165 110 18326
165 111 18614
165 112 18742
165 113 19126
165 114 18998
165 115 19382
165 116 19270
165 117 19654
165 118 19654
165 119 19910
165 120 20054
165 121 20406
165 122 20310
165 123 20662
165 124 20582
165 125 20934
165 126 20966
165 127 21190
165 128 21126
165 129 21510
165 130 21510
165 131 21894
165 132 21654
165 133 22038
165 134 22038
165 135 22422
165 136 22438
165 137 22790
165 138 22822
165 139 23174
165 140 22966
165 141 23318
165 142 23350
165 143 23702
165 144 23766
165 145 24086
165 146 24150
165 147 24470
165 148 24294
165 149 24614
165 150 24678
165 151 24998
165 152 25078
165 153 25366
165 154 25462
165 155 25750
165 156 25606
165 157 25894
165 158 25990
165 159 26278
165 160 26406
165 161 26790
165 162 26918
165 163 27302
165 164 27062
165 165 27318
165 166 27446
165 167 27830
165 168 27718
165 169 28070
165 170 28230
165 171 28582
165 172 28374
165 173 28598
165 174 28758
165 175 29110
165 176 29046
165 177 29366
165 178 29558
165 179 29878
165 180 29702
165 181 29894
165 182 30086
165 183 30406
165 184 30358
165 185 30646
165 186 30870
165 187 31158
165 188 31014
165 189 31174
165 190 31398
165 191 31686
165 192 31686
165 193 32006
165 194 32070
165 195 32390
165 196 32214
165 197 32534
165 198 32598
165 199 32918
165 200 32998
165 201 33286
165 202 33382
165 203 33670
165 204 33526
165 205 33814
165 206 33910
165 207 34198
165 208 34326
165 209 34710
165 210 34710
165 211 35094
165 212 34854
165 213 35238
165 214 35238
165 215 35622
165 216 35638
165 217 35990
165 218 36022
165 219 36374
165 220 36166
165 221 36518
165 222 36550
165 223 36902
165 224 36966
165 225 37286
165 226 37478
165 227 37798
165 228 37622
165 229 37814
165 230 38006
165 231 38326
165 232 38278
165 233 38566
165 234 38790
165 235 39078
165 236 38934
165 237 39094
165 238 39318
165 239 39606
165 240 39734
165 241 40118
165 242 39990
165 243 40374
165 244 40262
165 245 40646
165 246 40646
165 247 40902
165 248 41046
165 249 41398
165 250 41302
165 251 41654
165 252 41574
165 253 41926
165 254 41958
165 255 42182
166 0 6
166 1 390
166 2 518
166 3 902
166 4 662
166 5 918
166 6 1046
166 7 1430
166 8 1334
166 9 1686
166 10 1846
166 11 2198
166 12 1974
166 13 2198
166 14 2358
166 15 2710
166 16 2662
166 17 2982
166 18 3174
166 19 3494
166 20 3318
166 21 3510
166 22 3702
166 23 4022
166 24 3990
166 25 4278
166 26 4502
166 27 4790
166 28 4630
166 29 4790
166 30 5014
166 31 5302
166 32 5446
166 33 5766
166 34 5958
166 35 6278
166 36 6102
166 37 6294
166 38 6486
166 39 6806
166 40 6774
166 41 7062
166 42 7286
166 43 7574
166 44 7414
166 45 7574
166 46 7798
166 47 8086
166 48 8230
166 49 8614
166 50 8486
166 51 8870
166 52 8758
166 53 9142
166 54 9142
166 55 9398
166 56 9558
166 57 9910
166 58 9814
166 59 10166
166 60 10070
166 61 10422
166 62 10454
166 63 10678
166 64 10630
166 65 11014
166 66 11014
166 67 11398
166 68 11158
166 69 11542
166 70 11542
166 71 11926
166 72 11958
166 73 12310
166 74 12342
166 75 12694
166 76 12470
166 77 12822
166 78 12854
166 79 13206
166 80 13286
166 81 13606
166 82 13670
166 83 13990
166 84 13814
166 85 14134
166 86 14198
166 87 14518
166 88 14614
166 89 14902
166 90 14998
166 91 15286
166 92 15126
166 93 15414
166 94 15510
166 95 15798
166 96 15942
166 97 16262
166 98 16454
166 99 16774
166 100 16598
166 101 16790
166 102 16982
166 103 17302
166 104 17270
166 105 17558
166 106 17782
166 107 18070
166 108 17910
166 109 18070
166 110 18294
166 111 18582
166 112 18726
166 113 19110
166 114 18982
166 115 19366
166 116 19254
166 117 19638
166 118 19638
166 119 19894
166 120 20054
166 121 20406
166 122 20310
166 123 20662
166 124 20566
166 125 20918
166 126 20950
166 127 21174
166 128 21254
166 129 21638
166 130 21766
166 131 22150
166 132 21910
166 133 22166
166 134 22294
166 135 22678
166 136 22582
166 137 22934
166 138 23094
166 139 23446
166 140 23222
166 141 23446
166 142 23606
166 143 23958
166 144 23910
166 145 24230
166 146 24422
166 147 24742
166 148 24566
166 149 24758
166 150 24950
166 151 25270
166 152 25238
166 153 25526
166 154 25750
166 155 26038
166 156 25878
166 157 26038
166 158 26262
166 159 26550
166 160 26694
166 161 27014
166 162 27206
166 163 27526
166 164 27350
166 165 27542
166 166 27734
166 167 28054
166 168 28022
166 169 28310
166 170 28534
166 171 28822
166 172 28662
166 173 28822
166 174 29046
166 175 29334
166 176 29478
166 177 29862
166 178 29734
166 179 30118
166 180 30006
166 181 30390
166 182 30390
166 183 30646
166 184 30806
166 185 31158
166 186 31062
166 187 31414
166 188 31318
166 189 31670
166 190 31702
166 191 31926
166 192 31878
166 193 32262
166 194 32262
166 195 32646
166 196 32406
166 197 32790
166 198 32790
166 199 33174
166 200 33206
166 201 33558
166 202 33590
166 203 33942
166 204 33718
166 205 34070
166 206 34102
166 207 34454
166 208 34534
166 209 34854
166 210 34918
166 211 35238
166 212 35062
166 213 35382
166 214 35446
166 215 35766
166 216 35862
166 217 36150
166 218 36246
166 219 36534
166 220 36374
166 221 36662
166 222 36758
166 223 37046
166 224 37190
166 225 37510
166 226 37702
166 227 38022
166 228 37846
166 229 38038
166 230 38230
166 231 38550
166 232 38518
166 233 38806
166 234 39030
166 235 39318
166 236 39158
166 237 39318
166 238 39542
166 239 39830
166 240 39974
166 241 40358
166 242 40230
166 243 40614
166 244 40502
166 245 40886
166 246 40886
166 247 41142
166 248 41302
166 249 41654
166 250 41558
166 251 41910
166 252 41814
166 253 42166
166 254 42198
166 255 42422
167 0 6
167 1 390
167 2 518
167 3 902
167 4 662
167 5 918
167 6 1046
167 7 1430
167 8 1334
167 9 1686
167 10 1846
167 11 2198
167 12 1974
167 13 2198
167 14 2358
167 15 2710
167 16 2678
167 17 2998
167 18 3190
167 19 3510
167 20 3334
167 21 3526
167 22 3718
167 23 4038
167 24 4006
167 25 4294
167 26 4518
167 27 4806
167 28 4646
167 29 4806
167 30 5030
167 31 5318
167 32 5478
167 33 5798
167 34 5990
167 35 6310
167 36 6134
167 37 6326
167 38 6518
167 39 6838
167 40 6806
167 41 7094
167 42 7318
167 43 7606
167 44 7446
167 45 7606
167 46 7830
167 47 8118
167 48 8342
167 49 8598
167 50 8598
167 51 8854
167 52 8870
167 53 9126
167 54 9254
167 55 9382
167 56 9670
167 57 9894
167 58 9926
167 59 10150
167 60 10182
167 61 10406
167 62 10566
167 63 10662
167 64 10694
167 65 11014
167 66 11078
167 67 11398
167 68 11222
167 69 11542
167 70 11606
167 71 11926
167 72 12022
167 73 12310
167 74 12406
167 75 12694
167 76 12534
167 77 12822
167 78 12918
167 79 13206
167 80 13366
167 81 13750
167 82 13750
167 83 14134
167 84 13894
167 85 14278
167 86 14278
167 87 14662
167 88 14694
167 89 15046
167 90 15078
167 91 15430
167 92 15206
167 93 15558
167 94 15590
167 95 15942
167 96 16166
167 97 16550
167 98 16422
167 99 16806
167 100 16694
167 101 17078
167 102 17078
167 103 17334
167 104 17494
167 105 17846
167 106 17750
167 107 18102
167 108 18006
167 109 18358
167 110 18390
167 111 18614
167 112 18838
167 113 19158
167 114 19094
167 115 19414
167 116 19366
167 117 19686
167 118 19750
167 119 19942
167 120 20166
167 121 20454
167 122 20422
167 123 20710
167 124 20678
167 125 20966
167 126 21062
167 127 21222
167 128 21382
167 129 21766
167 130 21766
167 131 22150
167 132 21910
167 133 22294
167 134 22294
167 135 22678
167 136 22710
167 137 23062
167 138 23094
167 139 23446
167 140 23222
167 141 23574
167 142 23606
167 143 23958
167 144 24054
167 145 24374
167 146 24438
167 147 24758
167 148 24582
167 149 24902
167 150 24966
167 151 25286
167 152 25382
167 153 25670
167 154 25766
167 155 26054
167 156 25894
167 157 26182
167 158 26278
167 159 26566
167 160 26726
167 161 27046
167 162 27238
167 163 27558
167 164 27382
167 165 27574
167 166 27766
167 167 28086
167 168 28054
167 169 28342
167 170 28566
167 171 28854
167 172 28694
167 173 28854
167 174 29078
167 175 29366
167 176 29590
167 177 29846
167 178 29846
167 179 30102
167 180 30118
167 181 30374
167 182 30502
167 183 30630
167 184 30918
167 185 31142
167 186 31174
167 187 31398
167 188 31430
167 189 31654
167 190 31814
167 191 31910
167 192 31942
167 193 32262
167 194 32326
167 195 32646
167 196 32470
167 197 32790
167 198 32854
167 199 33174
167 200 33270
167 201 33558
167 202 33654
167 203 33942
167 204 33782
167 205 34070
167 206 34166
167 207 34454
167 208 34614
167 209 34998
167 210 34998
167 211 35382
167 212 35142
167 213 35526
167 214 35526
167 215 35910
167 216 35942
167 217 36294
167 218 36326
167 219 36678
167 220 36454
167 221 36806
167 222 36838
167 223 37190
167 224 37414
167 225 37798
167 226 37670
167 227 38054
167 228 37942
167 229 38326
167 230 38326
167 231 38582
167 232 38742
167 233 39094
167 234 38998
167 235 39350
167 236 39254
167 237 39606
167 238 39638
167 239 39862
167 240 40086
167 241 40406
167 242 40342
167 243 40662
167 244 40614
167 245 40934
167 246 40998
167 247 41190
167 248 41414
167 249 41702
167 250 41670
167 251 41958
167 252 41926
167 253 42214
167 254 42310
167 255 42470
168 0 6
168 1 390
168 2 550
168 3 934
168 4 678
168 5 902
168 6 1094
168 7 1446
168 8 1350
168 9 1670
168 10 1830
168 11 2214
168 12 2022
168 13 2182
168 14 2374
168 15 2726
168 16 2822
168 17 3206
168 18 3366
168 19 3750
168 20 3494
168 21 3718
168 22 3910
168 23 4262
168 24 4166
168 25 4486
168 26 4646
168 27 5030
168 28 4838
168 29 4998
168 30 5190
168 31 5542
168 32 5382
168 33 5766
168 34 5926
168 35 6310
168 36 6054
168 37 6278
168 38 6470
168 39 6822
168 40 6726
168 41 7046
168 42 7206
168 43 7590
168 44 7398
168 45 7558
168 46 7750
168 47 8102
168 48 8198
168 49 8582
168 50 8742
168 51 9126
168 52 8870
168 53 9094
168 54 9286
168 55 9638
168 56 9542
168 57 9862
168 58 10022
168 59 10406
168 60 10214
168 61 10374
168 62 10566
168 63 10918
168 64 10758
168 65 11142
168 66 11302
168 67 11686
168 68 11430
168 69 11654
168 70 11846
168 71 12198
168 72 12102
168 73 12422
168 74 12582
168 75 12966
168 76 12774
168 77 12934
168 78 13126
168 79 13478
168 80 13574
168 81 13958
168 82 14118
168 83 14502
168 84 14246
168 85 14470
168 86 14662
168 87 15014
168 88 14918
168 89 15238
168 90 15398
168 91 15782
168 92 15590
168 93 15750
168 94 15942
168 95 16294
168 96 16134
168 97 16518
168 98 16678
168 99 17062
168 100 16806
168 101 17030
168 102 17222
168 103 17574
168 104 17478
168 105 17798
168 106 17958
168 107 18342
168 108 18150
168 109 18310
168 110 18502
168 111 18854
168 112 18950
168 113 19334
168 114 19494
168 115 19878
168 116 19622
168 117 19846
168 118 20038
168 119 20390
168 120 20294
168 121 20614
168 122 20774
168 123 21158
168 124 20966
168 125 21126
168 126 21318
168 127 21670
168 128 21510
168 129 21894
168 130 22054
168 131 22438
168 132 22182
168 133 22406
168 134 22598
168 135 22950
168 136 22854
168 137 23174
168 138 23334
168 139 23718
168 140 23526
168 141 23686
168 142 23878
168 143 24230
168 144 24326
168 145 24710
168 146 24870
168 147 25254
168 148 24998
168 149 25222
168 150 25414
168 151 25766
168 152 25670
168 153 25990
168 154 26150
168 155 26534
168 156 26342
168 157 26502
168 158 26694
168 159 27046
168 160 26886
168 161 27270
168 162 27430
168 163 27814
168 164 27558
168 165 27782
168 166 27974
168 167 28326
168 168 28230
168 169 28550
168 170 28710
168 171 29094
168 172 28902
168 173 29062
168 174 29254
168 175 29606
168 176 29702
168 177 30086
168 178 30246
168 179 30630
168 180 30374
168 181 30598
168 182 30790
168 183 31142
168 184 31046
168 185 31366
168 186 31526
168 187 31910
168 188 31718
168 189 31878
168 190 32070
168 191 32422
168 192 32262
168 193 32646
168 194 32806
168 195 33190
168 196 32934
168 197 33158
168 198 33350
168 199 33702
168 200 33606
168 201 33926
168 202 34086
168 203 34470
168 204 34278
168 205 34438
168 206 34630
168 207 34982
168 208 35078
168 209 35462
168 210 35622
168 211 36006
168 212 35750
168 213 35974
168 214 36166
168 215 36518
168 216 36422
168 217 36742
168 218 36902
168 219 37286
168 220 37094
168 221 37254
168 222 37446
168 223 37798
168 224 37638
168 225 38022
168 226 38182
168 227 38566
168 228 38310
168 229 38534
168 230 38726
168 231 39078
168 232 38982
168 233 39302
168 234 39462
168 235 39846
168 236 39654
168 237 39814
168 238 40006
168 239 40358
168 240 40454
168 241 40838
168 242 40998
168 243 41382
168 244 41126
168 245 41350
168 246 41542
168 247 41894
168 248 41798
168 249 42118
168 250 42278
168 251 42662
168 252 42470
168 253 42630
168 254 42822
168 255 43174
169 0 6
169 1 390
169 2 550
169 3 934
169 4 678
169 5 902
169 6 1094
169 7 1446
169 8 1350
169 9 1670
169 10 1830
169 11 2214
169 12 2022
169 13 2182
169 14 2374
169 15 2726
169 16 2838
169 17 3222
169 18 3382
169 19 3766
169 20 3510
169 21 3734
169 22 3926
169 23 4278
169 24 4182
169 25 4502
169 26 4662
169 27 5046
169 28 4854
169 29 5014
169 30 5206
169 31 5558
169 32 5414
169 33 5798
169 34 5958
169 35 6342
169 36 6086
169 37 6310
169 38 6502
169 39 6854
169 40 6758
169 41 7078
169 42 7238
169 43 7622
169 44 7430
169 45 7590
169 46 7782
169 47 8134
169 48 8246
169 49 8630
169 50 8790
169 51 9174
169 52 8918
169 53 9142
169 54 9334
169 55 9686
169 56 9590
169 57 9910
169 58 10070
169 59 10454
169 60 10262
169 61 10422
169 62 10614
169 63 10966
169 64 10822
169 65 11142
169 66 11366
169 67 11686
169 68 11494
169 69 11654
169 70 11910
169 71 12198
169 72 12102
169 73 12422
169 74 12646
169 75 12966
169 76 12774
169 77 12934
169 78 13190
169 79 13478
169 80 13654
169 81 13974
169 82 14198
169 83 14518
169 84 14326
169 85 14486
169 86 14742
169 87 15030
169 88 14934
169 89 15254
169 90 15478
169 91 15798
169 92 15606
169 93 15766
169 94 16022
169 95 16310
169 96 16230
169 97 16550
169 98 16774
169 99 17094
169 100 16902
169 101 17062
169 102 17318
169 103 17606
169 104 17510
169 105 17830
169 106 18054
169 107 18374
169 108 18182
169 109 18342
169 110 18598
169 111 18886
169 112 19062
169 113 19382
169 114 19606
169 115 19926
169 116 19734
169 117 19894
169 118 20150
169 119 20438
169 120 20342
169 121 20662
169 122 20886
169 123 21206
169 124 21014
169 125 21174
169 126 21430
169 127 21718
169 128 21638
169 129 22022
169 130 22054
169 131 22438
169 132 22182
169 133 22534
169 134 22598
169 135 22950
169 136 22982
169 137 23302
169 138 23334
169 139 23718
169 140 23526
169 141 23814
169 142 23878
169 143 24230
169 144 24342
169 145 24726
169 146 24886
169 147 25270
169 148 25014
169 149 25238
169 150 25430
169 151 25782
169 152 25686
169 153 26006
169 154 26166
169 155 26550
169 156 26358
169 157 26518
169 158 26710
169 159 27062
169 160 27046
169 161 27430
169 162 27462
169 163 27846
169 164 27590
169 165 27942
169 166 28006
169 167 28358
169 168 28390
169 169 28710
169 170 28742
169 171 29126
169 172 28934
169 173 29222
169 174 29286
169 175 29638
169 176 29750
169 177 30134
169 178 30294
169 179 30678
169 180 30422
169 181 30646
169 182 30838
169 183 31190
169 184 31094
169 185 31414
169 186 31574
169 187 31958
169 188 31766
169 189 31926
169 190 32118
169 191 32470
169 192 32454
169 193 32774
169 194 32870
169 195 33190
169 196 32998
169 197 33286
169 198 33414
169 199 33702
169 200 33734
169 201 34054
169 202 34150
169 203 34470
169 204 34278
169 205 34566
169 206 34694
169 207 34982
169 208 35158
169 209 35478
169 210 35702
169 211 36022
169 212 35830
169 213 35990
169 214 36246
169 215 36534
169 216 36438
169 217 36758
169 218 36982
169 219 37302
169 220 37110
169 221 37270
169 222 37526
169 223 37814
169 224 37862
169 225 38182
169 226 38278
169 227 38598
169 228 38406
169 229 38694
169 230 38822
169 231 39110
169 232 39142
169 233 39462
169 234 39558
169 235 39878
169 236 39686
169 237 39974
169 238 40102
169 239 40390
169 240 40566
169 241 40886
169 242 41110
169 243 41430
169 244 41238
169 245 41398
169 246 41654
169 247 41942
169 248 41846
169 249 42166
169 250 42390
169 251 42710
169 252 42518
169 253 42678
169 254 42934
169 255 43222
170 0 6
170 1 390
170 2 550
170 3 934
170 4 678
170 5 902
170 6 1094
170 7 1446
170 8 1366
170 9 1686
170 10 1830
170 11 2214
170 12 2038
170 13 2198
170 14 2374
170 15 2726
170 16 2854
170 17 3238
170 18 3398
170 19 3782
170 20 3526
170 21 3750
170 22 3942
170 23 4294
170 24 4214
170 25 4534
170 26 4678
170 27 5062
170 28 4886
170 29 5046
170 30 5222
170 31 5574
170 32 5446
170 33 5766
170 34 5990
170 35 6310
170 36 6118
170 37 6278
170 38 6534
170 39 6822
170 40 6742
170 41 7062
170 42 7270
170 43 7590
170 44 7414
170 45 7574
170 46 7814
170 47 8102
170 48 8294
170 49 8614
170 50 8838
170 51 9158
170 52 8966
170 53 9126
170 54 9382
170 55 9670
170 56 9590
170 57 9910
170 58 10118
170 59 10438
170 60 10262
170 61 10422
170 62 10662
170 63 10950
170 64 10886
170 65 11270
170 66 11302
170 67 11686
170 68 11430
170 69 11782
170 70 11846
170 71 12198
170 72 12246
170 73 12566
170 74 12582
170 75 12966
170 76 12790
170 77 13078
170 78 13126
170 79 13478
170 80 13606
170 81 13990
170 82 14150
170 83 14534
170 84 14278
170 85 14502
170 86 14694
170 87 15046
170 88 14966
170 89 15286
170 90 15430
170 91 15814
170 92 15638
170 93 15798
170 94 15974
170 95 16326
170 96 16326
170 97 16646
170 98 16742
170 99 17062
170 100 16870
170 101 17158
170 102 17286
170 103 17574
170 104 17622
170 105 17942
170 106 18022
170 107 18342
170 108 18166
170 109 18454
170 110 18566
170 111 18854
170 112 19046
170 113 19366
170 114 19590
170 115 19910
170 116 19718
170 117 19878
170 118 20134
170 119 20422
170 120 20342
170 121 20662
170 122 20870
170 123 21190
170 124 21014
170 125 21174
170 126 21414
170 127 21702
170 128 21766
170 129 22150
170 130 22310
170 131 22694
170 132 22438
170 133 22662
170 134 22854
170 135 23206
170 136 23126
170 137 23446
170 138 23590
170 139 23974
170 140 23798
170 141 23958
170 142 24134
170 143 24486
170 144 24614
170 145 24998
170 146 25158
170 147 25542
170 148 25286
170 149 25510
170 150 25702
170 151 26054
170 152 25974
170 153 26294
170 154 26438
170 155 26822
170 156 26646
170 157 26806
170 158 26982
170 159 27334
170 160 27206
170 161 27526
170 162 27750
170 163 28070
170 164 27878
170 165 28038
170 166 28294
170 167 28582
170 168 28502
170 169 28822
170 170 29030
170 171 29350
170 172 29174
170 173 29334
170 174 29574
170 175 29862
170 176 30054
170 177 30374
170 178 30598
170 179 30918
170 180 30726
170 181 30886
170 182 31142
170 183 31430
170 184 31350
170 185 31670
170 186 31878
170 187 32198
170 188 32022
170 189 32182
170 190 32422
170 191 32710
170 192 32646
170 193 33030
170 194 33062
170 195 33446
170 196 33190
170 197 33542
170 198 33606
170 199 33958
170 200 34006
170 201 34326
170 202 34342
170 203 34726
170 204 34550
170 205 34838
170 206 34886
170 207 35238
170 208 35366
170 209 35750
170 210 35910
170 211 36294
170 212 36038
170 213 36262
170 214 36454
170 215 36806
170 216 36726
170 217 37046
170 218 37190
170 219 37574
170 220 37398
170 221 37558
170 222 37734
170 223 38086
170 224 38086
170 225 38406
170 226 38502
170 227 38822
170 228 38630
170 229 38918
170 230 39046
170 231 39334
170 232 39382
170 233 39702
170 234 39782
170 235 40102
170 236 39926
170 237 40214
170 238 40326
170 239 40614
170 240 40806
170 241 41126
170 242 41350
170 243 41670
170 244 41478
170 245 41638
170 246 41894
170 247 42182
170 248 42102
170 249 42422
170 250 42630
170 251 42950
170 252 42774
170 253 42934
170 254 43174
170 255 43462
171 0 6
171 1 390
171 2 550
171 3 934
171 4 678
171 5 902
171 6 1094
171 7 1446
171 8 1366
171 9 1686
171 10 1830
171 11 2214
171 12 2038
171 13 2198
171 14 2374
171 15 2726
171 16 2870
171 17 3254
171 18 3414
171 19 3798
171 20 3542
171 21 3766
171 22 3958
171 23 4310
171 24 4230
171 25 4550
171 26 4694
171 27 5078
171 28 4902
171 29 5062
171 30 5238
171 31 5590
171 32 5478
171 33 5798
171 34 6022
171 35 6342
171 36 6150
171 37 6310
171 38 6566
171 39 6854
171 40 6774
171 41 7094
171 42 7302
171 43 7622
171 44 7446
171 45 7606
171 46 7846
171 47 8134
171 48 8342
171 49 8662
171 50 8886
171 51 9206
171 52 9014
171 53 9174
171 54 9430
171 55 9718
171 56 9638
171 57 9958
171 58 10166
171 59 10486
171 60 10310
171 61 10470
171 62 10710
171 63 10998
171 64 10950
171 65 11270
171 66 11366
171 67 11686
171 68 11494
171 69 11782
171 70 11910
171 71 12198
171 72 12246
171 73 12566
171 74 12646
171 75 12966
171 76 12790
171 77 13078
171 78 13190
171 79 13478
171 80 13686
171 81 14006
171 82 14230
171 83 14550
171 84 14358
171 85 14518
171 86 14774
171 87 15062
171 88 14982
171 89 15302
171 90 15510
171 91 15830
171 92 15654
171 93 15814
171 94 16054
171 95 16342
171 96 16422
171 97 16806
171 98 16838
171 99 17222
171 100 16966
171 101 17318
171 102 17382
171 103 17734
171 104 17782
171 105 18102
171 106 18118
171 107 18502
171 108 18326
171 109 18614
171 110 18662
171 111 19014
171 112 19350
171 113 19606
171 114 19638
171 115 19894
171 116 19894
171 117 20118
171 118 20310
171 119 20406
171 120 20646
171 121 20966
171 122 20918
171 123 21174
171 124 21190
171 125 21478
171 126 21590
171 127 21686
171 128 21894
171 129 22278
171 130 22310
171 131 22694
171 132 22438
171 133 22790
171 134 22854
171 135 23206
171 136 23254
171 137 23574
171 138 23590
171 139 23974
171 140 23798
171 141 24086
171 142 24134
171 143 24486
171 144 24630
171 145 25014
171 146 25174
171 147 25558
171 148 25302
171 149 25526
171 150 25718
171 151 26070
171 152 25990
171 153 26310
171 154 26454
171 155 26838
171 156 26662
171 157 26822
171 158 26998
171 159 27350
171 160 27366
171 161 27686
171 162 27782
171 163 28102
171 164 27910
171 165 28198
171 166 28326
171 167 28614
171 168 28662
171 169 28982
171 170 29062
171 171 29382
171 172 29206
171 173 29494
171 174 29606
171 175 29894
171 176 30102
171 177 30422
171 178 30646
171 179 30966
171 180 30774
171 181 30934
171 182 31190
171 183 31478
171 184 31398
171 185 31718
171 186 31926
171 187 32246
171 188 32070
171 189 32230
171 190 32470
171 191 32758
171 192 32710
171 193 33030
171 194 33126
171 195 33446
171 196 33254
171 197 33542
171 198 33670
171 199 33958
171 200 34006
171 201 34326
171 202 34406
171 203 34726
171 204 34550
171 205 34838
171 206 34950
171 207 35238
171 208 35446
171 209 35766
171 210 35990
171 211 36310
171 212 36118
171 213 36278
171 214 36534
171 215 36822
171 216 36742
171 217 37062
171 218 37270
171 219 37590
171 220 37414
171 221 37574
171 222 37814
171 223 38102
171 224 38182
171 225 38566
171 226 38598
171 227 38982
171 228 38726
171 229 39078
171 230 39142
171 231 39494
171 232 39542
171 233 39862
171 234 39878
171 235 40262
171 236 40086
171 237 40374
171 238 40422
171 239 40774
171 240 41110
171 241 41366
171 242 41398
171 243 41654
171 244 41654
171 245 41878
171 246 42070
171 247 42166
171 248 42406
171 249 42726
171 250 42678
171 251 42934
171 252 42950
171 253 43238
171 254 43350
171 255 43446
172 0 6
172 1 390
172 2 550
172 3 934
172 4 694
172 5 918
172 6 1094
172 7 1446
172 8 1382
172 9 1670
172 10 1862
172 11 2214
172 12 2038
172 13 2198
172 14 2374
172 15 2726
172 16 2886
172 17 3206
172 18 3430
172 19 3750
172 20 3574
172 21 3734
172 22 3974
172 23 4262
172 24 4198
172 25 4486
172 26 4742
172 27 5030
172 28 4854
172 29 5014
172 30 5254
172 31 5542
172 32 5638
172 33 6022
172 34 6182
172 35 6566
172 36 6326
172 37 6550
172 38 6726
172 39 7078
172 40 7014
172 41 7302
172 42 7494
172 43 7846
172 44 7670
172 45 7830
172 46 8006
172 47 8358
172 48 8262
172 49 8582
172 50 8806
172 51 9126
172 52 8950
172 53 9110
172 54 9350
172 55 9638
172 56 9574
172 57 9862
172 58 10118
172 59 10406
172 60 10230
172 61 10390
172 62 10630
172 63 10918
172 64 11014
172 65 11398
172 66 11558
172 67 11942
172 68 11702
172 69 11926
172 70 12102
172 71 12454
172 72 12390
172 73 12678
172 74 12870
172 75 13222
172 76 13046
172 77 13206
172 78 13382
172 79 13734
172 80 13894
172 81 14214
172 82 14438
172 83 14758
172 84 14582
172 85 14742
172 86 14982
172 87 15270
172 88 15206
172 89 15494
172 90 15750
172 91 16038
172 92 15862
172 93 16022
172 94 16262
172 95 16550
172 96 16646
172 97 17030
172 98 17190
172 99 17574
172 100 17334
172 101 17558
172 102 17734
172 103 18086
172 104 18022
172 105 18310
172 106 18502
172 107 18854
172 108 18678
172 109 18838
172 110 19014
172 111 19366
172 112 19270
172 113 19590
172 114 19814
172 115 20134
172 116 19958
172 117 20118
172 118 20358
172 119 20646
172 120 20582
172 121 20870
172 122 21126
172 123 21414
172 124 21238
172 125 21398
172 126 21638
172 127 21926
172 128 22022
172 129 22406
172 130 22566
172 131 22950
172 132 22710
172 133 22934
172 134 23110
172 135 23462
172 136 23398
172 137 23686
172 138 23878
172 139 24230
172 140 24054
172 141 24214
172 142 24390
172 143 24742
172 144 24902
172 145 25222
172 146 25446
172 147 25766
172 148 25590
172 149 25750
172 150 25990
172 151 26278
172 152 26214
172 153 26502
172 154 26758
172 155 27046
172 156 26870
172 157 27030
172 158 27270
172 159 27558
172 160 27654
172 161 28038
172 162 28198
172 163 28582
172 164 28342
172 165 28566
172 166 28742
172 167 29094
172 168 29030
172 169 29318
172 170 29510
172 171 29862
172 172 29686
172 173 29846
172 174 30022
172 175 30374
172 176 30278
172 177 30598
172 178 30822
172 179 31142
172 180 30966
172 181 31126
172 182 31366
172 183 31654
172 184 31590
172 185 31878
172 186 32134
172 187 32422
172 188 32246
172 189 32406
172 190 32646
172 191 32934
172 192 33030
172 193 33414
172 194 33574
172 195 33958
172 196 33718
172 197 33942
172 198 34118
172 199 34470
172 200 34406
172 201 34694
172 202 34886
172 203 35238
172 204 35062
172 205 35222
172 206 35398
172 207 35750
172 208 35910
172 209 36230
172 210 36454
172 211 36774
172 212 36598
172 213 36758
172 214 36998
172 215 37286
172 216 37222
172 217 37510
172 218 37766
172 219 38054
172 220 37878
172 221 38038
172 222 38278
172 223 38566
172 224 38662
172 225 39046
172 226 39206
172 227 39590
172 228 39350
172 229 39574
172 230 39750
172 231 40102
172 232 40038
172 233 40326
172 234 40518
172 235 40870
172 236 40694
172 237 40854
172 238 41030
172 239 41382
172 240 41286
172 241 41606
172 242 41830
172 243 42150
172 244 41974
172 245 42134
172 246 42374
172 247 42662
172 248 42598
172 249 42886
172 250 43142
172 251 43430
172 252 43254
172 253 43414
172 254 43654
172 255 43942
173 0 6
173 1 390
173 2 550
173 3 934
173 4 694
173 5 918
173 6 1094
173 7 1446
173 8 1382
173 9 1670
173 10 1862
173 11 2214
173 12 2038
173 13 2198
173 14 2374
173 15 2726
173 16 2902
173 17 3222
173 18 3446
173 19 3766
173 20 3590
173 21 3750
173 22 3990
173 23 4278
173 24 4214
173 25 4502
173 26 4758
173 27 5046
173 28 4870
173 29 5030
173 30 5270
173 31 5558
173 32 5670
173 33 6054
173 34 6214
173 35 6598
173 36 6358
173 37 6582
173 38 6758
173 39 7110
173 40 7046
173 41 7334
173 42 7526
173 43 7878
173 44 7702
173 45 7862
173 46 8038
173 47 8390
173 48 8310
173 49 8630
173 50 8854
173 51 9174
173 52 8998
173 53 9158
173 54 9398
173 55 9686
173 56 9622
173 57 9910
173 58 10166
173 59 10454
173 60 10278
173 61 10438
173 62 10678
173 63 10966
173 64 11078
173 65 11398
173 66 11622
173 67 11942
173 68 11766
173 69 11926
173 70 12166
173 71 12454
173 72 12390
173 73 12678
173 74 12934
173 75 13222
173 76 13046
173 77 13206
173 78 13446
173 79 13734
173 80 14102
173 81 14486
173 82 14390
173 83 14774
173 84 14662
173 85 15014
173 86 15062
173 87 15286
173 88 15478
173 89 15766
173 90 15702
173 91 16054
173 92 16006
173 93 16294
173 94 16342
173 95 16566
173 96 16742
173 97 17062
173 98 17286
173 99 17606
173 100 17430
173 101 17590
173 102 17830
173 103 18118
173 104 18054
173 105 18342
173 106 18598
173 107 18886
173 108 18710
173 109 18870
173 110 19110
173 111 19398
173 112 19510
173 113 19894
173 114 19798
173 115 20182
173 116 20070
173 117 20422
173 118 20470
173 119 20694
173 120 20886
173 121 21174
173 122 21110
173 123 21462
173 124 21414
173 125 21702
173 126 21750
173 127 21974
173 128 22150
173 129 22534
173 130 22566
173 131 22950
173 132 22710
173 133 23062
173 134 23110
173 135 23462
173 136 23526
173 137 23814
173 138 23878
173 139 24230
173 140 24054
173 141 24342
173 142 24390
173 143 24742
173 144 24918
173 145 25238
173 146 25462
173 147 25782
173 148 25606
173 149 25766
173 150 26006
173 151 26294
173 152 26230
173 153 26518
173 154 26774
173 155 27062
173 156 26886
173 157 27046
173 158 27286
173 159 27574
173 160 27686
173 161 28070
173 162 28230
173 163 28614
173 164 28374
173 165 28598
173 166 28774
173 167 29126
173 168 29062
173 169 29350
173 170 29542
173 171 29894
173 172 29718
173 173 29878
173 174 30054
173 175 30406
173 176 30454
173 177 30774
173 178 30870
173 179 31190
173 180 31014
173 181 31302
173 182 31414
173 183 31702
173 184 31766
173 185 32054
173 186 32182
173 187 32470
173 188 32294
173 189 32582
173 190 32694
173 191 32982
173 192 33222
173 193 33542
173 194 33638
173 195 33958
173 196 33782
173 197 34070
173 198 34182
173 199 34470
173 200 34534
173 201 34822
173 202 34950
173 203 35238
173 204 35062
173 205 35350
173 206 35462
173 207 35750
173 208 36118
173 209 36502
173 210 36406
173 211 36790
173 212 36678
173 213 37030
173 214 37078
173 215 37302
173 216 37494
173 217 37782
173 218 37718
173 219 38070
173 220 38022
173 221 38310
173 222 38358
173 223 38582
173 224 38758
173 225 39078
173 226 39302
173 227 39622
173 228 39446
173 229 39606
173 230 39846
173 231 40134
173 232 40070
173 233 40358
173 234 40614
173 235 40902
173 236 40726
173 237 40886
173 238 41126
173 239 41414
173 240 41526
173 241 41910
173 242 41942
173 243 42326
173 244 42086
173 245 42438
173 246 42486
173 247 42838
173 248 42902
173 249 43190
173 250 43254
173 251 43606
173 252 43430
173 253 43718
173 254 43766
173 255 44118
174 0 6
174 1 390
174 2 550
174 3 934
174 4 694
174 5 918
174 6 1094
174 7 1446
174 8 1398
174 9 1686
174 10 1862
174 11 2214
174 12 2038
174 13 2198
174 14 2374
174 15 2726
174 16 2918
174 17 3238
174 18 3462
174 19 3782
174 20 3606
174 21 3766
174 22 4006
174 23 4294
174 24 4246
174 25 4534
174 26 4774
174 27 5062
174 28 4886
174 29 5046
174 30 5286
174 31 5574
174 32 5702
174 33 6022
174 34 6246
174 35 6566
174 36 6390
174 37 6550
174 38 6790
174 39 7078
174 40 7030
174 41 7318
174 42 7558
174 43 7846
174 44 7670
174 45 7830
174 46 8070
174 47 8358
174 48 8486
174 49 8870
174 50 8774
174 51 9158
174 52 9046
174 53 9398
174 54 9446
174 55 9670
174 56 9878
174 57 10166
174 58 10086
174 59 10438
174 60 10390
174 61 10678
174 62 10726
174 63 10950
174 64 11142
174 65 11526
174 66 11558
174 67 11942
174 68 11702
174 69 12054
174 70 12102
174 71 12454
174 72 12534
174 73 12822
174 74 12870
174 75 13222
174 76 13046
174 77 13334
174 78 13382
174 79 13734
174 80 13926
174 81 14246
174 82 14470
174 83 14790
174 84 14614
174 85 14774
174 86 15014
174 87 15302
174 88 15254
174 89 15542
174 90 15782
174 91 16070
174 92 15894
174 93 16054
174 94 16294
174 95 16582
174 96 16710
174 97 17030
174 98 17254
174 99 17574
174 100 17398
174 101 17558
174 102 17798
174 103 18086
174 104 18038
174 105 18326
174 106 18566
174 107 18854
174 108 18678
174 109 18838
174 110 19078
174 111 19366
174 112 19494
174 113 19878
174 114 19910
174 115 20294
174 116 20054
174 117 20406
174 118 20454
174 119 20806
174 120 20886
174 121 21174
174 122 21222
174 123 21574
174 124 21398
174 125 21686
174 126 21734
174 127 22086
174 128 22278
174 129 22662
174 130 22822
174 131 23206
174 132 22966
174 133 23190
174 134 23366
174 135 23718
174 136 23670
174 137 23958
174 138 24134
174 139 24486
174 140 24310
174 141 24470
174 142 24646
174 143 24998
174 144 25190
174 145 25510
174 146 25734
174 147 26054
174 148 25878
174 149 26038
174 150 26278
174 151 26566
174 152 26518
174 153 26806
174 154 27046
174 155 27334
174 156 27158
174 157 27318
174 158 27558
174 159 27846
174 160 27974
174 161 28294
174 162 28518
174 163 28838
174 164 28662
174 165 28822
174 166 29062
174 167 29350
174 168 29302
174 169 29590
174 170 29830
174 171 30118
174 172 29942
174 173 30102
174 174 30342
174 175 30630
174 176 30758
174 177 31142
174 178 31046
174 179 31430
174 180 31318
174 181 31670
174 182 31718
174 183 31942
174 184 32150
174 185 32438
174 186 32358
174 187 32710
174 188 32662
174 189 32950
174 190 32998
174 191 33222
174 192 33414
174 193 33798
174 194 33830
174 195 34214
174 196 33974
174 197 34326
174 198 34374
174 199 34726
174 200 34806
174 201 35094
174 202 35142
174 203 35494
174 204 35318
174 205 35606
174 206 35654
174 207 36006
174 208 36198
174 209 36518
174 210 36742
174 211 37062
174 212 36886
174 213 37046
174 214 37286
174 215 37574
174 216 37526
174 217 37814
174 218 38054
174 219 38342
174 220 38166
174 221 38326
174 222 38566
174 223 38854
174 224 38982
174 225 39302
174 226 39526
174 227 39846
174 228 39670
174 229 39830
174 230 40070
174 231 40358
174 232 40310
174 233 40598
174 234 40838
174 235 41126
174 236 40950
174 237 41110
174 238 41350
174 239 41638
174 240 41766
174 241 42150
174 242 42182
174 243 42566
174 244 42326
174 245 42678
174 246 42726
174 247 43078
174 248 43158
174 249 43446
174 250 43494
174 251 43846
174 252 43670
174 253 43958
174 254 44006
174 255 44358
175 0 6
175 1 390
175 2 550
175 3 934
175 4 694
175 5 918
175 6 1094
175 7 1446
175 8 1398
175 9 1686
175 10 1862
175 11 2214
175 12 2038
175 13 2198
175 14 2374
175 15 2726
175 16 2934
175 17 3254
175 18 3478
175 19 3798
175 20 3622
175 21 3782
175 22 4022
175 23 4310
175 24 4262
175 25 4550
175 26 4790
175 27 5078
175 28 4902
175 29 5062
175 30 5302
175 31 5590
175 32 5734
175 33 6054
175 34 6278
175 35 6598
175 36 6422
175 37 6582
175 38 6822
175 39 7110
175 40 7062
175 41 7350
175 42 7590
175 43 7878
175 44 7702
175 45 7862
175 46 8102
175 47 8390
175 48 8598
175 49 8854
175 50 8886
175 51 9142
175 52 9158
175 53 9382
175 54 9558
175 55 9654
175 56 9926
175 57 10214
175 58 10198
175 59 10422
175 60 10438
175 61 10726
175 62 10838
175 63 10934
175 64 11206
175 65 11526
175 66 11622
175 67 11942
175 68 11766
175 69 12054
175 70 12166
175 71 12454
175 72 12534
175 73 12822
175 74 12934
175 75 13222
175 76 13046
175 77 13334
175 78 13446
175 79 13734
175 80 14134
175 81 14518
175 82 14422
175 83 14806
175 84 14694
175 85 15046
175 86 15094
175 87 15318
175 88 15526
175 89 15814
175 90 15734
175 91 16086
175 92 16038
175 93 16326
175 94 16374
175 95 16598
175 96 16934
175 97 17318
175 98 17222
175 99 17606
175 100 17494
175 101 17846
175 102 17894
175 103 18118
175 104 18326
175 105 18614
175 106 18534
175 107 18886
175 108 18838
175 109 19126
175 110 19174
175 111 19398
175 112 19606
175 113 19926
175 114 20022
175 115 20342
175 116 20166
175 117 20454
175 118 20566
175 119 20854
175 120 20934
175 121 21222
175 122 21334
175 123 21622
175 124 21446
175 125 21734
175 126 21846
175 127 22134
175 128 22406
175 129 22790
175 130 22822
175 131 23206
175 132 22966
175 133 23318
175 134 23366
175 135 23718
175 136 23798
175 137 24086
175 138 24134
175 139 24486
175 140 24310
175 141 24598
175 142 24646
175 143 24998
175 144 25206
175 145 25526
175 146 25750
175 147 26070
175 148 25894
175 149 26054
175 150 26294
175 151 26582
175 152 26534
175 153 26822
175 154 27062
175 155 27350
175 156 27174
175 157 27334
175 158 27574
175 159 27862
175 160 28006
175 161 28326
175 162 28550
175 163 28870
175 164 28694
175 165 28854
175 166 29094
175 167 29382
175 168 29334
175 169 29622
175 170 29862
175 171 30150
175 172 29974
175 173 30134
175 174 30374
175 175 30662
175 176 30870
175 177 31126
175 178 31286
175 179 31542
175 180 31430
175 181 31654
175 182 31830
175 183 32054
175 184 32198
175 185 32486
175 186 32598
175 187 32822
175 188 32710
175 189 32998
175 190 33110
175 191 33334
175 192 33478
175 193 33798
175 194 33894
175 195 34214
175 196 34038
175 197 34326
175 198 34438
175 199 34726
175 200 34806
175 201 35094
175 202 35206
175 203 35494
175 204 35318
175 205 35606
175 206 35718
175 207 36006
175 208 36406
175 209 36790
175 210 36694
175 211 37078
175 212 36966
175 213 37318
175 214 37366
175 215 37590
175 216 37798
175 217 38086
175 218 38006
175 219 38358
175 220 38310
175 221 38598
175 222 38646
175 223 38870
175 224 39206
175 225 39590
175 226 39494
175 227 39878
175 228 39766
175 229 40118
175 230 40166
175 231 40390
175 232 40598
175 233 40886
175 234 40806
175 235 41158
175 236 41110
175 237 41398
175 238 41446
175 239 41670
175 240 41878
175 241 42198
175 242 42294
175 243 42614
175 244 42438
175 245 42726
175 246 42838
175 247 43126
175 248 43206
175 249 43494
175 250 43606
175 251 43894
175 252 43718
175 253 44006
175 254 44118
175 255 44406
176 0 6
176 1 422
176 2 646
176 3 934
176 4 710
176 5 934
176 6 1158
176 7 1446
176 8 1414
176 9 1702
176 10 1926
176 11 2214
176 12 1990
176 13 2214
176 14 2438
176 15 2726
176 16 2822
176 17 3238
176 18 3462
176 19 3750
176 20 3526
176 21 3750
176 22 3974
176 23 4262
176 24 4230
176 25 4518
176 26 4742
176 27 5030
176 28 4806
176 29 5030
176 30 5254
176 31 5542
176 32 5638
176 33 6054
176 34 6278
176 35 6566
176 36 6342
176 37 6566
176 38 6790
176 39 7078
176 40 7046
176 41 7334
176 42 7558
176 43 7846
176 44 7622
176 45 7846
176 46 8070
176 47 8358
176 48 8454
176 49 8870
176 50 9094
176 51 9382
176 52 9158
176 53 9382
176 54 9606
176 55 9894
176 56 9862
176 57 10150
176 58 10374
176 59 10662
176 60 10438
176 61 10662
176 62 10886
176 63 11174
176 64 11270
176 65 11686
176 66 11910
176 67 12198
176 68 11974
176 69 12198
176 70 12422
176 71 12710
176 72 12678
176 73 12966
176 74 13190
176 75 13478
176 76 13254
176 77 13478
176 78 13702
176 79 13990
176 80 14086
176 81 14502
176 82 14726
176 83 15014
176 84 14790
176 85 15014
176 86 15238
176 87 15526
176 88 15494
176 89 15782
176 90 16006
176 91 16294
176 92 16070
176 93 16294
176 94 16518
176 95 16806
176 96 16902
176 97 17318
176 98 17542
176 99 17830
176 100 17606
176 101 17830
176 102 18054
176 103 18342
176 104 18310
176 105 18598
176 106 18822
176 107 19110
176 108 18886
176 109 19110
176 110 19334
176 111 19622
176 112 19718
176 113 20134
176 114 20358
176 115 20646
176 116 20422
176 117 20646
176 118 20870
176 119 21158
176 120 21126
176 121 21414
176 122 21638
176 123 21926
176 124 21702
176 125 21926
176 126 22150
176 127 22438
176 128 22534
176 129 22950
176 130 23174
176 131 23462
176 132 23238
176 133 23462
176 134 23686
176 135 23974
176 136 23942
176 137 24230
176 138 24454
176 139 24742
176 140 24518
176 141 24742
176 142 24966
176 143 25254
176 144 25350
176 145 25766
176 146 25990
176 147 26278
176 148 26054
176 149 26278
176 150 26502
176 151 26790
176 152 26758
176 153 27046
176 154 27270
176 155 27558
176 156 27334
176 157 27558
176 158 27782
176 159 28070
176 160 28166
176 161 28582
176 162 28806
176 163 29094
176 164 28870
176 165 29094
176 166 29318
176 167 29606
176 168 29574
176 169 29862
176 170 30086
176 171 30374
176 172 30150
176 173 30374
176 174 30598
176 175 30886
176 176 30982
176 177 31398
176 178 31622
176 179 31910
176 180 31686
176 181 31910
176 182 32134
176 183 32422
176 184 32390
176 185 32678
176 186 32902
176 187 33190
176 188 32966
176 189 33190
176 190 33414
176 191 33702
176 192 33798
176 193 34214
176 194 34438
176 195 34726
176 196 34502
176 197 34726
176 198 34950
176 199 35238
176 200 35206
176 201 35494
176 202 35718
176 203 36006
176 204 35782
176 205 36006
176 206 36230
176 207 36518
176 208 36614
176 209 37030
176 210 37254
176 211 37542
176 212 37318
176 213 37542
176 214 37766
176 215 38054
176 216 38022
176 217 38310
176 218 38534
176 219 38822
176 220 38598
176 221 38822
176 222 39046
176 223 39334
176 224 39430
176 225 39846
176 226 40070
176 227 40358
176 228 40134
176 229 40358
176 230 40582
176 231 40870
176 232 40838
176 233 41126
176 234 41350
176 235 41638
176 236 41414
176 237 41638
176 238 41862
176 239 42150
176 240 42246
176 241 42662
176 242 42886
176 243 43174
176 244 42950
176 245 43174
176 246 43398
176 247 43686
176 248 43654
176 249 43942
176 250 44166
176 251 44454
176 252 44230
176 253 44454
176 254 44678
176 255 44966
177 0 6
177 1 422
177 2 646
177 3 934
177 4 710
177 5 934
177 6 1158
177 7 1446
177 8 1414
177 9 1702
177 10 1926
177 11 2214
177 12 1990
177 13 2214
177 14 2438
177 15 2726
177 16 2838
177 17 3254
177 18 3478
177 19 3766
177 20 3542
177 21 3766
177 22 3990
177 23 4278
177 24 4246
177 25 4534
177 26 4758
177 27 5046
177 28 4822
177 29 5046
177 30 5270
177 31 5558
177 32 5670
177 33 6086
177 34 6310
177 35 6598
177 36 6374
177 37 6598
177 38 6822
177 39 7110
177 40 7078
177 41 7366
177 42 7590
177 43 7878
177 44 7654
177 45 7878
177 46 8102
177 47 8390
177 48 8502
177 49 8918
177 50 9142
177 51 9430
177 52 9206
177 53 9430
177 54 9654
177 55 9942
177 56 9910
177 57 10198
177 58 10422
177 59 10710
177 60 10486
177 61 10710
177 62 10934
177 63 11222
177 64 11334
177 65 11686
177 66 11910
177 67 12198
177 68 11974
177 69 12198
177 70 12422
177 71 12710
177 72 12742
177 73 12966
177 74 13190
177 75 13478
177 76 13254
177 77 13478
177 78 13702
177 79 13990
177 80 14166
177 81 14518
177 82 14742
177 83 15030
177 84 14806
177 85 15030
177 86 15254
177 87 15542
177 88 15574
177 89 15798
177 90 16022
177 91 16310
177 92 16086
177 93 16310
177 94 16534
177 95 16822
177 96 16998
177 97 17350
177 98 17574
177 99 17862
177 100 17638
177 101 17862
177 102 18086
177 103 18374
177 104 18406
177 105 18630
177 106 18854
177 107 19142
177 108 18918
177 109 19142
177 110 19366
177 111 19654
177 112 19830
177 113 20182
177 114 20406
177 115 20694
177 116 20470
177 117 20694
177 118 20918
177 119 21206
177 120 21238
177 121 21462
177 122 21686
177 123 21974
177 124 21750
177 125 21974
177 126 22198
177 127 22486
177 128 22662
177 129 23078
177 130 23174
177 131 23462
177 132 23238
177 133 23590
177 134 23686
177 135 23974
177 136 23942
177 137 24358
177 138 24454
177 139 24742
177 140 24518
177 141 24870
177 142 24966
177 143 25254
177 144 25494
177 145 25910
177 146 26006
177 147 26294
177 148 26070
177 149 26422
177 150 26518
177 151 26806
177 152 26774
177 153 27190
177 154 27286
177 155 27574
177 156 27350
177 157 27702
177 158 27798
177 159 28086
177 160 28326
177 161 28742
177 162 28838
177 163 29126
177 164 28902
177 165 29254
177 166 29350
177 167 29638
177 168 29606
177 169 30022
177 170 30118
177 171 30406
177 172 30182
177 173 30534
177 174 30630
177 175 30918
177 176 31158
177 177 31574
177 178 31670
177 179 31958
177 180 31734
177 181 32086
177 182 32182
177 183 32470
177 184 32438
177 185 32854
177 186 32950
177 187 33238
177 188 33014
177 189 33366
177 190 33462
177 191 33750
177 192 33990
177 193 34342
177 194 34438
177 195 34726
177 196 34502
177 197 34854
177 198 34950
177 199 35238
177 200 35270
177 201 35622
177 202 35718
177 203 36006
177 204 35782
177 205 36134
177 206 36230
177 207 36518
177 208 36822
177 209 37174
177 210 37270
177 211 37558
177 212 37334
177 213 37686
177 214 37782
177 215 38070
177 216 38102
177 217 38454
177 218 38550
177 219 38838
177 220 38614
177 221 38966
177 222 39062
177 223 39350
177 224 39654
177 225 40006
177 226 40102
177 227 40390
177 228 40166
177 229 40518
177 230 40614
177 231 40902
177 232 40934
177 233 41286
177 234 41382
177 235 41670
177 236 41446
177 237 41798
177 238 41894
177 239 42182
177 240 42486
177 241 42838
177 242 42934
177 243 43222
177 244 42998
177 245 43350
177 246 43446
177 247 43734
177 248 43766
177 249 44118
177 250 44214
177 251 44502
177 252 44278
177 253 44630
177 254 44726
177 255 45014
178 0 6
178 1 422
178 2 646
178 3 934
178 4 710
178 5 934
178 6 1158
178 7 1446
178 8 1430
178 9 1702
178 10 1942
178 11 2214
178 12 2006
178 13 2214
178 14 2454
178 15 2726
178 16 2854
178 17 3270
178 18 3494
178 19 3782
178 20 3558
178 21 3782
178 22 4006
178 23 4294
178 24 4278
178 25 4550
178 26 4790
178 27 5062
178 28 4854
178 29 5062
178 30 5302
178 31 5574
178 32 5702
178 33 6054
178 34 6278
178 35 6566
178 36 6342
178 37 6566
178 38 6790
178 39 7078
178 40 7126
178 41 7334
178 42 7574
178 43 7846
178 44 7638
178 45 7846
178 46 8086
178 47 8358
178 48 8550
178 49 8902
178 50 9126
178 51 9414
178 52 9190
178 53 9414
178 54 9638
178 55 9926
178 56 9974
178 57 10182
178 58 10422
178 59 10694
178 60 10486
178 61 10694
178 62 10934
178 63 11206
178 64 11398
178 65 11814
178 66 11910
178 67 12198
178 68 11974
178 69 12326
178 70 12422
178 71 12710
178 72 12694
178 73 13094
178 74 13206
178 75 13478
178 76 13270
178 77 13606
178 78 13718
178 79 13990
178 80 14246
178 81 14662
178 82 14758
178 83 15046
178 84 14822
178 85 15174
178 86 15270
178 87 15558
178 88 15542
178 89 15942
178 90 16054
178 91 16326
178 92 16118
178 93 16454
178 94 16566
178 95 16838
178 96 17094
178 97 17446
178 98 17542
178 99 17830
178 100 17606
178 101 17958
178 102 18054
178 103 18342
178 104 18390
178 105 18726
178 106 18838
178 107 19110
178 108 18902
178 109 19238
178 110 19350
178 111 19622
178 112 19942
178 113 20294
178 114 20390
178 115 20678
178 116 20454
178 117 20806
178 118 20902
178 119 21190
178 120 21238
178 121 21574
178 122 21686
178 123 21958
178 124 21750
178 125 22086
178 126 22198
178 127 22470
178 128 22790
178 129 23206
178 130 23430
178 131 23718
178 132 23494
178 133 23718
178 134 23942
178 135 24230
178 136 24214
178 137 24486
178 138 24726
178 139 24998
178 140 24790
178 141 24998
178 142 25238
178 143 25510
178 144 25638
178 145 26054
178 146 26278
178 147 26566
178 148 26342
178 149 26566
178 150 26790
178 151 27078
178 152 27062
178 153 27334
178 154 27574
178 155 27846
178 156 27638
178 157 27846
178 158 28086
178 159 28358
178 160 28486
178 161 28838
178 162 29062
178 163 29350
178 164 29126
178 165 29350
178 166 29574
178 167 29862
178 168 29910
178 169 30118
178 170 30358
178 171 30630
178 172 30422
178 173 30630
178 174 30870
178 175 31142
178 176 31334
178 177 31686
178 178 31910
178 179 32198
178 180 31974
178 181 32198
178 182 32422
178 183 32710
178 184 32758
178 185 32966
178 186 33206
178 187 33478
178 188 33270
178 189 33478
178 190 33718
178 191 33990
178 192 34182
178 193 34598
178 194 34694
178 195 34982
178 196 34758
178 197 35110
178 198 35206
178 199 35494
178 200 35478
178 201 35878
178 202 35990
178 203 36262
178 204 36054
178 205 36390
178 206 36502
178 207 36774
178 208 37030
178 209 37446
178 210 37542
178 211 37830
178 212 37606
178 213 37958
178 214 38054
178 215 38342
178 216 38326
178 217 38726
178 218 38838
178 219 39110
178 220 38902
178 221 39238
178 222 39350
178 223 39622
178 224 39878
178 225 40230
178 226 40326
178 227 40614
178 228 40390
178 229 40742
178 230 40838
178 231 41126
178 232 41174
178 233 41510
178 234 41622
178 235 41894
178 236 41686
178 237 42022
178 238 42134
178 239 42406
178 240 42726
178 241 43078
178 242 43174
178 243 43462
178 244 43238
178 245 43590
178 246 43686
178 247 43974
178 248 44022
178 249 44358
178 250 44470
178 251 44742
178 252 44534
178 253 44870
178 254 44982
178 255 45254
179 0 6
179 1 422
179 2 646
179 3 934
179 4 710
179 5 934
179 6 1158
179 7 1446
179 8 1430
179 9 1702
179 10 1942
179 11 2214
179 12 2006
179 13 2214
179 14 2454
179 15 2726
179 16 2870
179 17 3286
179 18 3510
179 19 3798
179 20 3574
179 21 3798
179 22 4022
179 23 4310
179 24 4294
179 25 4566
179 26 4806
179 27 5078
179 28 4870
179 29 5078
179 30 5318
179 31 5590
179 32 5734
179 33 6086
179 34 6310
179 35 6598
179 36 6374
179 37 6598
179 38 6822
179 39 7110
179 40 7158
179 41 7366
179 42 7606
179 43 7878
179 44 7670
179 45 7878
179 46 8118
179 47 8390
179 48 8598
179 49 8950
179 50 9174
179 51 9462
179 52 9238
179 53 9462
179 54 9686
179 55 9974
179 56 10022
179 57 10230
179 58 10470
179 59 10742
179 60 10534
179 61 10742
179 62 10982
179 63 11254
179 64 11462
179 65 11814
179 66 11910
179 67 12198
179 68 11974
179 69 12326
179 70 12422
179 71 12710
179 72 12758
179 73 13094
179 74 13206
179 75 13478
179 76 13270
179 77 13606
179 78 13718
179 79 13990
179 80 14326
179 81 14678
179 82 14774
179 83 15062
179 84 14838
179 85 15190
179 86 15286
179 87 15574
179 88 15622
179 89 15958
179 90 16070
179 91 16342
179 92 16134
179 93 16470
179 94 16582
179 95 16854
179 96 17190
179 97 17606
179 98 17702
179 99 17990
179 100 17766
179 101 18118
179 102 18214
179 103 18502
179 104 18486
179 105 18886
179 106 18998
179 107 19270
179 108 19062
179 109 19398
179 110 19510
179 111 19782
179 112 20118
179 113 20406
179 114 20502
179 115 20790
179 116 20630
179 117 20982
179 118 21014
179 119 21302
179 120 21414
179 121 21686
179 122 21798
179 123 22070
179 124 21926
179 125 22262
179 126 22310
179 127 22582
179 128 22918
179 129 23334
179 130 23430
179 131 23718
179 132 23494
179 133 23846
179 134 23942
179 135 24230
179 136 24214
179 137 24614
179 138 24726
179 139 24998
179 140 24790
179 141 25126
179 142 25238
179 143 25510
179 144 25782
179 145 26198
179 146 26294
179 147 26582
179 148 26358
179 149 26710
179 150 26806
179 151 27094
179 152 27078
179 153 27478
179 154 27590
179 155 27862
179 156 27654
179 157 27990
179 158 28102
179 159 28374
179 160 28646
179 161 28998
179 162 29094
179 163 29382
179 164 29158
179 165 29510
179 166 29606
179 167 29894
179 168 29942
179 169 30278
179 170 30390
179 171 30662
179 172 30454
179 173 30790
179 174 30902
179 175 31174
179 176 31510
179 177 31862
179 178 31958
179 179 32246
179 180 32022
179 181 32374
179 182 32470
179 183 32758
179 184 32806
179 185 33142
179 186 33254
179 187 33526
179 188 33318
179 189 33654
179 190 33766
179 191 34038
179 192 34246
179 193 34598
179 194 34694
179 195 34982
179 196 34758
179 197 35110
179 198 35206
179 199 35494
179 200 35542
179 201 35878
179 202 35990
179 203 36262
179 204 36054
179 205 36390
179 206 36502
179 207 36774
179 208 37110
179 209 37462
179 210 37558
179 211 37846
179 212 37622
179 213 37974
179 214 38070
179 215 38358
179 216 38406
179 217 38742
179 218 38854
179 219 39126
179 220 38918
179 221 39254
179 222 39366
179 223 39638
179 224 39974
179 225 40390
179 226 40486
179 227 40774
179 228 40550
179 229 40902
179 230 40998
179 231 41286
179 232 41270
179 233 41670
179 234 41782
179 235 42054
179 236 41846
179 237 42182
179 238 42294
179 239 42566
179 240 42902
179 241 43190
179 242 43286
179 243 43574
179 244 43414
179 245 43766
179 246 43798
179 247 44086
179 248 44198
179 249 44470
179 250 44582
179 251 44854
179 252 44710
179 253 45046
179 254 45094
179 255 45366
180 0 6
180 1 422
180 2 646
180 3 934
180 4 726
180 5 934
180 6 1174
180 7 1446
180 8 1446
180 9 1702
180 10 1926
180 11 2246
180 12 2038
180 13 2214
180 14 2454
180 15 2758
180 16 2886
180 17 3238
180 18 3462
180 19 3750
180 20 3542
180 21 3750
180 22 3990
180 23 4262
180 24 4326
180 25 4518
180 26 4742
180 27 5062
180 28 4854
180 29 5030
180 30 5270
180 31 5574
180 32 5894
180 33 6310
180 34 6534
180 35 6822
180 36 6614
180 37 6822
180 38 7062
180 39 7334
180 40 7334
180 41 7590
180 42 7814
180 43 8134
180 44 7926
180 45 8102
180 46 8342
180 47 8646
180 48 8774
180 49 9126
180 50 9350
180 51 9638
180 52 9430
180 53 9638
180 54 9878
180 55 10150
180 56 10214
180 57 10406
180 58 10630
180 59 10950
180 60 10742
180 61 10918
180 62 11158
180 63 11462
180 64 11526
180 65 11942
180 66 12166
180 67 12454
180 68 12246
180 69 12454
180 70 12694
180 71 12966
180 72 12966
180 73 13222
180 74 13446
180 75 13766
180 76 13558
180 77 13734
180 78 13974
180 79 14278
180 80 14406
180 81 14758
180 82 14982
180 83 15270
180 84 15062
180 85 15270
180 86 15510
180 87 15782
180 88 15846
180 89 16038
180 90 16262
180 91 16582
180 92 16374
180 93 16550
180 94 16790
180 95 17094
180 96 17414
180 97 17830
180 98 18054
180 99 18342
180 100 18134
180 101 18342
180 102 18582
180 103 18854
180 104 18854
180 105 19110
180 106 19334
180 107 19654
180 108 19446
180 109 19622
180 110 19862
180 111 20166
180 112 20294
180 113 20646
180 114 20870
180 115 21158
180 116 20950
180 117 21158
180 118 21398
180 119 21670
180 120 21734
180 121 21926
180 122 22150
180 123 22470
180 124 22262
180 125 22438
180 126 22678
180 127 22982
180 128 23046
180 129 23462
180 130 23686
180 131 23974
180 132 23766
180 133 23974
180 134 24214
180 135 24486
180 136 24486
180 137 24742
180 138 24966
180 139 25286
180 140 25078
180 141 25254
180 142 25494
180 143 25798
180 144 25926
180 145 26278
180 146 26502
180 147 26790
180 148 26582
180 149 26790
180 150 27030
180 151 27302
180 152 27366
180 153 27558
180 154 27782
180 155 28102
180 156 27894
180 157 28070
180 158 28310
180 159 28614
180 160 28934
180 161 29350
180 162 29574
180 163 29862
180 164 29654
180 165 29862
180 166 30102
180 167 30374
180 168 30374
180 169 30630
180 170 30854
180 171 31174
180 172 30966
180 173 31142
180 174 31382
180 175 31686
180 176 31814
180 177 32166
180 178 32390
180 179 32678
180 180 32470
180 181 32678
180 182 32918
180 183 33190
180 184 33254
180 185 33446
180 186 33670
180 187 33990
180 188 33782
180 189 33958
180 190 34198
180 191 34502
180 192 34566
180 193 34982
180 194 35206
180 195 35494
180 196 35286
180 197 35494
180 198 35734
180 199 36006
180 200 36006
180 201 36262
180 202 36486
180 203 36806
180 204 36598
180 205 36774
180 206 37014
180 207 37318
180 208 37446
180 209 37798
180 210 38022
180 211 38310
180 212 38102
180 213 38310
180 214 38550
180 215 38822
180 216 38886
180 217 39078
180 218 39302
180 219 39622
180 220 39414
180 221 39590
180 222 39830
180 223 40134
180 224 40454
180 225 40870
180 226 41094
180 227 41382
180 228 41174
180 229 41382
180 230 41622
180 231 41894
180 232 41894
180 233 42150
180 234 42374
180 235 42694
180 236 42486
180 237 42662
180 238 42902
180 239 43206
180 240 43334
180 241 43686
180 242 43910
180 243 44198
180 244 43990
180 245 44198
180 246 44438
180 247 44710
180 248 44774
180 249 44966
180 250 45190
180 251 45510
180 252 45302
180 253 45478
180 254 45718
180 255 46022
181 0 6
181 1 422
181 2 646
181 3 934
181 4 726
181 5 934
181 6 1174
181 7 1446
181 8 1446
181 9 1702
181 10 1926
181 11 2246
181 12 2038
181 13 2214
181 14 2454
181 15 2758
181 16 2902
181 17 3254
181 18 3478
181 19 3766
181 20 3558
181 21 3766
181 22 4006
181 23 4278
181 24 4342
181 25 4534
181 26 4758
181 27 5078
181 28 4870
181 29 5046
181 30 5286
181 31 5590
181 32 5926
181 33 6342
181 34 6566
181 35 6854
181 36 6646
181 37 6854
181 38 7094
181 39 7366
181 40 7366
181 41 7622
181 42 7846
181 43 8166
181 44 7958
181 45 8134
181 46 8374
181 47 8678
181 48 8822
181 49 9174
181 50 9398
181 51 9686
181 52 9478
181 53 9686
181 54 9926
181 55 10198
181 56 10262
181 57 10454
181 58 10678
181 59 10998
181 60 10790
181 61 10966
181 62 11206
181 63 11510
181 64 11590
181 65 11942
181 66 12166
181 67 12454
181 68 12246
181 69 12454
181 70 12694
181 71 12966
181 72 13030
181 73 13222
181 74 13446
181 75 13766
181 76 13558
181 77 13734
181 78 13974
181 79 14278
181 80 14614
181 81 15030
181 82 14998
181 83 15286
181 84 15206
181 85 15542
181 86 15654
181 87 15798
181 88 15926
181 89 16310
181 90 16406
181 91 16598
181 92 16518
181 93 16822
181 94 16934
181 95 17110
181 96 17510
181 97 17862
181 98 18086
181 99 18374
181 100 18166
181 101 18374
181 102 18614
181 103 18886
181 104 18950
181 105 19142
181 106 19366
181 107 19686
181 108 19478
181 109 19654
181 110 19894
181 111 20198
181 112 20534
181 113 20950
181 114 20918
181 115 21206
181 116 21126
181 117 21462
181 118 21574
181 119 21718
181 120 21846
181 121 22230
181 122 22326
181 123 22518
181 124 22438
181 125 22742
181 126 22854
181 127 23030
181 128 23174
181 129 23590
181 130 23686
181 131 23974
181 132 23766
181 133 24102
181 134 24214
181 135 24486
181 136 24486
181 137 24870
181 138 24966
181 139 25286
181 140 25078
181 141 25382
181 142 25494
181 143 25798
181 144 26070
181 145 26422
181 146 26518
181 147 26806
181 148 26598
181 149 26934
181 150 27046
181 151 27318
181 152 27382
181 153 27702
181 154 27798
181 155 28118
181 156 27910
181 157 28214
181 158 28326
181 159 28630
181 160 28966
181 161 29382
181 162 29606
181 163 29894
181 164 29686
181 165 29894
181 166 30134
181 167 30406
181 168 30406
181 169 30662
181 170 30886
181 171 31206
181 172 30998
181 173 31174
181 174 31414
181 175 31718
181 176 31862
181 177 32214
181 178 32438
181 179 32726
181 180 32518
181 181 32726
181 182 32966
181 183 33238
181 184 33302
181 185 33494
181 186 33718
181 187 34038
181 188 33830
181 189 34006
181 190 34246
181 191 34550
181 192 34758
181 193 35110
181 194 35206
181 195 35494
181 196 35286
181 197 35622
181 198 35734
181 199 36006
181 200 36070
181 201 36390
181 202 36486
181 203 36806
181 204 36598
181 205 36902
181 206 37014
181 207 37318
181 208 37654
181 209 38070
181 210 38166
181 211 38454
181 212 38246
181 213 38582
181 214 38694
181 215 38966
181 216 38966
181 217 39350
181 218 39446
181 219 39766
181 220 39558
181 221 39862
181 222 39974
181 223 40278
181 224 40550
181 225 40902
181 226 41126
181 227 41414
181 228 41206
181 229 41414
181 230 41654
181 231 41926
181 232 41990
181 233 42182
181 234 42406
181 235 42726
181 236 42518
181 237 42694
181 238 42934
181 239 43238
181 240 43574
181 241 43990
181 242 43958
181 243 44246
181 244 44166
181 245 44502
181 246 44614
181 247 44758
181 248 44886
181 249 45270
181 250 45366
181 251 45558
181 252 45478
181 253 45782
181 254 45894
181 255 46070
182 0 6
182 1 422
182 2 646
182 3 934
182 4 726
182 5 934
182 6 1174
182 7 1446
182 8 1462
182 9 1702
182 10 1942
182 11 2246
182 12 2038
182 13 2214
182 14 2454
182 15 2758
182 16 2918
182 17 3270
182 18 3494
182 19 3782
182 20 3574
182 21 3782
182 22 4022
182 23 4294
182 24 4374
182 25 4550
182 26 4790
182 27 5094
182 28 4886
182 29 5062
182 30 5302
182 31 5606
182 32 5958
182 33 6310
182 34 6534
182 35 6822
182 36 6614
182 37 6822
182 38 7062
182 39 7334
182 40 7414
182 41 7590
182 42 7830
182 43 8134
182 44 7926
182 45 8102
182 46 8342
182 47 8646
182 48 8998
182 49 9414
182 50 9382
182 51 9670
182 52 9590
182 53 9926
182 54 10038
182 55 10182
182 56 10326
182 57 10694
182 58 10806
182 59 10982
182 60 10902
182 61 11206
182 62 11318
182 63 11494
182 64 11654
182 65 12070
182 66 12166
182 67 12454
182 68 12246
182 69 12582
182 70 12694
182 71 12966
182 72 12982
182 73 13350
182 74 13462
182 75 13766
182 76 13558
182 77 13862
182 78 13974
182 79 14278
182 80 14566
182 81 14918
182 82 15014
182 83 15302
182 84 15094
182 85 15430
182 86 15542
182 87 15814
182 88 15894
182 89 16198
182 90 16310
182 91 16614
182 92 16406
182 93 16710
182 94 16822
182 95 17126
182 96 17478
182 97 17830
182 98 18054
182 99 18342
182 100 18134
182 101 18342
182 102 18582
182 103 18854
182 104 18934
182 105 19110
182 106 19350
182 107 19654
182 108 19446
182 109 19622
182 110 19862
182 111 20166
182 112 20518
182 113 20934
182 114 20902
182 115 21190
182 116 21110
182 117 21446
182 118 21558
182 119 21702
182 120 21846
182 121 22214
182 122 22326
182 123 22502
182 124 22422
182 125 22726
182 126 22838
182 127 23014
182 128 23302
182 129 23718
182 130 23942
182 131 24230
182 132 24022
182 133 24230
182 134 24470
182 135 24742
182 136 24758
182 137 24998
182 138 25238
182 139 25542
182 140 25334
182 141 25510
182 142 25750
182 143 26054
182 144 26214
182 145 26566
182 146 26790
182 147 27078
182 148 26870
182 149 27078
182 150 27318
182 151 27590
182 152 27670
182 153 27846
182 154 28086
182 155 28390
182 156 28182
182 157 28358
182 158 28598
182 159 28902
182 160 29254
182 161 29606
182 162 29830
182 163 30118
182 164 29910
182 165 30118
182 166 30358
182 167 30630
182 168 30710
182 169 30886
182 170 31126
182 171 31430
182 172 31222
182 173 31398
182 174 31638
182 175 31942
182 176 32294
182 177 32710
182 178 32678
182 179 32966
182 180 32886
182 181 33222
182 182 33334
182 183 33478
182 184 33622
182 185 33990
182 186 34102
182 187 34278
182 188 34198
182 189 34502
182 190 34614
182 191 34790
182 192 34950
182 193 35366
182 194 35462
182 195 35750
182 196 35542
182 197 35878
182 198 35990
182 199 36262
182 200 36278
182 201 36646
182 202 36758
182 203 37062
182 204 36854
182 205 37158
182 206 37270
182 207 37574
182 208 37862
182 209 38214
182 210 38310
182 211 38598
182 212 38390
182 213 38726
182 214 38838
182 215 39110
182 216 39190
182 217 39494
182 218 39606
182 219 39910
182 220 39702
182 221 40006
182 222 40118
182 223 40422
182 224 40774
182 225 41126
182 226 41350
182 227 41638
182 228 41430
182 229 41638
182 230 41878
182 231 42150
182 232 42230
182 233 42406
182 234 42646
182 235 42950
182 236 42742
182 237 42918
182 238 43158
182 239 43462
182 240 43814
182 241 44230
182 242 44198
182 243 44486
182 244 44406
182 245 44742
182 246 44854
182 247 44998
182 248 45142
182 249 45510
182 250 45622
182 251 45798
182 252 45718
182 253 46022
182 254 46134
182 255 46310
183 0 6
183 1 422
183 2 646
183 3 934
183 4 726
183 5 934
183 6 1174
183 7 1446
183 8 1462
183 9 1702
183 10 1942
183 11 2246
183 12 2038
183 13 2214
183 14 2454
183 15 2758
183 16 2934
183 17 3286
183 18 3510
183 19 3798
183 20 3590
183 21 3798
183 22 4038
183 23 4310
183 24 4390
183 25 4566
183 26 4806
183 27 5110
183 28 4902
183 29 5078
183 30 5318
183 31 5622
183 32 5990
183 33 6342
183 34 6566
183 35 6854
183 36 6646
183 37 6854
183 38 7094
183 39 7366
183 40 7446
183 41 7622
183 42 7862
183 43 8166
183 44 7958
183 45 8134
183 46 8374
183 47 8678
183 48 9110
183 49 9398
183 50 9366
183 51 9654
183 52 9638
183 53 9974
183 54 10022
183 55 10166
183 56 10438
183 57 10678
183 58 10790
183 59 10966
183 60 10950
183 61 11254
183 62 11302
183 63 11478
183 64 11718
183 65 12070
183 66 12166
183 67 12454
183 68 12246
183 69 12582
183 70 12694
183 71 12966
183 72 13046
183 73 13350
183 74 13462
183 75 13766
183 76 13558
183 77 13862
183 78 13974
183 79 14278
183 80 14646
183 81 15062
183 82 15158
183 83 15446
183 84 15238
183 85 15574
183 86 15686
183 87 15958
183 88 15974
183 89 16342
183 90 16454
183 91 16758
183 92 16550
183 93 16854
183 94 16966
183 95 17270
183 96 17702
183 97 18118
183 98 18086
183 99 18374
183 100 18294
183 101 18630
183 102 18742
183 103 18886
183 104 19030
183 105 19398
183 106 19510
183 107 19686
183 108 19606
183 109 19910
183 110 20022
183 111 20198
183 112 20630
183 113 20982
183 114 20950
183 115 21238
183 116 21158
183 117 21494
183 118 21606
183 119 21750
183 120 21958
183 121 22262
183 122 22374
183 123 22550
183 124 22470
183 125 22774
183 126 22886
183 127 23062
183 128 23430
183 129 23846
183 130 23942
183 131 24230
183 132 24022
183 133 24358
183 134 24470
183 135 24742
183 136 24758
183 137 25126
183 138 25238
183 139 25542
183 140 25334
183 141 25638
183 142 25750
183 143 26054
183 144 26358
183 145 26710
183 146 26806
183 147 27094
183 148 26886
183 149 27222
183 150 27334
183 151 27606
183 152 27686
183 153 27990
183 154 28102
183 155 28406
183 156 28198
183 157 28502
183 158 28614
183 159 28918
183 160 29286
183 161 29638
183 162 29862
183 163 30150
183 164 29942
183 165 30150
183 166 30390
183 167 30662
183 168 30742
183 169 30918
183 170 31158
183 171 31462
183 172 31254
183 173 31430
183 174 31670
183 175 31974
183 176 32406
183 177 32694
183 178 32662
183 179 32950
183 180 32934
183 181 33270
183 182 33318
183 183 33462
183 184 33734
183 185 33974
183 186 34086
183 187 34262
183 188 34246
183 189 34550
183 190 34598
183 191 34774
183 192 35014
183 193 35366
183 194 35462
183 195 35750
183 196 35542
183 197 35878
183 198 35990
183 199 36262
183 200 36342
183 201 36646
183 202 36758
183 203 37062
183 204 36854
183 205 37158
183 206 37270
183 207 37574
183 208 37942
183 209 38358
183 210 38454
183 211 38742
183 212 38534
183 213 38870
183 214 38982
183 215 39254
183 216 39270
183 217 39638
183 218 39750
183 219 40054
183 220 39846
183 221 40150
183 222 40262
183 223 40566
183 224 40998
183 225 41414
183 226 41382
183 227 41670
183 228 41590
183 229 41926
183 230 42038
183 231 42182
183 232 42326
183 233 42694
183 234 42806
183 235 42982
183 236 42902
183 237 43206
183 238 43318
183 239 43494
183 240 43926
183 241 44278
183 242 44246
183 243 44534
183 244 44454
183 245 44790
183 246 44902
183 247 45046
183 248 45254
183 249 45558
183 250 45670
183 251 45846
183 252 45766
183 253 46070
183 254 46182
183 255 46358
184 0 6
184 1 422
184 2 678
184 3 934
184 4 742
184 5 934
184 6 1190
184 7 1478
184 8 1478
184 9 1702
184 10 1958
184 11 2214
184 12 2022
184 13 2214
184 14 2470
184 15 2758
184 16 3078
184 17 3494
184 18 3750
184 19 4006
184 20 3814
184 21 4006
184 22 4262
184 23 4550
184 24 4550
184 25 4774
184 26 5030
184 27 5286
184 28 5094
184 29 5286
184 30 5542
184 31 5830
184 32 5894
184 33 6310
184 34 6566
184 35 6822
184 36 6630
184 37 6822
184 38 7078
184 39 7366
184 40 7366
184 41 7590
184 42 7846
184 43 8102
184 44 7910
184 45 8102
184 46 8358
184 47 8646
184 48 8966
184 49 9382
184 50 9638
184 51 9894
184 52 9702
184 53 9894
184 54 10150
184 55 10438
184 56 10438
184 57 10662
184 58 10918
184 59 11174
184 60 10982
184 61 11174
184 62 11430
184 63 11718
184 64 11782
184 65 12198
184 66 12454
184 67 12710
184 68 12518
184 69 12710
184 70 12966
184 71 13254
184 72 13254
184 73 13478
184 74 13734
184 75 13990
184 76 13798
184 77 13990
184 78 14246
184 79 14534
184 80 14854
184 81 15270
184 82 15526
184 83 15782
184 84 15590
184 85 15782
184 86 16038
184 87 16326
184 88 16326
184 89 16550
184 90 16806
184 91 17062
184 92 16870
184 93 17062
184 94 17318
184 95 17606
184 96 17670
184 97 18086
184 98 18342
184 99 18598
184 100 18406
184 101 18598
184 102 18854
184 103 19142
184 104 19142
184 105 19366
184 106 19622
184 107 19878
184 108 19686
184 109 19878
184 110 20134
184 111 20422
184 112 20742
184 113 21158
184 114 21414
184 115 21670
184 116 21478
184 117 21670
184 118 21926
184 119 22214
184 120 22214
184 121 22438
184 122 22694
184 123 22950
184 124 22758
184 125 22950
184 126 23206
184 127 23494
184 128 23558
184 129 23974
184 130 24230
184 131 24486
184 132 24294
184 133 24486
184 134 24742
184 135 25030
184 136 25030
184 137 25254
184 138 25510
184 139 25766
184 140 25574
184 141 25766
184 142 26022
184 143 26310
184 144 26630
184 145 27046
184 146 27302
184 147 27558
184 148 27366
184 149 27558
184 150 27814
184 151 28102
184 152 28102
184 153 28326
184 154 28582
184 155 28838
184 156 28646
184 157 28838
184 158 29094
184 159 29382
184 160 29446
184 161 29862
184 162 30118
184 163 30374
184 164 30182
184 165 30374
184 166 30630
184 167 30918
184 168 30918
184 169 31142
184 170 31398
184 171 31654
184 172 31462
184 173 31654
184 174 31910
184 175 32198
184 176 32518
184 177 32934
184 178 33190
184 179 33446
184 180 33254
184 181 33446
184 182 33702
184 183 33990
184 184 33990
184 185 34214
184 186 34470
184 187 34726
184 188 34534
184 189 34726
184 190 34982
184 191 35270
184 192 35334
184 193 35750
184 194 36006
184 195 36262
184 196 36070
184 197 36262
184 198 36518
184 199 36806
184 200 36806
184 201 37030
184 202 37286
184 203 37542
184 204 37350
184 205 37542
184 206 37798
184 207 38086
184 208 38406
184 209 38822
184 210 39078
184 211 39334
184 212 39142
184 213 39334
184 214 39590
184 215 39878
184 216 39878
184 217 40102
184 218 40358
184 219 40614
184 220 40422
184 221 40614
184 222 40870
184 223 41158
184 224 41222
184 225 41638
184 226 41894
184 227 42150
184 228 41958
184 229 42150
184 230 42406
184 231 42694
184 232 42694
184 233 42918
184 234 43174
184 235 43430
184 236 43238
184 237 43430
184 238 43686
184 239 43974
184 240 44294
184 241 44710
184 242 44966
184 243 45222
184 244 45030
184 245 45222
184 246 45478
184 247 45766
184 248 45766
184 249 45990
184 250 46246
184 251 46502
184 252 46310
184 253 46502
184 254 46758
184 255 47046
185 0 6
185 1 422
185 2 678
185 3 934
185 4 742
185 5 934
185 6 1190
185 7 1478
185 8 1478
185 9 1702
185 10 1958
185 11 2214
185 12 2022
185 13 2214
185 14 2470
185 15 2758
185 16 3094
185 17 3510
185 18 3766
185 19 4022
185 20 3830
185 21 4022
185 22 4278
185 23 4566
185 24 4566
185 25 4790
185 26 5046
185 27 5302
185 28 5110
185 29 5302
185 30 5558
185 31 5846
185 32 5926
185 33 6342
185 34 6598
185 35 6854
185 36 6662
185 37 6854
185 38 7110
185 39 7398
185 40 7398
185 41 7622
185 42 7878
185 43 8134
185 44 7942
185 45 8134
185 46 8390
185 47 8678
185 48 9014
185 49 9430
185 50 9686
185 51 9942
185 52 9750
185 53 9942
185 54 10198
185 55 10486
185 56 10486
185 57 10710
185 58 10966
185 59 11222
185 60 11030
185 61 11222
185 62 11478
185 63 11766
185 64 11846
185 65 12198
185 66 12454
185 67 12710
185 68 12518
185 69 12710
185 70 12966
185 71 13254
185 72 13254
185 73 13478
185 74 13734
185 75 13990
185 76 13798
185 77 13990
185 78 14246
185 79 14534
185 80 14934
185 81 15286
185 82 15542
185 83 15798
185 84 15606
185 85 15798
185 86 16054
185 87 16342
185 88 16342
185 89 16566
185 90 16822
185 91 17078
185 92 16886
185 93 17078
185 94 17334
185 95 17622
185 96 17766
185 97 18118
185 98 18374
185 99 18630
185 100 18438
185 101 18630
185 102 18886
185 103 19174
185 104 19174
185 105 19398
185 106 19654
185 107 19910
185 108 19718
185 109 19910
185 110 20166
185 111 20454
185 112 20854
185 113 21206
185 114 21462
185 115 21718
185 116 21526
185 117 21718
185 118 21974
185 119 22262
185 120 22262
185 121 22486
185 122 22742
185 123 22998
185 124 22806
185 125 22998
185 126 23254
185 127 23542
185 128 23686
185 129 24102
185 130 24230
185 131 24486
185 132 24294
185 133 24614
185 134 24742
185 135 25030
185 136 25030
185 137 25382
185 138 25510
185 139 25766
185 140 25574
185 141 25894
185 142 26022
185 143 26310
185 144 26646
185 145 27062
185 146 27318
185 147 27574
185 148 27382
185 149 27574
185 150 27830
185 151 28118
185 152 28118
185 153 28342
185 154 28598
185 155 28854
185 156 28662
185 157 28854
185 158 29110
185 159 29398
185 160 29606
185 161 30022
185 162 30150
185 163 30406
185 164 30214
185 165 30534
185 166 30662
185 167 30950
185 168 30950
185 169 31302
185 170 31430
185 171 31686
185 172 31494
185 173 31814
185 174 31942
185 175 32230
185 176 32566
185 177 32982
185 178 33238
185 179 33494
185 180 33302
185 181 33494
185 182 33750
185 183 34038
185 184 34038
185 185 34262
185 186 34518
185 187 34774
185 188 34582
185 189 34774
185 190 35030
185 191 35318
185 192 35526
185 193 35878
185 194 36006
185 195 36262
185 196 36070
185 197 36390
185 198 36518
185 199 36806
185 200 36806
185 201 37158
185 202 37286
185 203 37542
185 204 37350
185 205 37670
185 206 37798
185 207 38086
185 208 38486
185 209 38838
185 210 39094
185 211 39350
185 212 39158
185 213 39350
185 214 39606
185 215 39894
185 216 39894
185 217 40118
185 218 40374
185 219 40630
185 220 40438
185 221 40630
185 222 40886
185 223 41174
185 224 41446
185 225 41798
185 226 41926
185 227 42182
185 228 41990
185 229 42310
185 230 42438
185 231 42726
185 232 42726
185 233 43078
185 234 43206
185 235 43462
185 236 43270
185 237 43590
185 238 43718
185 239 44006
185 240 44406
185 241 44758
185 242 45014
185 243 45270
185 244 45078
185 245 45270
185 246 45526
185 247 45814
185 248 45814
185 249 46038
185 250 46294
185 251 46550
185 252 46358
185 253 46550
185 254 46806
185 255 47094
186 0 6
186 1 422
186 2 678
186 3 934
186 4 742
186 5 934
186 6 1190
186 7 1478
186 8 1494
186 9 1702
186 10 1958
186 11 2230
186 12 2038
186 13 2214
186 14 2470
186 15 2774
186 16 3110
186 17 3526
186 18 3782
186 19 4038
186 20 3846
186 21 4038
186 22 4294
186 23 4582
186 24 4598
186 25 4806
186 26 5062
186 27 5334
186 28 5142
186 29 5318
186 30 5574
186 31 5878
186 32 5958
186 33 6310
186 34 6566
186 35 6822
186 36 6630
186 37 6822
186 38 7078
186 39 7366
186 40 7382
186 41 7590
186 42 7846
186 43 8118
186 44 7926
186 45 8102
186 46 8358
186 47 8662
186 48 9062
186 49 9414
186 50 9670
186 51 9926
186 52 9734
186 53 9926
186 54 10182
186 55 10470
186 56 10486
186 57 10694
186 58 10950
186 59 11222
186 60 11030
186 61 11206
186 62 11462
186 63 11766
186 64 11910
186 65 12326
186 66 12454
186 67 12710
186 68 12518
186 69 12838
186 70 12966
186 71 13254
186 72 13270
186 73 13606
186 74 13734
186 75 14006
186 76 13814
186 77 14118
186 78 14246
186 79 14550
186 80 14886
186 81 15302
186 82 15558
186 83 15814
186 84 15622
186 85 15814
186 86 16070
186 87 16358
186 88 16374
186 89 16582
186 90 16838
186 91 17110
186 92 16918
186 93 17094
186 94 17350
186 95 17654
186 96 17862
186 97 18214
186 98 18342
186 99 18598
186 100 18406
186 101 18726
186 102 18854
186 103 19142
186 104 19158
186 105 19494
186 106 19622
186 107 19894
186 108 19702
186 109 20006
186 110 20134
186 111 20438
186 112 20838
186 113 21190
186 114 21446
186 115 21702
186 116 21510
186 117 21702
186 118 21958
186 119 22246
186 120 22262
186 121 22470
186 122 22726
186 123 22998
186 124 22806
186 125 22982
186 126 23238
186 127 23542
186 128 23814
186 129 24230
186 130 24486
186 131 24742
186 132 24550
186 133 24742
186 134 24998
186 135 25286
186 136 25302
186 137 25510
186 138 25766
186 139 26038
186 140 25846
186 141 26022
186 142 26278
186 143 26582
186 144 26918
186 145 27334
186 146 27590
186 147 27846
186 148 27654
186 149 27846
186 150 28102
186 151 28390
186 152 28406
186 153 28614
186 154 28870
186 155 29142
186 156 28950
186 157 29126
186 158 29382
186 159 29686
186 160 29766
186 161 30118
186 162 30374
186 163 30630
186 164 30438
186 165 30630
186 166 30886
186 167 31174
186 168 31190
186 169 31398
186 170 31654
186 171 31926
186 172 31734
186 173 31910
186 174 32166
186 175 32470
186 176 32870
186 177 33222
186 178 33478
186 179 33734
186 180 33542
186 181 33734
186 182 33990
186 183 34278
186 184 34294
186 185 34502
186 186 34758
186 187 35030
186 188 34838
186 189 35014
186 190 35270
186 191 35574
186 192 35718
186 193 36134
186 194 36262
186 195 36518
186 196 36326
186 197 36646
186 198 36774
186 199 37062
186 200 37078
186 201 37414
186 202 37542
186 203 37814
186 204 37622
186 205 37926
186 206 38054
186 207 38358
186 208 38694
186 209 39110
186 210 39366
186 211 39622
186 212 39430
186 213 39622
186 214 39878
186 215 40166
186 216 40182
186 217 40390
186 218 40646
186 219 40918
186 220 40726
186 221 40902
186 222 41158
186 223 41462
186 224 41670
186 225 42022
186 226 42150
186 227 42406
186 228 42214
186 229 42534
186 230 42662
186 231 42950
186 232 42966
186 233 43302
186 234 43430
186 235 43702
186 236 43510
186 237 43814
186 238 43942
186 239 44246
186 240 44646
186 241 44998
186 242 45254
186 243 45510
186 244 45318
186 245 45510
186 246 45766
186 247 46054
186 248 46070
186 249 46278
186 250 46534
186 251 46806
186 252 46614
186 253 46790
186 254 47046
186 255 47350
187 0 6
187 1 422
187 2 678
187 3 934
187 4 742
187 5 934
187 6 1190
187 7 1478
187 8 1494
187 9 1702
187 10 1958
187 11 2230
187 12 2038
187 13 2214
187 14 2470
187 15 2774
187 16 3126
187 17 3542
187 18 3798
187 19 4054
187 20 3862
187 21 4054
187 22 4310
187 23 4598
187 24 4614
187 25 4822
187 26 5078
187 27 5350
187 28 5158
187 29 5334
187 30 5590
187 31 5894
187 32 5990
187 33 6342
187 34 6598
187 35 6854
187 36 6662
187 37 6854
187 38 7110
187 39 7398
187 40 7414
187 41 7622
187 42 7878
187 43 8150
187 44 7958
187 45 8134
187 46 8390
187 47 8694
187 48 9110
187 49 9462
187 50 9718
187 51 9974
187 52 9782
187 53 9974
187 54 10230
187 55 10518
187 56 10534
187 57 10742
187 58 10998
187 59 11270
187 60 11078
187 61 11254
187 62 11510
187 63 11814
187 64 11974
187 65 12326
187 66 12454
187 67 12710
187 68 12518
187 69 12838
187 70 12966
187 71 13254
187 72 13270
187 73 13606
187 74 13734
187 75 14006
187 76 13814
187 77 14118
187 78 14246
187 79 14550
187 80 14966
187 81 15318
187 82 15574
187 83 15830
187 84 15638
187 85 15830
187 86 16086
187 87 16374
187 88 16390
187 89 16598
187 90 16854
187 91 17126
187 92 16934
187 93 17110
187 94 17366
187 95 17670
187 96 17958
187 97 18374
187 98 18502
187 99 18758
187 100 18566
187 101 18886
187 102 19014
187 103 19302
187 104 19318
187 105 19654
187 106 19782
187 107 20054
187 108 19862
187 109 20166
187 110 20294
187 111 20598
187 112 21142
187 113 21430
187 114 21430
187 115 21686
187 116 21686
187 117 22006
187 118 22070
187 119 22230
187 120 22438
187 121 22774
187 122 22838
187 123 22982
187 124 22982
187 125 23286
187 126 23350
187 127 23526
187 128 23942
187 129 24358
187 130 24486
187 131 24742
187 132 24550
187 133 24870
187 134 24998
187 135 25286
187 136 25302
187 137 25638
187 138 25766
187 139 26038
187 140 25846
187 141 26150
187 142 26278
187 143 26582
187 144 26934
187 145 27350
187 146 27606
187 147 27862
187 148 27670
187 149 27862
187 150 28118
187 151 28406
187 152 28422
187 153 28630
187 154 28886
187 155 29158
187 156 28966
187 157 29142
187 158 29398
187 159 29702
187 160 29926
187 161 30278
187 162 30406
187 163 30662
187 164 30470
187 165 30790
187 166 30918
187 167 31206
187 168 31222
187 169 31558
187 170 31686
187 171 31958
187 172 31766
187 173 32070
187 174 32198
187 175 32502
187 176 32918
187 177 33270
187 178 33526
187 179 33782
187 180 33590
187 181 33782
187 182 34038
187 183 34326
187 184 34342
187 185 34550
187 186 34806
187 187 35078
187 188 34886
187 189 35062
187 190 35318
187 191 35622
187 192 35782
187 193 36134
187 194 36262
187 195 36518
187 196 36326
187 197 36646
187 198 36774
187 199 37062
187 200 37078
187 201 37414
187 202 37542
187 203 37814
187 204 37622
187 205 37926
187 206 38054
187 207 38358
187 208 38774
187 209 39126
187 210 39382
187 211 39638
187 212 39446
187 213 39638
187 214 39894
187 215 40182
187 216 40198
187 217 40406
187 218 40662
187 219 40934
187 220 40742
187 221 40918
187 222 41174
187 223 41478
187 224 41766
187 225 42182
187 226 42310
187 227 42566
187 228 42374
187 229 42694
187 230 42822
187 231 43110
187 232 43126
187 233 43462
187 234 43590
187 235 43862
187 236 43670
187 237 43974
187 238 44102
187 239 44406
187 240 44950
187 241 45238
187 242 45238
187 243 45494
187 244 45494
187 245 45814
187 246 45878
187 247 46038
187 248 46246
187 249 46582
187 250 46646
187 251 46790
187 252 46790
187 253 47094
187 254 47158
187 255 47334
188 0 6
188 1 422
188 2 678
188 3 934
188 4 758
188 5 934
188 6 1190
188 7 1494
188 8 1510
188 9 1702
188 10 1958
188 11 2246
188 12 2038
188 13 2214
188 14 2470
188 15 2774
188 16 3142
188 17 3494
188 18 3750
188 19 4006
188 20 3830
188 21 4006
188 22 4262
188 23 4566
188 24 4582
188 25 4774
188 26 5030
188 27 5318
188 28 5110
188 29 5286
188 30 5542
188 31 5846
188 32 6150
188 33 6566
188 34 6822
188 35 7078
188 36 6902
188 37 7078
188 38 7334
188 39 7638
188 40 7654
188 41 7846
188 42 8102
188 43 8390
188 44 8182
188 45 8358
188 46 8614
188 47 8918
188 48 9030
188 49 9382
188 50 9638
188 51 9894
188 52 9718
188 53 9894
188 54 10150
188 55 10454
188 56 10470
188 57 10662
188 58 10918
188 59 11206
188 60 10998
188 61 11174
188 62 11430
188 63 11734
188 64 12038
188 65 12454
188 66 12710
188 67 12966
188 68 12790
188 69 12966
188 70 13222
188 71 13526
188 72 13542
188 73 13734
188 74 13990
188 75 14278
188 76 14070
188 77 14246
188 78 14502
188 79 14806
188 80 15174
188 81 15526
188 82 15782
188 83 16038
188 84 15862
188 85 16038
188 86 16294
188 87 16598
188 88 16614
188 89 16806
188 90 17062
188 91 17350
188 92 17142
188 93 17318
188 94 17574
188 95 17878
188 96 18182
188 97 18598
188 98 18854
188 99 19110
188 100 18934
188 101 19110
188 102 19366
188 103 19670
188 104 19686
188 105 19878
188 106 20134
188 107 20422
188 108 20214
188 109 20390
188 110 20646
188 111 20950
188 112 21062
188 113 21414
188 114 21670
188 115 21926
188 116 21750
188 117 21926
188 118 22182
188 119 22486
188 120 22502
188 121 22694
188 122 22950
188 123 23238
188 124 23030
188 125 23206
188 126 23462
188 127 23766
188 128 24070
188 129 24486
188 130 24742
188 131 24998
188 132 24822
188 133 24998
188 134 25254
188 135 25558
188 136 25574
188 137 25766
188 138 26022
188 139 26310
188 140 26102
188 141 26278
188 142 26534
188 143 26838
188 144 27206
188 145 27558
188 146 27814
188 147 28070
188 148 27894
188 149 28070
188 150 28326
188 151 28630
188 152 28646
188 153 28838
188 154 29094
188 155 29382
188 156 29174
188 157 29350
188 158 29606
188 159 29910
188 160 30214
188 161 30630
188 162 30886
188 163 31142
188 164 30966
188 165 31142
188 166 31398
188 167 31702
188 168 31718
188 169 31910
188 170 32166
188 171 32454
188 172 32246
188 173 32422
188 174 32678
188 175 32982
188 176 33094
188 177 33446
188 178 33702
188 179 33958
188 180 33782
188 181 33958
188 182 34214
188 183 34518
188 184 34534
188 185 34726
188 186 34982
188 187 35270
188 188 35062
188 189 35238
188 190 35494
188 191 35798
188 192 36102
188 193 36518
188 194 36774
188 195 37030
188 196 36854
188 197 37030
188 198 37286
188 199 37590
188 200 37606
188 201 37798
188 202 38054
188 203 38342
188 204 38134
188 205 38310
188 206 38566
188 207 38870
188 208 39238
188 209 39590
188 210 39846
188 211 40102
188 212 39926
188 213 40102
188 214 40358
188 215 40662
188 216 40678
188 217 40870
188 218 41126
188 219 41414
188 220 41206
188 221 41382
188 222 41638
188 223 41942
188 224 42246
188 225 42662
188 226 42918
188 227 43174
188 228 42998
188 229 43174
188 230 43430
188 231 43734
188 232 43750
188 233 43942
188 234 44198
188 235 44486
188 236 44278
188 237 44454
188 238 44710
188 239 45014
188 240 45126
188 241 45478
188 242 45734
188 243 45990
188 244 45814
188 245 45990
188 246 46246
188 247 46550
188 248 46566
188 249 46758
188 250 47014
188 251 47302
188 252 47094
188 253 47270
188 254 47526
188 255 47830
189 0 6
189 1 422
189 2 678
189 3 934
189 4 758
189 5 934
189 6 1190
189 7 1494
189 8 1510
189 9 1702
189 10 1958
189 11 2246
189 12 2038
189 13 2214
189 14 2470
189 15 2774
189 16 3158
189 17 3510
189 18 3766
189 19 4022
189 20 3846
189 21 4022
189 22 4278
189 23 4582
189 24 4598
189 25 4790
189 26 5046
189 27 5334
189 28 5126
189 29 5302
189 30 5558
189 31 5862
189 32 6182
189 33 6598
189 34 6854
189 35 7110
189 36 6934
189 37 7110
189 38 7366
189 39 7670
189 40 7686
189 41 7878
189 42 8134
189 43 8422
189 44 8214
189 45 8390
189 46 8646
189 47 8950
189 48 9078
189 49 9430
189 50 9686
189 51 9942
189 52 9766
189 53 9942
189 54 10198
189 55 10502
189 56 10518
189 57 10710
189 58 10966
189 59 11254
189 60 11046
189 61 11222
189 62 11478
189 63 11782
189 64 12102
189 65 12454
189 66 12710
189 67 12966
189 68 12790
189 69 12966
189 70 13222
189 71 13526
189 72 13542
189 73 13734
189 74 13990
189 75 14278
189 76 14070
189 77 14246
189 78 14502
189 79 14806
189 80 15382
189 81 15798
189 82 15798
189 83 16054
189 84 16006
189 85 16310
189 86 16438
189 87 16614
189 88 16758
189 89 17078
189 90 17206
189 91 17366
189 92 17286
189 93 17590
189 94 17718
189 95 17894
189 96 18278
189 97 18630
189 98 18886
189 99 19142
189 100 18966
189 101 19142
189 102 19398
189 103 19702
189 104 19718
189 105 19910
189 106 20166
189 107 20454
189 108 20246
189 109 20422
189 110 20678
189 111 20982
189 112 21302
189 113 21718
189 114 21718
189 115 21974
189 116 21926
189 117 22230
189 118 22358
189 119 22534
189 120 22678
189 121 22998
189 122 23126
189 123 23286
189 124 23206
189 125 23510
189 126 23638
189 127 23814
189 128 24198
189 129 24614
189 130 24742
189 131 24998
189 132 24822
189 133 25126
189 134 25254
189 135 25558
189 136 25574
189 137 25894
189 138 26022
189 139 26310
189 140 26102
189 141 26406
189 142 26534
189 143 26838
189 144 27222
189 145 27574
189 146 27830
189 147 28086
189 148 27910
189 149 28086
189 150 28342
189 151 28646
189 152 28662
189 153 28854
189 154 29110
189 155 29398
189 156 29190
189 157 29366
189 158 29622
189 159 29926
189 160 30246
189 161 30662
189 162 30918
189 163 31174
189 164 30998
189 165 31174
189 166 31430
189 167 31734
189 168 31750
189 169 31942
189 170 32198
189 171 32486
189 172 32278
189 173 32454
189 174 32710
189 175 33014
189 176 33270
189 177 33622
189 178 33750
189 179 34006
189 180 33830
189 181 34134
189 182 34262
189 183 34566
189 184 34582
189 185 34902
189 186 35030
189 187 35318
189 188 35110
189 189 35414
189 190 35542
189 191 35846
189 192 36294
189 193 36646
189 194 36774
189 195 37030
189 196 36854
189 197 37158
189 198 37286
189 199 37590
189 200 37606
189 201 37926
189 202 38054
189 203 38342
189 204 38134
189 205 38438
189 206 38566
189 207 38870
189 208 39446
189 209 39862
189 210 39862
189 211 40118
189 212 40070
189 213 40374
189 214 40502
189 215 40678
189 216 40822
189 217 41142
189 218 41270
189 219 41430
189 220 41350
189 221 41654
189 222 41782
189 223 41958
189 224 42342
189 225 42694
189 226 42950
189 227 43206
189 228 43030
189 229 43206
189 230 43462
189 231 43766
189 232 43782
189 233 43974
189 234 44230
189 235 44518
189 236 44310
189 237 44486
189 238 44742
189 239 45046
189 240 45366
189 241 45782
189 242 45910
189 243 46166
189 244 45990
189 245 46294
189 246 46422
189 247 46726
189 248 46742
189 249 47062
189 250 47190
189 251 47478
189 252 47270
189 253 47574
189 254 47702
189 255 48006
190 0 6
190 1 422
190 2 678
190 3 934
190 4 758
190 5 934
190 6 1190
190 7 1494
190 8 1526
190 9 1702
190 10 1958
190 11 2262
190 12 2038
190 13 2214
190 14 2470
190 15 2774
190 16 3174
190 17 3526
190 18 3782
190 19 4038
190 20 3862
190 21 4038
190 22 4294
190 23 4598
190 24 4630
190 25 4806
190 26 5062
190 27 5366
190 28 5142
190 29 5318
190 30 5574
190 31 5878
190 32 6214
190 33 6566
190 34 6822
190 35 7078
190 36 6902
190 37 7078
190 38 7334
190 39 7638
190 40 7670
190 41 7846
190 42 8102
190 43 8406
190 44 8182
190 45 8358
190 46 8614
190 47 8918
190 48 9254
190 49 9670
190 50 9670
190 51 9926
190 52 9878
190 53 10182
190 54 10310
190 55 10486
190 56 10646
190 57 10950
190 58 11078
190 59 11254
190 60 11158
190 61 11462
190 62 11590
190 63 11766
190 64 12166
190 65 12582
190 66 12710
190 67 12966
190 68 12790
190 69 13094
190 70 13222
190 71 13526
190 72 13558
190 73 13862
190 74 13990
190 75 14294
190 76 14070
190 77 14374
190 78 14502
190 79 14806
190 80 15206
190 81 15558
190 82 15814
190 83 16070
190 84 15894
190 85 16070
190 86 16326
190 87 16630
190 88 16662
190 89 16838
190 90 17094
190 91 17398
190 92 17174
190 93 17350
190 94 17606
190 95 17910
190 96 18246
190 97 18598
190 98 18854
190 99 19110
190 100 18934
190 101 19110
190 102 19366
190 103 19670
190 104 19702
190 105 19878
190 106 20134
190 107 20438
190 108 20214
190 109 20390
190 110 20646
190 111 20950
190 112 21286
190 113 21702
190 114 21830
190 115 22086
190 116 21910
190 117 22214
190 118 22342
190 119 22646
190 120 22678
190 121 22982
190 122 23110
190 123 23414
190 124 23190
190 125 23494
190 126 23622
190 127 23926
190 128 24326
190 129 24742
190 130 24998
190 131 25254
190 132 25078
190 133 25254
190 134 25510
190 135 25814
190 136 25846
190 137 26022
190 138 26278
190 139 26582
190 140 26358
190 141 26534
190 142 26790
190 143 27094
190 144 27494
190 145 27846
190 146 28102
190 147 28358
190 148 28182
190 149 28358
190 150 28614
190 151 28918
190 152 28950
190 153 29126
190 154 29382
190 155 29686
190 156 29462
190 157 29638
190 158 29894
190 159 30198
190 160 30534
190 161 30886
190 162 31142
190 163 31398
190 164 31222
190 165 31398
190 166 31654
190 167 31958
190 168 31990
190 169 32166
190 170 32422
190 171 32726
190 172 32502
190 173 32678
190 174 32934
190 175 33238
190 176 33574
190 177 33990
190 178 33990
190 179 34246
190 180 34198
190 181 34502
190 182 34630
190 183 34806
190 184 34966
190 185 35270
190 186 35398
190 187 35574
190 188 35478
190 189 35782
190 190 35910
190 191 36086
190 192 36486
190 193 36902
190 194 37030
190 195 37286
190 196 37110
190 197 37414
190 198 37542
190 199 37846
190 200 37878
190 201 38182
190 202 38310
190 203 38614
190 204 38390
190 205 38694
190 206 38822
190 207 39126
190 208 39526
190 209 39878
190 210 40134
190 211 40390
190 212 40214
190 213 40390
190 214 40646
190 215 40950
190 216 40982
190 217 41158
190 218 41414
190 219 41718
190 220 41494
190 221 41670
190 222 41926
190 223 42230
190 224 42566
190 225 42918
190 226 43174
190 227 43430
190 228 43254
190 229 43430
190 230 43686
190 231 43990
190 232 44022
190 233 44198
190 234 44454
190 235 44758
190 236 44534
190 237 44710
190 238 44966
190 239 45270
190 240 45606
190 241 46022
190 242 46150
190 243 46406
190 244 46230
190 245 46534
190 246 46662
190 247 46966
190 248 46998
190 249 47302
190 250 47430
190 251 47734
190 252 47510
190 253 47814
190 254 47942
190 255 48246
191 0 6
191 1 422
191 2 678
191 3 934
191 4 758
191 5 934
191 6 1190
191 7 1494
191 8 1526
191 9 1702
191 10 1958
191 11 2262
191 12 2038
191 13 2214
191 14 2470
191 15 2774
191 16 3190
191 17 3542
191 18 3798
191 19 4054
191 20 3878
191 21 4054
191 22 4310
191 23 4614
191 24 4646
191 25 4822
191 26 5078
191 27 5382
191 28 5158
191 29 5334
191 30 5590
191 31 5894
191 32 6246
191 33 6598
191 34 6854
191 35 7110
191 36 6934
191 37 7110
191 38 7366
191 39 7670
191 40 7702
191 41 7878
191 42 8134
191 43 8438
191 44 8214
191 45 8390
191 46 8646
191 47 8950
191 48 9366
191 49 9654
191 50 9654
191 51 9910
191 52 9926
191 53 10230
191 54 10294
191 55 10470
191 56 10694
191 57 10998
191 58 11062
191 59 11238
191 60 11206
191 61 11510
191 62 11574
191 63 11750
191 64 12230
191 65 12582
191 66 12710
191 67 12966
191 68 12790
191 69 13094
191 70 13222
191 71 13526
191 72 13558
191 73 13862
191 74 13990
191 75 14294
191 76 14070
191 77 14374
191 78 14502
191 79 14806
191 80 15414
191 81 15830
191 82 15830
191 83 16086
191 84 16038
191 85 16342
191 86 16470
191 87 16646
191 88 16806
191 89 17110
191 90 17238
191 91 17414
191 92 17318
191 93 17622
191 94 17750
191 95 17926
191 96 18470
191 97 18886
191 98 18886
191 99 19142
191 100 19094
191 101 19398
191 102 19526
191 103 19702
191 104 19862
191 105 20166
191 106 20294
191 107 20470
191 108 20374
191 109 20678
191 110 20806
191 111 20982
191 112 21398
191 113 21750
191 114 21878
191 115 22134
191 116 21958
191 117 22262
191 118 22390
191 119 22694
191 120 22726
191 121 23030
191 122 23158
191 123 23462
191 124 23238
191 125 23542
191 126 23670
191 127 23974
191 128 24454
191 129 24870
191 130 24998
191 131 25254
191 132 25078
191 133 25382
191 134 25510
191 135 25814
191 136 25846
191 137 26150
191 138 26278
191 139 26582
191 140 26358
191 141 26662
191 142 26790
191 143 27094
191 144 27510
191 145 27862
191 146 28118
191 147 28374
191 148 28198
191 149 28374
191 150 28630
191 151 28934
191 152 28966
191 153 29142
191 154 29398
191 155 29702
191 156 29478
191 157 29654
191 158 29910
191 159 30214
191 160 30566
191 161 30918
191 162 31174
191 163 31430
191 164 31254
191 165 31430
191 166 31686
191 167 31990
191 168 32022
191 169 32198
191 170 32454
191 171 32758
191 172 32534
191 173 32710
191 174 32966
191 175 33270
191 176 33686
191 177 33974
191 178 34102
191 179 34358
191 180 34246
191 181 34550
191 182 34614
191 183 34918
191 184 35014
191 185 35318
191 186 35382
191 187 35686
191 188 35526
191 189 35830
191 190 35894
191 191 36198
191 192 36550
191 193 36902
191 194 37030
191 195 37286
191 196 37110
191 197 37414
191 198 37542
191 199 37846
191 200 37878
191 201 38182
191 202 38310
191 203 38614
191 204 38390
191 205 38694
191 206 38822
191 207 39126
191 208 39734
191 209 40150
191 210 40150
191 211 40406
191 212 40358
191 213 40662
191 214 40790
191 215 40966
191 216 41126
191 217 41430
191 218 41558
191 219 41734
191 220 41638
191 221 41942
191 222 42070
191 223 42246
191 224 42790
191 225 43206
191 226 43206
191 227 43462
191 228 43414
191 229 43718
191 230 43846
191 231 44022
191 232 44182
191 233 44486
191 234 44614
191 235 44790
191 236 44694
191 237 44998
191 238 45126
191 239 45302
191 240 45718
191 241 46070
191 242 46198
191 243 46454
191 244 46278
191 245 46582
191 246 46710
191 247 47014
191 248 47046
191 249 47350
191 250 47478
191 251 47782
191 252 47558
191 253 47862
191 254 47990
191 255 48294
192 0 6
192 1 518
192 2 518
192 3 774
192 4 774
192 5 1286
192 6 1286
192 7 1542
192 8 1542
192 9 2054
192 10 2054
192 11 2310
192 12 2310
192 13 2822
192 14 2822
192 15 3078
192 16 3078
192 17 3590
192 18 3590
192 19 3846
192 20 3846
192 21 4358
192 22 4358
192 23 4614
192 24 4614
192 25 5126
192 26 5126
192 27 5382
192 28 5382
192 29 5894
192 30 5894
192 31 6150
192 32 6150
192 33 6662
192 34 6662
192 35 6918
192 36 6918
192 37 7430
192 38 7430
192 39 7686
192 40 7686
192 41 8198
192 42 8198
192 43 8454
192 44 8454
192 45 8966
192 46 8966
192 47 9222
192 48 9222
192 49 9734
192 50 9734
192 51 9990
192 52 9990
192 53 10502
192 54 10502
192 55 10758
192 56 10758
192 57 11270
192 58 11270
192 59 11526
192 60 11526
192 61 12038
192 62 12038
192 63 12294
192 64 12294
192 65 12806
192 66 12806
192 67 13062
192 68 13062
192 69 13574
192 70 13574
192 71 13830
192 72 13830
192 73 14342
192 74 14342
192 75 14598
192 76 14598
192 77 15110
192 78 15110
192 79 15366
192 80 15366
192 81 15878
192 82 15878
192 83 16134
192 84 16134
192 85 16646
192 86 16646
192 87 16902
192 88 16902
192 89 17414
192 90 17414
192 91 17670
192 92 17670
192 93 18182
192 94 18182
192 95 18438
192 96 18438
192 97 18950
192 98 18950
192 99 19206
192 100 19206
192 101 19718
192 102 19718
192 103 19974
192 104 19974
192 105 20486
192 106 20486
192 107 20742
192 108 20742
192 109 21254
192 110 21254
192 111 21510
192 112 21510
192 113 22022
192 114 22022
192 115 22278
192 116 22278
192 117 22790
192 118 22790
192 119 23046
192 120 23046
192 121 23558
192 122 23558
192 123 23814
192 124 23814
192 125 24326
192 126 24326
192 127 24582
192 128 24582
192 129 25094
192 130 25094
192 131 25350
192 132 25350
192 133 25862
192 134 25862
192 135 26118
192 136 26118
192 137 26630
192 138 26630
192 139 26886
192 140 26886
192 141 27398
192 142 27398
192 143 27654
192 144 27654
192 145 28166
192 146 28166
192 147 28422
192 148 28422
192 149 28934
192 150 28934
192 151 29190
192 152 29190
192 153 29702
192 154 29702
192 155 29958
192 156 29958
192 157 30470
192 158 30470
192 159 30726
192 160 30726
192 161 31238
192 162 31238
192 163 31494
192 164 31494
192 165 32006
192 166 32006
192 167 32262
192 168 32262
192 169 32774
192 170 32774
192 171 33030
192 172 33030
192 173 33542
192 174 33542
192 175 33798
192 176 33798
192 177 34310
192 178 34310
192 179 34566
192 180 34566
192 181 35078
192 182 35078
192 183 35334
192 184 35334
192 185 35846
192 186 35846
192 187 36102
192 188 36102
192 189 36614
192 190 36614
192 191 36870
192 192 36870
192 193 37382
192 194 37382
192 195 37638
192 196 37638
192 197 38150
192 198 38150
192 199 38406
192 200 38406
192 201 38918
192 202 38918
192 203 39174
192 204 39174
192 205 39686
192 206 39686
192 207 39942
192 208 39942
192 209 40454
192 210 40454
192 211 40710
192 212 40710
192 213 41222
192 214 41222
192 215 41478
192 216 41478
192 217 41990
192 218 41990
192 219 42246
192 220 42246
192 221 42758
192 222 42758
192 223 43014
192 224 43014
192 225 43526
192 226 43526
192 227 43782
192 228 43782
192 229 44294
192 230 44294
192 231 44550
192 232 44550
192 233 45062
192 234 45062
192 235 45318
192 236 45318
192 237 45830
192 238 45830
192 239 46086
192 240 46086
192 241 46598
192 242 46598
192 243 46854
192 244 46854
192 245 47366
192 246 47366
192 247 47622
192 248 47622
192 249 48134
192 250 48134
192 251 48390
192 252 48390
192 253 48902
192 254 48902
192 255 49158
193 0 6
193 1 518
193 2 518
193 3 774
193 4 774
193 5 1286
193 6 1286
193 7 1542
193 8 1542
193 9 2054
193 10 2054
193 11 2310
193 12 2310
193 13 2822
193 14 2822
193 15 3078
193 16 3094
193 17 3606
193 18 3606
193 19 3862
193 20 3862
193 21 4374
193 22 4374
193 23 4630
193 24 4630
193 25 5142
193 26 5142
193 27 5398
193 28 5398
193 29 5910
193 30 5910
193 31 6166
193 32 6182
193 33 6694
193 34 6694
193 35 6950
193 36 6950
193 37 7462
193 38 7462
193 39 7718
193 40 7718
193 41 8230
193 42 8230
193 43 8486
193 44 8486
193 45 8998
193 46 8998
193 47 9254
193 48 9270
193 49 9782
193 50 9782
193 51 10038
193 52 10038
193 53 10550
193 54 10550
193 55 10806
193 56 10806
193 57 11318
193 58 11318
193 59 11574
193 60 11574
193 61 12086
193 62 12086
193 63 12342
193 64 12358
193 65 12870
193 66 12870
193 67 13126
193 68 13126
193 69 13638
193 70 13638
193 71 13894
193 72 13894
193 73 14406
193 74 14406
193 75 14662
193 76 14662
193 77 15174
193 78 15174
193 79 15430
193 80 15446
193 81 15958
193 82 15958
193 83 16214
193 84 16214
193 85 16726
193 86 16726
193 87 16982
193 88 16982
193 89 17494
193 90 17494
193 91 17750
193 92 17750
193 93 18262
193 94 18262
193 95 18518
193 96 18534
193 97 19046
193 98 19046
193 99 19302
193 100 19302
193 101 19814
193 102 19814
193 103 20070
193 104 20070
193 105 20582
193 106 20582
193 107 20838
193 108 20838
193 109 21350
193 110 21350
193 111 21606
193 112 21622
193 113 22134
193 114 22134
193 115 22390
193 116 22390
193 117 22902
193 118 22902
193 119 23158
193 120 23158
193 121 23670
193 122 23670
193 123 23926
193 124 23926
193 125 24438
193 126 24438
193 127 24694
193 128 24710
193 129 25094
193 130 25222
193 131 25350
193 132 25478
193 133 25862
193 134 25990
193 135 26118
193 136 26246
193 137 26630
193 138 26758
193 139 26886
193 140 27014
193 141 27398
193 142 27526
193 143 27654
193 144 27798
193 145 28182
193 146 28310
193 147 28438
193 148 28566
193 149 28950
193 150 29078
193 151 29206
193 152 29334
193 153 29718
193 154 29846
193 155 29974
193 156 30102
193 157 30486
193 158 30614
193 159 30742
193 160 30886
193 161 31270
193 162 31398
193 163 31526
193 164 31654
193 165 32038
193 166 32166
193 167 32294
193 168 32422
193 169 32806
193 170 32934
193 171 33062
193 172 33190
193 173 33574
193 174 33702
193 175 33830
193 176 33974
193 177 34358
193 178 34486
193 179 34614
193 180 34742
193 181 35126
193 182 35254
193 183 35382
193 184 35510
193 185 35894
193 186 36022
193 187 36150
193 188 36278
193 189 36662
193 190 36790
193 191 36918
193 192 37062
193 193 37446
193 194 37574
193 195 37702
193 196 37830
193 197 38214
193 198 38342
193 199 38470
193 200 38598
193 201 38982
193 202 39110
193 203 39238
193 204 39366
193 205 39750
193 206 39878
193 207 40006
193 208 40150
193 209 40534
193 210 40662
193 211 40790
193 212 40918
193 213 41302
193 214 41430
193 215 41558
193 216 41686
193 217 42070
193 218 42198
193 219 42326
193 220 42454
193 221 42838
193 222 42966
193 223 43094
193 224 43238
193 225 43622
193 226 43750
193 227 43878
193 228 44006
193 229 44390
193 230 44518
193 231 44646
193 232 44774
193 233 45158
193 234 45286
193 235 45414
193 236 45542
193 237 45926
193 238 46054
193 239 46182
193 240 46326
193 241 46710
193 242 46838
193 243 46966
193 244 47094
193 245 47478
193 246 47606
193 247 47734
193 248 47862
193 249 48246
193 250 48374
193 251 48502
193 252 48630
193 253 49014
193 254 49142
193 255 49270
194 0 6
194 1 518
194 2 518
194 3 774
194 4 774
194 5 1286
194 6 1286
194 7 1542
194 8 1558
194 9 2070
194 10 2070
194 11 2326
194 12 2326
194 13 2838
194 14 2838
194 15 3094
194 16 3110
194 17 3622
194 18 3622
194 19 3878
194 20 3878
194 21 4390
194 22 4390
194 23 4646
194 24 4662
194 25 5174
194 26 5174
194 27 5430
194 28 5430
194 29 5942
194 30 5942
194 31 6198
194 32 6214
194 33 6726
194 34 6726
194 35 6982
194 36 6982
194 37 7494
194 38 7494
194 39 7750
194 40 7766
194 41 8278
194 42 8278
194 43 8534
194 44 8534
194 45 9046
194 46 9046
194 47 9302
194 48 9318
194 49 9830
194 50 9830
194 51 10086
194 52 10086
194 53 10598
194 54 10598
194 55 10854
194 56 10870
194 57 11382
194 58 11382
194 59 11638
194 60 11638
194 61 12150
194 62 12150
194 63 12406
194 64 12422
194 65 12806
194 66 12934
194 67 13062
194 68 13190
194 69 13574
194 70 13702
194 71 13830
194 72 13974
194 73 14358
194 74 14486
194 75 14614
194 76 14742
194 77 15126
194 78 15254
194 79 15382
194 80 15526
194 81 15910
194 82 16038
194 83 16166
194 84 16294
194 85 16678
194 86 16806
194 87 16934
194 88 17078
194 89 17462
194 90 17590
194 91 17718
194 92 17846
194 93 18230
194 94 18358
194 95 18486
194 96 18630
194 97 19014
194 98 19142
194 99 19270
194 100 19398
194 101 19782
194 102 19910
194 103 20038
194 104 20182
194 105 20566
194 106 20694
194 107 20822
194 108 20950
194 109 21334
194 110 21462
194 111 21590
194 112 21734
194 113 22118
194 114 22246
194 115 22374
194 116 22502
194 117 22886
194 118 23014
194 119 23142
194 120 23286
194 121 23670
194 122 23798
194 123 23926
194 124 24054
194 125 24438
194 126 24566
194 127 24694
194 128 24838
194 129 25350
194 130 25350
194 131 25606
194 132 25606
194 133 26118
194 134 26118
194 135 26374
194 136 26390
194 137 26902
194 138 26902
194 139 27158
194 140 27158
194 141 27670
194 142 27670
194 143 27926
194 144 27942
194 145 28454
194 146 28454
194 147 28710
194 148 28710
194 149 29222
194 150 29222
194 151 29478
194 152 29494
194 153 30006
194 154 30006
194 155 30262
194 156 30262
194 157 30774
194 158 30774
194 159 31030
194 160 31046
194 161 31558
194 162 31558
194 163 31814
194 164 31814
194 165 32326
194 166 32326
194 167 32582
194 168 32598
194 169 33110
194 170 33110
194 171 33366
194 172 33366
194 173 33878
194 174 33878
194 175 34134
194 176 34150
194 177 34662
194 178 34662
194 179 34918
194 180 34918
194 181 35430
194 182 35430
194 183 35686
194 184 35702
194 185 36214
194 186 36214
194 187 36470
194 188 36470
194 189 36982
194 190 36982
194 191 37238
194 192 37254
194 193 37638
194 194 37766
194 195 37894
194 196 38022
194 197 38406
194 198 38534
194 199 38662
194 200 38806
194 201 39190
194 202 39318
194 203 39446
194 204 39574
194 205 39958
194 206 40086
194 207 40214
194 208 40358
194 209 40742
194 210 40870
194 211 40998
194 212 41126
194 213 41510
194 214 41638
194 215 41766
194 216 41910
194 217 42294
194 218 42422
194 219 42550
194 220 42678
194 221 43062
194 222 43190
194 223 43318
194 224 43462
194 225 43846
194 226 43974
194 227 44102
194 228 44230
194 229 44614
194 230 44742
194 231 44870
194 232 45014
194 233 45398
194 234 45526
194 235 45654
194 236 45782
194 237 46166
194 238 46294
194 239 46422
194 240 46566
194 241 46950
194 242 47078
194 243 47206
194 244 47334
194 245 47718
194 246 47846
194 247 47974
194 248 48118
194 249 48502
194 250 48630
194 251 48758
194 252 48886
194 253 49270
194 254 49398
194 255 49526
195 0 6
195 1 518
195 2 518
195 3 774
195 4 774
195 5 1286
195 6 1286
195 7 1542
195 8 1558
195 9 2070
195 10 2070
195 11 2326
195 12 2326
195 13 2838
195 14 2838
195 15 3094
195 16 3126
195 17 3638
195 18 3638
195 19 3894
195 20 3894
195 21 4406
195 22 4406
195 23 4662
195 24 4678
195 25 5190
195 26 5190
195 27 5446
195 28 5446
195 29 5958
195 30 5958
195 31 6214
195 32 6246
195 33 6758
195 34 6758
195 35 7014
195 36 7014
195 37 7526
195 38 7526
195 39 7782
195 40 7798
195 41 8310
195 42 8310
195 43 8566
195 44 8566
195 45 9078
195 46 9078
195 47 9334
195 48 9366
195 49 9878
195 50 9878
195 51 10134
195 52 10134
195 53 10646
195 54 10646
195 55 10902
195 56 10918
195 57 11430
195 58 11430
195 59 11686
195 60 11686
195 61 12198
195 62 12198
195 63 12454
195 64 12486
195 65 12870
195 66 12998
195 67 13126
195 68 13254
195 69 13638
195 70 13766
195 71 13894
195 72 14038
195 73 14422
195 74 14550
195 75 14678
195 76 14806
195 77 15190
195 78 15318
195 79 15446
195 80 15606
195 81 15990
195 82 16118
195 83 16246
195 84 16374
195 85 16758
195 86 16886
195 87 17014
195 88 17158
195 89 17542
195 90 17670
195 91 17798
195 92 17926
195 93 18310
195 94 18438
195 95 18566
195 96 18726
195 97 19110
195 98 19238
195 99 19366
195 100 19494
195 101 19878
195 102 20006
195 103 20134
195 104 20278
195 105 20662
195 106 20790
195 107 20918
195 108 21046
195 109 21430
195 110 21558
195 111 21686
195 112 21910
195 113 22294
195 114 22422
195 115 22550
195 116 22678
195 117 23062
195 118 23190
195 119 23318
195 120 23462
195 121 23846
195 122 23974
195 123 24102
195 124 24230
195 125 24614
195 126 24742
195 127 24870
195 128 24966
195 129 25350
195 130 25478
195 131 25606
195 132 25734
195 133 26118
195 134 26246
195 135 26374
195 136 26518
195 137 26902
195 138 27030
195 139 27158
195 140 27286
195 141 27670
195 142 27798
195 143 27926
195 144 28086
195 145 28470
195 146 28598
195 147 28726
195 148 28854
195 149 29238
195 150 29366
195 151 29494
195 152 29638
195 153 30022
195 154 30150
195 155 30278
195 156 30406
195 157 30790
195 158 30918
195 159 31046
195 160 31206
195 161 31590
195 162 31718
195 163 31846
195 164 31974
195 165 32358
195 166 32486
195 167 32614
195 168 32758
195 169 33142
195 170 33270
195 171 33398
195 172 33526
195 173 33910
195 174 34038
195 175 34166
195 176 34326
195 177 34710
195 178 34838
195 179 34966
195 180 35094
195 181 35478
195 182 35606
195 183 35734
195 184 35878
195 185 36262
195 186 36390
195 187 36518
195 188 36646
195 189 37030
195 190 37158
195 191 37286
195 192 37318
195 193 37702
195 194 37830
195 195 37958
195 196 38086
195 197 38470
195 198 38598
195 199 38726
195 200 38870
195 201 39254
195 202 39382
195 203 39510
195 204 39638
195 205 40022
195 206 40150
195 207 40278
195 208 40438
195 209 40822
195 210 40950
195 211 41078
195 212 41206
195 213 41590
195 214 41718
195 215 41846
195 216 41990
195 217 42374
195 218 42502
195 219 42630
195 220 42758
195 221 43142
195 222 43270
195 223 43398
195 224 43558
195 225 43942
195 226 44070
195 227 44198
195 228 44326
195 229 44710
195 230 44838
195 231 44966
195 232 45110
195 233 45494
195 234 45622
195 235 45750
195 236 45878
195 237 46262
195 238 46390
195 239 46518
195 240 46742
195 241 47126
195 242 47254
195 243 47382
195 244 47510
195 245 47894
195 246 48022
195 247 48150
195 248 48294
195 249 48678
195 250 48806
195 251 48934
195 252 49062
195 253 49446
195 254 49574
195 255 49702
196 0 6
196 1 518
196 2 518
196 3 774
196 4 790
196 5 1302
196 6 1302
196 7 1558
196 8 1574
196 9 2086
196 10 2086
196 11 2342
196 12 2358
196 13 2870
196 14 2870
196 15 3126
196 16 3142
196 17 3654
196 18 3654
196 19 3910
196 20 3926
196 21 4438
196 22 4438
196 23 4694
196 24 4710
196 25 5222
196 26 5222
196 27 5478
196 28 5494
196 29 6006
196 30 6006
196 31 6262
196 32 6406
196 33 6918
196 34 6918
196 35 7174
196 36 7190
196 37 7702
196 38 7702
196 39 7958
196 40 7974
196 41 8486
196 42 8486
196 43 8742
196 44 8758
196 45 9270
196 46 9270
196 47 9526
196 48 9542
196 49 10054
196 50 10054
196 51 10310
196 52 10326
196 53 10838
196 54 10838
196 55 11094
196 56 11110
196 57 11622
196 58 11622
196 59 11878
196 60 11894
196 61 12406
196 62 12406
196 63 12662
196 64 12550
196 65 13062
196 66 13062
196 67 13318
196 68 13334
196 69 13846
196 70 13846
196 71 14102
196 72 14118
196 73 14630
196 74 14630
196 75 14886
196 76 14902
196 77 15414
196 78 15414
196 79 15670
196 80 15686
196 81 16198
196 82 16198
196 83 16454
196 84 16470
196 85 16982
196 86 16982
196 87 17238
196 88 17254
196 89 17766
196 90 17766
196 91 18022
196 92 18038
196 93 18550
196 94 18550
196 95 18806
196 96 18950
196 97 19462
196 98 19462
196 99 19718
196 100 19734
196 101 20246
196 102 20246
196 103 20502
196 104 20518
196 105 21030
196 106 21030
196 107 21286
196 108 21302
196 109 21814
196 110 21814
196 111 22070
196 112 22086
196 113 22598
196 114 22598
196 115 22854
196 116 22870
196 117 23382
196 118 23382
196 119 23638
196 120 23654
196 121 24166
196 122 24166
196 123 24422
196 124 24438
196 125 24950
196 126 24950
196 127 25206
196 128 25094
196 129 25606
196 130 25606
196 131 25862
196 132 25878
196 133 26390
196 134 26390
196 135 26646
196 136 26662
196 137 27174
196 138 27174
196 139 27430
196 140 27446
196 141 27958
196 142 27958
196 143 28214
196 144 28230
196 145 28742
196 146 28742
196 147 28998
196 148 29014
196 149 29526
196 150 29526
196 151 29782
196 152 29798
196 153 30310
196 154 30310
196 155 30566
196 156 30582
196 157 31094
196 158 31094
196 159 31350
196 160 31494
196 161 32006
196 162 32006
196 163 32262
196 164 32278
196 165 32790
196 166 32790
196 167 33046
196 168 33062
196 169 33574
196 170 33574
196 171 33830
196 172 33846
196 173 34358
196 174 34358
196 175 34614
196 176 34630
196 177 35142
196 178 35142
196 179 35398
196 180 35414
196 181 35926
196 182 35926
196 183 36182
196 184 36198
196 185 36710
196 186 36710
196 187 36966
196 188 36982
196 189 37494
196 190 37494
196 191 37750
196 192 37638
196 193 38150
196 194 38150
196 195 38406
196 196 38422
196 197 38934
196 198 38934
196 199 39190
196 200 39206
196 201 39718
196 202 39718
196 203 39974
196 204 39990
196 205 40502
196 206 40502
196 207 40758
196 208 40774
196 209 41286
196 210 41286
196 211 41542
196 212 41558
196 213 42070
196 214 42070
196 215 42326
196 216 42342
196 217 42854
196 218 42854
196 219 43110
196 220 43126
196 221 43638
196 222 43638
196 223 43894
196 224 44038
196 225 44550
196 226 44550
196 227 44806
196 228 44822
196 229 45334
196 230 45334
196 231 45590
196 232 45606
196 233 46118
196 234 46118
196 235 46374
196 236 46390
196 237 46902
196 238 46902
196 239 47158
196 240 47174
196 241 47686
196 242 47686
196 243 47942
196 244 47958
196 245 48470
196 246 48470
196 247 48726
196 248 48742
196 249 49254
196 250 49254
196 251 49510
196 252 49526
196 253 50038
196 254 50038
196 255 50294
197 0 6
197 1 518
197 2 518
197 3 774
197 4 790
197 5 1302
197 6 1302
197 7 1558
197 8 1574
197 9 2086
197 10 2086
197 11 2342
197 12 2358
197 13 2870
197 14 2870
197 15 3126
197 16 3158
197 17 3670
197 18 3670
197 19 3926
197 20 3942
197 21 4454
197 22 4454
197 23 4710
197 24 4726
197 25 5238
197 26 5238
197 27 5494
197 28 5510
197 29 6022
197 30 6022
197 31 6278
197 32 6438
197 33 6950
197 34 6950
197 35 7206
197 36 7222
197 37 7734
197 38 7734
197 39 7990
197 40 8006
197 41 8518
197 42 8518
197 43 8774
197 44 8790
197 45 9302
197 46 9302
197 47 9558
197 48 9590
197 49 10102
197 50 10102
197 51 10358
197 52 10374
197 53 10886
197 54 10886
197 55 11142
197 56 11158
197 57 11670
197 58 11670
197 59 11926
197 60 11942
197 61 12454
197 62 12454
197 63 12710
197 64 12614
197 65 13126
197 66 13126
197 67 13382
197 68 13398
197 69 13910
197 70 13910
197 71 14166
197 72 14182
197 73 14694
197 74 14694
197 75 14950
197 76 14966
197 77 15478
197 78 15478
197 79 15734
197 80 15894
197 81 16150
197 82 16406
197 83 16406
197 84 16678
197 85 16934
197 86 17190
197 87 17190
197 88 17462
197 89 17718
197 90 17974
197 91 17974
197 92 18246
197 93 18502
197 94 18758
197 95 18758
197 96 19046
197 97 19558
197 98 19558
197 99 19814
197 100 19830
197 101 20342
197 102 20342
197 103 20598
197 104 20614
197 105 21126
197 106 21126
197 107 21382
197 108 21398
197 109 21910
197 110 21910
197 111 22166
197 112 22326
197 113 22582
197 114 22838
197 115 22838
197 116 23110
197 117 23366
197 118 23622
197 119 23622
197 120 23894
197 121 24150
197 122 24406
197 123 24406
197 124 24678
197 125 24934
197 126 25190
197 127 25190
197 128 25222
197 129 25606
197 130 25734
197 131 25862
197 132 26006
197 133 26390
197 134 26518
197 135 26646
197 136 26790
197 137 27174
197 138 27302
197 139 27430
197 140 27574
197 141 27958
197 142 28086
197 143 28214
197 144 28374
197 145 28758
197 146 28886
197 147 29014
197 148 29158
197 149 29542
197 150 29670
197 151 29798
197 152 29942
197 153 30326
197 154 30454
197 155 30582
197 156 30726
197 157 31110
197 158 31238
197 159 31366
197 160 31526
197 161 32038
197 162 32038
197 163 32294
197 164 32310
197 165 32822
197 166 32822
197 167 33078
197 168 33094
197 169 33606
197 170 33606
197 171 33862
197 172 33878
197 173 34390
197 174 34390
197 175 34646
197 176 34678
197 177 35190
197 178 35190
197 179 35446
197 180 35462
197 181 35974
197 182 35974
197 183 36230
197 184 36246
197 185 36758
197 186 36758
197 187 37014
197 188 37030
197 189 37542
197 190 37542
197 191 37798
197 192 37830
197 193 38214
197 194 38342
197 195 38470
197 196 38614
197 197 38998
197 198 39126
197 199 39254
197 200 39398
197 201 39782
197 202 39910
197 203 40038
197 204 40182
197 205 40566
197 206 40694
197 207 40822
197 208 40982
197 209 41366
197 210 41494
197 211 41622
197 212 41766
197 213 42150
197 214 42278
197 215 42406
197 216 42550
197 217 42934
197 218 43062
197 219 43190
197 220 43334
197 221 43718
197 222 43846
197 223 43974
197 224 44134
197 225 44646
197 226 44646
197 227 44902
197 228 44918
197 229 45430
197 230 45430
197 231 45686
197 232 45702
197 233 46214
197 234 46214
197 235 46470
197 236 46486
197 237 46998
197 238 46998
197 239 47254
197 240 47414
197 241 47670
197 242 47926
197 243 47926
197 244 48198
197 245 48454
197 246 48710
197 247 48710
197 248 48982
197 249 49238
197 250 49494
197 251 49494
197 252 49766
197 253 50022
197 254 50278
197 255 50278
198 0 6
198 1 518
198 2 518
198 3 774
198 4 790
198 5 1302
198 6 1302
198 7 1558
198 8 1590
198 9 2102
198 10 2102
198 11 2358
198 12 2358
198 13 2870
198 14 2870
198 15 3126
198 16 3174
198 17 3686
198 18 3686
198 19 3942
198 20 3958
198 21 4470
198 22 4470
198 23 4726
198 24 4758
198 25 5270
198 26 5270
198 27 5526
198 28 5526
198 29 6038
198 30 6038
198 31 6294
198 32 6470
198 33 6982
198 34 6982
198 35 7238
198 36 7254
198 37 7766
198 38 7766
198 39 8022
198 40 8054
198 41 8566
198 42 8566
198 43 8822
198 44 8822
198 45 9334
198 46 9334
198 47 9590
198 48 9766
198 49 10022
198 50 10278
198 51 10278
198 52 10550
198 53 10806
198 54 11062
198 55 11062
198 56 11350
198 57 11606
198 58 11862
198 59 11862
198 60 12118
198 61 12374
198 62 12630
198 63 12630
198 64 12678
198 65 13062
198 66 13190
198 67 13318
198 68 13462
198 69 13846
198 70 13974
198 71 14102
198 72 14262
198 73 14646
198 74 14774
198 75 14902
198 76 15030
198 77 15414
198 78 15542
198 79 15670
198 80 15846
198 81 16230
198 82 16358
198 83 16486
198 84 16630
198 85 17014
198 86 17142
198 87 17270
198 88 17430
198 89 17814
198 90 17942
198 91 18070
198 92 18198
198 93 18582
198 94 18710
198 95 18838
198 96 19014
198 97 19526
198 98 19526
198 99 19782
198 100 19798
198 101 20310
198 102 20310
198 103 20566
198 104 20598
198 105 21110
198 106 21110
198 107 21366
198 108 21366
198 109 21878
198 110 21878
198 111 22134
198 112 22310
198 113 22566
198 114 22822
198 115 22822
198 116 23094
198 117 23350
198 118 23606
198 119 23606
198 120 23894
198 121 24150
198 122 24406
198 123 24406
198 124 24662
198 125 24918
198 126 25174
198 127 25174
198 128 25350
198 129 25862
198 130 25862
198 131 26118
198 132 26134
198 133 26646
198 134 26646
198 135 26902
198 136 26934
198 137 27446
198 138 27446
198 139 27702
198 140 27702
198 141 28214
198 142 28214
198 143 28470
198 144 28518
198 145 29030
198 146 29030
198 147 29286
198 148 29302
198 149 29814
198 150 29814
198 151 30070
198 152 30102
198 153 30614
198 154 30614
198 155 30870
198 156 30870
198 157 31382
198 158 31382
198 159 31638
198 160 31814
198 161 32326
198 162 32326
198 163 32582
198 164 32598
198 165 33110
198 166 33110
198 167 33366
198 168 33398
198 169 33910
198 170 33910
198 171 34166
198 172 34166
198 173 34678
198 174 34678
198 175 34934
198 176 35110
198 177 35366
198 178 35622
198 179 35622
198 180 35894
198 181 36150
198 182 36406
198 183 36406
198 184 36694
198 185 36950
198 186 37206
198 187 37206
198 188 37462
198 189 37718
198 190 37974
198 191 37974
198 192 38022
198 193 38406
198 194 38534
198 195 38662
198 196 38806
198 197 39190
198 198 39318
198 199 39446
198 200 39606
198 201 39990
198 202 40118
198 203 40246
198 204 40374
198 205 40758
198 206 40886
198 207 41014
198 208 41190
198 209 41574
198 210 41702
198 211 41830
198 212 41974
198 213 42358
198 214 42486
198 215 42614
198 216 42774
198 217 43158
198 218 43286
198 219 43414
198 220 43542
198 221 43926
198 222 44054
198 223 44182
198 224 44358
198 225 44870
198 226 44870
198 227 45126
198 228 45142
198 229 45654
198 230 45654
198 231 45910
198 232 45942
198 233 46454
198 234 46454
198 235 46710
198 236 46710
198 237 47222
198 238 47222
198 239 47478
198 240 47654
198 241 47910
198 242 48166
198 243 48166
198 244 48438
198 245 48694
198 246 48950
198 247 48950
198 248 49238
198 249 49494
198 250 49750
198 251 49750
198 252 50006
198 253 50262
198 254 50518
198 255 50518
199 0 6
199 1 518
199 2 518
199 3 774
199 4 790
199 5 1302
199 6 1302
199 7 1558
199 8 1590
199 9 2102
199 10 2102
199 11 2358
199 12 2358
199 13 2870
199 14 2870
199 15 3126
199 16 3190
199 17 3702
199 18 3702
199 19 3958
199 20 3974
199 21 4486
199 22 4486
199 23 4742
199 24 4774
199 25 5286
199 26 5286
199 27 5542
199 28 5542
199 29 6054
199 30 6054
199 31 6310
199 32 6502
199 33 7014
199 34 7014
199 35 7270
199 36 7286
199 37 7798
199 38 7798
199 39 8054
199 40 8086
199 41 8598
199 42 8598
199 43 8854
199 44 8854
199 45 9366
199 46 9366
199 47 9622
199 48 9878
199 49 10134
199 50 10390
199 51 10390
199 52 10662
199 53 10918
199 54 11174
199 55 11174
199 56 11462
199 57 11718
199 58 11974
199 59 11974
199 60 12230
199 61 12486
199 62 12742
199 63 12742
199 64 12742
199 65 13126
199 66 13254
199 67 13382
199 68 13526
199 69 13910
199 70 14038
199 71 14166
199 72 14326
199 73 14710
199 74 14838
199 75 14966
199 76 15094
199 77 15478
199 78 15606
199 79 15734
199 80 15926
199 81 16310
199 82 16438
199 83 16566
199 84 16710
199 85 17094
199 86 17222
199 87 17350
199 88 17510
199 89 17894
199 90 18022
199 91 18150
199 92 18278
199 93 18662
199 94 18790
199 95 18918
199 96 19238
199 97 19494
199 98 19750
199 99 19750
199 100 20022
199 101 20278
199 102 20534
199 103 20534
199 104 20822
199 105 21078
199 106 21334
199 107 21334
199 108 21590
199 109 21846
199 110 22102
199 111 22102
199 112 22422
199 113 22678
199 114 22934
199 115 22934
199 116 23206
199 117 23462
199 118 23718
199 119 23718
199 120 24006
199 121 24262
199 122 24518
199 123 24518
199 124 24774
199 125 25030
199 126 25286
199 127 25286
199 128 25478
199 129 25862
199 130 25990
199 131 26118
199 132 26262
199 133 26646
199 134 26774
199 135 26902
199 136 27062
199 137 27446
199 138 27574
199 139 27702
199 140 27830
199 141 28214
199 142 28342
199 143 28470
199 144 28662
199 145 29046
199 146 29174
199 147 29302
199 148 29446
199 149 29830
199 150 29958
199 151 30086
199 152 30246
199 153 30630
199 154 30758
199 155 30886
199 156 31014
199 157 31398
199 158 31526
199 159 31654
199 160 31846
199 161 32358
199 162 32358
199 163 32614
199 164 32630
199 165 33142
199 166 33142
199 167 33398
199 168 33430
199 169 33942
199 170 33942
199 171 34198
199 172 34198
199 173 34710
199 174 34710
199 175 34966
199 176 35222
199 177 35478
199 178 35734
199 179 35734
199 180 36006
199 181 36262
199 182 36518
199 183 36518
199 184 36806
199 185 37062
199 186 37318
199 187 37318
199 188 37574
199 189 37830
199 190 38086
199 191 38086
199 192 38086
199 193 38470
199 194 38598
199 195 38726
199 196 38870
199 197 39254
199 198 39382
199 199 39510
199 200 39670
199 201 40054
199 202 40182
199 203 40310
199 204 40438
199 205 40822
199 206 40950
199 207 41078
199 208 41270
199 209 41654
199 210 41782
199 211 41910
199 212 42054
199 213 42438
199 214 42566
199 215 42694
199 216 42854
199 217 43238
199 218 43366
199 219 43494
199 220 43622
199 221 44006
199 222 44134
199 223 44262
199 224 44582
199 225 44838
199 226 45094
199 227 45094
199 228 45366
199 229 45622
199 230 45878
199 231 45878
199 232 46166
199 233 46422
199 234 46678
199 235 46678
199 236 46934
199 237 47190
199 238 47446
199 239 47446
199 240 47766
199 241 48022
199 242 48278
199 243 48278
199 244 48550
199 245 48806
199 246 49062
199 247 49062
199 248 49350
199 249 49606
199 250 49862
199 251 49862
199 252 50118
199 253 50374
199 254 50630
199 255 50630
200 0 6
200 1 518
200 2 550
200 3 806
200 4 806
200 5 1318
200 6 1350
200 7 1606
200 8 1606
200 9 2054
200 10 2150
200 11 2342
200 12 2406
200 13 2854
200 14 2950
200 15 3142
200 16 3334
200 17 3846
200 18 3878
200 19 4134
200 20 4134
200 21 4646
200 22 4678
200 23 4934
200 24 4934
200 25 5382
200 26 5478
200 27 5670
200 28 5734
200 29 6182
200 30 6278
200 31 6470
200 32 6406
200 33 6918
200 34 6950
200 35 7206
200 36 7206
200 37 7718
200 38 7750
200 39 8006
200 40 8006
200 41 8454
200 42 8550
200 43 8742
200 44 8806
200 45 9254
200 46 9350
200 47 9542
200 48 9734
200 49 10246
200 50 10278
200 51 10534
200 52 10534
200 53 11046
200 54 11078
200 55 11334
200 56 11334
200 57 11782
200 58 11878
200 59 12070
200 60 12134
200 61 12582
200 62 12678
200 63 12870
200 64 12806
200 65 13318
200 66 13350
200 67 13606
200 68 13606
200 69 14118
200 70 14150
200 71 14406
200 72 14406
200 73 14854
200 74 14950
200 75 15142
200 76 15206
200 77 15654
200 78 15750
200 79 15942
200 80 16134
200 81 16646
200 82 16678
200 83 16934
200 84 16934
200 85 17446
200 86 17478
200 87 17734
200 88 17734
200 89 18182
200 90 18278
200 91 18470
200 92 18534
200 93 18982
200 94 19078
200 95 19270
200 96 19206
200 97 19718
200 98 19750
200 99 20006
200 100 20006
200 101 20518
200 102 20550
200 103 20806
200 104 20806
200 105 21254
200 106 21350
200 107 21542
200 108 21606
200 109 22054
200 110 22150
200 111 22342
200 112 22534
200 113 23046
200 114 23078
200 115 23334
200 116 23334
200 117 23846
200 118 23878
200 119 24134
200 120 24134
200 121 24582
200 122 24678
200 123 24870
200 124 24934
200 125 25382
200 126 25478
200 127 25670
200 128 25606
200 129 26118
200 130 26150
200 131 26406
200 132 26406
200 133 26918
200 134 26950
200 135 27206
200 136 27206
200 137 27654
200 138 27750
200 139 27942
200 140 28006
200 141 28454
200 142 28550
200 143 28742
200 144 28934
200 145 29446
200 146 29478
200 147 29734
200 148 29734
200 149 30246
200 150 30278
200 151 30534
200 152 30534
200 153 30982
200 154 31078
200 155 31270
200 156 31334
200 157 31782
200 158 31878
200 159 32070
200 160 32006
200 161 32518
200 162 32550
200 163 32806
200 164 32806
200 165 33318
200 166 33350
200 167 33606
200 168 33606
200 169 34054
200 170 34150
200 171 34342
200 172 34406
200 173 34854
200 174 34950
200 175 35142
200 176 35334
200 177 35846
200 178 35878
200 179 36134
200 180 36134
200 181 36646
200 182 36678
200 183 36934
200 184 36934
200 185 37382
200 186 37478
200 187 37670
200 188 37734
200 189 38182
200 190 38278
200 191 38470
200 192 38406
200 193 38918
200 194 38950
200 195 39206
200 196 39206
200 197 39718
200 198 39750
200 199 40006
200 200 40006
200 201 40454
200 202 40550
200 203 40742
200 204 40806
200 205 41254
200 206 41350
200 207 41542
200 208 41734
200 209 42246
200 210 42278
200 211 42534
200 212 42534
200 213 43046
200 214 43078
200 215 43334
200 216 43334
200 217 43782
200 218 43878
200 219 44070
200 220 44134
200 221 44582
200 222 44678
200 223 44870
200 224 44806
200 225 45318
200 226 45350
200 227 45606
200 228 45606
200 229 46118
200 230 46150
200 231 46406
200 232 46406
200 233 46854
200 234 46950
200 235 47142
200 236 47206
200 237 47654
200 238 47750
200 239 47942
200 240 48134
200 241 48646
200 242 48678
200 243 48934
200 244 48934
200 245 49446
200 246 49478
200 247 49734
200 248 49734
200 249 50182
200 250 50278
200 251 50470
200 252 50534
200 253 50982
200 254 51078
200 255 51270
201 0 6
201 1 518
201 2 550
201 3 806
201 4 806
201 5 1318
201 6 1350
201 7 1606
201 8 1606
201 9 2054
201 10 2150
201 11 2342
201 12 2406
201 13 2854
201 14 2950
201 15 3142
201 16 3350
201 17 3862
201 18 3894
201 19 4150
201 20 4150
201 21 4662
201 22 4694
201 23 4950
201 24 4950
201 25 5398
201 26 5494
201 27 5686
201 28 5750
201 29 6198
201 30 6294
201 31 6486
201 32 6438
201 33 6950
201 34 6982
201 35 7238
201 36 7238
201 37 7750
201 38 7782
201 39 8038
201 40 8038
201 41 8486
201 42 8582
201 43 8774
201 44 8838
201 45 9286
201 46 9382
201 47 9574
201 48 9782
201 49 10294
201 50 10326
201 51 10582
201 52 10582
201 53 11094
201 54 11126
201 55 11382
201 56 11382
201 57 11830
201 58 11926
201 59 12118
201 60 12182
201 61 12630
201 62 12726
201 63 12918
201 64 12870
201 65 13382
201 66 13414
201 67 13670
201 68 13670
201 69 14182
201 70 14214
201 71 14470
201 72 14406
201 73 14918
201 74 14950
201 75 15206
201 76 15206
201 77 15718
201 78 15750
201 79 16006
201 80 16214
201 81 16726
201 82 16758
201 83 17014
201 84 17014
201 85 17526
201 86 17558
201 87 17814
201 88 17750
201 89 18262
201 90 18294
201 91 18550
201 92 18550
201 93 19062
201 94 19094
201 95 19350
201 96 19302
201 97 19814
201 98 19846
201 99 20102
201 100 20102
201 101 20614
201 102 20646
201 103 20902
201 104 20838
201 105 21350
201 106 21382
201 107 21638
201 108 21638
201 109 22150
201 110 22182
201 111 22438
201 112 22646
201 113 23158
201 114 23190
201 115 23446
201 116 23446
201 117 23958
201 118 23990
201 119 24246
201 120 24182
201 121 24694
201 122 24726
201 123 24982
201 124 24982
201 125 25494
201 126 25526
201 127 25782
201 128 25734
201 129 26118
201 130 26278
201 131 26406
201 132 26534
201 133 26918
201 134 27078
201 135 27206
201 136 27334
201 137 27654
201 138 27878
201 139 27942
201 140 28134
201 141 28454
201 142 28678
201 143 28742
201 144 28950
201 145 29462
201 146 29494
201 147 29750
201 148 29750
201 149 30262
201 150 30294
201 151 30550
201 152 30550
201 153 30998
201 154 31094
201 155 31286
201 156 31350
201 157 31798
201 158 31894
201 159 32086
201 160 32166
201 161 32550
201 162 32710
201 163 32838
201 164 32966
201 165 33350
201 166 33510
201 167 33638
201 168 33766
201 169 34086
201 170 34310
201 171 34374
201 172 34566
201 173 34886
201 174 35110
201 175 35174
201 176 35382
201 177 35894
201 178 35926
201 179 36182
201 180 36182
201 181 36694
201 182 36726
201 183 36982
201 184 36982
201 185 37430
201 186 37526
201 187 37718
201 188 37782
201 189 38230
201 190 38326
201 191 38518
201 192 38598
201 193 38982
201 194 39142
201 195 39270
201 196 39398
201 197 39782
201 198 39942
201 199 40070
201 200 40134
201 201 40518
201 202 40678
201 203 40806
201 204 40934
201 205 41318
201 206 41478
201 207 41606
201 208 41814
201 209 42326
201 210 42358
201 211 42614
201 212 42614
201 213 43126
201 214 43158
201 215 43414
201 216 43350
201 217 43862
201 218 43894
201 219 44150
201 220 44150
201 221 44662
201 222 44694
201 223 44950
201 224 45030
201 225 45414
201 226 45574
201 227 45702
201 228 45830
201 229 46214
201 230 46374
201 231 46502
201 232 46566
201 233 46950
201 234 47110
201 235 47238
201 236 47366
201 237 47750
201 238 47910
201 239 48038
201 240 48246
201 241 48758
201 242 48790
201 243 49046
201 244 49046
201 245 49558
201 246 49590
201 247 49846
201 248 49782
201 249 50294
201 250 50326
201 251 50582
201 252 50582
201 253 51094
201 254 51126
201 255 51382
202 0 6
202 1 518
202 2 550
202 3 806
202 4 806
202 5 1318
202 6 1350
202 7 1606
202 8 1622
202 9 2070
202 10 2150
202 11 2342
202 12 2422
202 13 2870
202 14 2950
202 15 3142
202 16 3366
202 17 3878
202 18 3910
202 19 4166
202 20 4166
202 21 4678
202 22 4710
202 23 4966
202 24 4982
202 25 5430
202 26 5510
202 27 5702
202 28 5782
202 29 6230
202 30 6310
202 31 6502
202 32 6470
202 33 6982
202 34 7014
202 35 7270
202 36 7270
202 37 7782
202 38 7814
202 39 8070
202 40 8022
202 41 8534
202 42 8550
202 43 8806
202 44 8822
202 45 9334
202 46 9350
202 47 9606
202 48 9830
202 49 10342
202 50 10374
202 51 10630
202 52 10630
202 53 11142
202 54 11174
202 55 11430
202 56 11382
202 57 11894
202 58 11910
202 59 12166
202 60 12182
202 61 12694
202 62 12710
202 63 12966
202 64 12934
202 65 13318
202 66 13478
202 67 13606
202 68 13734
202 69 14118
202 70 14278
202 71 14406
202 72 14550
202 73 14870
202 74 15078
202 75 15142
202 76 15350
202 77 15670
202 78 15878
202 79 15942
202 80 16166
202 81 16678
202 82 16710
202 83 16966
202 84 16966
202 85 17478
202 86 17510
202 87 17766
202 88 17782
202 89 18230
202 90 18310
202 91 18502
202 92 18582
202 93 19030
202 94 19110
202 95 19302
202 96 19398
202 97 19782
202 98 19942
202 99 20070
202 100 20198
202 101 20582
202 102 20742
202 103 20870
202 104 20950
202 105 21334
202 106 21478
202 107 21606
202 108 21750
202 109 22134
202 110 22278
202 111 22406
202 112 22630
202 113 23142
202 114 23174
202 115 23430
202 116 23430
202 117 23942
202 118 23974
202 119 24230
202 120 24182
202 121 24694
202 122 24710
202 123 24966
202 124 24982
202 125 25494
202 126 25510
202 127 25766
202 128 25862
202 129 26374
202 130 26406
202 131 26662
202 132 26662
202 133 27174
202 134 27206
202 135 27462
202 136 27478
202 137 27926
202 138 28006
202 139 28198
202 140 28278
202 141 28726
202 142 28806
202 143 28998
202 144 29222
202 145 29734
202 146 29766
202 147 30022
202 148 30022
202 149 30534
202 150 30566
202 151 30822
202 152 30838
202 153 31286
202 154 31366
202 155 31558
202 156 31638
202 157 32086
202 158 32166
202 159 32358
202 160 32326
202 161 32838
202 162 32870
202 163 33126
202 164 33126
202 165 33638
202 166 33670
202 167 33926
202 168 33878
202 169 34390
202 170 34406
202 171 34662
202 172 34678
202 173 35190
202 174 35206
202 175 35462
202 176 35686
202 177 36198
202 178 36230
202 179 36486
202 180 36486
202 181 36998
202 182 37030
202 183 37286
202 184 37238
202 185 37750
202 186 37766
202 187 38022
202 188 38038
202 189 38550
202 190 38566
202 191 38822
202 192 38790
202 193 39174
202 194 39334
202 195 39462
202 196 39590
202 197 39974
202 198 40134
202 199 40262
202 200 40406
202 201 40726
202 202 40934
202 203 40998
202 204 41206
202 205 41526
202 206 41734
202 207 41798
202 208 42022
202 209 42534
202 210 42566
202 211 42822
202 212 42822
202 213 43334
202 214 43366
202 215 43622
202 216 43638
202 217 44086
202 218 44166
202 219 44358
202 220 44438
202 221 44886
202 222 44966
202 223 45158
202 224 45254
202 225 45638
202 226 45798
202 227 45926
202 228 46054
202 229 46438
202 230 46598
202 231 46726
202 232 46806
202 233 47190
202 234 47334
202 235 47462
202 236 47606
202 237 47990
202 238 48134
202 239 48262
202 240 48486
202 241 48998
202 242 49030
202 243 49286
202 244 49286
202 245 49798
202 246 49830
202 247 50086
202 248 50038
202 249 50550
202 250 50566
202 251 50822
202 252 50838
202 253 51350
202 254 51366
202 255 51622
203 0 6
203 1 518
203 2 550
203 3 806
203 4 806
203 5 1318
203 6 1350
203 7 1606
203 8 1622
203 9 2070
203 10 2150
203 11 2342
203 12 2422
203 13 2870
203 14 2950
203 15 3142
203 16 3382
203 17 3894
203 18 3926
203 19 4182
203 20 4182
203 21 4694
203 22 4726
203 23 4982
203 24 4998
203 25 5446
203 26 5526
203 27 5718
203 28 5798
203 29 6246
203 30 6326
203 31 6518
203 32 6502
203 33 7014
203 34 7046
203 35 7302
203 36 7302
203 37 7814
203 38 7846
203 39 8102
203 40 8054
203 41 8566
203 42 8582
203 43 8838
203 44 8854
203 45 9366
203 46 9382
203 47 9638
203 48 9878
203 49 10390
203 50 10422
203 51 10678
203 52 10678
203 53 11190
203 54 11222
203 55 11478
203 56 11430
203 57 11942
203 58 11958
203 59 12214
203 60 12230
203 61 12742
203 62 12758
203 63 13014
203 64 12998
203 65 13382
203 66 13542
203 67 13670
203 68 13798
203 69 14182
203 70 14342
203 71 14470
203 72 14550
203 73 14934
203 74 15078
203 75 15206
203 76 15350
203 77 15734
203 78 15878
203 79 16006
203 80 16246
203 81 16758
203 82 16790
203 83 17046
203 84 17046
203 85 17558
203 86 17590
203 87 17846
203 88 17798
203 89 18310
203 90 18326
203 91 18582
203 92 18598
203 93 19110
203 94 19126
203 95 19382
203 96 19494
203 97 19878
203 98 20038
203 99 20166
203 100 20294
203 101 20678
203 102 20838
203 103 20966
203 104 21110
203 105 21430
203 106 21638
203 107 21702
203 108 21910
203 109 22230
203 110 22438
203 111 22502
203 112 22934
203 113 23190
203 114 23478
203 115 23478
203 116 23734
203 117 23990
203 118 24278
203 119 24278
203 120 24486
203 121 24742
203 122 25014
203 123 25014
203 124 25286
203 125 25542
203 126 25814
203 127 25814
203 128 25990
203 129 26374
203 130 26534
203 131 26662
203 132 26790
203 133 27174
203 134 27334
203 135 27462
203 136 27606
203 137 27926
203 138 28134
203 139 28198
203 140 28406
203 141 28726
203 142 28934
203 143 28998
203 144 29238
203 145 29750
203 146 29782
203 147 30038
203 148 30038
203 149 30550
203 150 30582
203 151 30838
203 152 30854
203 153 31302
203 154 31382
203 155 31574
203 156 31654
203 157 32102
203 158 32182
203 159 32374
203 160 32486
203 161 32870
203 162 33030
203 163 33158
203 164 33286
203 165 33670
203 166 33830
203 167 33958
203 168 34038
203 169 34422
203 170 34566
203 171 34694
203 172 34838
203 173 35222
203 174 35366
203 175 35494
203 176 35734
203 177 36246
203 178 36278
203 179 36534
203 180 36534
203 181 37046
203 182 37078
203 183 37334
203 184 37286
203 185 37798
203 186 37814
203 187 38070
203 188 38086
203 189 38598
203 190 38614
203 191 38870
203 192 38854
203 193 39238
203 194 39398
203 195 39526
203 196 39654
203 197 40038
203 198 40198
203 199 40326
203 200 40406
203 201 40790
203 202 40934
203 203 41062
203 204 41206
203 205 41590
203 206 41734
203 207 41862
203 208 42102
203 209 42614
203 210 42646
203 211 42902
203 212 42902
203 213 43414
203 214 43446
203 215 43702
203 216 43654
203 217 44166
203 218 44182
203 219 44438
203 220 44454
203 221 44966
203 222 44982
203 223 45238
203 224 45350
203 225 45734
203 226 45894
203 227 46022
203 228 46150
203 229 46534
203 230 46694
203 231 46822
203 232 46966
203 233 47286
203 234 47494
203 235 47558
203 236 47766
203 237 48086
203 238 48294
203 239 48358
203 240 48790
203 241 49046
203 242 49334
203 243 49334
203 244 49590
203 245 49846
203 246 50134
203 247 50134
203 248 50342
203 249 50598
203 250 50870
203 251 50870
203 252 51142
203 253 51398
203 254 51670
203 255 51670
204 0 6
204 1 518
204 2 550
204 3 806
204 4 822
204 5 1334
204 6 1350
204 7 1606
204 8 1638
204 9 2086
204 10 2182
204 11 2374
204 12 2422
204 13 2870
204 14 2950
204 15 3142
204 16 3398
204 17 3910
204 18 3942
204 19 4198
204 20 4214
204 21 4726
204 22 4742
204 23 4998
204 24 4966
204 25 5478
204 26 5510
204 27 5766
204 28 5750
204 29 6262
204 30 6278
204 31 6534
204 32 6662
204 33 7174
204 34 7206
204 35 7462
204 36 7478
204 37 7990
204 38 8006
204 39 8262
204 40 8294
204 41 8742
204 42 8838
204 43 9030
204 44 9078
204 45 9526
204 46 9606
204 47 9798
204 48 9798
204 49 10310
204 50 10342
204 51 10598
204 52 10614
204 53 11126
204 54 11142
204 55 11398
204 56 11366
204 57 11878
204 58 11910
204 59 12166
204 60 12150
204 61 12662
204 62 12678
204 63 12934
204 64 13062
204 65 13574
204 66 13606
204 67 13862
204 68 13878
204 69 14390
204 70 14406
204 71 14662
204 72 14694
204 73 15142
204 74 15238
204 75 15430
204 76 15478
204 77 15926
204 78 16006
204 79 16198
204 80 16454
204 81 16966
204 82 16998
204 83 17254
204 84 17270
204 85 17782
204 86 17798
204 87 18054
204 88 18022
204 89 18534
204 90 18566
204 91 18822
204 92 18806
204 93 19318
204 94 19334
204 95 19590
204 96 19718
204 97 20230
204 98 20262
204 99 20518
204 100 20534
204 101 21046
204 102 21062
204 103 21318
204 104 21350
204 105 21798
204 106 21894
204 107 22086
204 108 22134
204 109 22582
204 110 22662
204 111 22854
204 112 22854
204 113 23366
204 114 23398
204 115 23654
204 116 23670
204 117 24182
204 118 24198
204 119 24454
204 120 24422
204 121 24934
204 122 24966
204 123 25222
204 124 25206
204 125 25718
204 126 25734
204 127 25990
204 128 26118
204 129 26630
204 130 26662
204 131 26918
204 132 26934
204 133 27446
204 134 27462
204 135 27718
204 136 27750
204 137 28198
204 138 28294
204 139 28486
204 140 28534
204 141 28982
204 142 29062
204 143 29254
204 144 29510
204 145 30022
204 146 30054
204 147 30310
204 148 30326
204 149 30838
204 150 30854
204 151 31110
204 152 31078
204 153 31590
204 154 31622
204 155 31878
204 156 31862
204 157 32374
204 158 32390
204 159 32646
204 160 32774
204 161 33286
204 162 33318
204 163 33574
204 164 33590
204 165 34102
204 166 34118
204 167 34374
204 168 34406
204 169 34854
204 170 34950
204 171 35142
204 172 35190
204 173 35638
204 174 35718
204 175 35910
204 176 35910
204 177 36422
204 178 36454
204 179 36710
204 180 36726
204 181 37238
204 182 37254
204 183 37510
204 184 37478
204 185 37990
204 186 38022
204 187 38278
204 188 38262
204 189 38774
204 190 38790
204 191 39046
204 192 39174
204 193 39686
204 194 39718
204 195 39974
204 196 39990
204 197 40502
204 198 40518
204 199 40774
204 200 40806
204 201 41254
204 202 41350
204 203 41542
204 204 41590
204 205 42038
204 206 42118
204 207 42310
204 208 42566
204 209 43078
204 210 43110
204 211 43366
204 212 43382
204 213 43894
204 214 43910
204 215 44166
204 216 44134
204 217 44646
204 218 44678
204 219 44934
204 220 44918
204 221 45430
204 222 45446
204 223 45702
204 224 45830
204 225 46342
204 226 46374
204 227 46630
204 228 46646
204 229 47158
204 230 47174
204 231 47430
204 232 47462
204 233 47910
204 234 48006
204 235 48198
204 236 48246
204 237 48694
204 238 48774
204 239 48966
204 240 48966
204 241 49478
204 242 49510
204 243 49766
204 244 49782
204 245 50294
204 246 50310
204 247 50566
204 248 50534
204 249 51046
204 250 51078
204 251 51334
204 252 51318
204 253 51830
204 254 51846
204 255 52102
205 0 6
205 1 518
205 2 550
205 3 806
205 4 822
205 5 1334
205 6 1350
205 7 1606
205 8 1638
205 9 2086
205 10 2182
205 11 2374
205 12 2422
205 13 2870
205 14 2950
205 15 3142
205 16 3414
205 17 3926
205 18 3958
205 19 4214
205 20 4230
205 21 4742
205 22 4758
205 23 5014
205 24 4982
205 25 5494
205 26 5526
205 27 5782
205 28 5766
205 29 6278
205 30 6294
205 31 6550
205 32 6694
205 33 7206
205 34 7238
205 35 7494
205 36 7510
205 37 8022
205 38 8038
205 39 8294
205 40 8326
205 41 8774
205 42 8870
205 43 9062
205 44 9110
205 45 9558
205 46 9638
205 47 9830
205 48 9846
205 49 10358
205 50 10390
205 51 10646
205 52 10662
205 53 11174
205 54 11190
205 55 11446
205 56 11414
205 57 11926
205 58 11958
205 59 12214
205 60 12198
205 61 12710
205 62 12726
205 63 12982
205 64 13126
205 65 13638
205 66 13670
205 67 13926
205 68 13942
205 69 14454
205 70 14470
205 71 14726
205 72 14694
205 73 15206
205 74 15238
205 75 15494
205 76 15478
205 77 15990
205 78 16006
205 79 16262
205 80 16662
205 81 16918
205 82 17206
205 83 17206
205 84 17478
205 85 17734
205 86 18006
205 87 18006
205 88 18294
205 89 18486
205 90 18838
205 91 18774
205 92 19078
205 93 19270
205 94 19606
205 95 19542
205 96 19814
205 97 20326
205 98 20358
205 99 20614
205 100 20630
205 101 21142
205 102 21158
205 103 21414
205 104 21382
205 105 21894
205 106 21926
205 107 22182
205 108 22166
205 109 22678
205 110 22694
205 111 22950
205 112 23094
205 113 23350
205 114 23638
205 115 23638
205 116 23910
205 117 24166
205 118 24438
205 119 24438
205 120 24726
205 121 24918
205 122 25270
205 123 25206
205 124 25510
205 125 25702
205 126 26038
205 127 25974
205 128 26246
205 129 26630
205 130 26790
205 131 26918
205 132 27062
205 133 27446
205 134 27590
205 135 27718
205 136 27878
205 137 28198
205 138 28422
205 139 28486
205 140 28662
205 141 28982
205 142 29190
205 143 29254
205 144 29526
205 145 30038
205 146 30070
205 147 30326
205 148 30342
205 149 30854
205 150 30870
205 151 31126
205 152 31094
205 153 31606
205 154 31638
205 155 31894
205 156 31878
205 157 32390
205 158 32406
205 159 32662
205 160 32806
205 161 33318
205 162 33350
205 163 33606
205 164 33622
205 165 34134
205 166 34150
205 167 34406
205 168 34438
205 169 34886
205 170 34982
205 171 35174
205 172 35222
205 173 35670
205 174 35750
205 175 35942
205 176 36086
205 177 36470
205 178 36630
205 179 36758
205 180 36902
205 181 37286
205 182 37430
205 183 37558
205 184 37654
205 185 38038
205 186 38198
205 187 38326
205 188 38438
205 189 38822
205 190 38966
205 191 39094
205 192 39366
205 193 39750
205 194 39910
205 195 40038
205 196 40182
205 197 40566
205 198 40710
205 199 40838
205 200 40934
205 201 41318
205 202 41478
205 203 41606
205 204 41718
205 205 42102
205 206 42246
205 207 42374
205 208 42774
205 209 43030
205 210 43318
205 211 43318
205 212 43590
205 213 43846
205 214 44118
205 215 44118
205 216 44406
205 217 44598
205 218 44950
205 219 44886
205 220 45190
205 221 45382
205 222 45718
205 223 45654
205 224 45926
205 225 46438
205 226 46470
205 227 46726
205 228 46742
205 229 47254
205 230 47270
205 231 47526
205 232 47494
205 233 48006
205 234 48038
205 235 48294
205 236 48278
205 237 48790
205 238 48806
205 239 49062
205 240 49206
205 241 49590
205 242 49750
205 243 49878
205 244 50022
205 245 50406
205 246 50550
205 247 50678
205 248 50838
205 249 51158
205 250 51382
205 251 51446
205 252 51622
205 253 51942
205 254 52150
205 255 52214
206 0 6
206 1 518
206 2 550
206 3 806
206 4 822
206 5 1334
206 6 1350
206 7 1606
206 8 1654
206 9 2102
206 10 2182
206 11 2374
206 12 2422
206 13 2870
206 14 2950
206 15 3142
206 16 3430
206 17 3942
206 18 3974
206 19 4230
206 20 4246
206 21 4758
206 22 4774
206 23 5030
206 24 5014
206 25 5526
206 26 5542
206 27 5798
206 28 5782
206 29 6294
206 30 6310
206 31 6566
206 32 6726
206 33 7238
206 34 7270
206 35 7526
206 36 7542
206 37 8054
206 38 8070
206 39 8326
206 40 8310
206 41 8822
206 42 8838
206 43 9094
206 44 9078
206 45 9590
206 46 9606
206 47 9862
206 48 10022
206 49 10278
206 50 10566
206 51 10566
206 52 10838
206 53 11094
206 54 11366
206 55 11366
206 56 11670
206 57 11862
206 58 12198
206 59 12134
206 60 12438
206 61 12630
206 62 12966
206 63 12902
206 64 13190
206 65 13574
206 66 13734
206 67 13862
206 68 14006
206 69 14390
206 70 14534
206 71 14662
206 72 14838
206 73 15158
206 74 15366
206 75 15430
206 76 15606
206 77 15926
206 78 16134
206 79 16198
206 80 16486
206 81 16998
206 82 17030
206 83 17286
206 84 17302
206 85 17814
206 86 17830
206 87 18086
206 88 18070
206 89 18582
206 90 18598
206 91 18854
206 92 18838
206 93 19350
206 94 19366
206 95 19622
206 96 19782
206 97 20294
206 98 20326
206 99 20582
206 100 20598
206 101 21110
206 102 21126
206 103 21382
206 104 21366
206 105 21878
206 106 21894
206 107 22150
206 108 22134
206 109 22646
206 110 22662
206 111 22918
206 112 23078
206 113 23462
206 114 23622
206 115 23750
206 116 23894
206 117 24278
206 118 24422
206 119 24550
206 120 24726
206 121 25046
206 122 25254
206 123 25318
206 124 25494
206 125 25814
206 126 26022
206 127 26086
206 128 26374
206 129 26886
206 130 26918
206 131 27174
206 132 27190
206 133 27702
206 134 27718
206 135 27974
206 136 28022
206 137 28470
206 138 28550
206 139 28742
206 140 28790
206 141 29238
206 142 29318
206 143 29510
206 144 29798
206 145 30310
206 146 30342
206 147 30598
206 148 30614
206 149 31126
206 150 31142
206 151 31398
206 152 31382
206 153 31894
206 154 31910
206 155 32166
206 156 32150
206 157 32662
206 158 32678
206 159 32934
206 160 33094
206 161 33606
206 162 33638
206 163 33894
206 164 33910
206 165 34422
206 166 34438
206 167 34694
206 168 34678
206 169 35190
206 170 35206
206 171 35462
206 172 35446
206 173 35958
206 174 35974
206 175 36230
206 176 36390
206 177 36646
206 178 36934
206 179 36934
206 180 37206
206 181 37462
206 182 37734
206 183 37734
206 184 38038
206 185 38230
206 186 38566
206 187 38502
206 188 38806
206 189 38998
206 190 39334
206 191 39270
206 192 39558
206 193 39942
206 194 40102
206 195 40230
206 196 40374
206 197 40758
206 198 40902
206 199 41030
206 200 41206
206 201 41526
206 202 41734
206 203 41798
206 204 41974
206 205 42294
206 206 42502
206 207 42566
206 208 42854
206 209 43366
206 210 43398
206 211 43654
206 212 43670
206 213 44182
206 214 44198
206 215 44454
206 216 44438
206 217 44950
206 218 44966
206 219 45222
206 220 45206
206 221 45718
206 222 45734
206 223 45990
206 224 46150
206 225 46662
206 226 46694
206 227 46950
206 228 46966
206 229 47478
206 230 47494
206 231 47750
206 232 47734
206 233 48246
206 234 48262
206 235 48518
206 236 48502
206 237 49014
206 238 49030
206 239 49286
206 240 49446
206 241 49830
206 242 49990
206 243 50118
206 244 50262
206 245 50646
206 246 50790
206 247 50918
206 248 51094
206 249 51414
206 250 51622
206 251 51686
206 252 51862
206 253 52182
206 254 52390
206 255 52454
207 0 6
207 1 518
207 2 550
207 3 806
207 4 822
207 5 1334
207 6 1350
207 7 1606
207 8 1654
207 9 2102
207 10 2182
207 11 2374
207 12 2422
207 13 2870
207 14 2950
207 15 3142
207 16 3446
207 17 3958
207 18 3990
207 19 4246
207 20 4262
207 21 4774
207 22 4790
207 23 5046
207 24 5030
207 25 5542
207 26 5558
207 27 5814
207 28 5798
207 29 6310
207 30 6326
207 31 6582
207 32 6758
207 33 7270
207 34 7302
207 35 7558
207 36 7574
207 37 8086
207 38 8102
207 39 8358
207 40 8342
207 41 8854
207 42 8870
207 43 9126
207 44 9110
207 45 9622
207 46 9638
207 47 9894
207 48 10134
207 49 10390
207 50 10678
207 51 10678
207 52 10950
207 53 11206
207 54 11478
207 55 11478
207 56 11718
207 57 11974
207 58 12246
207 59 12246
207 60 12486
207 61 12742
207 62 13014
207 63 13014
207 64 13254
207 65 13638
207 66 13798
207 67 13926
207 68 14070
207 69 14454
207 70 14598
207 71 14726
207 72 14838
207 73 15222
207 74 15366
207 75 15494
207 76 15606
207 77 15990
207 78 16134
207 79 16262
207 80 16694
207 81 16950
207 82 17238
207 83 17238
207 84 17510
207 85 17766
207 86 18038
207 87 18038
207 88 18342
207 89 18534
207 90 18870
207 91 18806
207 92 19110
207 93 19302
207 94 19638
207 95 19574
207 96 20006
207 97 20262
207 98 20550
207 99 20550
207 100 20822
207 101 21078
207 102 21350
207 103 21350
207 104 21654
207 105 21846
207 106 22182
207 107 22118
207 108 22422
207 109 22614
207 110 22950
207 111 22886
207 112 23190
207 113 23574
207 114 23734
207 115 23862
207 116 24006
207 117 24390
207 118 24534
207 119 24662
207 120 24774
207 121 25158
207 122 25302
207 123 25430
207 124 25542
207 125 25926
207 126 26070
207 127 26198
207 128 26502
207 129 26886
207 130 27046
207 131 27174
207 132 27318
207 133 27702
207 134 27846
207 135 27974
207 136 28150
207 137 28470
207 138 28678
207 139 28742
207 140 28918
207 141 29238
207 142 29446
207 143 29510
207 144 29814
207 145 30326
207 146 30358
207 147 30614
207 148 30630
207 149 31142
207 150 31158
207 151 31414
207 152 31398
207 153 31910
207 154 31926
207 155 32182
207 156 32166
207 157 32678
207 158 32694
207 159 32950
207 160 33126
207 161 33638
207 162 33670
207 163 33926
207 164 33942
207 165 34454
207 166 34470
207 167 34726
207 168 34710
207 169 35222
207 170 35238
207 171 35494
207 172 35478
207 173 35990
207 174 36006
207 175 36262
207 176 36502
207 177 36886
207 178 37046
207 179 37174
207 180 37318
207 181 37702
207 182 37846
207 183 37974
207 184 38086
207 185 38470
207 186 38614
207 187 38742
207 188 38854
207 189 39238
207 190 39382
207 191 39510
207 192 39622
207 193 40006
207 194 40166
207 195 40294
207 196 40438
207 197 40822
207 198 40966
207 199 41094
207 200 41206
207 201 41590
207 202 41734
207 203 41862
207 204 41974
207 205 42358
207 206 42502
207 207 42630
207 208 43062
207 209 43318
207 210 43606
207 211 43606
207 212 43878
207 213 44134
207 214 44406
207 215 44406
207 216 44710
207 217 44902
207 218 45238
207 219 45174
207 220 45478
207 221 45670
207 222 46006
207 223 45942
207 224 46374
207 225 46630
207 226 46918
207 227 46918
207 228 47190
207 229 47446
207 230 47718
207 231 47718
207 232 48022
207 233 48214
207 234 48550
207 235 48486
207 236 48790
207 237 48982
207 238 49318
207 239 49254
207 240 49558
207 241 49942
207 242 50102
207 243 50230
207 244 50374
207 245 50758
207 246 50902
207 247 51030
207 248 51142
207 249 51526
207 250 51670
207 251 51798
207 252 51910
207 253 52294
207 254 52438
207 255 52566
208 0 6
208 1 550
208 2 646
208 3 934
208 4 838
208 5 1318
208 6 1414
208 7 1702
208 8 1670
208 9 2086
208 10 2182
208 11 2470
208 12 2502
208 13 2854
208 14 2950
208 15 3238
208 16 3334
208 17 3878
208 18 3974
208 19 4262
208 20 4166
208 21 4646
208 22 4742
208 23 5030
208 24 4998
208 25 5414
208 26 5510
208 27 5798
208 28 5830
208 29 6182
208 30 6278
208 31 6566
208 32 6662
208 33 7206
208 34 7302
208 35 7590
208 36 7494
208 37 7974
208 38 8070
208 39 8358
208 40 8326
208 41 8742
208 42 8838
208 43 9126
208 44 9158
208 45 9510
208 46 9606
208 47 9894
208 48 9990
208 49 10534
208 50 10630
208 51 10918
208 52 10822
208 53 11302
208 54 11398
208 55 11686
208 56 11654
208 57 12070
208 58 12166
208 59 12454
208 60 12486
208 61 12838
208 62 12934
208 63 13222
208 64 13318
208 65 13862
208 66 13958
208 67 14246
208 68 14150
208 69 14630
208 70 14726
208 71 15014
208 72 14982
208 73 15398
208 74 15494
208 75 15782
208 76 15814
208 77 16166
208 78 16262
208 79 16550
208 80 16646
208 81 17190
208 82 17286
208 83 17574
208 84 17478
208 85 17958
208 86 18054
208 87 18342
208 88 18310
208 89 18726
208 90 18822
208 91 19110
208 92 19142
208 93 19494
208 94 19590
208 95 19878
208 96 19974
208 97 20518
208 98 20614
208 99 20902
208 100 20806
208 101 21286
208 102 21382
208 103 21670
208 104 21638
208 105 22054
208 106 22150
208 107 22438
208 108 22470
208 109 22822
208 110 22918
208 111 23206
208 112 23302
208 113 23846
208 114 23942
208 115 24230
208 116 24134
208 117 24614
208 118 24710
208 119 24998
208 120 24966
208 121 25382
208 122 25478
208 123 25766
208 124 25798
208 125 26150
208 126 26246
208 127 26534
208 128 26630
208 129 27174
208 130 27270
208 131 27558
208 132 27462
208 133 27942
208 134 28038
208 135 28326
208 136 28294
208 137 28710
208 138 28806
208 139 29094
208 140 29126
208 141 29478
208 142 29574
208 143 29862
208 144 29958
208 145 30502
208 146 30598
208 147 30886
208 148 30790
208 149 31270
208 150 31366
208 151 31654
208 152 31622
208 153 32038
208 154 32134
208 155 32422
208 156 32454
208 157 32806
208 158 32902
208 159 33190
208 160 33286
208 161 33830
208 162 33926
208 163 34214
208 164 34118
208 165 34598
208 166 34694
208 167 34982
208 168 34950
208 169 35366
208 170 35462
208 171 35750
208 172 35782
208 173 36134
208 174 36230
208 175 36518
208 176 36614
208 177 37158
208 178 37254
208 179 37542
208 180 37446
208 181 37926
208 182 38022
208 183 38310
208 184 38278
208 185 38694
208 186 38790
208 187 39078
208 188 39110
208 189 39462
208 190 39558
208 191 39846
208 192 39942
208 193 40486
208 194 40582
208 195 40870
208 196 40774
208 197 41254
208 198 41350
208 199 41638
208 200 41606
208 201 42022
208 202 42118
208 203 42406
208 204 42438
208 205 42790
208 206 42886
208 207 43174
208 208 43270
208 209 43814
208 210 43910
208 211 44198
208 212 44102
208 213 44582
208 214 44678
208 215 44966
208 216 44934
208 217 45350
208 218 45446
208 219 45734
208 220 45766
208 221 46118
208 222 46214
208 223 46502
208 224 46598
208 225 47142
208 226 47238
208 227 47526
208 228 47430
208 229 47910
208 230 48006
208 231 48294
208 232 48262
208 233 48678
208 234 48774
208 235 49062
208 236 49094
208 237 49446
208 238 49542
208 239 49830
208 240 49926
208 241 50470
208 242 50566
208 243 50854
208 244 50758
208 245 51238
208 246 51334
208 247 51622
208 248 51590
208 249 52006
208 250 52102
208 251 52390
208 252 52422
208 253 52774
208 254 52870
208 255 53158
209 0 6
209 1 550
209 2 646
209 3 934
209 4 838
209 5 1318
209 6 1414
209 7 1702
209 8 1670
209 9 2086
209 10 2182
209 11 2470
209 12 2502
209 13 2854
209 14 2950
209 15 3238
209 16 3350
209 17 3894
209 18 3990
209 19 4278
209 20 4182
209 21 4662
209 22 4758
209 23 5046
209 24 5014
209 25 5430
209 26 5526
209 27 5814
209 28 5846
209 29 6198
209 30 6294
209 31 6582
209 32 6694
209 33 7238
209 34 7334
209 35 7622
209 36 7526
209 37 8006
209 38 8102
209 39 8390
209 40 8358
209 41 8774
209 42 8870
209 43 9158
209 44 9190
209 45 9542
209 46 9638
209 47 9926
209 48 10038
209 49 10582
209 50 10678
209 51 10966
209 52 10870
209 53 11350
209 54 11446
209 55 11734
209 56 11702
209 57 12118
209 58 12214
209 59 12502
209 60 12534
209 61 12886
209 62 12982
209 63 13270
209 64 13382
209 65 13926
209 66 13958
209 67 14246
209 68 14150
209 69 14694
209 70 14726
209 71 15014
209 72 15046
209 73 15462
209 74 15494
209 75 15782
209 76 15814
209 77 16230
209 78 16262
209 79 16550
209 80 16726
209 81 17270
209 82 17302
209 83 17590
209 84 17494
209 85 18038
209 86 18070
209 87 18358
209 88 18390
209 89 18806
209 90 18838
209 91 19126
209 92 19158
209 93 19574
209 94 19606
209 95 19894
209 96 20070
209 97 20614
209 98 20646
209 99 20934
209 100 20838
209 101 21382
209 102 21414
209 103 21702
209 104 21734
209 105 22150
209 106 22182
209 107 22470
209 108 22502
209 109 22918
209 110 22950
209 111 23238
209 112 23414
209 113 23958
209 114 23990
209 115 24278
209 116 24182
209 117 24726
209 118 24758
209 119 25046
209 120 25078
209 121 25494
209 122 25526
209 123 25814
209 124 25846
209 125 26262
209 126 26294
209 127 26582
209 128 26758
209 129 27174
209 130 27398
209 131 27558
209 132 27590
209 133 27942
209 134 28166
209 135 28326
209 136 28294
209 137 28710
209 138 28934
209 139 29094
209 140 29126
209 141 29478
209 142 29702
209 143 29862
209 144 30102
209 145 30518
209 146 30742
209 147 30902
209 148 30934
209 149 31286
209 150 31510
209 151 31670
209 152 31638
209 153 32054
209 154 32278
209 155 32438
209 156 32470
209 157 32822
209 158 33046
209 159 33206
209 160 33446
209 161 33862
209 162 34086
209 163 34246
209 164 34278
209 165 34630
209 166 34854
209 167 35014
209 168 34982
209 169 35398
209 170 35622
209 171 35782
209 172 35814
209 173 36166
209 174 36390
209 175 36550
209 176 36790
209 177 37206
209 178 37430
209 179 37590
209 180 37622
209 181 37974
209 182 38198
209 183 38358
209 184 38326
209 185 38742
209 186 38966
209 187 39126
209 188 39158
209 189 39510
209 190 39734
209 191 39894
209 192 40134
209 193 40550
209 194 40710
209 195 40870
209 196 40902
209 197 41318
209 198 41478
209 199 41638
209 200 41670
209 201 42086
209 202 42246
209 203 42406
209 204 42438
209 205 42854
209 206 43014
209 207 43174
209 208 43478
209 209 43894
209 210 44054
209 211 44214
209 212 44246
209 213 44662
209 214 44822
209 215 44982
209 216 45014
209 217 45430
209 218 45590
209 219 45750
209 220 45782
209 221 46198
209 222 46358
209 223 46518
209 224 46822
209 225 47238
209 226 47398
209 227 47558
209 228 47590
209 229 48006
209 230 48166
209 231 48326
209 232 48358
209 233 48774
209 234 48934
209 235 49094
209 236 49126
209 237 49542
209 238 49702
209 239 49862
209 240 50166
209 241 50582
209 242 50742
209 243 50902
209 244 50934
209 245 51350
209 246 51510
209 247 51670
209 248 51702
209 249 52118
209 250 52278
209 251 52438
209 252 52470
209 253 52886
209 254 53046
209 255 53206
210 0 6
210 1 550
210 2 646
210 3 934
210 4 838
210 5 1318
210 6 1414
210 7 1702
210 8 1686
210 9 2086
210 10 2198
210 11 2470
210 12 2518
210 13 2854
210 14 2966
210 15 3238
210 16 3366
210 17 3910
210 18 4006
210 19 4294
210 20 4198
210 21 4678
210 22 4774
210 23 5062
210 24 5046
210 25 5446
210 26 5558
210 27 5830
210 28 5878
210 29 6214
210 30 6326
210 31 6598
210 32 6726
210 33 7270
210 34 7302
210 35 7590
210 36 7494
210 37 8038
210 38 8070
210 39 8358
210 40 8406
210 41 8806
210 42 8854
210 43 9126
210 44 9174
210 45 9574
210 46 9622
210 47 9894
210 48 10086
210 49 10630
210 50 10662
210 51 10950
210 52 10854
210 53 11398
210 54 11430
210 55 11718
210 56 11766
210 57 12166
210 58 12214
210 59 12486
210 60 12534
210 61 12934
210 62 12982
210 63 13254
210 64 13446
210 65 13862
210 66 14086
210 67 14246
210 68 14278
210 69 14630
210 70 14854
210 71 15014
210 72 14998
210 73 15398
210 74 15638
210 75 15782
210 76 15830
210 77 16166
210 78 16406
210 79 16550
210 80 16806
210 81 17222
210 82 17446
210 83 17606
210 84 17638
210 85 17990
210 86 18214
210 87 18374
210 88 18358
210 89 18758
210 90 18998
210 91 19142
210 92 19190
210 93 19526
210 94 19766
210 95 19910
210 96 20166
210 97 20582
210 98 20742
210 99 20902
210 100 20934
210 101 21350
210 102 21510
210 103 21670
210 104 21718
210 105 22118
210 106 22294
210 107 22438
210 108 22486
210 109 22886
210 110 23062
210 111 23206
210 112 23526
210 113 23942
210 114 24102
210 115 24262
210 116 24294
210 117 24710
210 118 24870
210 119 25030
210 120 25078
210 121 25478
210 122 25654
210 123 25798
210 124 25846
210 125 26246
210 126 26422
210 127 26566
210 128 26886
210 129 27430
210 130 27526
210 131 27814
210 132 27718
210 133 28198
210 134 28294
210 135 28582
210 136 28566
210 137 28966
210 138 29078
210 139 29350
210 140 29398
210 141 29734
210 142 29846
210 143 30118
210 144 30246
210 145 30790
210 146 30886
210 147 31174
210 148 31078
210 149 31558
210 150 31654
210 151 31942
210 152 31926
210 153 32326
210 154 32438
210 155 32710
210 156 32758
210 157 33094
210 158 33206
210 159 33478
210 160 33606
210 161 34150
210 162 34182
210 163 34470
210 164 34374
210 165 34918
210 166 34950
210 167 35238
210 168 35286
210 169 35686
210 170 35734
210 171 36006
210 172 36054
210 173 36454
210 174 36502
210 175 36774
210 176 36966
210 177 37510
210 178 37542
210 179 37830
210 180 37734
210 181 38278
210 182 38310
210 183 38598
210 184 38646
210 185 39046
210 186 39094
210 187 39366
210 188 39414
210 189 39814
210 190 39862
210 191 40134
210 192 40326
210 193 40742
210 194 40966
210 195 41126
210 196 41158
210 197 41510
210 198 41734
210 199 41894
210 200 41878
210 201 42278
210 202 42518
210 203 42662
210 204 42710
210 205 43046
210 206 43286
210 207 43430
210 208 43686
210 209 44102
210 210 44326
210 211 44486
210 212 44518
210 213 44870
210 214 45094
210 215 45254
210 216 45238
210 217 45638
210 218 45878
210 219 46022
210 220 46070
210 221 46406
210 222 46646
210 223 46790
210 224 47046
210 225 47462
210 226 47622
210 227 47782
210 228 47814
210 229 48230
210 230 48390
210 231 48550
210 232 48598
210 233 48998
210 234 49174
210 235 49318
210 236 49366
210 237 49766
210 238 49942
210 239 50086
210 240 50406
210 241 50822
210 242 50982
210 243 51142
210 244 51174
210 245 51590
210 246 51750
210 247 51910
210 248 51958
210 249 52358
210 250 52534
210 251 52678
210 252 52726
210 253 53126
210 254 53302
210 255 53446
211 0 6
211 1 550
211 2 646
211 3 934
211 4 838
211 5 1318
211 6 1414
211 7 1702
211 8 1686
211 9 2086
211 10 2198
211 11 2470
211 12 2518
211 13 2854
211 14 2966
211 15 3238
211 16 3382
211 17 3926
211 18 4022
211 19 4310
211 20 4214
211 21 4694
211 22 4790
211 23 5078
211 24 5062
211 25 5462
211 26 5574
211 27 5846
211 28 5894
211 29 6230
211 30 6342
211 31 6614
211 32 6758
211 33 7302
211 34 7334
211 35 7622
211 36 7526
211 37 8070
211 38 8102
211 39 8390
211 40 8438
211 41 8838
211 42 8886
211 43 9158
211 44 9206
211 45 9606
211 46 9654
211 47 9926
211 48 10134
211 49 10678
211 50 10710
211 51 10998
211 52 10902
211 53 11446
211 54 11478
211 55 11766
211 56 11814
211 57 12214
211 58 12262
211 59 12534
211 60 12582
211 61 12982
211 62 13030
211 63 13302
211 64 13510
211 65 13926
211 66 14086
211 67 14246
211 68 14278
211 69 14694
211 70 14854
211 71 15014
211 72 15062
211 73 15462
211 74 15638
211 75 15782
211 76 15830
211 77 16230
211 78 16406
211 79 16550
211 80 16886
211 81 17302
211 82 17462
211 83 17622
211 84 17654
211 85 18070
211 86 18230
211 87 18390
211 88 18438
211 89 18838
211 90 19014
211 91 19158
211 92 19206
211 93 19606
211 94 19782
211 95 19926
211 96 20262
211 97 20678
211 98 20902
211 99 21062
211 100 21094
211 101 21446
211 102 21670
211 103 21830
211 104 21814
211 105 22214
211 106 22454
211 107 22598
211 108 22646
211 109 22982
211 110 23222
211 111 23366
211 112 23702
211 113 24118
211 114 24214
211 115 24374
211 116 24470
211 117 24886
211 118 25046
211 119 25142
211 120 25254
211 121 25654
211 122 25766
211 123 25910
211 124 26022
211 125 26422
211 126 26598
211 127 26678
211 128 27014
211 129 27430
211 130 27654
211 131 27814
211 132 27846
211 133 28198
211 134 28422
211 135 28582
211 136 28566
211 137 28966
211 138 29206
211 139 29350
211 140 29398
211 141 29734
211 142 29974
211 143 30118
211 144 30390
211 145 30806
211 146 31030
211 147 31190
211 148 31222
211 149 31574
211 150 31798
211 151 31958
211 152 31942
211 153 32342
211 154 32582
211 155 32726
211 156 32774
211 157 33110
211 158 33350
211 159 33494
211 160 33766
211 161 34182
211 162 34342
211 163 34502
211 164 34534
211 165 34950
211 166 35110
211 167 35270
211 168 35318
211 169 35718
211 170 35894
211 171 36038
211 172 36086
211 173 36486
211 174 36662
211 175 36806
211 176 37142
211 177 37558
211 178 37718
211 179 37878
211 180 37910
211 181 38326
211 182 38486
211 183 38646
211 184 38694
211 185 39094
211 186 39270
211 187 39414
211 188 39462
211 189 39862
211 190 40038
211 191 40182
211 192 40390
211 193 40806
211 194 40966
211 195 41126
211 196 41158
211 197 41574
211 198 41734
211 199 41894
211 200 41942
211 201 42342
211 202 42518
211 203 42662
211 204 42710
211 205 43110
211 206 43286
211 207 43430
211 208 43766
211 209 44182
211 210 44342
211 211 44502
211 212 44534
211 213 44950
211 214 45110
211 215 45270
211 216 45318
211 217 45718
211 218 45894
211 219 46038
211 220 46086
211 221 46486
211 222 46662
211 223 46806
211 224 47142
211 225 47558
211 226 47782
211 227 47942
211 228 47974
211 229 48326
211 230 48550
211 231 48710
211 232 48694
211 233 49094
211 234 49334
211 235 49478
211 236 49526
211 237 49862
211 238 50102
211 239 50246
211 240 50582
211 241 50998
211 242 51094
211 243 51254
211 244 51350
211 245 51766
211 246 51926
211 247 52022
211 248 52134
211 249 52534
211 250 52646
211 251 52790
211 252 52902
211 253 53302
211 254 53478
211 255 53558
212 0 6
212 1 550
212 2 646
212 3 934
212 4 854
212 5 1318
212 6 1430
212 7 1702
212 8 1702
212 9 2118
212 10 2182
212 11 2470
212 12 2550
212 13 2886
212 14 2966
212 15 3238
212 16 3398
212 17 3942
212 18 3974
212 19 4262
212 20 4182
212 21 4710
212 22 4758
212 23 5030
212 24 5094
212 25 5510
212 26 5510
212 27 5798
212 28 5878
212 29 6278
212 30 6294
212 31 6566
212 32 6918
212 33 7462
212 34 7558
212 35 7846
212 36 7766
212 37 8230
212 38 8342
212 39 8614
212 40 8614
212 41 9030
212 42 9094
212 43 9382
212 44 9462
212 45 9798
212 46 9878
212 47 10150
212 48 10310
212 49 10854
212 50 10886
212 51 11174
212 52 11094
212 53 11622
212 54 11670
212 55 11942
212 56 12006
212 57 12422
212 58 12422
212 59 12710
212 60 12790
212 61 13190
212 62 13206
212 63 13478
212 64 13574
212 65 14118
212 66 14214
212 67 14502
212 68 14422
212 69 14886
212 70 14998
212 71 15270
212 72 15270
212 73 15686
212 74 15750
212 75 16038
212 76 16118
212 77 16454
212 78 16534
212 79 16806
212 80 16966
212 81 17510
212 82 17542
212 83 17830
212 84 17750
212 85 18278
212 86 18326
212 87 18598
212 88 18662
212 89 19078
212 90 19078
212 91 19366
212 92 19446
212 93 19846
212 94 19862
212 95 20134
212 96 20486
212 97 21030
212 98 21126
212 99 21414
212 100 21334
212 101 21798
212 102 21910
212 103 22182
212 104 22182
212 105 22598
212 106 22662
212 107 22950
212 108 23030
212 109 23366
212 110 23446
212 111 23718
212 112 23878
212 113 24422
212 114 24454
212 115 24742
212 116 24662
212 117 25190
212 118 25238
212 119 25510
212 120 25574
212 121 25990
212 122 25990
212 123 26278
212 124 26358
212 125 26758
212 126 26774
212 127 27046
212 128 27142
212 129 27686
212 130 27782
212 131 28070
212 132 27990
212 133 28454
212 134 28566
212 135 28838
212 136 28838
212 137 29254
212 138 29318
212 139 29606
212 140 29686
212 141 30022
212 142 30102
212 143 30374
212 144 30534
212 145 31078
212 146 31110
212 147 31398
212 148 31318
212 149 31846
212 150 31894
212 151 32166
212 152 32230
212 153 32646
212 154 32646
212 155 32934
212 156 33014
212 157 33414
212 158 33430
212 159 33702
212 160 34054
212 161 34598
212 162 34694
212 163 34982
212 164 34902
212 165 35366
212 166 35478
212 167 35750
212 168 35750
212 169 36166
212 170 36230
212 171 36518
212 172 36598
212 173 36934
212 174 37014
212 175 37286
212 176 37446
212 177 37990
212 178 38022
212 179 38310
212 180 38230
212 181 38758
212 182 38806
212 183 39078
212 184 39142
212 185 39558
212 186 39558
212 187 39846
212 188 39926
212 189 40326
212 190 40342
212 191 40614
212 192 40710
212 193 41254
212 194 41350
212 195 41638
212 196 41558
212 197 42022
212 198 42134
212 199 42406
212 200 42406
212 201 42822
212 202 42886
212 203 43174
212 204 43254
212 205 43590
212 206 43670
212 207 43942
212 208 44102
212 209 44646
212 210 44678
212 211 44966
212 212 44886
212 213 45414
212 214 45462
212 215 45734
212 216 45798
212 217 46214
212 218 46214
212 219 46502
212 220 46582
212 221 46982
212 222 46998
212 223 47270
212 224 47622
212 225 48166
212 226 48262
212 227 48550
212 228 48470
212 229 48934
212 230 49046
212 231 49318
212 232 49318
212 233 49734
212 234 49798
212 235 50086
212 236 50166
212 237 50502
212 238 50582
212 239 50854
212 240 51014
212 241 51558
212 242 51590
212 243 51878
212 244 51798
212 245 52326
212 246 52374
212 247 52646
212 248 52710
212 249 53126
212 250 53126
212 251 53414
212 252 53494
212 253 53894
212 254 53910
212 255 54182
213 0 6
213 1 550
213 2 646
213 3 934
213 4 854
213 5 1318
213 6 1430
213 7 1702
213 8 1702
213 9 2118
213 10 2182
213 11 2470
213 12 2550
213 13 2886
213 14 2966
213 15 3238
213 16 3414
213 17 3958
213 18 3990
213 19 4278
213 20 4198
213 21 4726
213 22 4774
213 23 5046
213 24 5110
213 25 5526
213 26 5526
213 27 5814
213 28 5894
213 29 6294
213 30 6310
213 31 6582
213 32 6950
213 33 7494
213 34 7590
213 35 7878
213 36 7798
213 37 8262
213 38 8374
213 39 8646
213 40 8646
213 41 9062
213 42 9126
213 43 9414
213 44 9494
213 45 9830
213 46 9910
213 47 10182
213 48 10358
213 49 10902
213 50 10934
213 51 11222
213 52 11142
213 53 11670
213 54 11718
213 55 11990
213 56 12054
213 57 12470
213 58 12470
213 59 12758
213 60 12838
213 61 13238
213 62 13254
213 63 13526
213 64 13638
213 65 14182
213 66 14214
213 67 14502
213 68 14422
213 69 14950
213 70 14998
213 71 15270
213 72 15334
213 73 15750
213 74 15750
213 75 16038
213 76 16118
213 77 16518
213 78 16534
213 79 16806
213 80 17174
213 81 17462
213 82 17814
213 83 17846
213 84 18022
213 85 18230
213 86 18598
213 87 18614
213 88 18742
213 89 19030
213 90 19350
213 91 19510
213 92 19590
213 93 19798
213 94 20134
213 95 20278
213 96 20582
213 97 21126
213 98 21158
213 99 21446
213 100 21366
213 101 21894
213 102 21942
213 103 22214
213 104 22278
213 105 22694
213 106 22694
213 107 22982
213 108 23062
213 109 23462
213 110 23478
213 111 23750
213 112 24118
213 113 24406
213 114 24758
213 115 24790
213 116 24966
213 117 25174
213 118 25542
213 119 25558
213 120 25686
213 121 25974
213 122 26294
213 123 26454
213 124 26534
213 125 26742
213 126 27078
213 127 27222
213 128 27270
213 129 27686
213 130 27910
213 131 28070
213 132 28118
213 133 28454
213 134 28694
213 135 28838
213 136 28838
213 137 29254
213 138 29446
213 139 29606
213 140 29686
213 141 30022
213 142 30230
213 143 30374
213 144 30678
213 145 31094
213 146 31254
213 147 31414
213 148 31462
213 149 31862
213 150 32038
213 151 32182
213 152 32246
213 153 32662
213 154 32790
213 155 32950
213 156 33030
213 157 33430
213 158 33574
213 159 33718
213 160 34086
213 161 34630
213 162 34726
213 163 35014
213 164 34934
213 165 35398
213 166 35510
213 167 35782
213 168 35782
213 169 36198
213 170 36262
213 171 36550
213 172 36630
213 173 36966
213 174 37046
213 175 37318
213 176 37494
213 177 38038
213 178 38070
213 179 38358
213 180 38278
213 181 38806
213 182 38854
213 183 39126
213 184 39190
213 185 39606
213 186 39606
213 187 39894
213 188 39974
213 189 40374
213 190 40390
213 191 40662
213 192 40902
213 193 41318
213 194 41478
213 195 41638
213 196 41686
213 197 42086
213 198 42262
213 199 42406
213 200 42470
213 201 42886
213 202 43014
213 203 43174
213 204 43254
213 205 43654
213 206 43798
213 207 43942
213 208 44310
213 209 44726
213 210 44950
213 211 45110
213 212 45158
213 213 45494
213 214 45734
213 215 45878
213 216 45878
213 217 46294
213 218 46486
213 219 46646
213 220 46726
213 221 47062
213 222 47270
213 223 47414
213 224 47718
213 225 48262
213 226 48294
213 227 48582
213 228 48502
213 229 49030
213 230 49078
213 231 49350
213 232 49414
213 233 49830
213 234 49830
213 235 50118
213 236 50198
213 237 50598
213 238 50614
213 239 50886
213 240 51254
213 241 51542
213 242 51894
213 243 51926
213 244 52102
213 245 52310
213 246 52678
213 247 52694
213 248 52822
213 249 53110
213 250 53430
213 251 53590
213 252 53670
213 253 53878
213 254 54214
213 255 54358
214 0 6
214 1 550
214 2 646
214 3 934
214 4 854
214 5 1318
214 6 1430
214 7 1702
214 8 1718
214 9 2118
214 10 2198
214 11 2470
214 12 2550
214 13 2886
214 14 2966
214 15 3238
214 16 3430
214 17 3974
214 18 4006
214 19 4294
214 20 4214
214 21 4742
214 22 4790
214 23 5062
214 24 5142
214 25 5542
214 26 5558
214 27 5830
214 28 5910
214 29 6310
214 30 6326
214 31 6598
214 32 6982
214 33 7526
214 34 7558
214 35 7846
214 36 7766
214 37 8294
214 38 8342
214 39 8614
214 40 8694
214 41 9094
214 42 9110
214 43 9382
214 44 9462
214 45 9862
214 46 9878
214 47 10150
214 48 10534
214 49 10822
214 50 11174
214 51 11206
214 52 11382
214 53 11590
214 54 11958
214 55 11974
214 56 12118
214 57 12390
214 58 12726
214 59 12870
214 60 12950
214 61 13158
214 62 13494
214 63 13638
214 64 13702
214 65 14118
214 66 14342
214 67 14502
214 68 14550
214 69 14886
214 70 15126
214 71 15270
214 72 15286
214 73 15686
214 74 15894
214 75 16038
214 76 16118
214 77 16454
214 78 16662
214 79 16806
214 80 17126
214 81 17542
214 82 17702
214 83 17862
214 84 17910
214 85 18310
214 86 18486
214 87 18630
214 88 18710
214 89 19110
214 90 19254
214 91 19398
214 92 19478
214 93 19878
214 94 20022
214 95 20166
214 96 20550
214 97 21094
214 98 21126
214 99 21414
214 100 21334
214 101 21862
214 102 21910
214 103 22182
214 104 22262
214 105 22662
214 106 22678
214 107 22950
214 108 23030
214 109 23430
214 110 23446
214 111 23718
214 112 24102
214 113 24390
214 114 24742
214 115 24774
214 116 24950
214 117 25158
214 118 25526
214 119 25542
214 120 25686
214 121 25958
214 122 26294
214 123 26438
214 124 26518
214 125 26726
214 126 27062
214 127 27206
214 128 27398
214 129 27942
214 130 28038
214 131 28326
214 132 28246
214 133 28710
214 134 28822
214 135 29094
214 136 29110
214 137 29510
214 138 29590
214 139 29862
214 140 29942
214 141 30278
214 142 30358
214 143 30630
214 144 30822
214 145 31366
214 146 31398
214 147 31686
214 148 31606
214 149 32134
214 150 32182
214 151 32454
214 152 32534
214 153 32934
214 154 32950
214 155 33222
214 156 33302
214 157 33702
214 158 33718
214 159 33990
214 160 34374
214 161 34918
214 162 34950
214 163 35238
214 164 35158
214 165 35686
214 166 35734
214 167 36006
214 168 36086
214 169 36486
214 170 36502
214 171 36774
214 172 36854
214 173 37254
214 174 37270
214 175 37542
214 176 37926
214 177 38214
214 178 38566
214 179 38598
214 180 38774
214 181 38982
214 182 39350
214 183 39366
214 184 39510
214 185 39782
214 186 40118
214 187 40262
214 188 40342
214 189 40550
214 190 40886
214 191 41030
214 192 41094
214 193 41510
214 194 41734
214 195 41894
214 196 41942
214 197 42278
214 198 42518
214 199 42662
214 200 42678
214 201 43078
214 202 43286
214 203 43430
214 204 43510
214 205 43846
214 206 44054
214 207 44198
214 208 44518
214 209 44934
214 210 45094
214 211 45254
214 212 45302
214 213 45702
214 214 45878
214 215 46022
214 216 46102
214 217 46502
214 218 46646
214 219 46790
214 220 46870
214 221 47270
214 222 47414
214 223 47558
214 224 47942
214 225 48486
214 226 48518
214 227 48806
214 228 48726
214 229 49254
214 230 49302
214 231 49574
214 232 49654
214 233 50054
214 234 50070
214 235 50342
214 236 50422
214 237 50822
214 238 50838
214 239 51110
214 240 51494
214 241 51782
214 242 52134
214 243 52166
214 244 52342
214 245 52550
214 246 52918
214 247 52934
214 248 53078
214 249 53350
214 250 53686
214 251 53830
214 252 53910
214 253 54118
214 254 54454
214 255 54598
215 0 6
215 1 550
215 2 646
215 3 934
215 4 854
215 5 1318
215 6 1430
215 7 1702
215 8 1718
215 9 2118
215 10 2198
215 11 2470
215 12 2550
215 13 2886
215 14 2966
215 15 3238
215 16 3446
215 17 3990
215 18 4022
215 19 4310
215 20 4230
215 21 4758
215 22 4806
215 23 5078
215 24 5158
215 25 5558
215 26 5574
215 27 5846
215 28 5926
215 29 6326
215 30 6342
215 31 6614
215 32 7014
215 33 7558
215 34 7590
215 35 7878
215 36 7798
215 37 8326
215 38 8374
215 39 8646
215 40 8726
215 41 9126
215 42 9142
215 43 9414
215 44 9494
215 45 9894
215 46 9910
215 47 10182
215 48 10646
215 49 10934
215 50 11158
215 51 11190
215 52 11430
215 53 11702
215 54 12006
215 55 11958
215 56 12230
215 57 12502
215 58 12710
215 59 12854
215 60 12998
215 61 13270
215 62 13542
215 63 13622
215 64 13766
215 65 14182
215 66 14342
215 67 14502
215 68 14550
215 69 14950
215 70 15126
215 71 15270
215 72 15350
215 73 15750
215 74 15894
215 75 16038
215 76 16118
215 77 16518
215 78 16662
215 79 16806
215 80 17206
215 81 17622
215 82 17846
215 83 18006
215 84 18054
215 85 18390
215 86 18630
215 87 18774
215 88 18790
215 89 19190
215 90 19398
215 91 19542
215 92 19622
215 93 19958
215 94 20166
215 95 20310
215 96 20774
215 97 21062
215 98 21414
215 99 21446
215 100 21622
215 101 21830
215 102 22198
215 103 22214
215 104 22358
215 105 22630
215 106 22966
215 107 23110
215 108 23190
215 109 23398
215 110 23734
215 111 23878
215 112 24214
215 113 24502
215 114 24790
215 115 24822
215 116 24998
215 117 25270
215 118 25574
215 119 25590
215 120 25798
215 121 26070
215 122 26342
215 123 26486
215 124 26566
215 125 26838
215 126 27110
215 127 27254
215 128 27526
215 129 27942
215 130 28166
215 131 28326
215 132 28374
215 133 28710
215 134 28950
215 135 29094
215 136 29110
215 137 29510
215 138 29718
215 139 29862
215 140 29942
215 141 30278
215 142 30486
215 143 30630
215 144 30966
215 145 31382
215 146 31542
215 147 31702
215 148 31750
215 149 32150
215 150 32326
215 151 32470
215 152 32550
215 153 32950
215 154 33094
215 155 33238
215 156 33318
215 157 33718
215 158 33862
215 159 34006
215 160 34406
215 161 34950
215 162 34982
215 163 35270
215 164 35190
215 165 35718
215 166 35766
215 167 36038
215 168 36118
215 169 36518
215 170 36534
215 171 36806
215 172 36886
215 173 37286
215 174 37302
215 175 37574
215 176 38038
215 177 38326
215 178 38550
215 179 38582
215 180 38822
215 181 39094
215 182 39398
215 183 39350
215 184 39622
215 185 39894
215 186 40102
215 187 40246
215 188 40390
215 189 40662
215 190 40934
215 191 41014
215 192 41158
215 193 41574
215 194 41734
215 195 41894
215 196 41942
215 197 42342
215 198 42518
215 199 42662
215 200 42742
215 201 43142
215 202 43286
215 203 43430
215 204 43510
215 205 43910
215 206 44054
215 207 44198
215 208 44598
215 209 45014
215 210 45238
215 211 45398
215 212 45446
215 213 45782
215 214 46022
215 215 46166
215 216 46182
215 217 46582
215 218 46790
215 219 46934
215 220 47014
215 221 47350
215 222 47558
215 223 47702
215 224 48166
215 225 48454
215 226 48806
215 227 48838
215 228 49014
215 229 49222
215 230 49590
215 231 49606
215 232 49750
215 233 50022
215 234 50358
215 235 50502
215 236 50582
215 237 50790
215 238 51126
215 239 51270
215 240 51606
215 241 51894
215 242 52182
215 243 52214
215 244 52390
215 245 52662
215 246 52966
215 247 52982
215 248 53190
215 249 53462
215 250 53734
215 251 53878
215 252 53958
215 253 54230
215 254 54502
215 255 54646
216 0 6
216 1 550
216 2 678
216 3 934
216 4 870
216 5 1350
216 6 1446
216 7 1702
216 8 1734
216 9 2086
216 10 2214
216 11 2470
216 12 2534
216 13 2886
216 14 2982
216 15 3238
216 16 3590
216 17 4134
216 18 4262
216 19 4518
216 20 4454
216 21 4934
216 22 5030
216 23 5286
216 24 5318
216 25 5670
216 26 5798
216 27 6054
216 28 6118
216 29 6470
216 30 6566
216 31 6822
216 32 6918
216 33 7462
216 34 7590
216 35 7846
216 36 7782
216 37 8262
216 38 8358
216 39 8614
216 40 8646
216 41 8998
216 42 9126
216 43 9382
216 44 9446
216 45 9798
216 46 9894
216 47 10150
216 48 10502
216 49 11046
216 50 11174
216 51 11430
216 52 11366
216 53 11846
216 54 11942
216 55 12198
216 56 12230
216 57 12582
216 58 12710
216 59 12966
216 60 13030
216 61 13382
216 62 13478
216 63 13734
216 64 13830
216 65 14374
216 66 14502
216 67 14758
216 68 14694
216 69 15174
216 70 15270
216 71 15526
216 72 15558
216 73 15910
216 74 16038
216 75 16294
216 76 16358
216 77 16710
216 78 16806
216 79 17062
216 80 17414
216 81 17958
216 82 18086
216 83 18342
216 84 18278
216 85 18758
216 86 18854
216 87 19110
216 88 19142
216 89 19494
216 90 19622
216 91 19878
216 92 19942
216 93 20294
216 94 20390
216 95 20646
216 96 20742
216 97 21286
216 98 21414
216 99 21670
216 100 21606
216 101 22086
216 102 22182
216 103 22438
216 104 22470
216 105 22822
216 106 22950
216 107 23206
216 108 23270
216 109 23622
216 110 23718
216 111 23974
216 112 24326
216 113 24870
216 114 24998
216 115 25254
216 116 25190
216 117 25670
216 118 25766
216 119 26022
216 120 26054
216 121 26406
216 122 26534
216 123 26790
216 124 26854
216 125 27206
216 126 27302
216 127 27558
216 128 27654
216 129 28198
216 130 28326
216 131 28582
216 132 28518
216 133 28998
216 134 29094
216 135 29350
216 136 29382
216 137 29734
216 138 29862
216 139 30118
216 140 30182
216 141 30534
216 142 30630
216 143 30886
216 144 31238
216 145 31782
216 146 31910
216 147 32166
216 148 32102
216 149 32582
216 150 32678
216 151 32934
216 152 32966
216 153 33318
216 154 33446
216 155 33702
216 156 33766
216 157 34118
216 158 34214
216 159 34470
216 160 34566
216 161 35110
216 162 35238
216 163 35494
216 164 35430
216 165 35910
216 166 36006
216 167 36262
216 168 36294
216 169 36646
216 170 36774
216 171 37030
216 172 37094
216 173 37446
216 174 37542
216 175 37798
216 176 38150
216 177 38694
216 178 38822
216 179 39078
216 180 39014
216 181 39494
216 182 39590
216 183 39846
216 184 39878
216 185 40230
216 186 40358
216 187 40614
216 188 40678
216 189 41030
216 190 41126
216 191 41382
216 192 41478
216 193 42022
216 194 42150
216 195 42406
216 196 42342
216 197 42822
216 198 42918
216 199 43174
216 200 43206
216 201 43558
216 202 43686
216 203 43942
216 204 44006
216 205 44358
216 206 44454
216 207 44710
216 208 45062
216 209 45606
216 210 45734
216 211 45990
216 212 45926
216 213 46406
216 214 46502
216 215 46758
216 216 46790
216 217 47142
216 218 47270
216 219 47526
216 220 47590
216 221 47942
216 222 48038
216 223 48294
216 224 48390
216 225 48934
216 226 49062
216 227 49318
216 228 49254
216 229 49734
216 230 49830
216 231 50086
216 232 50118
216 233 50470
216 234 50598
216 235 50854
216 236 50918
216 237 51270
216 238 51366
216 239 51622
216 240 51974
216 241 52518
216 242 52646
216 243 52902
216 244 52838
216 245 53318
216 246 53414
216 247 53670
216 248 53702
216 249 54054
216 250 54182
216 251 54438
216 252 54502
216 253 54854
216 254 54950
216 255 55206
217 0 6
217 1 550
217 2 678
217 3 934
217 4 870
217 5 1350
217 6 1446
217 7 1702
217 8 1734
217 9 2086
217 10 2214
217 11 2470
217 12 2534
217 13 2886
217 14 2982
217 15 3238
217 16 3606
217 17 4150
217 18 4278
217 19 4534
217 20 4470
217 21 4950
217 22 5046
217 23 5302
217 24 5334
217 25 5686
217 26 5814
217 27 6070
217 28 6134
217 29 6486
217 30 6582
217 31 6838
217 32 6950
217 33 7494
217 34 7622
217 35 7878
217 36 7814
217 37 8294
217 38 8390
217 39 8646
217 40 8678
217 41 9030
217 42 9158
217 43 9414
217 44 9478
217 45 9830
217 46 9926
217 47 10182
217 48 10550
217 49 11094
217 50 11222
217 51 11478
217 52 11414
217 53 11894
217 54 11990
217 55 12246
217 56 12278
217 57 12630
217 58 12758
217 59 13014
217 60 13078
217 61 13430
217 62 13526
217 63 13782
217 64 13894
217 65 14438
217 66 14502
217 67 14758
217 68 14694
217 69 15238
217 70 15270
217 71 15526
217 72 15558
217 73 15974
217 74 16038
217 75 16294
217 76 16358
217 77 16774
217 78 16806
217 79 17062
217 80 17494
217 81 18038
217 82 18102
217 83 18358
217 84 18294
217 85 18838
217 86 18870
217 87 19126
217 88 19158
217 89 19574
217 90 19638
217 91 19894
217 92 19958
217 93 20374
217 94 20406
217 95 20662
217 96 20838
217 97 21382
217 98 21446
217 99 21702
217 100 21638
217 101 22182
217 102 22214
217 103 22470
217 104 22502
217 105 22918
217 106 22982
217 107 23238
217 108 23302
217 109 23718
217 110 23750
217 111 24006
217 112 24438
217 113 24982
217 114 25046
217 115 25302
217 116 25238
217 117 25782
217 118 25814
217 119 26070
217 120 26102
217 121 26518
217 122 26582
217 123 26838
217 124 26902
217 125 27318
217 126 27350
217 127 27606
217 128 27782
217 129 28198
217 130 28454
217 131 28582
217 132 28646
217 133 28998
217 134 29222
217 135 29350
217 136 29382
217 137 29734
217 138 29990
217 139 30118
217 140 30182
217 141 30534
217 142 30758
217 143 30886
217 144 31254
217 145 31798
217 146 31926
217 147 32182
217 148 32118
217 149 32598
217 150 32694
217 151 32950
217 152 32982
217 153 33334
217 154 33462
217 155 33718
217 156 33782
217 157 34134
217 158 34230
217 159 34486
217 160 34726
217 161 35142
217 162 35398
217 163 35526
217 164 35590
217 165 35942
217 166 36166
217 167 36294
217 168 36326
217 169 36678
217 170 36934
217 171 37062
217 172 37126
217 173 37478
217 174 37702
217 175 37830
217 176 38198
217 177 38742
217 178 38870
217 179 39126
217 180 39062
217 181 39542
217 182 39638
217 183 39894
217 184 39926
217 185 40278
217 186 40406
217 187 40662
217 188 40726
217 189 41078
217 190 41174
217 191 41430
217 192 41670
217 193 42086
217 194 42278
217 195 42406
217 196 42470
217 197 42886
217 198 43046
217 199 43174
217 200 43206
217 201 43622
217 202 43814
217 203 43942
217 204 44006
217 205 44422
217 206 44582
217 207 44710
217 208 45142
217 209 45686
217 210 45750
217 211 46006
217 212 45942
217 213 46486
217 214 46518
217 215 46774
217 216 46806
217 217 47222
217 218 47286
217 219 47542
217 220 47606
217 221 48022
217 222 48054
217 223 48310
217 224 48614
217 225 49030
217 226 49222
217 227 49350
217 228 49414
217 229 49830
217 230 49990
217 231 50118
217 232 50150
217 233 50566
217 234 50758
217 235 50886
217 236 50950
217 237 51366
217 238 51526
217 239 51654
217 240 52086
217 241 52630
217 242 52694
217 243 52950
217 244 52886
217 245 53430
217 246 53462
217 247 53718
217 248 53750
217 249 54166
217 250 54230
217 251 54486
217 252 54550
217 253 54966
217 254 54998
217 255 55254
218 0 6
218 1 550
218 2 678
218 3 934
218 4 870
218 5 1350
218 6 1446
218 7 1702
218 8 1750
218 9 2086
218 10 2214
218 11 2486
218 12 2550
218 13 2886
218 14 2982
218 15 3254
218 16 3622
218 17 4166
218 18 4294
218 19 4550
218 20 4486
218 21 4966
218 22 5062
218 23 5318
218 24 5366
218 25 5702
218 26 5830
218 27 6102
218 28 6166
218 29 6502
218 30 6598
218 31 6870
218 32 6982
218 33 7526
218 34 7590
218 35 7846
218 36 7782
218 37 8326
218 38 8358
218 39 8614
218 40 8662
218 41 9062
218 42 9126
218 43 9398
218 44 9462
218 45 9862
218 46 9894
218 47 10166
218 48 10598
218 49 11142
218 50 11206
218 51 11462
218 52 11398
218 53 11942
218 54 11974
218 55 12230
218 56 12278
218 57 12678
218 58 12742
218 59 13014
218 60 13078
218 61 13478
218 62 13510
218 63 13782
218 64 13958
218 65 14374
218 66 14630
218 67 14758
218 68 14822
218 69 15174
218 70 15398
218 71 15526
218 72 15574
218 73 15910
218 74 16166
218 75 16310
218 76 16374
218 77 16710
218 78 16934
218 79 17078
218 80 17446
218 81 17990
218 82 18118
218 83 18374
218 84 18310
218 85 18790
218 86 18886
218 87 19142
218 88 19190
218 89 19526
218 90 19654
218 91 19926
218 92 19990
218 93 20326
218 94 20422
218 95 20694
218 96 20934
218 97 21350
218 98 21542
218 99 21670
218 100 21734
218 101 22150
218 102 22310
218 103 22438
218 104 22486
218 105 22886
218 106 23078
218 107 23222
218 108 23286
218 109 23686
218 110 23846
218 111 23990
218 112 24422
218 113 24966
218 114 25030
218 115 25286
218 116 25222
218 117 25766
218 118 25798
218 119 26054
218 120 26102
218 121 26502
218 122 26566
218 123 26838
218 124 26902
218 125 27302
218 126 27334
218 127 27606
218 128 27910
218 129 28454
218 130 28582
218 131 28838
218 132 28774
218 133 29254
218 134 29350
218 135 29606
218 136 29654
218 137 29990
218 138 30118
218 139 30390
218 140 30454
218 141 30790
218 142 30886
218 143 31158
218 144 31526
218 145 32070
218 146 32198
218 147 32454
218 148 32390
218 149 32870
218 150 32966
218 151 33222
218 152 33270
218 153 33606
218 154 33734
218 155 34006
218 156 34070
218 157 34406
218 158 34502
218 159 34774
218 160 34886
218 161 35430
218 162 35494
218 163 35750
218 164 35686
218 165 36230
218 166 36262
218 167 36518
218 168 36566
218 169 36966
218 170 37030
218 171 37302
218 172 37366
218 173 37766
218 174 37798
218 175 38070
218 176 38502
218 177 39046
218 178 39110
218 179 39366
218 180 39302
218 181 39846
218 182 39878
218 183 40134
218 184 40182
218 185 40582
218 186 40646
218 187 40918
218 188 40982
218 189 41382
218 190 41414
218 191 41686
218 192 41862
218 193 42278
218 194 42534
218 195 42662
218 196 42726
218 197 43078
218 198 43302
218 199 43430
218 200 43478
218 201 43814
218 202 44070
218 203 44214
218 204 44278
218 205 44614
218 206 44838
218 207 44982
218 208 45350
218 209 45894
218 210 46022
218 211 46278
218 212 46214
218 213 46694
218 214 46790
218 215 47046
218 216 47094
218 217 47430
218 218 47558
218 219 47830
218 220 47894
218 221 48230
218 222 48326
218 223 48598
218 224 48838
218 225 49254
218 226 49446
218 227 49574
218 228 49638
218 229 50054
218 230 50214
218 231 50342
218 232 50390
218 233 50790
218 234 50982
218 235 51126
218 236 51190
218 237 51590
218 238 51750
218 239 51894
218 240 52326
218 241 52870
218 242 52934
218 243 53190
218 244 53126
218 245 53670
218 246 53702
218 247 53958
218 248 54006
218 249 54406
218 250 54470
218 251 54742
218 252 54806
218 253 55206
218 254 55238
218 255 55510
219 0 6
219 1 550
219 2 678
219 3 934
219 4 870
219 5 1350
219 6 1446
219 7 1702
219 8 1750
219 9 2086
219 10 2214
219 11 2486
219 12 2550
219 13 2886
219 14 2982
219 15 3254
219 16 3638
219 17 4182
219 18 4310
219 19 4566
219 20 4502
219 21 4982
219 22 5078
219 23 5334
219 24 5382
219 25 5718
219 26 5846
219 27 6118
219 28 6182
219 29 6518
219 30 6614
219 31 6886
219 32 7014
219 33 7558
219 34 7622
219 35 7878
219 36 7814
219 37 8358
219 38 8390
219 39 8646
219 40 8694
219 41 9094
219 42 9158
219 43 9430
219 44 9494
219 45 9894
219 46 9926
219 47 10198
219 48 10646
219 49 11190
219 50 11254
219 51 11510
219 52 11446
219 53 11990
219 54 12022
219 55 12278
219 56 12326
219 57 12726
219 58 12790
219 59 13062
219 60 13126
219 61 13526
219 62 13558
219 63 13830
219 64 14022
219 65 14438
219 66 14630
219 67 14758
219 68 14822
219 69 15238
219 70 15398
219 71 15526
219 72 15574
219 73 15974
219 74 16166
219 75 16310
219 76 16374
219 77 16774
219 78 16934
219 79 17078
219 80 17526
219 81 18070
219 82 18134
219 83 18390
219 84 18326
219 85 18870
219 86 18902
219 87 19158
219 88 19206
219 89 19606
219 90 19670
219 91 19942
219 92 20006
219 93 20406
219 94 20438
219 95 20710
219 96 21030
219 97 21446
219 98 21702
219 99 21830
219 100 21894
219 101 22246
219 102 22470
219 103 22598
219 104 22646
219 105 22982
219 106 23238
219 107 23382
219 108 23446
219 109 23782
219 110 24006
219 111 24150
219 112 24726
219 113 25014
219 114 25270
219 115 25270
219 116 25526
219 117 25814
219 118 26102
219 119 26038
219 120 26278
219 121 26550
219 122 26870
219 123 26950
219 124 27078
219 125 27350
219 126 27638
219 127 27718
219 128 28038
219 129 28454
219 130 28710
219 131 28838
219 132 28902
219 133 29254
219 134 29478
219 135 29606
219 136 29654
219 137 29990
219 138 30246
219 139 30390
219 140 30454
219 141 30790
219 142 31014
219 143 31158
219 144 31542
219 145 32086
219 146 32214
219 147 32470
219 148 32406
219 149 32886
219 150 32982
219 151 33238
219 152 33286
219 153 33622
219 154 33750
219 155 34022
219 156 34086
219 157 34422
219 158 34518
219 159 34790
219 160 35046
219 161 35462
219 162 35654
219 163 35782
219 164 35846
219 165 36262
219 166 36422
219 167 36550
219 168 36598
219 169 36998
219 170 37190
219 171 37334
219 172 37398
219 173 37798
219 174 37958
219 175 38102
219 176 38550
219 177 39094
219 178 39158
219 179 39414
219 180 39350
219 181 39894
219 182 39926
219 183 40182
219 184 40230
219 185 40630
219 186 40694
219 187 40966
219 188 41030
219 189 41430
219 190 41462
219 191 41734
219 192 41926
219 193 42342
219 194 42534
219 195 42662
219 196 42726
219 197 43142
219 198 43302
219 199 43430
219 200 43478
219 201 43878
219 202 44070
219 203 44214
219 204 44278
219 205 44678
219 206 44838
219 207 44982
219 208 45430
219 209 45974
219 210 46038
219 211 46294
219 212 46230
219 213 46774
219 214 46806
219 215 47062
219 216 47110
219 217 47510
219 218 47574
219 219 47846
219 220 47910
219 221 48310
219 222 48342
219 223 48614
219 224 48934
219 225 49350
219 226 49606
219 227 49734
219 228 49798
219 229 50150
219 230 50374
219 231 50502
219 232 50550
219 233 50886
219 234 51142
219 235 51286
219 236 51350
219 237 51686
219 238 51910
219 239 52054
219 240 52630
219 241 52918
219 242 53174
219 243 53174
219 244 53430
219 245 53718
219 246 54006
219 247 53942
219 248 54182
219 249 54454
219 250 54774
219 251 54854
219 252 54982
219 253 55254
219 254 55542
219 255 55622
220 0 6
220 1 550
220 2 678
220 3 934
220 4 886
220 5 1350
220 6 1446
220 7 1718
220 8 1766
220 9 2118
220 10 2214
220 11 2470
220 12 2550
220 13 2886
220 14 2982
220 15 3254
220 16 3654
220 17 4198
220 18 4262
220 19 4518
220 20 4470
220 21 4998
220 22 5030
220 23 5302
220 24 5350
220 25 5766
220 26 5798
220 27 6054
220 28 6134
220 29 6534
220 30 6566
220 31 6838
220 32 7174
220 33 7718
220 34 7846
220 35 8102
220 36 8054
220 37 8518
220 38 8614
220 39 8886
220 40 8934
220 41 9286
220 42 9382
220 43 9638
220 44 9718
220 45 10054
220 46 10150
220 47 10422
220 48 10566
220 49 11110
220 50 11174
220 51 11430
220 52 11382
220 53 11910
220 54 11942
220 55 12214
220 56 12262
220 57 12678
220 58 12710
220 59 12966
220 60 13046
220 61 13446
220 62 13478
220 63 13750
220 64 14086
220 65 14630
220 66 14758
220 67 15014
220 68 14966
220 69 15430
220 70 15526
220 71 15798
220 72 15846
220 73 16198
220 74 16294
220 75 16550
220 76 16630
220 77 16966
220 78 17062
220 79 17334
220 80 17734
220 81 18278
220 82 18342
220 83 18598
220 84 18550
220 85 19078
220 86 19110
220 87 19382
220 88 19430
220 89 19846
220 90 19878
220 91 20134
220 92 20214
220 93 20614
220 94 20646
220 95 20918
220 96 21254
220 97 21798
220 98 21926
220 99 22182
220 100 22134
220 101 22598
220 102 22694
220 103 22966
220 104 23014
220 105 23366
220 106 23462
220 107 23718
220 108 23798
220 109 24134
220 110 24230
220 111 24502
220 112 24646
220 113 25190
220 114 25254
220 115 25510
220 116 25462
220 117 25990
220 118 26022
220 119 26294
220 120 26342
220 121 26758
220 122 26790
220 123 27046
220 124 27126
220 125 27526
220 126 27558
220 127 27830
220 128 28166
220 129 28710
220 130 28838
220 131 29094
220 132 29046
220 133 29510
220 134 29606
220 135 29878
220 136 29926
220 137 30278
220 138 30374
220 139 30630
220 140 30710
220 141 31046
220 142 31142
220 143 31414
220 144 31814
220 145 32358
220 146 32422
220 147 32678
220 148 32630
220 149 33158
220 150 33190
220 151 33462
220 152 33510
220 153 33926
220 154 33958
220 155 34214
220 156 34294
220 157 34694
220 158 34726
220 159 34998
220 160 35334
220 161 35878
220 162 36006
220 163 36262
220 164 36214
220 165 36678
220 166 36774
220 167 37046
220 168 37094
220 169 37446
220 170 37542
220 171 37798
220 172 37878
220 173 38214
220 174 38310
220 175 38582
220 176 38726
220 177 39270
220 178 39334
220 179 39590
220 180 39542
220 181 40070
220 182 40102
220 183 40374
220 184 40422
220 185 40838
220 186 40870
220 187 41126
220 188 41206
220 189 41606
220 190 41638
220 191 41910
220 192 42246
220 193 42790
220 194 42918
220 195 43174
220 196 43126
220 197 43590
220 198 43686
220 199 43958
220 200 44006
220 201 44358
220 202 44454
220 203 44710
220 204 44790
220 205 45126
220 206 45222
220 207 45494
220 208 45894
220 209 46438
220 210 46502
220 211 46758
220 212 46710
220 213 47238
220 214 47270
220 215 47542
220 216 47590
220 217 48006
220 218 48038
220 219 48294
220 220 48374
220 221 48774
220 222 48806
220 223 49078
220 224 49414
220 225 49958
220 226 50086
220 227 50342
220 228 50294
220 229 50758
220 230 50854
220 231 51126
220 232 51174
220 233 51526
220 234 51622
220 235 51878
220 236 51958
220 237 52294
220 238 52390
220 239 52662
220 240 52806
220 241 53350
220 242 53414
220 243 53670
220 244 53622
220 245 54150
220 246 54182
220 247 54454
220 248 54502
220 249 54918
220 250 54950
220 251 55206
220 252 55286
220 253 55686
220 254 55718
220 255 55990
221 0 6
221 1 550
221 2 678
221 3 934
221 4 886
221 5 1350
221 6 1446
221 7 1718
221 8 1766
221 9 2118
221 10 2214
221 11 2470
221 12 2550
221 13 2886
221 14 2982
221 15 3254
221 16 3670
221 17 4214
221 18 4278
221 19 4534
221 20 4486
221 21 5014
221 22 5046
221 23 5318
221 24 5366
221 25 5782
221 26 5814
221 27 6070
221 28 6150
221 29 6550
221 30 6582
221 31 6854
221 32 7206
221 33 7750
221 34 7878
221 35 8134
221 36 8086
221 37 8550
221 38 8646
221 39 8918
221 40 8966
221 41 9318
221 42 9414
221 43 9670
221 44 9750
221 45 10086
221 46 10182
221 47 10454
221 48 10614
221 49 11158
221 50 11222
221 51 11478
221 52 11430
221 53 11958
221 54 11990
221 55 12262
221 56 12310
221 57 12726
221 58 12758
221 59 13014
221 60 13094
221 61 13494
221 62 13526
221 63 13798
221 64 14150
221 65 14694
221 66 14758
221 67 15014
221 68 14966
221 69 15494
221 70 15526
221 71 15798
221 72 15846
221 73 16262
221 74 16294
221 75 16550
221 76 16630
221 77 17030
221 78 17062
221 79 17334
221 80 17942
221 81 18230
221 82 18614
221 83 18614
221 84 18822
221 85 19030
221 86 19382
221 87 19398
221 88 19574
221 89 19798
221 90 20150
221 91 20278
221 92 20358
221 93 20566
221 94 20918
221 95 21062
221 96 21350
221 97 21894
221 98 21958
221 99 22214
221 100 22166
221 101 22694
221 102 22726
221 103 22998
221 104 23046
221 105 23462
221 106 23494
221 107 23750
221 108 23830
221 109 24230
221 110 24262
221 111 24534
221 112 24886
221 113 25174
221 114 25558
221 115 25558
221 116 25766
221 117 25974
221 118 26326
221 119 26342
221 120 26518
221 121 26742
221 122 27094
221 123 27222
221 124 27302
221 125 27510
221 126 27862
221 127 28006
221 128 28294
221 129 28710
221 130 28966
221 131 29094
221 132 29174
221 133 29510
221 134 29734
221 135 29878
221 136 29926
221 137 30278
221 138 30502
221 139 30630
221 140 30710
221 141 31046
221 142 31270
221 143 31414
221 144 31830
221 145 32374
221 146 32438
221 147 32694
221 148 32646
221 149 33174
221 150 33206
221 151 33478
221 152 33526
221 153 33942
221 154 33974
221 155 34230
221 156 34310
221 157 34710
221 158 34742
221 159 35014
221 160 35366
221 161 35910
221 162 36038
221 163 36294
221 164 36246
221 165 36710
221 166 36806
221 167 37078
221 168 37126
221 169 37478
221 170 37574
221 171 37830
221 172 37910
221 173 38246
221 174 38342
221 175 38614
221 176 38902
221 177 39318
221 178 39510
221 179 39638
221 180 39718
221 181 40118
221 182 40278
221 183 40422
221 184 40470
221 185 40886
221 186 41046
221 187 41174
221 188 41254
221 189 41654
221 190 41814
221 191 41958
221 192 42438
221 193 42854
221 194 43046
221 195 43174
221 196 43254
221 197 43654
221 198 43814
221 199 43958
221 200 44006
221 201 44422
221 202 44582
221 203 44710
221 204 44790
221 205 45190
221 206 45350
221 207 45494
221 208 46102
221 209 46390
221 210 46774
221 211 46774
221 212 46982
221 213 47190
221 214 47542
221 215 47558
221 216 47734
221 217 47958
221 218 48310
221 219 48438
221 220 48518
221 221 48726
221 222 49078
221 223 49222
221 224 49510
221 225 50054
221 226 50118
221 227 50374
221 228 50326
221 229 50854
221 230 50886
221 231 51158
221 232 51206
221 233 51622
221 234 51654
221 235 51910
221 236 51990
221 237 52390
221 238 52422
221 239 52694
221 240 53046
221 241 53462
221 242 53718
221 243 53846
221 244 53926
221 245 54262
221 246 54486
221 247 54630
221 248 54678
221 249 55030
221 250 55254
221 251 55382
221 252 55462
221 253 55798
221 254 56022
221 255 56166
222 0 6
222 1 550
222 2 678
222 3 934
222 4 886
222 5 1350
222 6 1446
222 7 1718
222 8 1782
222 9 2118
222 10 2214
222 11 2486
222 12 2550
222 13 2886
222 14 2982
222 15 3254
222 16 3686
222 17 4230
222 18 4294
222 19 4550
222 20 4502
222 21 5030
222 22 5062
222 23 5334
222 24 5398
222 25 5798
222 26 5830
222 27 6102
222 28 6166
222 29 6566
222 30 6598
222 31 6870
222 32 7238
222 33 7782
222 34 7846
222 35 8102
222 36 8054
222 37 8582
222 38 8614
222 39 8886
222 40 8950
222 41 9350
222 42 9382
222 43 9654
222 44 9718
222 45 10118
222 46 10150
222 47 10422
222 48 10790
222 49 11078
222 50 11462
222 51 11462
222 52 11670
222 53 11878
222 54 12230
222 55 12246
222 56 12438
222 57 12646
222 58 12998
222 59 13142
222 60 13206
222 61 13414
222 62 13766
222 63 13910
222 64 14214
222 65 14630
222 66 14886
222 67 15014
222 68 15094
222 69 15430
222 70 15654
222 71 15798
222 72 15862
222 73 16198
222 74 16422
222 75 16566
222 76 16630
222 77 16966
222 78 17190
222 79 17334
222 80 17766
222 81 18310
222 82 18374
222 83 18630
222 84 18582
222 85 19110
222 86 19142
222 87 19414
222 88 19478
222 89 19878
222 90 19910
222 91 20182
222 92 20246
222 93 20646
222 94 20678
222 95 20950
222 96 21318
222 97 21862
222 98 21926
222 99 22182
222 100 22134
222 101 22662
222 102 22694
222 103 22966
222 104 23030
222 105 23430
222 106 23462
222 107 23734
222 108 23798
222 109 24198
222 110 24230
222 111 24502
222 112 24870
222 113 25286
222 114 25542
222 115 25670
222 116 25750
222 117 26086
222 118 26310
222 119 26454
222 120 26518
222 121 26854
222 122 27078
222 123 27222
222 124 27286
222 125 27622
222 126 27846
222 127 27990
222 128 28422
222 129 28966
222 130 29094
222 131 29350
222 132 29302
222 133 29766
222 134 29862
222 135 30134
222 136 30198
222 137 30534
222 138 30630
222 139 30902
222 140 30966
222 141 31302
222 142 31398
222 143 31670
222 144 32102
222 145 32646
222 146 32710
222 147 32966
222 148 32918
222 149 33446
222 150 33478
222 151 33750
222 152 33814
222 153 34214
222 154 34246
222 155 34518
222 156 34582
222 157 34982
222 158 35014
222 159 35286
222 160 35654
222 161 36198
222 162 36262
222 163 36518
222 164 36470
222 165 36998
222 166 37030
222 167 37302
222 168 37366
222 169 37766
222 170 37798
222 171 38070
222 172 38134
222 173 38534
222 174 38566
222 175 38838
222 176 39206
222 177 39494
222 178 39878
222 179 39878
222 180 40086
222 181 40294
222 182 40646
222 183 40662
222 184 40854
222 185 41062
222 186 41414
222 187 41558
222 188 41622
222 189 41830
222 190 42182
222 191 42326
222 192 42630
222 193 43046
222 194 43302
222 195 43430
222 196 43510
222 197 43846
222 198 44070
222 199 44214
222 200 44278
222 201 44614
222 202 44838
222 203 44982
222 204 45046
222 205 45382
222 206 45606
222 207 45750
222 208 46182
222 209 46726
222 210 46790
222 211 47046
222 212 46998
222 213 47526
222 214 47558
222 215 47830
222 216 47894
222 217 48294
222 218 48326
222 219 48598
222 220 48662
222 221 49062
222 222 49094
222 223 49366
222 224 49734
222 225 50278
222 226 50342
222 227 50598
222 228 50550
222 229 51078
222 230 51110
222 231 51382
222 232 51446
222 233 51846
222 234 51878
222 235 52150
222 236 52214
222 237 52614
222 238 52646
222 239 52918
222 240 53286
222 241 53702
222 242 53958
222 243 54086
222 244 54166
222 245 54502
222 246 54726
222 247 54870
222 248 54934
222 249 55270
222 250 55494
222 251 55638
222 252 55702
222 253 56038
222 254 56262
222 255 56406
223 0 6
223 1 550
223 2 678
223 3 934
223 4 886
223 5 1350
223 6 1446
223 7 1718
223 8 1782
223 9 2118
223 10 2214
223 11 2486
223 12 2550
223 13 2886
223 14 2982
223 15 3254
223 16 3702
223 17 4246
223 18 4310
223 19 4566
223 20 4518
223 21 5046
223 22 5078
223 23 5350
223 24 5414
223 25 5814
223 26 5846
223 27 6118
223 28 6182
223 29 6582
223 30 6614
223 31 6886
223 32 7270
223 33 7814
223 34 7878
223 35 8134
223 36 8086
223 37 8614
223 38 8646
223 39 8918
223 40 8982
223 41 9382
223 42 9414
223 43 9686
223 44 9750
223 45 10150
223 46 10182
223 47 10454
223 48 10902
223 49 11190
223 50 11446
223 51 11446
223 52 11718
223 53 11990
223 54 12278
223 55 12230
223 56 12486
223 57 12758
223 58 13046
223 59 13126
223 60 13254
223 61 13526
223 62 13814
223 63 13894
223 64 14278
223 65 14694
223 66 14886
223 67 15014
223 68 15094
223 69 15494
223 70 15654
223 71 15798
223 72 15862
223 73 16262
223 74 16422
223 75 16566
223 76 16630
223 77 17030
223 78 17190
223 79 17334
223 80 17974
223 81 18262
223 82 18646
223 83 18646
223 84 18854
223 85 19062
223 86 19414
223 87 19430
223 88 19622
223 89 19830
223 90 20182
223 91 20326
223 92 20390
223 93 20598
223 94 20950
223 95 21094
223 96 21542
223 97 21830
223 98 22214
223 99 22214
223 100 22422
223 101 22630
223 102 22982
223 103 22998
223 104 23190
223 105 23398
223 106 23750
223 107 23894
223 108 23958
223 109 24166
223 110 24518
223 111 24662
223 112 24982
223 113 25398
223 114 25590
223 115 25718
223 116 25798
223 117 26198
223 118 26358
223 119 26502
223 120 26566
223 121 26966
223 122 27126
223 123 27270
223 124 27334
223 125 27734
223 126 27894
223 127 28038
223 128 28550
223 129 28966
223 130 29222
223 131 29350
223 132 29430
223 133 29766
223 134 29990
223 135 30134
223 136 30198
223 137 30534
223 138 30758
223 139 30902
223 140 30966
223 141 31302
223 142 31526
223 143 31670
223 144 32118
223 145 32662
223 146 32726
223 147 32982
223 148 32934
223 149 33462
223 150 33494
223 151 33766
223 152 33830
223 153 34230
223 154 34262
223 155 34534
223 156 34598
223 157 34998
223 158 35030
223 159 35302
223 160 35686
223 161 36230
223 162 36294
223 163 36550
223 164 36502
223 165 37030
223 166 37062
223 167 37334
223 168 37398
223 169 37798
223 170 37830
223 171 38102
223 172 38166
223 173 38566
223 174 38598
223 175 38870
223 176 39318
223 177 39734
223 178 39862
223 179 39990
223 180 40134
223 181 40534
223 182 40694
223 183 40774
223 184 40902
223 185 41302
223 186 41462
223 187 41542
223 188 41670
223 189 42070
223 190 42230
223 191 42310
223 192 42694
223 193 43110
223 194 43302
223 195 43430
223 196 43510
223 197 43910
223 198 44070
223 199 44214
223 200 44278
223 201 44678
223 202 44838
223 203 44982
223 204 45046
223 205 45446
223 206 45606
223 207 45750
223 208 46390
223 209 46678
223 210 47062
223 211 47062
223 212 47270
223 213 47478
223 214 47830
223 215 47846
223 216 48038
223 217 48246
223 218 48598
223 219 48742
223 220 48806
223 221 49014
223 222 49366
223 223 49510
223 224 49958
223 225 50246
223 226 50630
223 227 50630
223 228 50838
223 229 51046
223 230 51398
223 231 51414
223 232 51606
223 233 51814
223 234 52166
223 235 52310
223 236 52374
223 237 52582
223 238 52934
223 239 53078
223 240 53398
223 241 53814
223 242 54006
223 243 54134
223 244 54214
223 245 54614
223 246 54774
223 247 54918
223 248 54982
223 249 55382
223 250 55542
223 251 55686
223 252 55750
223 253 56150
223 254 56310
223 255 56454
224 0 6
224 1 646
224 2 774
224 3 902
224 4 902
224 5 1414
224 6 1542
224 7 1670
224 8 1798
224 9 2438
224 10 2566
224 11 2694
224 12 2694
224 13 3206
224 14 3334
224 15 3462
224 16 3590
224 17 4230
224 18 4358
224 19 4486
224 20 4486
224 21 4998
224 22 5126
224 23 5254
224 24 5382
224 25 6022
224 26 6150
224 27 6278
224 28 6278
224 29 6790
224 30 6918
224 31 7046
224 32 7174
224 33 7814
224 34 7942
224 35 8070
224 36 8070
224 37 8582
224 38 8710
224 39 8838
224 40 8966
224 41 9606
224 42 9734
224 43 9862
224 44 9862
224 45 10374
224 46 10502
224 47 10630
224 48 10758
224 49 11398
224 50 11526
224 51 11654
224 52 11654
224 53 12166
224 54 12294
224 55 12422
224 56 12550
224 57 13190
224 58 13318
224 59 13446
224 60 13446
224 61 13958
224 62 14086
224 63 14214
224 64 14342
224 65 14982
224 66 15110
224 67 15238
224 68 15238
224 69 15750
224 70 15878
224 71 16006
224 72 16134
224 73 16774
224 74 16902
224 75 17030
224 76 17030
224 77 17542
224 78 17670
224 79 17798
224 80 17926
224 81 18566
224 82 18694
224 83 18822
224 84 18822
224 85 19334
224 86 19462
224 87 19590
224 88 19718
224 89 20358
224 90 20486
224 91 20614
224 92 20614
224 93 21126
224 94 21254
224 95 21382
224 96 21510
224 97 22150
224 98 22278
224 99 22406
224 100 22406
224 101 22918
224 102 23046
224 103 23174
224 104 23302
224 105 23942
224 106 24070
224 107 24198
224 108 24198
224 109 24710
224 110 24838
224 111 24966
224 112 25094
224 113 25734
224 114 25862
224 115 25990
224 116 25990
224 117 26502
224 118 26630
224 119 26758
224 120 26886
224 121 27526
224 122 27654
224 123 27782
224 124 27782
224 125 28294
224 126 28422
224 127 28550
224 128 28678
224 129 29318
224 130 29446
224 131 29574
224 132 29574
224 133 30086
224 134 30214
224 135 30342
224 136 30470
224 137 31110
224 138 31238
224 139 31366
224 140 31366
224 141 31878
224 142 32006
224 143 32134
224 144 32262
224 145 32902
224 146 33030
224 147 33158
224 148 33158
224 149 33670
224 150 33798
224 151 33926
224 152 34054
224 153 34694
224 154 34822
224 155 34950
224 156 34950
224 157 35462
224 158 35590
224 159 35718
224 160 35846
224 161 36486
224 162 36614
224 163 36742
224 164 36742
224 165 37254
224 166 37382
224 167 37510
224 168 37638
224 169 38278
224 170 38406
224 171 38534
224 172 38534
224 173 39046
224 174 39174
224 175 39302
224 176 39430
224 177 40070
224 178 40198
224 179 40326
224 180 40326
224 181 40838
224 182 40966
224 183 41094
224 184 41222
224 185 41862
224 186 41990
224 187 42118
224 188 42118
224 189 42630
224 190 42758
224 191 42886
224 192 43014
224 193 43654
224 194 43782
224 195 43910
224 196 43910
224 197 44422
224 198 44550
224 199 44678
224 200 44806
224 201 45446
224 202 45574
224 203 45702
224 204 45702
224 205 46214
224 206 46342
224 207 46470
224 208 46598
224 209 47238
224 210 47366
224 211 47494
224 212 47494
224 213 48006
224 214 48134
224 215 48262
224 216 48390
224 217 49030
224 218 49158
224 219 49286
224 220 49286
224 221 49798
224 222 49926
224 223 50054
224 224 50182
224 225 50822
224 226 50950
224 227 51078
224 228 51078
224 229 51590
224 230 51718
224 231 51846
224 232 51974
224 233 52614
224 234 52742
224 235 52870
224 236 52870
224 237 53382
224 238 53510
224 239 53638
224 240 53766
224 241 54406
224 242 54534
224 243 54662
224 244 54662
224 245 55174
224 246 55302
224 247 55430
224 248 55558
224 249 56198
224 250 56326
224 251 56454
224 252 56454
224 253 56966
224 254 57094
224 255 57222
225 0 6
225 1 646
225 2 774
225 3 902
225 4 902
225 5 1414
225 6 1542
225 7 1670
225 8 1798
225 9 2438
225 10 2566
225 11 2694
225 12 2694
225 13 3206
225 14 3334
225 15 3462
225 16 3606
225 17 4246
225 18 4374
225 19 4502
225 20 4502
225 21 5014
225 22 5142
225 23 5270
225 24 5398
225 25 6038
225 26 6166
225 27 6294
225 28 6294
225 29 6806
225 30 6934
225 31 7062
225 32 7206
225 33 7846
225 34 7974
225 35 8102
225 36 8102
225 37 8614
225 38 8742
225 39 8870
225 40 8998
225 41 9638
225 42 9766
225 43 9894
225 44 9894
225 45 10406
225 46 10534
225 47 10662
225 48 10806
225 49 11446
225 50 11574
225 51 11702
225 52 11702
225 53 12214
225 54 12342
225 55 12470
225 56 12598
225 57 13238
225 58 13366
225 59 13494
225 60 13494
225 61 14006
225 62 14134
225 63 14262
225 64 14406
225 65 14982
225 66 15174
225 67 15238
225 68 15302
225 69 15750
225 70 15942
225 71 16006
225 72 16198
225 73 16774
225 74 16966
225 75 17030
225 76 17094
225 77 17542
225 78 17734
225 79 17798
225 80 18006
225 81 18582
225 82 18774
225 83 18838
225 84 18902
225 85 19350
225 86 19542
225 87 19606
225 88 19798
225 89 20374
225 90 20566
225 91 20630
225 92 20694
225 93 21142
225 94 21334
225 95 21398
225 96 21606
225 97 22182
225 98 22374
225 99 22438
225 100 22502
225 101 22950
225 102 23142
225 103 23206
225 104 23398
225 105 23974
225 106 24166
225 107 24230
225 108 24294
225 109 24742
225 110 24934
225 111 24998
225 112 25206
225 113 25782
225 114 25974
225 115 26038
225 116 26102
225 117 26550
225 118 26742
225 119 26806
225 120 26998
225 121 27574
225 122 27766
225 123 27830
225 124 27894
225 125 28342
225 126 28534
225 127 28598
225 128 28806
225 129 29318
225 130 29446
225 131 29574
225 132 29574
225 133 30086
225 134 30214
225 135 30342
225 136 30598
225 137 31110
225 138 31238
225 139 31366
225 140 31366
225 141 31878
225 142 32006
225 143 32134
225 144 32406
225 145 32918
225 146 33046
225 147 33174
225 148 33174
225 149 33686
225 150 33814
225 151 33942
225 152 34198
225 153 34710
225 154 34838
225 155 34966
225 156 34966
225 157 35478
225 158 35606
225 159 35734
225 160 36006
225 161 36518
225 162 36646
225 163 36774
225 164 36774
225 165 37286
225 166 37414
225 167 37542
225 168 37798
225 169 38310
225 170 38438
225 171 38566
225 172 38566
225 173 39078
225 174 39206
225 175 39334
225 176 39606
225 177 40118
225 178 40246
225 179 40374
225 180 40374
225 181 40886
225 182 41014
225 183 41142
225 184 41398
225 185 41910
225 186 42038
225 187 42166
225 188 42166
225 189 42678
225 190 42806
225 191 42934
225 192 43206
225 193 43654
225 194 43846
225 195 43910
225 196 43974
225 197 44422
225 198 44614
225 199 44678
225 200 44998
225 201 45446
225 202 45638
225 203 45702
225 204 45766
225 205 46214
225 206 46406
225 207 46470
225 208 46806
225 209 47254
225 210 47446
225 211 47510
225 212 47574
225 213 48022
225 214 48214
225 215 48278
225 216 48598
225 217 49046
225 218 49238
225 219 49302
225 220 49366
225 221 49814
225 222 50006
225 223 50070
225 224 50406
225 225 50854
225 226 51046
225 227 51110
225 228 51174
225 229 51622
225 230 51814
225 231 51878
225 232 52198
225 233 52646
225 234 52838
225 235 52902
225 236 52966
225 237 53414
225 238 53606
225 239 53670
225 240 54006
225 241 54454
225 242 54646
225 243 54710
225 244 54774
225 245 55222
225 246 55414
225 247 55478
225 248 55798
225 249 56246
225 250 56438
225 251 56502
225 252 56566
225 253 57014
225 254 57206
225 255 57270
226 0 6
226 1 646
226 2 774
226 3 902
226 4 902
226 5 1414
226 6 1542
226 7 1670
226 8 1814
226 9 2454
226 10 2582
226 11 2710
226 12 2710
226 13 3222
226 14 3350
226 15 3478
226 16 3622
226 17 4262
226 18 4390
226 19 4518
226 20 4518
226 21 5030
226 22 5158
226 23 5286
226 24 5430
226 25 6070
226 26 6198
226 27 6326
226 28 6326
226 29 6838
226 30 6966
226 31 7094
226 32 7238
226 33 7814
226 34 8006
226 35 8070
226 36 8134
226 37 8582
226 38 8774
226 39 8838
226 40 9046
226 41 9622
226 42 9814
226 43 9878
226 44 9942
226 45 10390
226 46 10582
226 47 10646
226 48 10854
226 49 11430
226 50 11622
226 51 11686
226 52 11750
226 53 12198
226 54 12390
226 55 12454
226 56 12662
226 57 13238
226 58 13430
226 59 13494
226 60 13558
226 61 14006
226 62 14198
226 63 14262
226 64 14470
226 65 14982
226 66 15110
226 67 15238
226 68 15238
226 69 15750
226 70 15878
226 71 16006
226 72 16278
226 73 16790
226 74 16918
226 75 17046
226 76 17046
226 77 17558
226 78 17686
226 79 17814
226 80 18086
226 81 18598
226 82 18726
226 83 18854
226 84 18854
226 85 19366
226 86 19494
226 87 19622
226 88 19894
226 89 20406
226 90 20534
226 91 20662
226 92 20662
226 93 21174
226 94 21302
226 95 21430
226 96 21702
226 97 22150
226 98 22342
226 99 22406
226 100 22470
226 101 22918
226 102 23110
226 103 23174
226 104 23510
226 105 23958
226 106 24150
226 107 24214
226 108 24278
226 109 24726
226 110 24918
226 111 24982
226 112 25318
226 113 25766
226 114 25958
226 115 26022
226 116 26086
226 117 26534
226 118 26726
226 119 26790
226 120 27126
226 121 27574
226 122 27766
226 123 27830
226 124 27894
226 125 28342
226 126 28534
226 127 28598
226 128 28934
226 129 29574
226 130 29702
226 131 29830
226 132 29830
226 133 30342
226 134 30470
226 135 30598
226 136 30742
226 137 31382
226 138 31510
226 139 31638
226 140 31638
226 141 32150
226 142 32278
226 143 32406
226 144 32550
226 145 33190
226 146 33318
226 147 33446
226 148 33446
226 149 33958
226 150 34086
226 151 34214
226 152 34358
226 153 34998
226 154 35126
226 155 35254
226 156 35254
226 157 35766
226 158 35894
226 159 36022
226 160 36166
226 161 36742
226 162 36934
226 163 36998
226 164 37062
226 165 37510
226 166 37702
226 167 37766
226 168 37974
226 169 38550
226 170 38742
226 171 38806
226 172 38870
226 173 39318
226 174 39510
226 175 39574
226 176 39782
226 177 40358
226 178 40550
226 179 40614
226 180 40678
226 181 41126
226 182 41318
226 183 41382
226 184 41590
226 185 42166
226 186 42358
226 187 42422
226 188 42486
226 189 42934
226 190 43126
226 191 43190
226 192 43398
226 193 43910
226 194 44038
226 195 44166
226 196 44166
226 197 44678
226 198 44806
226 199 44934
226 200 45206
226 201 45718
226 202 45846
226 203 45974
226 204 45974
226 205 46486
226 206 46614
226 207 46742
226 208 47014
226 209 47526
226 210 47654
226 211 47782
226 212 47782
226 213 48294
226 214 48422
226 215 48550
226 216 48822
226 217 49334
226 218 49462
226 219 49590
226 220 49590
226 221 50102
226 222 50230
226 223 50358
226 224 50630
226 225 51078
226 226 51270
226 227 51334
226 228 51398
226 229 51846
226 230 52038
226 231 52102
226 232 52438
226 233 52886
226 234 53078
226 235 53142
226 236 53206
226 237 53654
226 238 53846
226 239 53910
226 240 54246
226 241 54694
226 242 54886
226 243 54950
226 244 55014
226 245 55462
226 246 55654
226 247 55718
226 248 56054
226 249 56502
226 250 56694
226 251 56758
226 252 56822
226 253 57270
226 254 57462
226 255 57526
227 0 6
227 1 646
227 2 774
227 3 902
227 4 902
227 5 1414
227 6 1542
227 7 1670
227 8 1814
227 9 2454
227 10 2582
227 11 2710
227 12 2710
227 13 3222
227 14 3350
227 15 3478
227 16 3638
227 17 4278
227 18 4406
227 19 4534
227 20 4534
227 21 5046
227 22 5174
227 23 5302
227 24 5446
227 25 6086
227 26 6214
227 27 6342
227 28 6342
227 29 6854
227 30 6982
227 31 7110
227 32 7270
227 33 7846
227 34 8038
227 35 8102
227 36 8166
227 37 8614
227 38 8806
227 39 8870
227 40 9078
227 41 9654
227 42 9846
227 43 9910
227 44 9974
227 45 10422
227 46 10614
227 47 10678
227 48 10902
227 49 11478
227 50 11670
227 51 11734
227 52 11798
227 53 12246
227 54 12438
227 55 12502
227 56 12710
227 57 13286
227 58 13478
227 59 13542
227 60 13606
227 61 14054
227 62 14246
227 63 14310
227 64 14534
227 65 14982
227 66 15174
227 67 15238
227 68 15302
227 69 15750
227 70 15942
227 71 16006
227 72 16342
227 73 16790
227 74 16982
227 75 17046
227 76 17110
227 77 17558
227 78 17750
227 79 17814
227 80 18166
227 81 18614
227 82 18806
227 83 18870
227 84 18934
227 85 19382
227 86 19574
227 87 19638
227 88 19974
227 89 20422
227 90 20614
227 91 20678
227 92 20742
227 93 21190
227 94 21382
227 95 21446
227 96 21798
227 97 22310
227 98 22438
227 99 22566
227 100 22566
227 101 23078
227 102 23206
227 103 23334
227 104 23606
227 105 24118
227 106 24246
227 107 24374
227 108 24374
227 109 24886
227 110 25014
227 111 25142
227 112 25494
227 113 25878
227 114 26134
227 115 26134
227 116 26262
227 117 26646
227 118 26902
227 119 26902
227 120 27302
227 121 27686
227 122 27942
227 123 27942
227 124 28070
227 125 28454
227 126 28710
227 127 28710
227 128 29062
227 129 29574
227 130 29702
227 131 29830
227 132 29830
227 133 30342
227 134 30470
227 135 30598
227 136 30870
227 137 31382
227 138 31510
227 139 31638
227 140 31638
227 141 32150
227 142 32278
227 143 32406
227 144 32694
227 145 33206
227 146 33334
227 147 33462
227 148 33462
227 149 33974
227 150 34102
227 151 34230
227 152 34502
227 153 35014
227 154 35142
227 155 35270
227 156 35270
227 157 35782
227 158 35910
227 159 36038
227 160 36326
227 161 36774
227 162 36966
227 163 37030
227 164 37094
227 165 37542
227 166 37734
227 167 37798
227 168 38134
227 169 38582
227 170 38774
227 171 38838
227 172 38902
227 173 39350
227 174 39542
227 175 39606
227 176 39958
227 177 40406
227 178 40598
227 179 40662
227 180 40726
227 181 41174
227 182 41366
227 183 41430
227 184 41766
227 185 42214
227 186 42406
227 187 42470
227 188 42534
227 189 42982
227 190 43174
227 191 43238
227 192 43462
227 193 43910
227 194 44102
227 195 44166
227 196 44230
227 197 44678
227 198 44870
227 199 44934
227 200 45270
227 201 45718
227 202 45910
227 203 45974
227 204 46038
227 205 46486
227 206 46678
227 207 46742
227 208 47094
227 209 47542
227 210 47734
227 211 47798
227 212 47862
227 213 48310
227 214 48502
227 215 48566
227 216 48902
227 217 49350
227 218 49542
227 219 49606
227 220 49670
227 221 50118
227 222 50310
227 223 50374
227 224 50726
227 225 51238
227 226 51366
227 227 51494
227 228 51494
227 229 52006
227 230 52134
227 231 52262
227 232 52534
227 233 53046
227 234 53174
227 235 53302
227 236 53302
227 237 53814
227 238 53942
227 239 54070
227 240 54422
227 241 54806
227 242 55062
227 243 55062
227 244 55190
227 245 55574
227 246 55830
227 247 55830
227 248 56230
227 249 56614
227 250 56870
227 251 56870
227 252 56998
227 253 57382
227 254 57638
227 255 57638
228 0 6
228 1 646
228 2 774
228 3 902
228 4 918
228 5 1430
228 6 1558
228 7 1686
228 8 1830
228 9 2438
228 10 2598
228 11 2694
228 12 2742
228 13 3222
228 14 3382
228 15 3478
228 16 3654
228 17 4230
228 18 4422
228 19 4486
228 20 4566
228 21 5014
228 22 5206
228 23 5270
228 24 5478
228 25 6022
228 26 6246
228 27 6278
228 28 6390
228 29 6806
228 30 7030
228 31 7062
228 32 7430
228 33 8070
228 34 8198
228 35 8326
228 36 8342
228 37 8854
228 38 8982
228 39 9110
228 40 9254
228 41 9862
228 42 10022
228 43 10118
228 44 10166
228 45 10646
228 46 10806
228 47 10902
228 48 11078
228 49 11654
228 50 11846
228 51 11910
228 52 11990
228 53 12438
228 54 12630
228 55 12694
228 56 12902
228 57 13446
228 58 13670
228 59 13702
228 60 13814
228 61 14230
228 62 14454
228 63 14486
228 64 14598
228 65 15238
228 66 15366
228 67 15494
228 68 15510
228 69 16022
228 70 16150
228 71 16278
228 72 16422
228 73 17030
228 74 17190
228 75 17286
228 76 17334
228 77 17814
228 78 17974
228 79 18070
228 80 18246
228 81 18822
228 82 19014
228 83 19078
228 84 19158
228 85 19606
228 86 19798
228 87 19862
228 88 20070
228 89 20614
228 90 20838
228 91 20870
228 92 20982
228 93 21398
228 94 21622
228 95 21654
228 96 22022
228 97 22662
228 98 22790
228 99 22918
228 100 22934
228 101 23446
228 102 23574
228 103 23702
228 104 23846
228 105 24454
228 106 24614
228 107 24710
228 108 24758
228 109 25238
228 110 25398
228 111 25494
228 112 25670
228 113 26246
228 114 26438
228 115 26502
228 116 26582
228 117 27030
228 118 27222
228 119 27286
228 120 27494
228 121 28038
228 122 28262
228 123 28294
228 124 28406
228 125 28822
228 126 29046
228 127 29078
228 128 29190
228 129 29830
228 130 29958
228 131 30086
228 132 30102
228 133 30614
228 134 30742
228 135 30870
228 136 31014
228 137 31622
228 138 31782
228 139 31878
228 140 31926
228 141 32406
228 142 32566
228 143 32662
228 144 32838
228 145 33414
228 146 33606
228 147 33670
228 148 33750
228 149 34198
228 150 34390
228 151 34454
228 152 34662
228 153 35206
228 154 35430
228 155 35462
228 156 35574
228 157 35990
228 158 36214
228 159 36246
228 160 36614
228 161 37254
228 162 37382
228 163 37510
228 164 37526
228 165 38038
228 166 38166
228 167 38294
228 168 38438
228 169 39046
228 170 39206
228 171 39302
228 172 39350
228 173 39830
228 174 39990
228 175 40086
228 176 40262
228 177 40838
228 178 41030
228 179 41094
228 180 41174
228 181 41622
228 182 41814
228 183 41878
228 184 42086
228 185 42630
228 186 42854
228 187 42886
228 188 42998
228 189 43414
228 190 43638
228 191 43670
228 192 43782
228 193 44422
228 194 44550
228 195 44678
228 196 44694
228 197 45206
228 198 45334
228 199 45462
228 200 45606
228 201 46214
228 202 46374
228 203 46470
228 204 46518
228 205 46998
228 206 47158
228 207 47254
228 208 47430
228 209 48006
228 210 48198
228 211 48262
228 212 48342
228 213 48790
228 214 48982
228 215 49046
228 216 49254
228 217 49798
228 218 50022
228 219 50054
228 220 50166
228 221 50582
228 222 50806
228 223 50838
228 224 51206
228 225 51846
228 226 51974
228 227 52102
228 228 52118
228 229 52630
228 230 52758
228 231 52886
228 232 53030
228 233 53638
228 234 53798
228 235 53894
228 236 53942
228 237 54422
228 238 54582
228 239 54678
228 240 54854
228 241 55430
228 242 55622
228 243 55686
228 244 55766
228 245 56214
228 246 56406
228 247 56470
228 248 56678
228 249 57222
228 250 57446
228 251 57478
228 252 57590
228 253 58006
228 254 58230
228 255 58262
229 0 6
229 1 646
229 2 774
229 3 902
229 4 918
229 5 1430
229 6 1558
229 7 1686
229 8 1830
229 9 2438
229 10 2598
229 11 2694
229 12 2742
229 13 3222
229 14 3382
229 15 3478
229 16 3670
229 17 4246
229 18 4438
229 19 4502
229 20 4582
229 21 5030
229 22 5222
229 23 5286
229 24 5494
229 25 6038
229 26 6262
229 27 6294
229 28 6406
229 29 6822
229 30 7046
229 31 7078
229 32 7462
229 33 8102
229 34 8230
229 35 8358
229 36 8374
229 37 8886
229 38 9014
229 39 9142
229 40 9286
229 41 9894
229 42 10054
229 43 10150
229 44 10198
229 45 10678
229 46 10838
229 47 10934
229 48 11126
229 49 11702
229 50 11894
229 51 11958
229 52 12038
229 53 12486
229 54 12678
229 55 12742
229 56 12950
229 57 13494
229 58 13718
229 59 13750
229 60 13862
229 61 14278
229 62 14502
229 63 14534
229 64 14662
229 65 15238
229 66 15430
229 67 15494
229 68 15574
229 69 16022
229 70 16214
229 71 16278
229 72 16486
229 73 17030
229 74 17254
229 75 17286
229 76 17398
229 77 17814
229 78 18038
229 79 18070
229 80 18454
229 81 18838
229 82 18966
229 83 19094
229 84 19238
229 85 19622
229 86 19750
229 87 20006
229 88 20278
229 89 20630
229 90 20790
229 91 20886
229 92 21062
229 93 21414
229 94 21574
229 95 21798
229 96 22118
229 97 22694
229 98 22886
229 99 22950
229 100 23030
229 101 23478
229 102 23670
229 103 23734
229 104 23942
229 105 24486
229 106 24710
229 107 24742
229 108 24854
229 109 25270
229 110 25494
229 111 25526
229 112 25910
229 113 26294
229 114 26422
229 115 26550
229 116 26694
229 117 27078
229 118 27206
229 119 27462
229 120 27734
229 121 28086
229 122 28246
229 123 28342
229 124 28518
229 125 28870
229 126 29030
229 127 29254
229 128 29318
229 129 29830
229 130 29958
229 131 30086
229 132 30102
229 133 30614
229 134 30742
229 135 30870
229 136 31142
229 137 31622
229 138 31782
229 139 31878
229 140 31926
229 141 32406
229 142 32566
229 143 32662
229 144 32982
229 145 33430
229 146 33622
229 147 33686
229 148 33766
229 149 34214
229 150 34406
229 151 34470
229 152 34806
229 153 35222
229 154 35446
229 155 35478
229 156 35590
229 157 36006
229 158 36230
229 159 36262
229 160 36646
229 161 37286
229 162 37414
229 163 37542
229 164 37558
229 165 38070
229 166 38198
229 167 38326
229 168 38470
229 169 39078
229 170 39238
229 171 39334
229 172 39382
229 173 39862
229 174 40022
229 175 40118
229 176 40310
229 177 40886
229 178 41078
229 179 41142
229 180 41222
229 181 41670
229 182 41862
229 183 41926
229 184 42134
229 185 42678
229 186 42902
229 187 42934
229 188 43046
229 189 43462
229 190 43686
229 191 43718
229 192 43974
229 193 44422
229 194 44614
229 195 44678
229 196 44758
229 197 45206
229 198 45398
229 199 45462
229 200 45798
229 201 46214
229 202 46438
229 203 46470
229 204 46582
229 205 46998
229 206 47222
229 207 47254
229 208 47638
229 209 48150
229 210 48278
229 211 48406
229 212 48422
229 213 48934
229 214 49062
229 215 49190
229 216 49462
229 217 49942
229 218 50102
229 219 50198
229 220 50246
229 221 50726
229 222 50886
229 223 50982
229 224 51302
229 225 51878
229 226 52070
229 227 52134
229 228 52214
229 229 52662
229 230 52854
229 231 52918
229 232 53126
229 233 53670
229 234 53894
229 235 53926
229 236 54038
229 237 54454
229 238 54678
229 239 54710
229 240 55094
229 241 55478
229 242 55606
229 243 55734
229 244 55878
229 245 56262
229 246 56390
229 247 56646
229 248 56918
229 249 57270
229 250 57430
229 251 57526
229 252 57702
229 253 58054
229 254 58214
229 255 58438
230 0 6
230 1 646
230 2 774
230 3 902
230 4 918
230 5 1430
230 6 1558
230 7 1686
230 8 1846
230 9 2454
230 10 2614
230 11 2710
230 12 2742
230 13 3222
230 14 3382
230 15 3478
230 16 3686
230 17 4262
230 18 4454
230 19 4518
230 20 4598
230 21 5046
230 22 5238
230 23 5302
230 24 5526
230 25 6070
230 26 6294
230 27 6326
230 28 6422
230 29 6838
230 30 7062
230 31 7094
230 32 7494
230 33 8070
230 34 8262
230 35 8326
230 36 8406
230 37 8854
230 38 9046
230 39 9110
230 40 9334
230 41 9878
230 42 10102
230 43 10134
230 44 10230
230 45 10646
230 46 10870
230 47 10902
230 48 11302
230 49 11686
230 50 11814
230 51 11942
230 52 12086
230 53 12470
230 54 12598
230 55 12854
230 56 13142
230 57 13494
230 58 13654
230 59 13750
230 60 13910
230 61 14262
230 62 14422
230 63 14646
230 64 14726
230 65 15238
230 66 15366
230 67 15494
230 68 15510
230 69 16022
230 70 16150
230 71 16278
230 72 16566
230 73 17046
230 74 17206
230 75 17302
230 76 17334
230 77 17814
230 78 17974
230 79 18070
230 80 18406
230 81 18854
230 82 19046
230 83 19110
230 84 19190
230 85 19638
230 86 19830
230 87 19894
230 88 20246
230 89 20662
230 90 20886
230 91 20918
230 92 21014
230 93 21430
230 94 21654
230 95 21686
230 96 22086
230 97 22662
230 98 22854
230 99 22918
230 100 22998
230 101 23446
230 102 23638
230 103 23702
230 104 23926
230 105 24470
230 106 24694
230 107 24726
230 108 24822
230 109 25238
230 110 25462
230 111 25494
230 112 25894
230 113 26278
230 114 26406
230 115 26534
230 116 26678
230 117 27062
230 118 27190
230 119 27446
230 120 27734
230 121 28086
230 122 28246
230 123 28342
230 124 28502
230 125 28854
230 126 29014
230 127 29238
230 128 29446
230 129 30086
230 130 30214
230 131 30342
230 132 30358
230 133 30870
230 134 30998
230 135 31126
230 136 31286
230 137 31894
230 138 32054
230 139 32150
230 140 32182
230 141 32662
230 142 32822
230 143 32918
230 144 33126
230 145 33702
230 146 33894
230 147 33958
230 148 34038
230 149 34486
230 150 34678
230 151 34742
230 152 34966
230 153 35510
230 154 35734
230 155 35766
230 156 35862
230 157 36278
230 158 36502
230 159 36534
230 160 36934
230 161 37510
230 162 37702
230 163 37766
230 164 37846
230 165 38294
230 166 38486
230 167 38550
230 168 38774
230 169 39318
230 170 39542
230 171 39574
230 172 39670
230 173 40086
230 174 40310
230 175 40342
230 176 40742
230 177 41126
230 178 41254
230 179 41382
230 180 41526
230 181 41910
230 182 42038
230 183 42294
230 184 42582
230 185 42934
230 186 43094
230 187 43190
230 188 43350
230 189 43702
230 190 43862
230 191 44086
230 192 44166
230 193 44678
230 194 44806
230 195 44934
230 196 44950
230 197 45462
230 198 45590
230 199 45718
230 200 46006
230 201 46486
230 202 46646
230 203 46742
230 204 46774
230 205 47254
230 206 47414
230 207 47510
230 208 47846
230 209 48294
230 210 48486
230 211 48550
230 212 48630
230 213 49078
230 214 49270
230 215 49334
230 216 49686
230 217 50102
230 218 50326
230 219 50358
230 220 50454
230 221 50870
230 222 51094
230 223 51126
230 224 51526
230 225 52102
230 226 52294
230 227 52358
230 228 52438
230 229 52886
230 230 53078
230 231 53142
230 232 53366
230 233 53910
230 234 54134
230 235 54166
230 236 54262
230 237 54678
230 238 54902
230 239 54934
230 240 55334
230 241 55718
230 242 55846
230 243 55974
230 244 56118
230 245 56502
230 246 56630
230 247 56886
230 248 57174
230 249 57526
230 250 57686
230 251 57782
230 252 57942
230 253 58294
230 254 58454
230 255 58678
231 0 6
231 1 646
231 2 774
231 3 902
231 4 918
231 5 1430
231 6 1558
231 7 1686
231 8 1846
231 9 2454
231 10 2614
231 11 2710
231 12 2742
231 13 3222
231 14 3382
231 15 3478
231 16 3702
231 17 4278
231 18 4470
231 19 4534
231 20 4614
231 21 5062
231 22 5254
231 23 5318
231 24 5542
231 25 6086
231 26 6310
231 27 6342
231 28 6438
231 29 6854
231 30 7078
231 31 7110
231 32 7526
231 33 8102
231 34 8294
231 35 8358
231 36 8438
231 37 8886
231 38 9078
231 39 9142
231 40 9366
231 41 9910
231 42 10134
231 43 10166
231 44 10262
231 45 10678
231 46 10902
231 47 10934
231 48 11414
231 49 11670
231 50 11926
231 51 11926
231 52 12198
231 53 12454
231 54 12710
231 55 12838
231 56 13254
231 57 13478
231 58 13766
231 59 13734
231 60 14022
231 61 14246
231 62 14534
231 63 14630
231 64 14790
231 65 15238
231 66 15430
231 67 15494
231 68 15574
231 69 16022
231 70 16214
231 71 16278
231 72 16630
231 73 17046
231 74 17270
231 75 17302
231 76 17398
231 77 17814
231 78 18038
231 79 18070
231 80 18486
231 81 18998
231 82 19126
231 83 19254
231 84 19270
231 85 19782
231 86 19910
231 87 20038
231 88 20326
231 89 20806
231 90 20966
231 91 21062
231 92 21094
231 93 21574
231 94 21734
231 95 21830
231 96 22310
231 97 22694
231 98 22822
231 99 22950
231 100 23094
231 101 23478
231 102 23606
231 103 23862
231 104 24150
231 105 24502
231 106 24662
231 107 24758
231 108 24918
231 109 25270
231 110 25430
231 111 25654
231 112 26006
231 113 26326
231 114 26518
231 115 26582
231 116 26790
231 117 27110
231 118 27302
231 119 27494
231 120 27846
231 121 28134
231 122 28358
231 123 28390
231 124 28614
231 125 28902
231 126 29126
231 127 29286
231 128 29574
231 129 30086
231 130 30214
231 131 30342
231 132 30358
231 133 30870
231 134 30998
231 135 31126
231 136 31414
231 137 31894
231 138 32054
231 139 32150
231 140 32182
231 141 32662
231 142 32822
231 143 32918
231 144 33270
231 145 33718
231 146 33910
231 147 33974
231 148 34054
231 149 34502
231 150 34694
231 151 34758
231 152 35110
231 153 35526
231 154 35750
231 155 35782
231 156 35878
231 157 36294
231 158 36518
231 159 36550
231 160 36966
231 161 37542
231 162 37734
231 163 37798
231 164 37878
231 165 38326
231 166 38518
231 167 38582
231 168 38806
231 169 39350
231 170 39574
231 171 39606
231 172 39702
231 173 40118
231 174 40342
231 175 40374
231 176 40854
231 177 41110
231 178 41366
231 179 41366
231 180 41638
231 181 41894
231 182 42150
231 183 42278
231 184 42694
231 185 42918
231 186 43206
231 187 43174
231 188 43462
231 189 43686
231 190 43974
231 191 44070
231 192 44230
231 193 44678
231 194 44870
231 195 44934
231 196 45014
231 197 45462
231 198 45654
231 199 45718
231 200 46070
231 201 46486
231 202 46710
231 203 46742
231 204 46838
231 205 47254
231 206 47478
231 207 47510
231 208 47926
231 209 48438
231 210 48566
231 211 48694
231 212 48710
231 213 49222
231 214 49350
231 215 49478
231 216 49766
231 217 50246
231 218 50406
231 219 50502
231 220 50534
231 221 51014
231 222 51174
231 223 51270
231 224 51750
231 225 52134
231 226 52262
231 227 52390
231 228 52534
231 229 52918
231 230 53046
231 231 53302
231 232 53590
231 233 53942
231 234 54102
231 235 54198
231 236 54358
231 237 54710
231 238 54870
231 239 55094
231 240 55446
231 241 55766
231 242 55958
231 243 56022
231 244 56230
231 245 56550
231 246 56742
231 247 56934
231 248 57286
231 249 57574
231 250 57798
231 251 57830
231 252 58054
231 253 58342
231 254 58566
231 255 58726
232 0 6
232 1 646
232 2 806
232 3 934
232 4 934
232 5 1414
232 6 1606
232 7 1702
232 8 1862
232 9 2438
232 10 2598
232 11 2726
232 12 2790
232 13 3206
232 14 3398
232 15 3494
232 16 3846
232 17 4486
232 18 4646
232 19 4774
232 20 4774
232 21 5254
232 22 5446
232 23 5542
232 24 5702
232 25 6278
232 26 6438
232 27 6566
232 28 6630
232 29 7046
232 30 7238
232 31 7334
232 32 7430
232 33 8070
232 34 8230
232 35 8358
232 36 8358
232 37 8838
232 38 9030
232 39 9126
232 40 9286
232 41 9862
232 42 10022
232 43 10150
232 44 10214
232 45 10630
232 46 10822
232 47 10918
232 48 11270
232 49 11910
232 50 12070
232 51 12198
232 52 12198
232 53 12678
232 54 12870
232 55 12966
232 56 13126
232 57 13702
232 58 13862
232 59 13990
232 60 14054
232 61 14470
232 62 14662
232 63 14758
232 64 14854
232 65 15494
232 66 15654
232 67 15782
232 68 15782
232 69 16262
232 70 16454
232 71 16550
232 72 16710
232 73 17286
232 74 17446
232 75 17574
232 76 17638
232 77 18054
232 78 18246
232 79 18342
232 80 18694
232 81 19334
232 82 19494
232 83 19622
232 84 19622
232 85 20102
232 86 20294
232 87 20390
232 88 20550
232 89 21126
232 90 21286
232 91 21414
232 92 21478
232 93 21894
232 94 22086
232 95 22182
232 96 22278
232 97 22918
232 98 23078
232 99 23206
232 100 23206
232 101 23686
232 102 23878
232 103 23974
232 104 24134
232 105 24710
232 106 24870
232 107 24998
232 108 25062
232 109 25478
232 110 25670
232 111 25766
232 112 26118
232 113 26758
232 114 26918
232 115 27046
232 116 27046
232 117 27526
232 118 27718
232 119 27814
232 120 27974
232 121 28550
232 122 28710
232 123 28838
232 124 28902
232 125 29318
232 126 29510
232 127 29606
232 128 29702
232 129 30342
232 130 30502
232 131 30630
232 132 30630
232 133 31110
232 134 31302
232 135 31398
232 136 31558
232 137 32134
232 138 32294
232 139 32422
232 140 32486
232 141 32902
232 142 33094
232 143 33190
232 144 33542
232 145 34182
232 146 34342
232 147 34470
232 148 34470
232 149 34950
232 150 35142
232 151 35238
232 152 35398
232 153 35974
232 154 36134
232 155 36262
232 156 36326
232 157 36742
232 158 36934
232 159 37030
232 160 37126
232 161 37766
232 162 37926
232 163 38054
232 164 38054
232 165 38534
232 166 38726
232 167 38822
232 168 38982
232 169 39558
232 170 39718
232 171 39846
232 172 39910
232 173 40326
232 174 40518
232 175 40614
232 176 40966
232 177 41606
232 178 41766
232 179 41894
232 180 41894
232 181 42374
232 182 42566
232 183 42662
232 184 42822
232 185 43398
232 186 43558
232 187 43686
232 188 43750
232 189 44166
232 190 44358
232 191 44454
232 192 44550
232 193 45190
232 194 45350
232 195 45478
232 196 45478
232 197 45958
232 198 46150
232 199 46246
232 200 46406
232 201 46982
232 202 47142
232 203 47270
232 204 47334
232 205 47750
232 206 47942
232 207 48038
232 208 48390
232 209 49030
232 210 49190
232 211 49318
232 212 49318
232 213 49798
232 214 49990
232 215 50086
232 216 50246
232 217 50822
232 218 50982
232 219 51110
232 220 51174
232 221 51590
232 222 51782
232 223 51878
232 224 51974
232 225 52614
232 226 52774
232 227 52902
232 228 52902
232 229 53382
232 230 53574
232 231 53670
232 232 53830
232 233 54406
232 234 54566
232 235 54694
232 236 54758
232 237 55174
232 238 55366
232 239 55462
232 240 55814
232 241 56454
232 242 56614
232 243 56742
232 244 56742
232 245 57222
232 246 57414
232 247 57510
232 248 57670
232 249 58246
232 250 58406
232 251 58534
232 252 58598
232 253 59014
232 254 59206
232 255 59302
233 0 6
233 1 646
233 2 806
233 3 934
233 4 934
233 5 1414
233 6 1606
233 7 1702
233 8 1862
233 9 2438
233 10 2598
233 11 2726
233 12 2790
233 13 3206
233 14 3398
233 15 3494
233 16 3862
233 17 4502
233 18 4662
233 19 4790
233 20 4790
233 21 5270
233 22 5462
233 23 5558
233 24 5718
233 25 6294
233 26 6454
233 27 6582
233 28 6646
233 29 7062
233 30 7254
233 31 7350
233 32 7462
233 33 8102
233 34 8262
233 35 8390
233 36 8390
233 37 8870
233 38 9062
233 39 9158
233 40 9318
233 41 9894
233 42 10054
233 43 10182
233 44 10246
233 45 10662
233 46 10854
233 47 10950
233 48 11318
233 49 11958
233 50 12118
233 51 12246
233 52 12246
233 53 12726
233 54 12918
233 55 13014
233 56 13174
233 57 13750
233 58 13910
233 59 14038
233 60 14102
233 61 14518
233 62 14710
233 63 14806
233 64 14918
233 65 15494
233 66 15718
233 67 15782
233 68 15846
233 69 16262
233 70 16518
233 71 16550
233 72 16710
233 73 17286
233 74 17510
233 75 17574
233 76 17638
233 77 18054
233 78 18310
233 79 18342
233 80 18774
233 81 19350
233 82 19574
233 83 19638
233 84 19702
233 85 20118
233 86 20374
233 87 20406
233 88 20566
233 89 21142
233 90 21366
233 91 21430
233 92 21494
233 93 21910
233 94 22166
233 95 22198
233 96 22374
233 97 22950
233 98 23174
233 99 23238
233 100 23302
233 101 23718
233 102 23974
233 103 24006
233 104 24166
233 105 24742
233 106 24966
233 107 25030
233 108 25094
233 109 25510
233 110 25766
233 111 25798
233 112 26230
233 113 26806
233 114 27030
233 115 27094
233 116 27158
233 117 27574
233 118 27830
233 119 27862
233 120 28022
233 121 28598
233 122 28822
233 123 28886
233 124 28950
233 125 29366
233 126 29622
233 127 29654
233 128 29830
233 129 30342
233 130 30502
233 131 30630
233 132 30630
233 133 31110
233 134 31302
233 135 31398
233 136 31686
233 137 32134
233 138 32294
233 139 32422
233 140 32486
233 141 32902
233 142 33094
233 143 33190
233 144 33558
233 145 34198
233 146 34358
233 147 34486
233 148 34486
233 149 34966
233 150 35158
233 151 35254
233 152 35414
233 153 35990
233 154 36150
233 155 36278
233 156 36342
233 157 36758
233 158 36950
233 159 37046
233 160 37286
233 161 37798
233 162 37958
233 163 38086
233 164 38086
233 165 38566
233 166 38758
233 167 38854
233 168 39142
233 169 39590
233 170 39750
233 171 39878
233 172 39942
233 173 40358
233 174 40550
233 175 40646
233 176 41014
233 177 41654
233 178 41814
233 179 41942
233 180 41942
233 181 42422
233 182 42614
233 183 42710
233 184 42870
233 185 43446
233 186 43606
233 187 43734
233 188 43798
233 189 44214
233 190 44406
233 191 44502
233 192 44742
233 193 45190
233 194 45414
233 195 45478
233 196 45542
233 197 45958
233 198 46214
233 199 46246
233 200 46534
233 201 46982
233 202 47206
233 203 47270
233 204 47334
233 205 47750
233 206 48006
233 207 48038
233 208 48470
233 209 49046
233 210 49270
233 211 49334
233 212 49398
233 213 49814
233 214 50070
233 215 50102
233 216 50262
233 217 50838
233 218 51062
233 219 51126
233 220 51190
233 221 51606
233 222 51862
233 223 51894
233 224 52198
233 225 52646
233 226 52870
233 227 52934
233 228 52998
233 229 53414
233 230 53670
233 231 53702
233 232 53990
233 233 54438
233 234 54662
233 235 54726
233 236 54790
233 237 55206
233 238 55462
233 239 55494
233 240 55926
233 241 56502
233 242 56726
233 243 56790
233 244 56854
233 245 57270
233 246 57526
233 247 57558
233 248 57718
233 249 58294
233 250 58518
233 251 58582
233 252 58646
233 253 59062
233 254 59318
233 255 59350
234 0 6
234 1 646
234 2 806
234 3 934
234 4 934
234 5 1414
234 6 1606
234 7 1702
234 8 1878
234 9 2454
234 10 2598
234 11 2726
234 12 2806
234 13 3222
234 14 3398
234 15 3494
234 16 3878
234 17 4518
234 18 4678
234 19 4806
234 20 4806
234 21 5286
234 22 5478
234 23 5574
234 24 5750
234 25 6326
234 26 6470
234 27 6598
234 28 6678
234 29 7094
234 30 7270
234 31 7366
234 32 7494
234 33 8070
234 34 8294
234 35 8358
234 36 8422
234 37 8838
234 38 9094
234 39 9126
234 40 9302
234 41 9878
234 42 10086
234 43 10150
234 44 10230
234 45 10646
234 46 10886
234 47 10918
234 48 11366
234 49 11942
234 50 12166
234 51 12230
234 52 12294
234 53 12710
234 54 12966
234 55 12998
234 56 13174
234 57 13750
234 58 13958
234 59 14022
234 60 14102
234 61 14518
234 62 14758
234 63 14790
234 64 14982
234 65 15494
234 66 15654
234 67 15782
234 68 15782
234 69 16262
234 70 16454
234 71 16550
234 72 16854
234 73 17302
234 74 17446
234 75 17574
234 76 17654
234 77 18070
234 78 18246
234 79 18342
234 80 18726
234 81 19366
234 82 19526
234 83 19654
234 84 19654
234 85 20134
234 86 20326
234 87 20422
234 88 20598
234 89 21174
234 90 21318
234 91 21446
234 92 21526
234 93 21942
234 94 22118
234 95 22214
234 96 22470
234 97 22918
234 98 23142
234 99 23206
234 100 23270
234 101 23686
234 102 23942
234 103 23974
234 104 24278
234 105 24726
234 106 24934
234 107 24998
234 108 25078
234 109 25494
234 110 25734
234 111 25766
234 112 26214
234 113 26790
234 114 27014
234 115 27078
234 116 27142
234 117 27558
234 118 27814
234 119 27846
234 120 28022
234 121 28598
234 122 28806
234 123 28870
234 124 28950
234 125 29366
234 126 29606
234 127 29638
234 128 29958
234 129 30598
234 130 30758
234 131 30886
234 132 30886
234 133 31366
234 134 31558
234 135 31654
234 136 31830
234 137 32406
234 138 32550
234 139 32678
234 140 32758
234 141 33174
234 142 33350
234 143 33446
234 144 33830
234 145 34470
234 146 34630
234 147 34758
234 148 34758
234 149 35238
234 150 35430
234 151 35526
234 152 35702
234 153 36278
234 154 36422
234 155 36550
234 156 36630
234 157 37046
234 158 37222
234 159 37318
234 160 37446
234 161 38022
234 162 38246
234 163 38310
234 164 38374
234 165 38790
234 166 39046
234 167 39078
234 168 39254
234 169 39830
234 170 40038
234 171 40102
234 172 40182
234 173 40598
234 174 40838
234 175 40870
234 176 41318
234 177 41894
234 178 42118
234 179 42182
234 180 42246
234 181 42662
234 182 42918
234 183 42950
234 184 43126
234 185 43702
234 186 43910
234 187 43974
234 188 44054
234 189 44470
234 190 44710
234 191 44742
234 192 44934
234 193 45446
234 194 45606
234 195 45734
234 196 45734
234 197 46214
234 198 46406
234 199 46502
234 200 46806
234 201 47254
234 202 47398
234 203 47526
234 204 47606
234 205 48022
234 206 48198
234 207 48294
234 208 48678
234 209 49318
234 210 49478
234 211 49606
234 212 49606
234 213 50086
234 214 50278
234 215 50374
234 216 50550
234 217 51126
234 218 51270
234 219 51398
234 220 51478
234 221 51894
234 222 52070
234 223 52166
234 224 52422
234 225 52870
234 226 53094
234 227 53158
234 228 53222
234 229 53638
234 230 53894
234 231 53926
234 232 54230
234 233 54678
234 234 54886
234 235 54950
234 236 55030
234 237 55446
234 238 55686
234 239 55718
234 240 56166
234 241 56742
234 242 56966
234 243 57030
234 244 57094
234 245 57510
234 246 57766
234 247 57798
234 248 57974
234 249 58550
234 250 58758
234 251 58822
234 252 58902
234 253 59318
234 254 59558
234 255 59590
235 0 6
235 1 646
235 2 806
235 3 934
235 4 934
235 5 1414
235 6 1606
235 7 1702
235 8 1878
235 9 2454
235 10 2598
235 11 2726
235 12 2806
235 13 3222
235 14 3398
235 15 3494
235 16 3894
235 17 4534
235 18 4694
235 19 4822
235 20 4822
235 21 5302
235 22 5494
235 23 5590
235 24 5766
235 25 6342
235 26 6486
235 27 6614
235 28 6694
235 29 7110
235 30 7286
235 31 7382
235 32 7526
235 33 8102
235 34 8326
235 35 8390
235 36 8454
235 37 8870
235 38 9126
235 39 9158
235 40 9334
235 41 9910
235 42 10118
235 43 10182
235 44 10262
235 45 10678
235 46 10918
235 47 10950
235 48 11414
235 49 11990
235 50 12214
235 51 12278
235 52 12342
235 53 12758
235 54 13014
235 55 13046
235 56 13222
235 57 13798
235 58 14006
235 59 14070
235 60 14150
235 61 14566
235 62 14806
235 63 14838
235 64 15046
235 65 15494
235 66 15718
235 67 15782
235 68 15846
235 69 16262
235 70 16518
235 71 16550
235 72 16854
235 73 17302
235 74 17510
235 75 17574
235 76 17654
235 77 18070
235 78 18310
235 79 18342
235 80 18806
235 81 19382
235 82 19606
235 83 19670
235 84 19734
235 85 20150
235 86 20406
235 87 20438
235 88 20614
235 89 21190
235 90 21398
235 91 21462
235 92 21542
235 93 21958
235 94 22198
235 95 22230
235 96 22566
235 97 23078
235 98 23238
235 99 23366
235 100 23366
235 101 23846
235 102 24038
235 103 24134
235 104 24438
235 105 24886
235 106 25030
235 107 25158
235 108 25238
235 109 25654
235 110 25830
235 111 25926
235 112 26518
235 113 26774
235 114 27062
235 115 27062
235 116 27318
235 117 27542
235 118 27862
235 119 27958
235 120 28326
235 121 28582
235 122 28854
235 123 28918
235 124 29126
235 125 29350
235 126 29654
235 127 29814
235 128 30086
235 129 30598
235 130 30758
235 131 30886
235 132 30886
235 133 31366
235 134 31558
235 135 31654
235 136 31958
235 137 32406
235 138 32550
235 139 32678
235 140 32758
235 141 33174
235 142 33350
235 143 33446
235 144 33846
235 145 34486
235 146 34646
235 147 34774
235 148 34774
235 149 35254
235 150 35446
235 151 35542
235 152 35718
235 153 36294
235 154 36438
235 155 36566
235 156 36646
235 157 37062
235 158 37238
235 159 37334
235 160 37606
235 161 38054
235 162 38278
235 163 38342
235 164 38406
235 165 38822
235 166 39078
235 167 39110
235 168 39414
235 169 39862
235 170 40070
235 171 40134
235 172 40214
235 173 40630
235 174 40870
235 175 40902
235 176 41366
235 177 41942
235 178 42166
235 179 42230
235 180 42294
235 181 42710
235 182 42966
235 183 42998
235 184 43174
235 185 43750
235 186 43958
235 187 44022
235 188 44102
235 189 44518
235 190 44758
235 191 44790
235 192 44998
235 193 45446
235 194 45670
235 195 45734
235 196 45798
235 197 46214
235 198 46470
235 199 46502
235 200 46806
235 201 47254
235 202 47462
235 203 47526
235 204 47606
235 205 48022
235 206 48262
235 207 48294
235 208 48758
235 209 49334
235 210 49558
235 211 49622
235 212 49686
235 213 50102
235 214 50358
235 215 50390
235 216 50566
235 217 51142
235 218 51350
235 219 51414
235 220 51494
235 221 51910
235 222 52150
235 223 52182
235 224 52518
235 225 53030
235 226 53190
235 227 53318
235 228 53318
235 229 53798
235 230 53990
235 231 54086
235 232 54390
235 233 54838
235 234 54982
235 235 55110
235 236 55190
235 237 55606
235 238 55782
235 239 55878
235 240 56470
235 241 56726
235 242 57014
235 243 57014
235 244 57270
235 245 57494
235 246 57814
235 247 57910
235 248 58278
235 249 58534
235 250 58806
235 251 58870
235 252 59078
235 253 59302
235 254 59606
235 255 59766
236 0 6
236 1 646
236 2 806
236 3 934
236 4 950
236 5 1430
236 6 1606
236 7 1702
236 8 1894
236 9 2438
236 10 2630
236 11 2726
236 12 2806
236 13 3222
236 14 3398
236 15 3494
236 16 3910
236 17 4486
236 18 4710
236 19 4774
236 20 4854
236 21 5270
236 22 5510
236 23 5542
236 24 5734
236 25 6278
236 26 6534
236 27 6566
236 28 6646
236 29 7062
236 30 7302
236 31 7334
236 32 7686
236 33 8326
236 34 8486
236 35 8614
236 36 8630
236 37 9110
236 38 9286
236 39 9382
236 40 9574
236 41 10118
236 42 10310
236 43 10406
236 44 10486
236 45 10902
236 46 11078
236 47 11174
236 48 11334
236 49 11910
236 50 12134
236 51 12198
236 52 12278
236 53 12694
236 54 12934
236 55 12966
236 56 13158
236 57 13702
236 58 13958
236 59 13990
236 60 14070
236 61 14486
236 62 14726
236 63 14758
236 64 15110
236 65 15750
236 66 15910
236 67 16038
236 68 16054
236 69 16534
236 70 16710
236 71 16806
236 72 16998
236 73 17542
236 74 17734
236 75 17830
236 76 17910
236 77 18326
236 78 18502
236 79 18598
236 80 19014
236 81 19590
236 82 19814
236 83 19878
236 84 19958
236 85 20374
236 86 20614
236 87 20646
236 88 20838
236 89 21382
236 90 21638
236 91 21670
236 92 21750
236 93 22166
236 94 22406
236 95 22438
236 96 22790
236 97 23430
236 98 23590
236 99 23718
236 100 23734
236 101 24214
236 102 24390
236 103 24486
236 104 24678
236 105 25222
236 106 25414
236 107 25510
236 108 25590
236 109 26006
236 110 26182
236 111 26278
236 112 26438
236 113 27014
236 114 27238
236 115 27302
236 116 27382
236 117 27798
236 118 28038
236 119 28070
236 120 28262
236 121 28806
236 122 29062
236 123 29094
236 124 29174
236 125 29590
236 126 29830
236 127 29862
236 128 30214
236 129 30854
236 130 31014
236 131 31142
236 132 31158
236 133 31638
236 134 31814
236 135 31910
236 136 32102
236 137 32646
236 138 32838
236 139 32934
236 140 33014
236 141 33430
236 142 33606
236 143 33702
236 144 34118
236 145 34694
236 146 34918
236 147 34982
236 148 35062
236 149 35478
236 150 35718
236 151 35750
236 152 35942
236 153 36486
236 154 36742
236 155 36774
236 156 36854
236 157 37270
236 158 37510
236 159 37542
236 160 37894
236 161 38534
236 162 38694
236 163 38822
236 164 38838
236 165 39318
236 166 39494
236 167 39590
236 168 39782
236 169 40326
236 170 40518
236 171 40614
236 172 40694
236 173 41110
236 174 41286
236 175 41382
236 176 41542
236 177 42118
236 178 42342
236 179 42406
236 180 42486
236 181 42902
236 182 43142
236 183 43174
236 184 43366
236 185 43910
236 186 44166
236 187 44198
236 188 44278
236 189 44694
236 190 44934
236 191 44966
236 192 45318
236 193 45958
236 194 46118
236 195 46246
236 196 46262
236 197 46742
236 198 46918
236 199 47014
236 200 47206
236 201 47750
236 202 47942
236 203 48038
236 204 48118
236 205 48534
236 206 48710
236 207 48806
236 208 49222
236 209 49798
236 210 50022
236 211 50086
236 212 50166
236 213 50582
236 214 50822
236 215 50854
236 216 51046
236 217 51590
236 218 51846
236 219 51878
236 220 51958
236 221 52374
236 222 52614
236 223 52646
236 224 52998
236 225 53638
236 226 53798
236 227 53926
236 228 53942
236 229 54422
236 230 54598
236 231 54694
236 232 54886
236 233 55430
236 234 55622
236 235 55718
236 236 55798
236 237 56214
236 238 56390
236 239 56486
236 240 56646
236 241 57222
236 242 57446
236 243 57510
236 244 57590
236 245 58006
236 246 58246
236 247 58278
236 248 58470
236 249 59014
236 250 59270
236 251 59302
236 252 59382
236 253 59798
236 254 60038
236 255 60070
237 0 6
237 1 646
237 2 806
237 3 934
237 4 950
237 5 1430
237 6 1606
237 7 1702
237 8 1894
237 9 2438
237 10 2630
237 11 2726
237 12 2806
237 13 3222
237 14 3398
237 15 3494
237 16 3926
237 17 4502
237 18 4726
237 19 4790
237 20 4870
237 21 5286
237 22 5526
237 23 5558
237 24 5750
237 25 6294
237 26 6550
237 27 6582
237 28 6662
237 29 7078
237 30 7318
237 31 7350
237 32 7718
237 33 8358
237 34 8518
237 35 8646
237 36 8662
237 37 9142
237 38 9318
237 39 9414
237 40 9606
237 41 10150
237 42 10342
237 43 10438
237 44 10518
237 45 10934
237 46 11110
237 47 11206
237 48 11382
237 49 11958
237 50 12182
237 51 12246
237 52 12326
237 53 12742
237 54 12982
237 55 13014
237 56 13206
237 57 13750
237 58 14006
237 59 14038
237 60 14118
237 61 14534
237 62 14774
237 63 14806
237 64 15174
237 65 15750
237 66 15974
237 67 16038
237 68 16118
237 69 16534
237 70 16774
237 71 16806
237 72 16998
237 73 17542
237 74 17798
237 75 17830
237 76 17910
237 77 18326
237 78 18566
237 79 18598
237 80 19222
237 81 19606
237 82 19766
237 83 19894
237 84 20038
237 85 20390
237 86 20566
237 87 20790
237 88 21110
237 89 21398
237 90 21590
237 91 21686
237 92 21894
237 93 22182
237 94 22358
237 95 22582
237 96 22886
237 97 23462
237 98 23686
237 99 23750
237 100 23830
237 101 24246
237 102 24486
237 103 24518
237 104 24710
237 105 25254
237 106 25510
237 107 25542
237 108 25622
237 109 26038
237 110 26278
237 111 26310
237 112 26678
237 113 27062
237 114 27222
237 115 27350
237 116 27494
237 117 27846
237 118 28022
237 119 28246
237 120 28566
237 121 28854
237 122 29046
237 123 29142
237 124 29350
237 125 29638
237 126 29814
237 127 30038
237 128 30342
237 129 30854
237 130 31014
237 131 31142
237 132 31158
237 133 31638
237 134 31814
237 135 31910
237 136 32230
237 137 32646
237 138 32838
237 139 32934
237 140 33014
237 141 33430
237 142 33606
237 143 33702
237 144 34134
237 145 34710
237 146 34934
237 147 34998
237 148 35078
237 149 35494
237 150 35734
237 151 35766
237 152 35958
237 153 36502
237 154 36758
237 155 36790
237 156 36870
237 157 37286
237 158 37526
237 159 37558
237 160 37926
237 161 38566
237 162 38726
237 163 38854
237 164 38870
237 165 39350
237 166 39526
237 167 39622
237 168 39814
237 169 40358
237 170 40550
237 171 40646
237 172 40726
237 173 41142
237 174 41318
237 175 41414
237 176 41718
237 177 42166
237 178 42390
237 179 42454
237 180 42534
237 181 42950
237 182 43190
237 183 43222
237 184 43542
237 185 43958
237 186 44214
237 187 44246
237 188 44326
237 189 44742
237 190 44982
237 191 45014
237 192 45510
237 193 45958
237 194 46182
237 195 46246
237 196 46326
237 197 46742
237 198 46982
237 199 47014
237 200 47334
237 201 47750
237 202 48006
237 203 48038
237 204 48118
237 205 48534
237 206 48774
237 207 48806
237 208 49430
237 209 49814
237 210 49974
237 211 50102
237 212 50246
237 213 50598
237 214 50774
237 215 50998
237 216 51318
237 217 51606
237 218 51798
237 219 51894
237 220 52102
237 221 52390
237 222 52566
237 223 52790
237 224 53094
237 225 53670
237 226 53894
237 227 53958
237 228 54038
237 229 54454
237 230 54694
237 231 54726
237 232 54918
237 233 55462
237 234 55718
237 235 55750
237 236 55830
237 237 56246
237 238 56486
237 239 56518
237 240 56886
237 241 57398
237 242 57558
237 243 57686
237 244 57702
237 245 58182
237 246 58358
237 247 58454
237 248 58774
237 249 59190
237 250 59382
237 251 59478
237 252 59558
237 253 59974
237 254 60150
237 255 60246
238 0 6
238 1 646
238 2 806
238 3 934
238 4 950
238 5 1430
238 6 1606
238 7 1702
238 8 1910
238 9 2454
238 10 2630
238 11 2726
238 12 2806
238 13 3222
238 14 3398
238 15 3494
238 16 3942
238 17 4518
238 18 4742
238 19 4806
238 20 4886
238 21 5302
238 22 5542
238 23 5574
238 24 5782
238 25 6326
238 26 6566
238 27 6598
238 28 6678
238 29 7094
238 30 7334
238 31 7366
238 32 7750
238 33 8326
238 34 8550
238 35 8614
238 36 8694
238 37 9110
238 38 9350
238 39 9382
238 40 9590
238 41 10134
238 42 10374
238 43 10406
238 44 10486
238 45 10902
238 46 11142
238 47 11174
238 48 11558
238 49 11942
238 50 12102
238 51 12230
238 52 12374
238 53 12726
238 54 12902
238 55 13126
238 56 13462
238 57 13750
238 58 13926
238 59 14022
238 60 14230
238 61 14518
238 62 14694
238 63 14918
238 64 15238
238 65 15750
238 66 15910
238 67 16038
238 68 16054
238 69 16534
238 70 16710
238 71 16806
238 72 17142
238 73 17558
238 74 17734
238 75 17830
238 76 17910
238 77 18326
238 78 18502
238 79 18598
238 80 19046
238 81 19622
238 82 19846
238 83 19910
238 84 19990
238 85 20406
238 86 20646
238 87 20678
238 88 20886
238 89 21430
238 90 21670
238 91 21702
238 92 21782
238 93 22198
238 94 22438
238 95 22470
238 96 22854
238 97 23430
238 98 23654
238 99 23718
238 100 23798
238 101 24214
238 102 24454
238 103 24486
238 104 24694
238 105 25238
238 106 25478
238 107 25510
238 108 25590
238 109 26006
238 110 26246
238 111 26278
238 112 26662
238 113 27174
238 114 27334
238 115 27462
238 116 27478
238 117 27958
238 118 28134
238 119 28230
238 120 28566
238 121 28982
238 122 29158
238 123 29254
238 124 29334
238 125 29750
238 126 29926
238 127 30022
238 128 30470
238 129 31110
238 130 31270
238 131 31398
238 132 31414
238 133 31894
238 134 32070
238 135 32166
238 136 32374
238 137 32918
238 138 33094
238 139 33190
238 140 33270
238 141 33686
238 142 33862
238 143 33958
238 144 34406
238 145 34982
238 146 35206
238 147 35270
238 148 35350
238 149 35766
238 150 36006
238 151 36038
238 152 36246
238 153 36790
238 154 37030
238 155 37062
238 156 37142
238 157 37558
238 158 37798
238 159 37830
238 160 38214
238 161 38790
238 162 39014
238 163 39078
238 164 39158
238 165 39574
238 166 39814
238 167 39846
238 168 40054
238 169 40598
238 170 40838
238 171 40870
238 172 40950
238 173 41366
238 174 41606
238 175 41638
238 176 42022
238 177 42406
238 178 42566
238 179 42694
238 180 42838
238 181 43190
238 182 43366
238 183 43590
238 184 43926
238 185 44214
238 186 44390
238 187 44486
238 188 44694
238 189 44982
238 190 45158
238 191 45382
238 192 45702
238 193 46214
238 194 46374
238 195 46502
238 196 46518
238 197 46998
238 198 47174
238 199 47270
238 200 47606
238 201 48022
238 202 48198
238 203 48294
238 204 48374
238 205 48790
238 206 48966
238 207 49062
238 208 49510
238 209 50086
238 210 50310
238 211 50374
238 212 50454
238 213 50870
238 214 51110
238 215 51142
238 216 51350
238 217 51894
238 218 52134
238 219 52166
238 220 52246
238 221 52662
238 222 52902
238 223 52934
238 224 53318
238 225 53894
238 226 54118
238 227 54182
238 228 54262
238 229 54678
238 230 54918
238 231 54950
238 232 55158
238 233 55702
238 234 55942
238 235 55974
238 236 56054
238 237 56470
238 238 56710
238 239 56742
238 240 57126
238 241 57638
238 242 57798
238 243 57926
238 244 57942
238 245 58422
238 246 58598
238 247 58694
238 248 59030
238 249 59446
238 250 59622
238 251 59718
238 252 59798
238 253 60214
238 254 60390
238 255 60486
239 0 6
239 1 646
239 2 806
239 3 934
239 4 950
239 5 1430
239 6 1606
239 7 1702
239 8 1910
239 9 2454
239 10 2630
239 11 2726
239 12 2806
239 13 3222
239 14 3398
239 15 3494
239 16 3958
239 17 4534
239 18 4758
239 19 4822
239 20 4902
239 21 5318
239 22 5558
239 23 5590
239 24 5798
239 25 6342
239 26 6582
239 27 6614
239 28 6694
239 29 7110
239 30 7350
239 31 7382
239 32 7782
239 33 8358
239 34 8582
239 35 8646
239 36 8726
239 37 9142
239 38 9382
239 39 9414
239 40 9622
239 41 10166
239 42 10406
239 43 10438
239 44 10518
239 45 10934
239 46 11174
239 47 11206
239 48 11670
239 49 11926
239 50 12214
239 51 12214
239 52 12486
239 53 12710
239 54 13014
239 55 13110
239 56 13510
239 57 13734
239 58 14038
239 59 14070
239 60 14278
239 61 14502
239 62 14806
239 63 14966
239 64 15302
239 65 15750
239 66 15974
239 67 16038
239 68 16118
239 69 16534
239 70 16774
239 71 16806
239 72 17142
239 73 17558
239 74 17798
239 75 17830
239 76 17910
239 77 18326
239 78 18566
239 79 18598
239 80 19254
239 81 19638
239 82 19798
239 83 19926
239 84 20070
239 85 20422
239 86 20598
239 87 20822
239 88 21158
239 89 21446
239 90 21622
239 91 21718
239 92 21926
239 93 22214
239 94 22390
239 95 22614
239 96 23078
239 97 23462
239 98 23622
239 99 23750
239 100 23894
239 101 24246
239 102 24422
239 103 24646
239 104 24982
239 105 25270
239 106 25446
239 107 25542
239 108 25750
239 109 26038
239 110 26214
239 111 26438
239 112 26774
239 113 27222
239 114 27446
239 115 27510
239 116 27590
239 117 28006
239 118 28246
239 119 28278
239 120 28614
239 121 29030
239 122 29270
239 123 29302
239 124 29382
239 125 29798
239 126 30038
239 127 30070
239 128 30598
239 129 31110
239 130 31270
239 131 31398
239 132 31414
239 133 31894
239 134 32070
239 135 32166
239 136 32502
239 137 32918
239 138 33094
239 139 33190
239 140 33270
239 141 33686
239 142 33862
239 143 33958
239 144 34422
239 145 34998
239 146 35222
239 147 35286
239 148 35366
239 149 35782
239 150 36022
239 151 36054
239 152 36262
239 153 36806
239 154 37046
239 155 37078
239 156 37158
239 157 37574
239 158 37814
239 159 37846
239 160 38246
239 161 38822
239 162 39046
239 163 39110
239 164 39190
239 165 39606
239 166 39846
239 167 39878
239 168 40086
239 169 40630
239 170 40870
239 171 40902
239 172 40982
239 173 41398
239 174 41638
239 175 41670
239 176 42134
239 177 42518
239 178 42806
239 179 42806
239 180 42950
239 181 43302
239 182 43606
239 183 43574
239 184 43974
239 185 44326
239 186 44630
239 187 44662
239 188 44742
239 189 45094
239 190 45398
239 191 45430
239 192 45766
239 193 46214
239 194 46438
239 195 46502
239 196 46582
239 197 46998
239 198 47238
239 199 47270
239 200 47606
239 201 48022
239 202 48262
239 203 48294
239 204 48374
239 205 48790
239 206 49030
239 207 49062
239 208 49718
239 209 50102
239 210 50262
239 211 50390
239 212 50534
239 213 50886
239 214 51062
239 215 51286
239 216 51622
239 217 51910
239 218 52086
239 219 52182
239 220 52390
239 221 52678
239 222 52854
239 223 53078
239 224 53542
239 225 53926
239 226 54086
239 227 54214
239 228 54358
239 229 54710
239 230 54886
239 231 55110
239 232 55446
239 233 55734
239 234 55910
239 235 56006
239 236 56214
239 237 56502
239 238 56678
239 239 56902
239 240 57238
239 241 57686
239 242 57910
239 243 57974
239 244 58054
239 245 58470
239 246 58710
239 247 58742
239 248 59078
239 249 59494
239 250 59734
239 251 59766
239 252 59846
239 253 60262
239 254 60502
239 255 60534
240 0 6
240 1 678
240 2 902
240 3 934
240 4 966
240 5 1446
240 6 1670
240 7 1702
240 8 1926
240 9 2470
240 10 2694
240 11 2726
240 12 2758
240 13 3238
240 14 3462
240 15 3494
240 16 3846
240 17 4518
240 18 4742
240 19 4774
240 20 4806
240 21 5286
240 22 5510
240 23 5542
240 24 5766
240 25 6310
240 26 6534
240 27 6566
240 28 6598
240 29 7078
240 30 7302
240 31 7334
240 32 7686
240 33 8358
240 34 8582
240 35 8614
240 36 8646
240 37 9126
240 38 9350
240 39 9382
240 40 9606
240 41 10150
240 42 10374
240 43 10406
240 44 10438
240 45 10918
240 46 11142
240 47 11174
240 48 11526
240 49 12198
240 50 12422
240 51 12454
240 52 12486
240 53 12966
240 54 13190
240 55 13222
240 56 13446
240 57 13990
240 58 14214
240 59 14246
240 60 14278
240 61 14758
240 62 14982
240 63 15014
240 64 15366
240 65 16038
240 66 16262
240 67 16294
240 68 16326
240 69 16806
240 70 17030
240 71 17062
240 72 17286
240 73 17830
240 74 18054
240 75 18086
240 76 18118
240 77 18598
240 78 18822
240 79 18854
240 80 19206
240 81 19878
240 82 20102
240 83 20134
240 84 20166
240 85 20646
240 86 20870
240 87 20902
240 88 21126
240 89 21670
240 90 21894
240 91 21926
240 92 21958
240 93 22438
240 94 22662
240 95 22694
240 96 23046
240 97 23718
240 98 23942
240 99 23974
240 100 24006
240 101 24486
240 102 24710
240 103 24742
240 104 24966
240 105 25510
240 106 25734
240 107 25766
240 108 25798
240 109 26278
240 110 26502
240 111 26534
240 112 26886
240 113 27558
240 114 27782
240 115 27814
240 116 27846
240 117 28326
240 118 28550
240 119 28582
240 120 28806
240 121 29350
240 122 29574
240 123 29606
240 124 29638
240 125 30118
240 126 30342
240 127 30374
240 128 30726
240 129 31398
240 130 31622
240 131 31654
240 132 31686
240 133 32166
240 134 32390
240 135 32422
240 136 32646
240 137 33190
240 138 33414
240 139 33446
240 140 33478
240 141 33958
240 142 34182
240 143 34214
240 144 34566
240 145 35238
240 146 35462
240 147 35494
240 148 35526
240 149 36006
240 150 36230
240 151 36262
240 152 36486
240 153 37030
240 154 37254
240 155 37286
240 156 37318
240 157 37798
240 158 38022
240 159 38054
240 160 38406
240 161 39078
240 162 39302
240 163 39334
240 164 39366
240 165 39846
240 166 40070
240 167 40102
240 168 40326
240 169 40870
240 170 41094
240 171 41126
240 172 41158
240 173 41638
240 174 41862
240 175 41894
240 176 42246
240 177 42918
240 178 43142
240 179 43174
240 180 43206
240 181 43686
240 182 43910
240 183 43942
240 184 44166
240 185 44710
240 186 44934
240 187 44966
240 188 44998
240 189 45478
240 190 45702
240 191 45734
240 192 46086
240 193 46758
240 194 46982
240 195 47014
240 196 47046
240 197 47526
240 198 47750
240 199 47782
240 200 48006
240 201 48550
240 202 48774
240 203 48806
240 204 48838
240 205 49318
240 206 49542
240 207 49574
240 208 49926
240 209 50598
240 210 50822
240 211 50854
240 212 50886
240 213 51366
240 214 51590
240 215 51622
240 216 51846
240 217 52390
240 218 52614
240 219 52646
240 220 52678
240 221 53158
240 222 53382
240 223 53414
240 224 53766
240 225 54438
240 226 54662
240 227 54694
240 228 54726
240 229 55206
240 230 55430
240 231 55462
240 232 55686
240 233 56230
240 234 56454
240 235 56486
240 236 56518
240 237 56998
240 238 57222
240 239 57254
240 240 57606
240 241 58278
240 242 58502
240 243 58534
240 244 58566
240 245 59046
240 246 59270
240 247 59302
240 248 59526
240 249 60070
240 250 60294
240 251 60326
240 252 60358
240 253 60838
240 254 61062
240 255 61094
241 0 6
241 1 678
241 2 902
241 3 934
241 4 966
241 5 1446
241 6 1670
241 7 1702
241 8 1926
241 9 2470
241 10 2694
241 11 2726
241 12 2758
241 13 3238
241 14 3462
241 15 3494
241 16 3862
241 17 4534
241 18 4758
241 19 4790
241 20 4822
241 21 5302
241 22 5526
241 23 5558
241 24 5782
241 25 6326
241 26 6550
241 27 6582
241 28 6614
241 29 7094
241 30 7318
241 31 7350
241 32 7718
241 33 8390
241 34 8614
241 35 8646
241 36 8678
241 37 9158
241 38 9382
241 39 9414
241 40 9638
241 41 10182
241 42 10406
241 43 10438
241 44 10470
241 45 10950
241 46 11174
241 47 11206
241 48 11574
241 49 12246
241 50 12470
241 51 12502
241 52 12534
241 53 13014
241 54 13238
241 55 13270
241 56 13494
241 57 14038
241 58 14262
241 59 14294
241 60 14326
241 61 14806
241 62 15030
241 63 15062
241 64 15430
241 65 16038
241 66 16262
241 67 16294
241 68 16326
241 69 16806
241 70 17030
241 71 17062
241 72 17350
241 73 17830
241 74 18054
241 75 18086
241 76 18118
241 77 18598
241 78 18822
241 79 18854
241 80 19286
241 81 19894
241 82 20118
241 83 20150
241 84 20182
241 85 20662
241 86 20886
241 87 20918
241 88 21206
241 89 21686
241 90 21910
241 91 21942
241 92 21974
241 93 22454
241 94 22678
241 95 22710
241 96 23142
241 97 23750
241 98 23974
241 99 24006
241 100 24038
241 101 24518
241 102 24742
241 103 24774
241 104 25062
241 105 25542
241 106 25766
241 107 25798
241 108 25830
241 109 26310
241 110 26534
241 111 26566
241 112 26998
241 113 27606
241 114 27830
241 115 27862
241 116 27894
241 117 28374
241 118 28598
241 119 28630
241 120 28918
241 121 29398
241 122 29622
241 123 29654
241 124 29686
241 125 30166
241 126 30390
241 127 30422
241 128 30854
241 129 31398
241 130 31622
241 131 31654
241 132 31686
241 133 32166
241 134 32390
241 135 32422
241 136 32646
241 137 33190
241 138 33414
241 139 33446
241 140 33478
241 141 33958
241 142 34182
241 143 34214
241 144 34710
241 145 35254
241 146 35478
241 147 35510
241 148 35542
241 149 36022
241 150 36246
241 151 36278
241 152 36502
241 153 37046
241 154 37270
241 155 37302
241 156 37334
241 157 37814
241 158 38038
241 159 38070
241 160 38566
241 161 39110
241 162 39334
241 163 39366
241 164 39398
241 165 39878
241 166 40102
241 167 40134
241 168 40358
241 169 40902
241 170 41126
241 171 41158
241 172 41190
241 173 41670
241 174 41894
241 175 41926
241 176 42422
241 177 42966
241 178 43190
241 179 43222
241 180 43254
241 181 43734
241 182 43958
241 183 43990
241 184 44214
241 185 44758
241 186 44982
241 187 45014
241 188 45046
241 189 45526
241 190 45750
241 191 45782
241 192 46278
241 193 46758
241 194 46982
241 195 47014
241 196 47046
241 197 47526
241 198 47750
241 199 47782
241 200 48070
241 201 48550
241 202 48774
241 203 48806
241 204 48838
241 205 49318
241 206 49542
241 207 49574
241 208 50134
241 209 50614
241 210 50838
241 211 50870
241 212 50902
241 213 51382
241 214 51606
241 215 51638
241 216 51926
241 217 52406
241 218 52630
241 219 52662
241 220 52694
241 221 53174
241 222 53398
241 223 53430
241 224 53990
241 225 54470
241 226 54694
241 227 54726
241 228 54758
241 229 55238
241 230 55462
241 231 55494
241 232 55782
241 233 56262
241 234 56486
241 235 56518
241 236 56550
241 237 57030
241 238 57254
241 239 57286
241 240 57846
241 241 58326
241 242 58550
241 243 58582
241 244 58614
241 245 59094
241 246 59318
241 247 59350
241 248 59638
241 249 60118
241 250 60342
241 251 60374
241 252 60406
241 253 60886
241 254 61110
241 255 61142
242 0 6
242 1 678
242 2 902
242 3 934
242 4 966
242 5 1446
242 6 1670
242 7 1702
242 8 1942
242 9 2470
242 10 2710
242 11 2726
242 12 2774
242 13 3238
242 14 3478
242 15 3494
242 16 3878
242 17 4550
242 18 4774
242 19 4806
242 20 4838
242 21 5318
242 22 5542
242 23 5574
242 24 5814
242 25 6342
242 26 6582
242 27 6598
242 28 6646
242 29 7110
242 30 7350
242 31 7366
242 32 7750
242 33 8358
242 34 8582
242 35 8614
242 36 8646
242 37 9126
242 38 9350
242 39 9382
242 40 9686
242 41 10150
242 42 10390
242 43 10406
242 44 10454
242 45 10918
242 46 11158
242 47 11174
242 48 11622
242 49 12230
242 50 12454
242 51 12486
242 52 12518
242 53 12998
242 54 13222
242 55 13254
242 56 13558
242 57 14022
242 58 14262
242 59 14278
242 60 14326
242 61 14790
242 62 15030
242 63 15046
242 64 15494
242 65 16038
242 66 16262
242 67 16294
242 68 16326
242 69 16806
242 70 17030
242 71 17062
242 72 17302
242 73 17830
242 74 18070
242 75 18086
242 76 18134
242 77 18598
242 78 18838
242 79 18854
242 80 19366
242 81 19910
242 82 20134
242 83 20166
242 84 20198
242 85 20678
242 86 20902
242 87 20934
242 88 21174
242 89 21702
242 90 21942
242 91 21958
242 92 22006
242 93 22470
242 94 22710
242 95 22726
242 96 23238
242 97 23718
242 98 23942
242 99 23974
242 100 24006
242 101 24486
242 102 24710
242 103 24742
242 104 25046
242 105 25510
242 106 25750
242 107 25766
242 108 25814
242 109 26278
242 110 26518
242 111 26534
242 112 27110
242 113 27590
242 114 27814
242 115 27846
242 116 27878
242 117 28358
242 118 28582
242 119 28614
242 120 28918
242 121 29382
242 122 29622
242 123 29638
242 124 29686
242 125 30150
242 126 30390
242 127 30406
242 128 30982
242 129 31654
242 130 31878
242 131 31910
242 132 31942
242 133 32422
242 134 32646
242 135 32678
242 136 32918
242 137 33446
242 138 33686
242 139 33702
242 140 33750
242 141 34214
242 142 34454
242 143 34470
242 144 34854
242 145 35526
242 146 35750
242 147 35782
242 148 35814
242 149 36294
242 150 36518
242 151 36550
242 152 36790
242 153 37318
242 154 37558
242 155 37574
242 156 37622
242 157 38086
242 158 38326
242 159 38342
242 160 38726
242 161 39334
242 162 39558
242 163 39590
242 164 39622
242 165 40102
242 166 40326
242 167 40358
242 168 40662
242 169 41126
242 170 41366
242 171 41382
242 172 41430
242 173 41894
242 174 42134
242 175 42150
242 176 42598
242 177 43206
242 178 43430
242 179 43462
242 180 43494
242 181 43974
242 182 44198
242 183 44230
242 184 44534
242 185 44998
242 186 45238
242 187 45254
242 188 45302
242 189 45766
242 190 46006
242 191 46022
242 192 46470
242 193 47014
242 194 47238
242 195 47270
242 196 47302
242 197 47782
242 198 48006
242 199 48038
242 200 48278
242 201 48806
242 202 49046
242 203 49062
242 204 49110
242 205 49574
242 206 49814
242 207 49830
242 208 50342
242 209 50886
242 210 51110
242 211 51142
242 212 51174
242 213 51654
242 214 51878
242 215 51910
242 216 52150
242 217 52678
242 218 52918
242 219 52934
242 220 52982
242 221 53446
242 222 53686
242 223 53702
242 224 54214
242 225 54694
242 226 54918
242 227 54950
242 228 54982
242 229 55462
242 230 55686
242 231 55718
242 232 56022
242 233 56486
242 234 56726
242 235 56742
242 236 56790
242 237 57254
242 238 57494
242 239 57510
242 240 58086
242 241 58566
242 242 58790
242 243 58822
242 244 58854
242 245 59334
242 246 59558
242 247 59590
242 248 59894
242 249 60358
242 250 60598
242 251 60614
242 252 60662
242 253 61126
242 254 61366
242 255 61382
243 0 6
243 1 678
243 2 902
243 3 934
243 4 966
243 5 1446
243 6 1670
243 7 1702
243 8 1942
243 9 2470
243 10 2710
243 11 2726
243 12 2774
243 13 3238
243 14 3478
243 15 3494
243 16 3894
243 17 4566
243 18 4790
243 19 4822
243 20 4854
243 21 5334
243 22 5558
243 23 5590
243 24 5830
243 25 6358
243 26 6598
243 27 6614
243 28 6662
243 29 7126
243 30 7366
243 31 7382
243 32 7782
243 33 8390
243 34 8614
243 35 8646
243 36 8678
243 37 9158
243 38 9382
243 39 9414
243 40 9718
243 41 10182
243 42 10422
243 43 10438
243 44 10486
243 45 10950
243 46 11190
243 47 11206
243 48 11670
243 49 12278
243 50 12502
243 51 12534
243 52 12566
243 53 13046
243 54 13270
243 55 13302
243 56 13606
243 57 14070
243 58 14310
243 59 14326
243 60 14374
243 61 14838
243 62 15078
243 63 15094
243 64 15558
243 65 16038
243 66 16262
243 67 16294
243 68 16326
243 69 16806
243 70 17030
243 71 17062
243 72 17366
243 73 17830
243 74 18070
243 75 18086
243 76 18134
243 77 18598
243 78 18838
243 79 18854
243 80 19446
243 81 19926
243 82 20150
243 83 20182
243 84 20214
243 85 20694
243 86 20918
243 87 20950
243 88 21254
243 89 21718
243 90 21958
243 91 21974
243 92 22022
243 93 22486
243 94 22726
243 95 22742
243 96 23334
243 97 23878
243 98 24102
243 99 24134
243 100 24166
243 101 24646
243 102 24870
243 103 24902
243 104 25142
243 105 25670
243 106 25910
243 107 25926
243 108 25974
243 109 26438
243 110 26678
243 111 26694
243 112 27286
243 113 27702
243 114 27926
243 115 27958
243 116 28054
243 117 28470
243 118 28694
243 119 28790
243 120 29094
243 121 29494
243 122 29734
243 123 29750
243 124 29862
243 125 30262
243 126 30502
243 127 30582
243 128 31110
243 129 31654
243 130 31878
243 131 31910
243 132 31942
243 133 32422
243 134 32646
243 135 32678
243 136 32918
243 137 33446
243 138 33686
243 139 33702
243 140 33750
243 141 34214
243 142 34454
243 143 34470
243 144 34998
243 145 35542
243 146 35766
243 147 35798
243 148 35830
243 149 36310
243 150 36534
243 151 36566
243 152 36806
243 153 37334
243 154 37574
243 155 37590
243 156 37638
243 157 38102
243 158 38342
243 159 38358
243 160 38886
243 161 39366
243 162 39590
243 163 39622
243 164 39654
243 165 40134
243 166 40358
243 167 40390
243 168 40694
243 169 41158
243 170 41398
243 171 41414
243 172 41462
243 173 41926
243 174 42166
243 175 42182
243 176 42774
243 177 43254
243 178 43478
243 179 43510
243 180 43542
243 181 44022
243 182 44246
243 183 44278
243 184 44582
243 185 45046
243 186 45286
243 187 45302
243 188 45350
243 189 45814
243 190 46054
243 191 46070
243 192 46534
243 193 47014
243 194 47238
243 195 47270
243 196 47302
243 197 47782
243 198 48006
243 199 48038
243 200 48342
243 201 48806
243 202 49046
243 203 49062
243 204 49110
243 205 49574
243 206 49814
243 207 49830
243 208 50422
243 209 50902
243 210 51126
243 211 51158
243 212 51190
243 213 51670
243 214 51894
243 215 51926
243 216 52230
243 217 52694
243 218 52934
243 219 52950
243 220 52998
243 221 53462
243 222 53702
243 223 53718
243 224 54310
243 225 54854
243 226 55078
243 227 55110
243 228 55142
243 229 55622
243 230 55846
243 231 55878
243 232 56118
243 233 56646
243 234 56886
243 235 56902
243 236 56950
243 237 57414
243 238 57654
243 239 57670
243 240 58262
243 241 58678
243 242 58902
243 243 58934
243 244 59030
243 245 59446
243 246 59670
243 247 59766
243 248 60070
243 249 60470
243 250 60710
243 251 60726
243 252 60838
243 253 61238
243 254 61478
243 255 61558
244 0 6
244 1 678
244 2 902
244 3 934
244 4 982
244 5 1446
244 6 1686
244 7 1702
244 8 1958
244 9 2470
244 10 2694
244 11 2758
244 12 2806
244 13 3238
244 14 3478
244 15 3526
244 16 3910
244 17 4518
244 18 4742
244 19 4774
244 20 4822
244 21 5286
244 22 5526
244 23 5542
244 24 5862
244 25 6310
244 26 6534
244 27 6598
244 28 6646
244 29 7078
244 30 7318
244 31 7366
244 32 7942
244 33 8614
244 34 8838
244 35 8870
244 36 8918
244 37 9382
244 38 9622
244 39 9638
244 40 9894
244 41 10406
244 42 10630
244 43 10694
244 44 10742
244 45 11174
244 46 11414
244 47 11462
244 48 11846
244 49 12454
244 50 12678
244 51 12710
244 52 12758
244 53 13222
244 54 13462
244 55 13478
244 56 13798
244 57 14246
244 58 14470
244 59 14534
244 60 14582
244 61 15014
244 62 15254
244 63 15302
244 64 15622
244 65 16294
244 66 16518
244 67 16550
244 68 16598
244 69 17062
244 70 17302
244 71 17318
244 72 17574
244 73 18086
244 74 18310
244 75 18374
244 76 18422
244 77 18854
244 78 19094
244 79 19142
244 80 19526
244 81 20134
244 82 20358
244 83 20390
244 84 20438
244 85 20902
244 86 21142
244 87 21158
244 88 21478
244 89 21926
244 90 22150
244 91 22214
244 92 22262
244 93 22694
244 94 22934
244 95 22982
244 96 23558
244 97 24230
244 98 24454
244 99 24486
244 100 24534
244 101 24998
244 102 25238
244 103 25254
244 104 25510
244 105 26022
244 106 26246
244 107 26310
244 108 26358
244 109 26790
244 110 27030
244 111 27078
244 112 27462
244 113 28070
244 114 28294
244 115 28326
244 116 28374
244 117 28838
244 118 29078
244 119 29094
244 120 29414
244 121 29862
244 122 30086
244 123 30150
244 124 30198
244 125 30630
244 126 30870
244 127 30918
244 128 31238
244 129 31910
244 130 32134
244 131 32166
244 132 32214
244 133 32678
244 134 32918
244 135 32934
244 136 33190
244 137 33702
244 138 33926
244 139 33990
244 140 34038
244 141 34470
244 142 34710
244 143 34758
244 144 35142
244 145 35750
244 146 35974
244 147 36006
244 148 36054
244 149 36518
244 150 36758
244 151 36774
244 152 37094
244 153 37542
244 154 37766
244 155 37830
244 156 37878
244 157 38310
244 158 38550
244 159 38598
244 160 39174
244 161 39846
244 162 40070
244 163 40102
244 164 40150
244 165 40614
244 166 40854
244 167 40870
244 168 41126
244 169 41638
244 170 41862
244 171 41926
244 172 41974
244 173 42406
244 174 42646
244 175 42694
244 176 43078
244 177 43686
244 178 43910
244 179 43942
244 180 43990
244 181 44454
244 182 44694
244 183 44710
244 184 45030
244 185 45478
244 186 45702
244 187 45766
244 188 45814
244 189 46246
244 190 46486
244 191 46534
244 192 46854
244 193 47526
244 194 47750
244 195 47782
244 196 47830
244 197 48294
244 198 48534
244 199 48550
244 200 48806
244 201 49318
244 202 49542
244 203 49606
244 204 49654
244 205 50086
244 206 50326
244 207 50374
244 208 50758
244 209 51366
244 210 51590
244 211 51622
244 212 51670
244 213 52134
244 214 52374
244 215 52390
244 216 52710
244 217 53158
244 218 53382
244 219 53446
244 220 53494
244 221 53926
244 222 54166
244 223 54214
244 224 54790
244 225 55462
244 226 55686
244 227 55718
244 228 55766
244 229 56230
244 230 56470
244 231 56486
244 232 56742
244 233 57254
244 234 57478
244 235 57542
244 236 57590
244 237 58022
244 238 58262
244 239 58310
244 240 58694
244 241 59302
244 242 59526
244 243 59558
244 244 59606
244 245 60070
244 246 60310
244 247 60326
244 248 60646
244 249 61094
244 250 61318
244 251 61382
244 252 61430
244 253 61862
244 254 62102
244 255 62150
245 0 6
245 1 678
245 2 902
245 3 934
245 4 982
245 5 1446
245 6 1686
245 7 1702
245 8 1958
245 9 2470
245 10 2694
245 11 2758
245 12 2806
245 13 3238
245 14 3478
245 15 3526
245 16 3926
245 17 4534
245 18 4758
245 19 4790
245 20 4838
245 21 5302
245 22 5542
245 23 5558
245 24 5878
245 25 6326
245 26 6550
245 27 6614
245 28 6662
245 29 7094
245 30 7334
245 31 7382
245 32 7974
245 33 8646
245 34 8870
245 35 8902
245 36 8950
245 37 9414
245 38 9654
245 39 9670
245 40 9926
245 41 10438
245 42 10662
245 43 10726
245 44 10774
245 45 11206
245 46 11446
245 47 11494
245 48 11894
245 49 12502
245 50 12726
245 51 12758
245 52 12806
245 53 13270
245 54 13510
245 55 13526
245 56 13846
245 57 14294
245 58 14518
245 59 14582
245 60 14630
245 61 15062
245 62 15302
245 63 15350
245 64 15686
245 65 16294
245 66 16518
245 67 16550
245 68 16598
245 69 17062
245 70 17302
245 71 17318
245 72 17638
245 73 18086
245 74 18310
245 75 18374
245 76 18422
245 77 18854
245 78 19094
245 79 19142
245 80 19734
245 81 20150
245 82 20374
245 83 20406
245 84 20582
245 85 20918
245 86 21158
245 87 21302
245 88 21558
245 89 21942
245 90 22166
245 91 22358
245 92 22406
245 93 22710
245 94 22950
245 95 23126
245 96 23654
245 97 24262
245 98 24486
245 99 24518
245 100 24566
245 101 25030
245 102 25270
245 103 25286
245 104 25606
245 105 26054
245 106 26278
245 107 26342
245 108 26390
245 109 26822
245 110 27062
245 111 27110
245 112 27702
245 113 28118
245 114 28342
245 115 28374
245 116 28550
245 117 28886
245 118 29126
245 119 29270
245 120 29526
245 121 29910
245 122 30134
245 123 30326
245 124 30374
245 125 30678
245 126 30918
245 127 31094
245 128 31366
245 129 31910
245 130 32134
245 131 32166
245 132 32214
245 133 32678
245 134 32918
245 135 32934
245 136 33190
245 137 33702
245 138 33926
245 139 33990
245 140 34038
245 141 34470
245 142 34710
245 143 34758
245 144 35286
245 145 35766
245 146 35990
245 147 36022
245 148 36070
245 149 36534
245 150 36774
245 151 36790
245 152 37110
245 153 37558
245 154 37782
245 155 37846
245 156 37894
245 157 38326
245 158 38566
245 159 38614
245 160 39206
245 161 39878
245 162 40102
245 163 40134
245 164 40182
245 165 40646
245 166 40886
245 167 40902
245 168 41158
245 169 41670
245 170 41894
245 171 41958
245 172 42006
245 173 42438
245 174 42678
245 175 42726
245 176 43126
245 177 43734
245 178 43958
245 179 43990
245 180 44038
245 181 44502
245 182 44742
245 183 44758
245 184 45078
245 185 45526
245 186 45750
245 187 45814
245 188 45862
245 189 46294
245 190 46534
245 191 46582
245 192 47046
245 193 47526
245 194 47750
245 195 47782
245 196 47830
245 197 48294
245 198 48534
245 199 48550
245 200 48870
245 201 49318
245 202 49542
245 203 49606
245 204 49654
245 205 50086
245 206 50326
245 207 50374
245 208 50966
245 209 51510
245 210 51734
245 211 51766
245 212 51814
245 213 52278
245 214 52518
245 215 52534
245 216 52790
245 217 53302
245 218 53526
245 219 53590
245 220 53638
245 221 54070
245 222 54310
245 223 54358
245 224 54886
245 225 55494
245 226 55718
245 227 55750
245 228 55798
245 229 56262
245 230 56502
245 231 56518
245 232 56838
245 233 57286
245 234 57510
245 235 57574
245 236 57622
245 237 58054
245 238 58294
245 239 58342
245 240 58934
245 241 59350
245 242 59574
245 243 59606
245 244 59782
245 245 60118
245 246 60358
245 247 60502
245 248 60758
245 249 61142
245 250 61366
245 251 61558
245 252 61606
245 253 61910
245 254 62150
245 255 62326
246 0 6
246 1 678
246 2 902
246 3 934
246 4 982
246 5 1446
246 6 1686
246 7 1702
246 8 1974
246 9 2470
246 10 2710
246 11 2758
246 12 2806
246 13 3238
246 14 3478
246 15 3526
246 16 3942
246 17 4550
246 18 4774
246 19 4806
246 20 4854
246 21 5318
246 22 5558
246 23 5574
246 24 5910
246 25 6342
246 26 6582
246 27 6630
246 28 6678
246 29 7110
246 30 7350
246 31 7398
246 32 8006
246 33 8614
246 34 8838
246 35 8870
246 36 8918
246 37 9382
246 38 9622
246 39 9638
246 40 9974
246 41 10406
246 42 10646
246 43 10694
246 44 10742
246 45 11174
246 46 11414
246 47 11462
246 48 12070
246 49 12486
246 50 12710
246 51 12742
246 52 12918
246 53 13254
246 54 13494
246 55 13638
246 56 13910
246 57 14278
246 58 14518
246 59 14694
246 60 14742
246 61 15046
246 62 15286
246 63 15462
246 64 15750
246 65 16294
246 66 16518
246 67 16550
246 68 16598
246 69 17062
246 70 17302
246 71 17318
246 72 17590
246 73 18086
246 74 18326
246 75 18374
246 76 18422
246 77 18854
246 78 19094
246 79 19142
246 80 19686
246 81 20166
246 82 20390
246 83 20422
246 84 20470
246 85 20934
246 86 21174
246 87 21190
246 88 21526
246 89 21958
246 90 22198
246 91 22246
246 92 22294
246 93 22726
246 94 22966
246 95 23014
246 96 23622
246 97 24230
246 98 24454
246 99 24486
246 100 24534
246 101 24998
246 102 25238
246 103 25254
246 104 25590
246 105 26022
246 106 26262
246 107 26310
246 108 26358
246 109 26790
246 110 27030
246 111 27078
246 112 27686
246 113 28102
246 114 28326
246 115 28358
246 116 28534
246 117 28870
246 118 29110
246 119 29254
246 120 29526
246 121 29894
246 122 30134
246 123 30310
246 124 30358
246 125 30662
246 126 30902
246 127 31078
246 128 31494
246 129 32166
246 130 32390
246 131 32422
246 132 32470
246 133 32934
246 134 33174
246 135 33190
246 136 33462
246 137 33958
246 138 34198
246 139 34246
246 140 34294
246 141 34726
246 142 34966
246 143 35014
246 144 35430
246 145 36038
246 146 36262
246 147 36294
246 148 36342
246 149 36806
246 150 37046
246 151 37062
246 152 37398
246 153 37830
246 154 38070
246 155 38118
246 156 38166
246 157 38598
246 158 38838
246 159 38886
246 160 39494
246 161 40102
246 162 40326
246 163 40358
246 164 40406
246 165 40870
246 166 41110
246 167 41126
246 168 41462
246 169 41894
246 170 42134
246 171 42182
246 172 42230
246 173 42662
246 174 42902
246 175 42950
246 176 43558
246 177 43974
246 178 44198
246 179 44230
246 180 44406
246 181 44742
246 182 44982
246 183 45126
246 184 45398
246 185 45766
246 186 46006
246 187 46182
246 188 46230
246 189 46534
246 190 46774
246 191 46950
246 192 47238
246 193 47782
246 194 48006
246 195 48038
246 196 48086
246 197 48550
246 198 48790
246 199 48806
246 200 49078
246 201 49574
246 202 49814
246 203 49862
246 204 49910
246 205 50342
246 206 50582
246 207 50630
246 208 51174
246 209 51654
246 210 51878
246 211 51910
246 212 51958
246 213 52422
246 214 52662
246 215 52678
246 216 53014
246 217 53446
246 218 53686
246 219 53734
246 220 53782
246 221 54214
246 222 54454
246 223 54502
246 224 55110
246 225 55718
246 226 55942
246 227 55974
246 228 56022
246 229 56486
246 230 56726
246 231 56742
246 232 57078
246 233 57510
246 234 57750
246 235 57798
246 236 57846
246 237 58278
246 238 58518
246 239 58566
246 240 59174
246 241 59590
246 242 59814
246 243 59846
246 244 60022
246 245 60358
246 246 60598
246 247 60742
246 248 61014
246 249 61382
246 250 61622
246 251 61798
246 252 61846
246 253 62150
246 254 62390
246 255 62566
247 0 6
247 1 678
247 2 902
247 3 934
247 4 982
247 5 1446
247 6 1686
247 7 1702
247 8 1974
247 9 2470
247 10 2710
247 11 2758
247 12 2806
247 13 3238
247 14 3478
247 15 3526
247 16 3958
247 17 4566
247 18 4790
247 19 4822
247 20 4870
247 21 5334
247 22 5574
247 23 5590
247 24 5926
247 25 6358
247 26 6598
247 27 6646
247 28 6694
247 29 7126
247 30 7366
247 31 7414
247 32 8038
247 33 8646
247 34 8870
247 35 8902
247 36 8950
247 37 9414
247 38 9654
247 39 9670
247 40 10006
247 41 10438
247 42 10678
247 43 10726
247 44 10774
247 45 11206
247 46 11446
247 47 11494
247 48 12182
247 49 12470
247 50 12694
247 51 12726
247 52 12966
247 53 13238
247 54 13478
247 55 13686
247 56 14022
247 57 14262
247 58 14502
247 59 14678
247 60 14790
247 61 15030
247 62 15270
247 63 15510
247 64 15814
247 65 16294
247 66 16518
247 67 16550
247 68 16598
247 69 17062
247 70 17302
247 71 17318
247 72 17654
247 73 18086
247 74 18326
247 75 18374
247 76 18422
247 77 18854
247 78 19094
247 79 19142
247 80 19766
247 81 20310
247 82 20534
247 83 20566
247 84 20614
247 85 21078
247 86 21318
247 87 21334
247 88 21606
247 89 22102
247 90 22342
247 91 22390
247 92 22438
247 93 22870
247 94 23110
247 95 23158
247 96 23846
247 97 24262
247 98 24486
247 99 24518
247 100 24694
247 101 25030
247 102 25270
247 103 25414
247 104 25686
247 105 26054
247 106 26294
247 107 26470
247 108 26518
247 109 26822
247 110 27062
247 111 27238
247 112 27798
247 113 28150
247 114 28374
247 115 28406
247 116 28582
247 117 28918
247 118 29158
247 119 29302
247 120 29638
247 121 29942
247 122 30182
247 123 30358
247 124 30406
247 125 30710
247 126 30950
247 127 31126
247 128 31622
247 129 32166
247 130 32390
247 131 32422
247 132 32470
247 133 32934
247 134 33174
247 135 33190
247 136 33462
247 137 33958
247 138 34198
247 139 34246
247 140 34294
247 141 34726
247 142 34966
247 143 35014
247 144 35574
247 145 36054
247 146 36278
247 147 36310
247 148 36358
247 149 36822
247 150 37062
247 151 37078
247 152 37414
247 153 37846
247 154 38086
247 155 38134
247 156 38182
247 157 38614
247 158 38854
247 159 38902
247 160 39526
247 161 40134
247 162 40358
247 163 40390
247 164 40438
247 165 40902
247 166 41142
247 167 41158
247 168 41494
247 169 41926
247 170 42166
247 171 42214
247 172 42262
247 173 42694
247 174 42934
247 175 42982
247 176 43670
247 177 43958
247 178 44182
247 179 44214
247 180 44454
247 181 44726
247 182 44966
247 183 45174
247 184 45510
247 185 45750
247 186 45990
247 187 46166
247 188 46278
247 189 46518
247 190 46758
247 191 46998
247 192 47302
247 193 47782
247 194 48006
247 195 48038
247 196 48086
247 197 48550
247 198 48790
247 199 48806
247 200 49142
247 201 49574
247 202 49814
247 203 49862
247 204 49910
247 205 50342
247 206 50582
247 207 50630
247 208 51254
247 209 51798
247 210 52022
247 211 52054
247 212 52102
247 213 52566
247 214 52806
247 215 52822
247 216 53094
247 217 53590
247 218 53830
247 219 53878
247 220 53926
247 221 54358
247 222 54598
247 223 54646
247 224 55334
247 225 55750
247 226 55974
247 227 56006
247 228 56182
247 229 56518
247 230 56758
247 231 56902
247 232 57174
247 233 57542
247 234 57782
247 235 57958
247 236 58006
247 237 58310
247 238 58550
247 239 58726
247 240 59286
247 241 59638
247 242 59862
247 243 59894
247 244 60070
247 245 60406
247 246 60646
247 247 60790
247 248 61126
247 249 61430
247 250 61670
247 251 61846
247 252 61894
247 253 62198
247 254 62438
247 255 62614
248 0 6
248 1 678
248 2 934
248 3 934
248 4 998
248 5 1446
248 6 1702
248 7 1734
248 8 1990
248 9 2470
248 10 2726
248 11 2726
248 12 2790
248 13 3238
248 14 3494
248 15 3526
248 16 4102
248 17 4774
248 18 5030
248 19 5030
248 20 5094
248 21 5542
248 22 5798
248 23 5830
248 24 6086
248 25 6566
248 26 6822
248 27 6822
248 28 6886
248 29 7334
248 30 7590
248 31 7622
248 32 7942
248 33 8614
248 34 8870
248 35 8870
248 36 8934
248 37 9382
248 38 9638
248 39 9670
248 40 9926
248 41 10406
248 42 10662
248 43 10662
248 44 10726
248 45 11174
248 46 11430
248 47 11462
248 48 12038
248 49 12710
248 50 12966
248 51 12966
248 52 13030
248 53 13478
248 54 13734
248 55 13766
248 56 14022
248 57 14502
248 58 14758
248 59 14758
248 60 14822
248 61 15270
248 62 15526
248 63 15558
248 64 15878
248 65 16550
248 66 16806
248 67 16806
248 68 16870
248 69 17318
248 70 17574
248 71 17606
248 72 17862
248 73 18342
248 74 18598
248 75 18598
248 76 18662
248 77 19110
248 78 19366
248 79 19398
248 80 19974
248 81 20646
248 82 20902
248 83 20902
248 84 20966
248 85 21414
248 86 21670
248 87 21702
248 88 21958
248 89 22438
248 90 22694
248 91 22694
248 92 22758
248 93 23206
248 94 23462
248 95 23494
248 96 23814
248 97 24486
248 98 24742
248 99 24742
248 100 24806
248 101 25254
248 102 25510
248 103 25542
248 104 25798
248 105 26278
248 106 26534
248 107 26534
248 108 26598
248 109 27046
248 110 27302
248 111 27334
248 112 27910
248 113 28582
248 114 28838
248 115 28838
248 116 28902
248 117 29350
248 118 29606
248 119 29638
248 120 29894
248 121 30374
248 122 30630
248 123 30630
248 124 30694
248 125 31142
248 126 31398
248 127 31430
248 128 31750
248 129 32422
248 130 32678
248 131 32678
248 132 32742
248 133 33190
248 134 33446
248 135 33478
248 136 33734
248 137 34214
248 138 34470
248 139 34470
248 140 34534
248 141 34982
248 142 35238
248 143 35270
248 144 35846
248 145 36518
248 146 36774
248 147 36774
248 148 36838
248 149 37286
248 150 37542
248 151 37574
248 152 37830
248 153 38310
248 154 38566
248 155 38566
248 156 38630
248 157 39078
248 158 39334
248 159 39366
248 160 39686
248 161 40358
248 162 40614
248 163 40614
248 164 40678
248 165 41126
248 166 41382
248 167 41414
248 168 41670
248 169 42150
248 170 42406
248 171 42406
248 172 42470
248 173 42918
248 174 43174
248 175 43206
248 176 43782
248 177 44454
248 178 44710
248 179 44710
248 180 44774
248 181 45222
248 182 45478
248 183 45510
248 184 45766
248 185 46246
248 186 46502
248 187 46502
248 188 46566
248 189 47014
248 190 47270
248 191 47302
248 192 47622
248 193 48294
248 194 48550
248 195 48550
248 196 48614
248 197 49062
248 198 49318
248 199 49350
248 200 49606
248 201 50086
248 202 50342
248 203 50342
248 204 50406
248 205 50854
248 206 51110
248 207 51142
248 208 51718
248 209 52390
248 210 52646
248 211 52646
248 212 52710
248 213 53158
248 214 53414
248 215 53446
248 216 53702
248 217 54182
248 218 54438
248 219 54438
248 220 54502
248 221 54950
248 222 55206
248 223 55238
248 224 55558
248 225 56230
248 226 56486
248 227 56486
248 228 56550
248 229 56998
248 230 57254
248 231 57286
248 232 57542
248 233 58022
248 234 58278
248 235 58278
248 236 58342
248 237 58790
248 238 59046
248 239 59078
248 240 59654
248 241 60326
248 242 60582
248 243 60582
248 244 60646
248 245 61094
248 246 61350
248 247 61382
248 248 61638
248 249 62118
248 250 62374
248 251 62374
248 252 62438
248 253 62886
248 254 63142
248 255 63174
249 0 6
249 1 678
249 2 934
249 3 934
249 4 998
249 5 1446
249 6 1702
249 7 1734
249 8 1990
249 9 2470
249 10 2726
249 11 2726
249 12 2790
249 13 3238
249 14 3494
249 15 3526
249 16 4118
249 17 4790
249 18 5046
249 19 5046
249 20 5110
249 21 5558
249 22 5814
249 23 5846
249 24 6102
249 25 6582
249 26 6838
249 27 6838
249 28 6902
249 29 7350
249 30 7606
249 31 7638
249 32 7974
249 33 8646
249 34 8902
249 35 8902
249 36 8966
249 37 9414
249 38 9670
249 39 9702
249 40 9958
249 41 10438
249 42 10694
249 43 10694
249 44 10758
249 45 11206
249 46 11462
249 47 11494
249 48 12086
249 49 12758
249 50 13014
249 51 13014
249 52 13078
249 53 13526
249 54 13782
249 55 13814
249 56 14070
249 57 14550
249 58 14806
249 59 14806
249 60 14870
249 61 15318
249 62 15574
249 63 15606
249 64 15942
249 65 16550
249 66 16806
249 67 16806
249 68 16870
249 69 17318
249 70 17574
249 71 17606
249 72 17862
249 73 18342
249 74 18598
249 75 18598
249 76 18662
249 77 19110
249 78 19366
249 79 19398
249 80 20054
249 81 20662
249 82 20918
249 83 20918
249 84 20982
249 85 21430
249 86 21686
249 87 21718
249 88 21974
249 89 22454
249 90 22710
249 91 22710
249 92 22774
249 93 23222
249 94 23478
249 95 23510
249 96 23910
249 97 24518
249 98 24774
249 99 24774
249 100 24838
249 101 25286
249 102 25542
249 103 25574
249 104 25830
249 105 26310
249 106 26566
249 107 26566
249 108 26630
249 109 27078
249 110 27334
249 111 27366
249 112 28022
249 113 28630
249 114 28886
249 115 28886
249 116 28950
249 117 29398
249 118 29654
249 119 29686
249 120 29942
249 121 30422
249 122 30678
249 123 30678
249 124 30742
249 125 31190
249 126 31446
249 127 31478
249 128 31878
249 129 32422
249 130 32678
249 131 32678
249 132 32742
249 133 33190
249 134 33446
249 135 33478
249 136 33734
249 137 34214
249 138 34470
249 139 34470
249 140 34534
249 141 34982
249 142 35238
249 143 35270
249 144 35862
249 145 36534
249 146 36790
249 147 36790
249 148 36854
249 149 37302
249 150 37558
249 151 37590
249 152 37846
249 153 38326
249 154 38582
249 155 38582
249 156 38646
249 157 39094
249 158 39350
249 159 39382
249 160 39846
249 161 40390
249 162 40646
249 163 40646
249 164 40710
249 165 41158
249 166 41414
249 167 41446
249 168 41702
249 169 42182
249 170 42438
249 171 42438
249 172 42502
249 173 42950
249 174 43206
249 175 43238
249 176 43830
249 177 44502
249 178 44758
249 179 44758
249 180 44822
249 181 45270
249 182 45526
249 183 45558
249 184 45814
249 185 46294
249 186 46550
249 187 46550
249 188 46614
249 189 47062
249 190 47318
249 191 47350
249 192 47814
249 193 48294
249 194 48550
249 195 48550
249 196 48614
249 197 49062
249 198 49318
249 199 49350
249 200 49606
249 201 50086
249 202 50342
249 203 50342
249 204 50406
249 205 50854
249 206 51110
249 207 51142
249 208 51798
249 209 52406
249 210 52662
249 211 52662
249 212 52726
249 213 53174
249 214 53430
249 215 53462
249 216 53718
249 217 54198
249 218 54454
249 219 54454
249 220 54518
249 221 54966
249 222 55222
249 223 55254
249 224 55782
249 225 56262
249 226 56518
249 227 56518
249 228 56582
249 229 57030
249 230 57286
249 231 57318
249 232 57574
249 233 58054
249 234 58310
249 235 58310
249 236 58374
249 237 58822
249 238 59078
249 239 59110
249 240 59766
249 241 60374
249 242 60630
249 243 60630
249 244 60694
249 245 61142
249 246 61398
249 247 61430
249 248 61686
249 249 62166
249 250 62422
249 251 62422
249 252 62486
249 253 62934
249 254 63190
249 255 63222
250 0 6
250 1 678
250 2 934
250 3 934
250 4 998
250 5 1446
250 6 1702
250 7 1734
250 8 2006
250 9 2470
250 10 2726
250 11 2742
250 12 2806
250 13 3238
250 14 3494
250 15 3542
250 16 4134
250 17 4806
250 18 5062
250 19 5062
250 20 5126
250 21 5574
250 22 5830
250 23 5862
250 24 6134
250 25 6598
250 26 6854
250 27 6870
250 28 6934
250 29 7366
250 30 7622
250 31 7670
250 32 8006
250 33 8614
250 34 8870
250 35 8870
250 36 8934
250 37 9382
250 38 9638
250 39 9670
250 40 9942
250 41 10406
250 42 10662
250 43 10678
250 44 10742
250 45 11174
250 46 11430
250 47 11478
250 48 12134
250 49 12742
250 50 12998
250 51 12998
250 52 13062
250 53 13510
250 54 13766
250 55 13798
250 56 14070
250 57 14534
250 58 14790
250 59 14806
250 60 14870
250 61 15302
250 62 15558
250 63 15606
250 64 16006
250 65 16550
250 66 16806
250 67 16806
250 68 16870
250 69 17318
250 70 17574
250 71 17606
250 72 17878
250 73 18342
250 74 18598
250 75 18614
250 76 18678
250 77 19110
250 78 19366
250 79 19414
250 80 20006
250 81 20678
250 82 20934
250 83 20934
250 84 20998
250 85 21446
250 86 21702
250 87 21734
250 88 22006
250 89 22470
250 90 22726
250 91 22742
250 92 22806
250 93 23238
250 94 23494
250 95 23542
250 96 24006
250 97 24486
250 98 24742
250 99 24742
250 100 24806
250 101 25254
250 102 25510
250 103 25542
250 104 25814
250 105 26278
250 106 26534
250 107 26550
250 108 26614
250 109 27046
250 110 27302
250 111 27350
250 112 28006
250 113 28614
250 114 28870
250 115 28870
250 116 28934
250 117 29382
250 118 29638
250 119 29670
250 120 29942
250 121 30406
250 122 30662
250 123 30678
250 124 30742
250 125 31174
250 126 31430
250 127 31478
250 128 32006
250 129 32678
250 130 32934
250 131 32934
250 132 32998
250 133 33446
250 134 33702
250 135 33734
250 136 34006
250 137 34470
250 138 34726
250 139 34742
250 140 34806
250 141 35238
250 142 35494
250 143 35542
250 144 36134
250 145 36806
250 146 37062
250 147 37062
250 148 37126
250 149 37574
250 150 37830
250 151 37862
250 152 38134
250 153 38598
250 154 38854
250 155 38870
250 156 38934
250 157 39366
250 158 39622
250 159 39670
250 160 40006
250 161 40614
250 162 40870
250 163 40870
250 164 40934
250 165 41382
250 166 41638
250 167 41670
250 168 41942
250 169 42406
250 170 42662
250 171 42678
250 172 42742
250 173 43174
250 174 43430
250 175 43478
250 176 44134
250 177 44742
250 178 44998
250 179 44998
250 180 45062
250 181 45510
250 182 45766
250 183 45798
250 184 46070
250 185 46534
250 186 46790
250 187 46806
250 188 46870
250 189 47302
250 190 47558
250 191 47606
250 192 48006
250 193 48550
250 194 48806
250 195 48806
250 196 48870
250 197 49318
250 198 49574
250 199 49606
250 200 49878
250 201 50342
250 202 50598
250 203 50614
250 204 50678
250 205 51110
250 206 51366
250 207 51414
250 208 52006
250 209 52678
250 210 52934
250 211 52934
250 212 52998
250 213 53446
250 214 53702
250 215 53734
250 216 54006
250 217 54470
250 218 54726
250 219 54742
250 220 54806
250 221 55238
250 222 55494
250 223 55542
250 224 56006
250 225 56486
250 226 56742
250 227 56742
250 228 56806
250 229 57254
250 230 57510
250 231 57542
250 232 57814
250 233 58278
250 234 58534
250 235 58550
250 236 58614
250 237 59046
250 238 59302
250 239 59350
250 240 60006
250 241 60614
250 242 60870
250 243 60870
250 244 60934
250 245 61382
250 246 61638
250 247 61670
250 248 61942
250 249 62406
250 250 62662
250 251 62678
250 252 62742
250 253 63174
250 254 63430
250 255 63478
251 0 6
251 1 678
251 2 934
251 3 934
251 4 998
251 5 1446
251 6 1702
251 7 1734
251 8 2006
251 9 2470
251 10 2726
251 11 2742
251 12 2806
251 13 3238
251 14 3494
251 15 3542
251 16 4150
251 17 4822
251 18 5078
251 19 5078
251 20 5142
251 21 5590
251 22 5846
251 23 5878
251 24 6150
251 25 6614
251 26 6870
251 27 6886
251 28 6950
251 29 7382
251 30 7638
251 31 7686
251 32 8038
251 33 8646
251 34 8902
251 35 8902
251 36 8966
251 37 9414
251 38 9670
251 39 9702
251 40 9974
251 41 10438
251 42 10694
251 43 10710
251 44 10774
251 45 11206
251 46 11462
251 47 11510
251 48 12182
251 49 12790
251 50 13046
251 51 13046
251 52 13110
251 53 13558
251 54 13814
251 55 13846
251 56 14118
251 57 14582
251 58 14838
251 59 14854
251 60 14918
251 61 15350
251 62 15606
251 63 15654
251 64 16070
251 65 16550
251 66 16806
251 67 16806
251 68 16870
251 69 17318
251 70 17574
251 71 17606
251 72 17878
251 73 18342
251 74 18598
251 75 18614
251 76 18678
251 77 19110
251 78 19366
251 79 19414
251 80 20086
251 81 20694
251 82 20950
251 83 20950
251 84 21014
251 85 21462
251 86 21718
251 87 21750
251 88 22022
251 89 22486
251 90 22742
251 91 22758
251 92 22822
251 93 23254
251 94 23510
251 95 23558
251 96 24102
251 97 24646
251 98 24902
251 99 24902
251 100 24966
251 101 25414
251 102 25670
251 103 25702
251 104 25974
251 105 26438
251 106 26694
251 107 26710
251 108 26774
251 109 27206
251 110 27462
251 111 27510
251 112 28310
251 113 28598
251 114 28854
251 115 28854
251 116 29110
251 117 29366
251 118 29622
251 119 29846
251 120 30118
251 121 30390
251 122 30646
251 123 30854
251 124 30918
251 125 31158
251 126 31414
251 127 31654
251 128 32134
251 129 32678
251 130 32934
251 131 32934
251 132 32998
251 133 33446
251 134 33702
251 135 33734
251 136 34006
251 137 34470
251 138 34726
251 139 34742
251 140 34806
251 141 35238
251 142 35494
251 143 35542
251 144 36150
251 145 36822
251 146 37078
251 147 37078
251 148 37142
251 149 37590
251 150 37846
251 151 37878
251 152 38150
251 153 38614
251 154 38870
251 155 38886
251 156 38950
251 157 39382
251 158 39638
251 159 39686
251 160 40166
251 161 40646
251 162 40902
251 163 40902
251 164 40966
251 165 41414
251 166 41670
251 167 41702
251 168 41974
251 169 42438
251 170 42694
251 171 42710
251 172 42774
251 173 43206
251 174 43462
251 175 43510
251 176 44182
251 177 44790
251 178 45046
251 179 45046
251 180 45110
251 181 45558
251 182 45814
251 183 45846
251 184 46118
251 185 46582
251 186 46838
251 187 46854
251 188 46918
251 189 47350
251 190 47606
251 191 47654
251 192 48070
251 193 48550
251 194 48806
251 195 48806
251 196 48870
251 197 49318
251 198 49574
251 199 49606
251 200 49878
251 201 50342
251 202 50598
251 203 50614
251 204 50678
251 205 51110
251 206 51366
251 207 51414
251 208 52086
251 209 52694
251 210 52950
251 211 52950
251 212 53014
251 213 53462
251 214 53718
251 215 53750
251 216 54022
251 217 54486
251 218 54742
251 219 54758
251 220 54822
251 221 55254
251 222 55510
251 223 55558
251 224 56102
251 225 56646
251 226 56902
251 227 56902
251 228 56966
251 229 57414
251 230 57670
251 231 57702
251 232 57974
251 233 58438
251 234 58694
251 235 58710
251 236 58774
251 237 59206
251 238 59462
251 239 59510
251 240 60310
251 241 60598
251 242 60854
251 243 60854
251 244 61110
251 245 61366
251 246 61622
251 247 61846
251 248 62118
251 249 62390
251 250 62646
251 251 62854
251 252 62918
251 253 63158
251 254 63414
251 255 63654
252 0 6
252 1 678
252 2 934
252 3 934
252 4 1014
252 5 1446
252 6 1702
252 7 1750
252 8 2022
252 9 2470
252 10 2726
252 11 2758
252 12 2806
252 13 3238
252 14 3494
252 15 3542
252 16 4166
252 17 4774
252 18 5030
252 19 5030
252 20 5110
252 21 5542
252 22 5798
252 23 5846
252 24 6118
252 25 6566
252 26 6822
252 27 6854
252 28 6902
252 29 7334
252 30 7590
252 31 7638
252 32 8198
252 33 8870
252 34 9126
252 35 9126
252 36 9206
252 37 9638
252 38 9894
252 39 9942
252 40 10214
252 41 10662
252 42 10918
252 43 10950
252 44 10998
252 45 11430
252 46 11686
252 47 11734
252 48 12102
252 49 12710
252 50 12966
252 51 12966
252 52 13046
252 53 13478
252 54 13734
252 55 13782
252 56 14054
252 57 14502
252 58 14758
252 59 14790
252 60 14838
252 61 15270
252 62 15526
252 63 15574
252 64 16134
252 65 16806
252 66 17062
252 67 17062
252 68 17142
252 69 17574
252 70 17830
252 71 17878
252 72 18150
252 73 18598
252 74 18854
252 75 18886
252 76 18934
252 77 19366
252 78 19622
252 79 19670
252 80 20294
252 81 20902
252 82 21158
252 83 21158
252 84 21238
252 85 21670
252 86 21926
252 87 21974
252 88 22246
252 89 22694
252 90 22950
252 91 22982
252 92 23030
252 93 23462
252 94 23718
252 95 23766
252 96 24326
252 97 24998
252 98 25254
252 99 25254
252 100 25334
252 101 25766
252 102 26022
252 103 26070
252 104 26342
252 105 26790
252 106 27046
252 107 27078
252 108 27126
252 109 27558
252 110 27814
252 111 27862
252 112 28230
252 113 28838
252 114 29094
252 115 29094
252 116 29174
252 117 29606
252 118 29862
252 119 29910
252 120 30182
252 121 30630
252 122 30886
252 123 30918
252 124 30966
252 125 31398
252 126 31654
252 127 31702
252 128 32262
252 129 32934
252 130 33190
252 131 33190
252 132 33270
252 133 33702
252 134 33958
252 135 34006
252 136 34278
252 137 34726
252 138 34982
252 139 35014
252 140 35062
252 141 35494
252 142 35750
252 143 35798
252 144 36422
252 145 37030
252 146 37286
252 147 37286
252 148 37366
252 149 37798
252 150 38054
252 151 38102
252 152 38374
252 153 38822
252 154 39078
252 155 39110
252 156 39158
252 157 39590
252 158 39846
252 159 39894
252 160 40454
252 161 41126
252 162 41382
252 163 41382
252 164 41462
252 165 41894
252 166 42150
252 167 42198
252 168 42470
252 169 42918
252 170 43174
252 171 43206
252 172 43254
252 173 43686
252 174 43942
252 175 43990
252 176 44358
252 177 44966
252 178 45222
252 179 45222
252 180 45302
252 181 45734
252 182 45990
252 183 46038
252 184 46310
252 185 46758
252 186 47014
252 187 47046
252 188 47094
252 189 47526
252 190 47782
252 191 47830
252 192 48390
252 193 49062
252 194 49318
252 195 49318
252 196 49398
252 197 49830
252 198 50086
252 199 50134
252 200 50406
252 201 50854
252 202 51110
252 203 51142
252 204 51190
252 205 51622
252 206 51878
252 207 51926
252 208 52550
252 209 53158
252 210 53414
252 211 53414
252 212 53494
252 213 53926
252 214 54182
252 215 54230
252 216 54502
252 217 54950
252 218 55206
252 219 55238
252 220 55286
252 221 55718
252 222 55974
252 223 56022
252 224 56582
252 225 57254
252 226 57510
252 227 57510
252 228 57590
252 229 58022
252 230 58278
252 231 58326
252 232 58598
252 233 59046
252 234 59302
252 235 59334
252 236 59382
252 237 59814
252 238 60070
252 239 60118
252 240 60486
252 241 61094
252 242 61350
252 243 61350
252 244 61430
252 245 61862
252 246 62118
252 247 62166
252 248 62438
252 249 62886
252 250 63142
252 251 63174
252 252 63222
252 253 63654
252 254 63910
252 255 63958
253 0 6
253 1 678
253 2 934
253 3 934
253 4 1014
253 5 1446
253 6 1702
253 7 1750
253 8 2022
253 9 2470
253 10 2726
253 11 2758
253 12 2806
253 13 3238
253 14 3494
253 15 3542
253 16 4182
253 17 4790
253 18 5046
253 19 5046
253 20 5126
253 21 5558
253 22 5814
253 23 5862
253 24 6134
253 25 6582
253 26 6838
253 27 6870
253 28 6918
253 29 7350
253 30 7606
253 31 7654
253 32 8230
253 33 8902
253 34 9158
253 35 9158
253 36 9238
253 37 9670
253 38 9926
253 39 9974
253 40 10246
253 41 10694
253 42 10950
253 43 10982
253 44 11030
253 45 11462
253 46 11718
253 47 11766
253 48 12150
253 49 12758
253 50 13014
253 51 13014
253 52 13094
253 53 13526
253 54 13782
253 55 13830
253 56 14102
253 57 14550
253 58 14806
253 59 14838
253 60 14886
253 61 15318
253 62 15574
253 63 15622
253 64 16198
253 65 16806
253 66 17062
253 67 17062
253 68 17142
253 69 17574
253 70 17830
253 71 17878
253 72 18150
253 73 18598
253 74 18854
253 75 18886
253 76 18934
253 77 19366
253 78 19622
253 79 19670
253 80 20502
253 81 20918
253 82 21174
253 83 21174
253 84 21382
253 85 21686
253 86 21942
253 87 22118
253 88 22390
253 89 22710
253 90 22966
253 91 23126
253 92 23174
253 93 23478
253 94 23734
253 95 23910
253 96 24422
253 97 25030
253 98 25286
253 99 25286
253 100 25366
253 101 25798
253 102 26054
253 103 26102
253 104 26374
253 105 26822
253 106 27078
253 107 27110
253 108 27158
253 109 27590
253 110 27846
253 111 27894
253 112 28470
253 113 28886
253 114 29142
253 115 29142
253 116 29350
253 117 29654
253 118 29910
253 119 30086
253 120 30358
253 121 30678
253 122 30934
253 123 31094
253 124 31142
253 125 31446
253 126 31702
253 127 31878
253 128 32390
253 129 32934
253 130 33190
253 131 33190
253 132 33270
253 133 33702
253 134 33958
253 135 34006
253 136 34278
253 137 34726
253 138 34982
253 139 35014
253 140 35062
253 141 35494
253 142 35750
253 143 35798
253 144 36438
253 145 37046
253 146 37302
253 147 37302
253 148 37382
253 149 37814
253 150 38070
253 151 38118
253 152 38390
253 153 38838
253 154 39094
253 155 39126
253 156 39174
253 157 39606
253 158 39862
253 159 39910
253 160 40486
253 161 41158
253 162 41414
253 163 41414
253 164 41494
253 165 41926
253 166 42182
253 167 42230
253 168 42502
253 169 42950
253 170 43206
253 171 43238
253 172 43286
253 173 43718
253 174 43974
253 175 44022
253 176 44534
253 177 45014
253 178 45270
253 179 45270
253 180 45350
253 181 45782
253 182 46038
253 183 46086
253 184 46358
253 185 46806
253 186 47062
253 187 47094
253 188 47142
253 189 47574
253 190 47830
253 191 47878
253 192 48582
253 193 49062
253 194 49318
253 195 49318
253 196 49398
253 197 49830
253 198 50086
253 199 50134
253 200 50406
253 201 50854
253 202 51110
253 203 51142
253 204 51190
253 205 51622
253 206 51878
253 207 51926
253 208 52758
253 209 53174
253 210 53430
253 211 53430
253 212 53638
253 213 53942
253 214 54198
253 215 54374
253 216 54646
253 217 54966
253 218 55222
253 219 55382
253 220 55430
253 221 55734
253 222 55990
253 223 56166
253 224 56678
253 225 57286
253 226 57542
253 227 57542
253 228 57622
253 229 58054
253 230 58310
253 231 58358
253 232 58630
253 233 59078
253 234 59334
253 235 59366
253 236 59414
253 237 59846
253 238 60102
253 239 60150
253 240 60726
253 241 61270
253 242 61526
253 243 61526
253 244 61606
253 245 62038
253 246 62294
253 247 62342
253 248 62614
253 249 63062
253 250 63318
253 251 63350
253 252 63398
253 253 63830
253 254 64086
253 255 64134
254 0 6
254 1 678
254 2 934
254 3 934
254 4 1014
254 5 1446
254 6 1702
254 7 1750
254 8 2038
254 9 2470
254 10 2726
254 11 2774
254 12 2806
254 13 3238
254 14 3494
254 15 3542
254 16 4198
254 17 4806
254 18 5062
254 19 5062
254 20 5142
254 21 5574
254 22 5830
254 23 5878
254 24 6166
254 25 6598
254 26 6854
254 27 6902
254 28 6934
254 29 7366
254 30 7622
254 31 7670
254 32 8262
254 33 8870
254 34 9126
254 35 9126
254 36 9206
254 37 9638
254 38 9894
254 39 9942
254 40 10230
254 41 10662
254 42 10918
254 43 10966
254 44 10998
254 45 11430
254 46 11686
254 47 11734
254 48 12326
254 49 12742
254 50 12998
254 51 12998
254 52 13206
254 53 13510
254 54 13766
254 55 13942
254 56 14230
254 57 14534
254 58 14790
254 59 14966
254 60 14998
254 61 15302
254 62 15558
254 63 15734
254 64 16262
254 65 16806
254 66 17062
254 67 17062
254 68 17142
254 69 17574
254 70 17830
254 71 17878
254 72 18166
254 73 18598
254 74 18854
254 75 18902
254 76 18934
254 77 19366
254 78 19622
254 79 19670
254 80 20326
254 81 20934
254 82 21190
254 83 21190
254 84 21270
254 85 21702
254 86 21958
254 87 22006
254 88 22294
254 89 22726
254 90 22982
254 91 23030
254 92 23062
254 93 23494
254 94 23750
254 95 23798
254 96 24390
254 97 24998
254 98 25254
254 99 25254
254 100 25334
254 101 25766
254 102 26022
254 103 26070
254 104 26358
254 105 26790
254 106 27046
254 107 27094
254 108 27126
254 109 27558
254 110 27814
254 111 27862
254 112 28454
254 113 28998
254 114 29254
254 115 29254
254 116 29334
254 117 29766
254 118 30022
254 119 30070
254 120 30358
254 121 30790
254 122 31046
254 123 31094
254 124 31126
254 125 31558
254 126 31814
254 127 31862
254 128 32518
254 129 33190
254 130 33446
254 131 33446
254 132 33526
254 133 33958
254 134 34214
254 135 34262
254 136 34550
254 137 34982
254 138 35238
254 139 35286
254 140 35318
254 141 35750
254 142 36006
254 143 36054
254 144 36710
254 145 37318
254 146 37574
254 147 37574
254 148 37654
254 149 38086
254 150 38342
254 151 38390
254 152 38678
254 153 39110
254 154 39366
254 155 39414
254 156 39446
254 157 39878
254 158 40134
254 159 40182
254 160 40774
254 161 41382
254 162 41638
254 163 41638
254 164 41718
254 165 42150
254 166 42406
254 167 42454
254 168 42742
254 169 43174
254 170 43430
254 171 43478
254 172 43510
254 173 43942
254 174 44198
254 175 44246
254 176 44838
254 177 45254
254 178 45510
254 179 45510
254 180 45718
254 181 46022
254 182 46278
254 183 46454
254 184 46742
254 185 47046
254 186 47302
254 187 47478
254 188 47510
254 189 47814
254 190 48070
254 191 48246
254 192 48774
254 193 49318
254 194 49574
254 195 49574
254 196 49654
254 197 50086
254 198 50342
254 199 50390
254 200 50678
254 201 51110
254 202 51366
254 203 51414
254 204 51446
254 205 51878
254 206 52134
254 207 52182
254 208 52838
254 209 53446
254 210 53702
254 211 53702
254 212 53782
254 213 54214
254 214 54470
254 215 54518
254 216 54806
254 217 55238
254 218 55494
254 219 55542
254 220 55574
254 221 56006
254 222 56262
254 223 56310
254 224 56902
254 225 57510
254 226 57766
254 227 57766
254 228 57846
254 229 58278
254 230 58534
254 231 58582
254 232 58870
254 233 59302
254 234 59558
254 235 59606
254 236 59638
254 237 60070
254 238 60326
254 239 60374
254 240 60966
254 241 61510
254 242 61766
254 243 61766
254 244 61846
254 245 62278
254 246 62534
254 247 62582
254 248 62870
254 249 63302
254 250 63558
254 251 63606
254 252 63638
254 253 64070
254 254 64326
254 255 64374
255 0 6
255 1 678
255 2 934
255 3 934
255 4 1014
255 5 1446
255 6 1702
255 7 1750
255 8 2038
255 9 2470
255 10 2726
255 11 2774
255 12 2806
255 13 3238
255 14 3494
255 15 3542
255 16 4214
255 17 4822
255 18 5078
255 19 5078
255 20 5158
255 21 5590
255 22 5846
255 23 5894
255 24 6182
255 25 6614
255 26 6870
255 27 6918
255 28 6950
255 29 7382
255 30 7638
255 31 7686
255 32 8294
255 33 8902
255 34 9158
255 35 9158
255 36 9238
255 37 9670
255 38 9926
255 39 9974
255 40 10262
255 41 10694
255 42 10950
255 43 10998
255 44 11030
255 45 11462
255 46 11718
255 47 11766
255 48 12438
255 49 12726
255 50 12982
255 51 12982
255 52 13254
255 53 13494
255 54 13750
255 55 13990
255 56 14278
255 57 14518
255 58 14774
255 59 15014
255 60 15046
255 61 15286
255 62 15542
255 63 15782
255 64 16326
255 65 16806
255 66 17062
255 67 17062
255 68 17142
255 69 17574
255 70 17830
255 71 17878
255 72 18166
255 73 18598
255 74 18854
255 75 18902
255 76 18934
255 77 19366
255 78 19622
255 79 19670
255 80 20534
255 81 20950
255 82 21206
255 83 21206
255 84 21414
255 85 21718
255 86 21974
255 87 22150
255 88 22438
255 89 22742
255 90 22998
255 91 23174
255 92 23206
255 93 23510
255 94 23766
255 95 23942
255 96 24614
255 97 25030
255 98 25286
255 99 25286
255 100 25494
255 101 25798
255 102 26054
255 103 26230
255 104 26518
255 105 26822
255 106 27078
255 107 27254
255 108 27286
255 109 27590
255 110 27846
255 111 28022
255 112 28566
255 113 29046
255 114 29302
255 115 29302
255 116 29382
255 117 29814
255 118 30070
255 119 30118
255 120 30406
255 121 30838
255 122 31094
255 123 31142
255 124 31174
255 125 31606
255 126 31862
255 127 31910
255 128 32646
255 129 33190
255 130 33446
255 131 33446
255 132 33526
255 133 33958
255 134 34214
255 135 34262
255 136 34550
255 137 34982
255 138 35238
255 139 35286
255 140 35318
255 141 35750
255 142 36006
255 143 36054
255 144 36726
255 145 37334
255 146 37590
255 147 37590
255 148 37670
255 149 38102
255 150 38358
255 151 38406
255 152 38694
255 153 39126
255 154 39382
255 155 39430
255 156 39462
255 157 39894
255 158 40150
255 159 40198
255 160 40806
255 161 41414
255 162 41670
255 163 41670
255 164 41750
255 165 42182
255 166 42438
255 167 42486
255 168 42774
255 169 43206
255 170 43462
255 171 43510
255 172 43542
255 173 43974
255 174 44230
255 175 44278
255 176 44950
255 177 45366
255 178 45622
255 179 45622
255 180 45766
255 181 46134
255 182 46390
255 183 46502
255 184 46790
255 185 47158
255 186 47414
255 187 47526
255 188 47558
255 189 47926
255 190 48182
255 191 48294
255 192 48838
255 193 49318
255 194 49574
255 195 49574
255 196 49654
255 197 50086
255 198 50342
255 199 50390
255 200 50678
255 201 51110
255 202 51366
255 203 51414
255 204 51446
255 205 51878
255 206 52134
255 207 52182
255 208 53046
255 209 53462
255 210 53718
255 211 53718
255 212 53926
255 213 54230
255 214 54486
255 215 54662
255 216 54950
255 217 55254
255 218 55510
255 219 55686
255 220 55718
255 221 56022
255 222 56278
255 223 56454
255 224 57126
255 225 57542
255 226 57798
255 227 57798
255 228 58006
255 229 58310
255 230 58566
255 231 58742
255 232 59030
255 233 59334
255 234 59590
255 235 59766
255 236 59798
255 237 60102
255 238 60358
255 239 60534
255 240 61078
255 241 61558
255 242 61814
255 243 61814
255 244 61894
255 245 62326
255 246 62582
255 247 62630
255 248 62918
255 249 63350
255 250 63606
255 251 63654
255 252 63686
255 253 64118
255 254 64374
255 255 64422
